faq_id,question,answer
1,bức thư gửi tân sinh viên khóa 2025 là của ai?,"Bức thư do PGS.TS. Lê Hiếu Giang, Hiệu trưởng Trường Đại học Sư phạm Kỹ thuật TP. Hồ Chí Minh (HCMUTE) gửi. "
2,đối tượng nhận thư là ai?,Tân sinh viên khóa 2025 của Trường Đại học Sư phạm Kỹ thuật TP. Hồ Chí Minh.
3,tên gọi thân thương của mái nhà chung trường đại học sư phạm kỹ thuật tp. hồ chí minh là gì?,Tên gọi thân thương của Nhà trường là HCMUTE.
4,việc chọn học tại hcmute có ý nghĩa như thế nào đối với sinh viên?,"Đây là một cột mốc quan trọng, mở ra hành trình mới để trưởng thành, khẳng định bản thân và kiến tạo tương lai. "
5,nghị quyết 71-nq/tw của bộ chính trị khẳng định điều gì về giáo dục?,"Đảng và Nhà nước luôn coi giáo dục và đào tạo, cùng với khoa học và công nghệ là quốc sách hàng đầu. "
6,sứ mệnh đặc biệt đặt lên vai thế hệ trẻ hiện nay là gì?,"Học tập tốt, làm chủ tri thức và công nghệ, nuôi dưỡng tinh thần đổi mới sáng tạo để xây dựng Việt Nam hùng cường. "
7,sự khác biệt lớn nhất giữa bậc đại học và bậc phổ thông là gì?,"Sự khác biệt nằm ở: tự chủ cao hơn, trách nhiệm lớn hơn và yêu cầu năng lực toàn diện hơn. "
8,sinh viên cần xác lập những mục tiêu nào khi bắt đầu năm thứ nhất?,"Xác lập mục tiêu dài hạn, trung hạn và ngắn hạn gắn với ngành học và nghề nghiệp tương lai. "
9,cách thức cụ thể để quản lý mục tiêu cá nhân là gì?,"Viết mục tiêu ra giấy, chia nhỏ theo học kỳ hoặc năm học, đồng thời cập nhật và đánh giá thường xuyên. "
10,ý nghĩa thực sự của điểm số ở bậc đại học là gì?,Điểm số nằm ở năng lực thực học và thực làm.
11,mục tiêu của việc học đại học là gì?,"Học để làm chủ kiến thức và kỹ năng, không phải chỉ để vượt qua môn học. "
12,một mục tiêu rõ ràng giúp ích gì cho sinh viên trong quá trình học tập?,"Giúp sinh viên lựa chọn môn học, đề tài, dự án và nơi thực tập một cách thông minh hơn. "
13,mấu chốt của phương pháp học đại học hiệu quả là gì?,Mấu chốt là tự học có định hướng.
14,sinh viên nên chuẩn bị gì trước khi đến lớp?,Đọc kỹ đề cương học phần của môn học.
15,những việc cần làm sau khi kết thúc buổi học là gì?,"Tự tóm tắt kiến thức, làm flashcards, giải bài tập và viết phản biện. "
16,những thói quen tích cực nào cần được rèn luyện trong học tập?,"Thói quen đặt câu hỏi, thảo luận, phản biện và trình bày. "
17,làm thế nào để bảo đảm trung thực học thuật trong nghiên cứu?,Phân biệt nguồn tin tin cậy và thực hiện trích dẫn đúng chuẩn.
18,sinh viên nên sử dụng những công cụ số nào để tối ưu hiệu quả học tập?,"Các công cụ như Google Workspace, Microsoft 365 và các công cụ AI hỗ trợ học thuật. "
19,"hai yếu tố nào được ví như ""đôi cánh"" để sinh viên hội nhập?",Ngoại ngữ (đặc biệt là tiếng Anh) và Kỹ năng số.
20,lộ trình học ngoại ngữ nên tập trung vào những nội dung gì?,Tập trung vào giao tiếp học thuật và thuật ngữ chuyên ngành.
21,những năng lực số cơ bản nào sinh viên cần làm quen?,"Phần mềm văn phòng, quản lý dữ liệu, nền tảng làm việc nhóm, trực quan hóa và an toàn thông tin. "
22,tư duy cần có khi sử dụng công cụ tự động hóa và ai là gì?,Sử dụng đúng mực để tăng năng suất nhưng vẫn phải giữ đạo đức học thuật.
23,đặc điểm định hướng đào tạo của môi trường hcmute là gì?,HCMUTE là môi trường định hướng ứng dụng.
24,sinh viên có thể tham gia nghiên cứu khoa học tại những khu vực nào?,"Phòng thí nghiệm, xưởng thực hành, các nhóm nghiên cứu và dự án hợp tác doanh nghiệp. "
25,sinh viên năm thứ nhất có thể bắt đầu nghiên cứu khoa học không?,"Có, sinh viên năm nhất có thể tham gia các nhóm học thuật, đề tài nhỏ hoặc dự án công nghệ. "
26,lợi ích của năng lực giải quyết vấn đề thực tiễn là gì?,"Là điểm cộng lớn cho hồ sơ thực tập, tuyển dụng, học bổng và trao đổi quốc tế. "
27,thành công bền vững của sinh viên bắt đầu từ đâu?,Bắt đầu từ kỷ luật cá nhân và tinh thần trách nhiệm.
28,những thói quen kỷ luật nào sinh viên cần thực hiện nghiêm túc?,"Đi học đúng giờ, chuẩn bị bài chu đáo và hoàn thành các cam kết đã đặt ra. "
29,những hành vi nào bị nghiêm cấm trong học thuật tại hcmute?,"Đạo văn, học hộ và thi hộ. "
30,văn hóa ứng xử chuẩn mực của sinh viên hcmute bao gồm những gì?,"Lịch sự, nhân ái, chuyên nghiệp, tôn trọng thầy cô, bạn bè, gia đình và xã hội. "
31,mỗi sinh viên hcmute đóng vai trò gì đối với cộng đồng?,"Mỗi sinh viên là một ""Đại sứ thương hiệu"" của Nhà trường. "
32,thầy hiệu trưởng mong muốn điều gì ở sinh viên về mặt pháp luật?,"Luôn giữ bản lĩnh vững vàng, sống đúng pháp luật và chuẩn mực đạo đức. "
33,sinh viên cần cảnh giác với những nguy cơ nào trong thời đại số?,"Các chiêu trò lừa đảo, tệ nạn xã hội và sự lôi kéo từ các thế lực xấu. "
34,việc sống kỷ luật và thượng tôn pháp luật mang lại lợi ích gì?,"Giúp bảo vệ bản thân và xây dựng môi trường học đường an toàn, lành mạnh, văn minh. "
35,những áp lực nào có thể khiến tân sinh viên căng thẳng?,"Áp lực học tập, tài chính và việc hòa nhập vào môi trường mới. "
36,cách thức chăm sóc sức khỏe thể chất hiệu quả là gì?,"Thực hiện chế độ ăn, ngủ và vận động một cách khoa học. "
37,sinh viên cần làm gì để duy trì sức khỏe tinh thần tốt?,"Quản lý cảm xúc, tránh so sánh tiêu cực và giữ kỷ luật khi sử dụng mạng xã hội. "
38,kỷ luật khi sử dụng mạng xã hội được thể hiện như thế nào?,Tiếp nhận thông tin có chọn lọc và ứng xử văn minh trên không gian mạng.
39,địa chỉ của văn phòng tư vấn và hỗ trợ sinh viên ở đâu?,"Phòng A212, Khu A. "
40,vai trò của sức khỏe tinh thần đối với sinh viên là gì?,"Là nền tảng để học tập tốt, sống vui và cống hiến bền bỉ. "
41,sinh viên có thể tham gia những tổ chức nào để rèn luyện kỹ năng?,"Đoàn Thanh niên, Hội Sinh viên, các Câu lạc bộ, Đội và Nhóm. "
42,"mục đích của việc tham gia các hoạt động đoàn, hội, câu lạc bộ là gì?","Để rèn đức, luyện tài, nuôi dưỡng lý tưởng và hun đúc trách nhiệm với cộng đồng. "
43,sinh viên học được điều gì khi tham gia các phong trào tình nguyện?,"Học được cách sẻ chia và biết sống vì tập thể, xã hội. "
44,hình ảnh đẹp của tuổi trẻ hcmute được mô tả như thế nào?,"Năng động, sáng tạo, đầy nhiệt huyết và trách nhiệm. "
45,nhà trường cam kết hỗ trợ sinh viên thông qua những hình thức nào?,"Hệ sinh thái học tập hiện đại, chính sách học bổng, kết nối doanh nghiệp và tư vấn học đường. "
46,những dịch vụ tư vấn nào được nhà trường cung cấp cho sinh viên?,Tư vấn học đường và tư vấn sức khỏe tinh thần.
47,chìa khóa cuối cùng để đạt được thành công nằm ở đâu?,"Nằm ở sự chủ động, kỷ luật, kiên trì và khát vọng của chính sinh viên. "
48,thầy hiệu trưởng tin tưởng tân sinh viên khóa 2025 sẽ ghi dấu bằng những thành tựu gì?,"Công trình nghiên cứu, sản phẩm công nghệ, dự án cộng đồng và các giải thưởng học thuật. "
49,phẩm chất cần có của người trẻ để thành công là gì?,"Tử tế, chuyên nghiệp, dám mơ lớn và dám hành động. "
50,thông điệp cuối cùng mà hiệu trưởng gửi đến tân sinh viên là gì?,"Chúc các em sức khỏe, hạnh phúc và thành công tại mái nhà HCMUTE. "
51,hiệu trưởng của trường đại học sư phạm kỹ thuật tp. hồ chí minh là ai?,Hiệu trưởng của Nhà trường là PGS.TS. Lê Hiếu Giang.
52,hcmute là viết tắt của đơn vị nào?,HCMUTE là tên viết tắt của Trường Đại học Sư phạm Kỹ thuật TP. Hồ Chí Minh .
53,tên gọi đầy đủ của nhà trường được đề cập trong tài liệu là gì?,Tên đầy đủ là Trường Đại học Sư phạm Kỹ thuật TP. Hồ Chí Minh .
54,tiền thân của trường đại học sư phạm kỹ thuật thành phố hồ chí minh là gì?,Ban Cao đẳng Sư phạm Kỹ thuật.
55,ban cao đẳng sư phạm kỹ thuật được thành lập vào ngày tháng năm nào?,Ngày 05/10/1962.
56,"vào ngày 21/09/1972, trường đại học sư phạm kỹ thuật thành phố hồ chí minh được đổi tên thành gì?",Trung tâm Cao đẳng Sư phạm Kỹ thuật Nguyễn Trường Tộ - Thủ Đức.
57,tên gọi của trường đại học sư phạm kỹ thuật thành phố hồ chí minh vào năm 1974 là gì?,Trường Đại học Giáo dục Thủ Đức.
58,trường đại học giáo dục thủ đức là thành viên của đơn vị nào vào năm 1974?,Viện Đại học Bách khoa Thủ Đức.
59,"năm 1974, trường đại học giáo dục thủ đức là một trong bao nhiêu thành viên của viện đại học bách khoa thủ đức?",Là 01 trong 07 thành viên.
60,quyết định thành lập trường đại học sư phạm kỹ thuật thủ đức được ký vào ngày nào?,Ngày 27/10/1976.
61,cơ sở để thành lập trường đại học sư phạm kỹ thuật thủ đức vào năm 1976 là gì?,Trường Đại học Giáo dục Thủ Đức.
62,ai là người ký quyết định thành lập trường đại học sư phạm kỹ thuật thủ đức năm 1976?,Thủ tướng Chính phủ.
63,sự kiện quan trọng nào diễn ra đối với trường vào năm 1984?,Trường sáp nhập với Trường Trung học Công nghiệp Thủ Đức và đổi tên thành Trường Đại học Sư phạm Kỹ thuật Thành phố Hồ Chí Minh.
64,trường trung học công nghiệp thủ đức được sáp nhập vào trường đại học sư phạm kỹ thuật thành phố hồ chí minh vào năm nào?,Năm 1984.
65,"năm 1991, đơn vị nào được sáp nhập vào trường đại học sư phạm kỹ thuật thành phố hồ chí minh?",Trường Sư phạm Kỹ thuật V.
66,trường đại học sư phạm kỹ thuật thành phố hồ chí minh bắt đầu trực thuộc đại học quốc gia từ thời gian nào?,Từ ngày 27/01/1995.
67,quyết định số 118/2000/qđ-ttg được ban hành vào ngày nào?,Ngày 10/10/2000.
68,"theo quyết định số 118/2000/qđ-ttg, trường đại học sư phạm kỹ thuật thành phố hồ chí minh trực thuộc đơn vị nào?",Bộ Giáo dục và Đào tạo.
69,trường đại học sư phạm kỹ thuật thành phố hồ chí minh được tách khỏi đại học quốc gia vào năm nào?,Năm 2000.
70,sứ mệnh của trường đại học sư phạm kỹ thuật thành phố hồ chí minh về nguồn nhân lực là gì?,Cung cấp nguồn nhân lực chất lượng cao cho thị trường lao động trong nước và quốc tế.
71,trường đóng góp tri thức cho nhân loại thông qua hoạt động nào?,Các kết quả nghiên cứu khoa học.
72,mục đích của các nghiên cứu khoa học tại trường là gì?,Phục vụ cho sự phát triển bền vững của đất nước.
73,trách nhiệm của trường đối với cộng đồng được thể hiện như thế nào trong sứ mệnh?,Phục vụ tích cực và có trách nhiệm vào sự phát triển cộng đồng.
74,tầm nhìn của trường đại học sư phạm kỹ thuật thành phố hồ chí minh là gì?,"Là trường Đại học xuất sắc đa ngành đa lĩnh vực, đổi mới sáng tạo, hội nhập quốc tế và phát triển bền vững."
75,triết lý giáo dục của trường đại học sư phạm kỹ thuật thành phố hồ chí minh gồm những yếu tố nào?,Nhân bản – Sáng tạo – Hội nhập.
76,trường đại học sư phạm kỹ thuật thành phố hồ chí minh tôn vinh và phát huy giá trị cốt lõi nào?,Các giá trị cơ bản của một nền giáo dục tiên tiến và hiện đại.
77,giá trị truyền thống nào được trường chú trọng gìn giữ và phát huy?,Các giá trị truyền thống nhân văn của dân tộc Việt Nam.
78,trường thực hiện vai trò gì đối với tài năng và tính sáng tạo?,Nâng đỡ tài năng và tính sáng tạo.
79,"trong đào tạo, trường chú trọng vào những yếu tố kỹ năng nào?",Đào tạo kỹ năng và trách nhiệm nghề nghiệp.
80,trường có thái độ như thế nào đối với lợi ích của người học và cộng đồng?,Tôn trọng lợi ích của người học và của cộng đồng.
81,trường hướng tới xây dựng mô hình xã hội nào trong giá trị cốt lõi?,Xây dựng xã hội học tập.
82,những yếu tố nào được đề cao trong các hoạt động của trường?,"Chất lượng, hiệu quả và sự đổi mới."
83,các hoạt động hợp tác của trường dựa trên các nguyên tắc nào?,"Hội nhập, hợp tác và chia sẻ."
84,văn hóa chất lượng của trường tập trung vào việc nâng cao các hoạt động nào?,"Nâng cao chất lượng dạy, học và nghiên cứu khoa học."
85,mục tiêu cuối cùng của văn hóa chất lượng tại trường là gì?,Mang đến cho người học những điều kiện tốt nhất để phát triển toàn diện các năng lực.
86,năng lực của người học được phát triển nhằm đáp ứng nhu cầu gì?,Nhu cầu phát triển và hội nhập quốc tế.
87,trường đại học sư phạm kỹ thuật thành phố hồ chí minh nhận huân chương độc lập hạng nhì vào năm nào?,Năm 2012.
88,năm nào trường nhận được huân chương độc lập hạng ba?,Năm 2007.
89,huân chương lao động hạng nhất được trao tặng cho trường vào năm nào?,Năm 2001.
90,trường nhận huân chương lao động hạng nhì vào thời gian nào?,Năm 1996.
91,huân chương lao động hạng ba được trao cho trường vào năm nào?,Năm 1985.
92,có bao nhiêu cấp bậc huân chương độc lập mà trường đã đạt được?,2 cấp bậc: Hạng Nhì (2012) và Hạng Ba (2007).
93,liệt kê các loại huân chương lao động trường đã nhận được?,* Huân chương Lao động hạng Nhất (2001)  * Huân chương Lao động hạng Nhì (1996)  * Huân chương Lao động hạng Ba (1985)
94,văn bản nào quyết định việc trường trực thuộc bộ giáo dục và đào tạo?,Quyết định số 118/2000/QĐ-TTg.
95,tên đầy đủ của trường được xác định từ năm 1984 là gì?,Trường Đại học Sư phạm Kỹ thuật Thành phố Hồ Chí Minh.
96,sứ mệnh của trường đề cập đến việc đóng góp điều gì cho nhân loại?,Đóng góp tri thức hữu ích cho nhân loại.
97,tầm nhìn của trường xác định mục tiêu phát triển về quy mô ngành nghề như thế nào?,Đa ngành đa lĩnh vực.
98,giá trị cốt lõi của trường có bao nhiêu nội dung chính?,"5 nội dung chính bao gồm các giá trị về truyền thống, tài năng, lợi ích cộng đồng, chất lượng đổi mới và hội nhập."
99,việc nâng đỡ tài năng được thực hiện một cách như thế nào theo giá trị cốt lõi?,Một cách sáng tạo.
100,đối tượng nào được trường tôn trọng lợi ích hàng đầu?,Người học và cộng đồng.
101,yếu tố nào được đề cao để đảm bảo hiệu quả trong mọi hoạt động của trường?,Chất lượng và sự đổi mới.
102,trường hướng tới hội nhập quốc tế thông qua các hoạt động nào trong giá trị cốt lõi?,Hợp tác và chia sẻ.
103,trường cung cấp nguồn nhân lực cho những thị trường nào?,Thị trường lao động trong nước và quốc tế.
104,hoạt động nghiên cứu khoa học của trường nhắm đến mục tiêu gì cho nhân loại?,Đóng góp tri thức hữu ích.
105,tầm nhìn của trường nhấn mạnh yếu tố nào để phát triển lâu dài?,Phát triển bền vững.
106,thành tích cao nhất trong các huân chương độc lập trường đã nhận là gì?,Huân chương Độc lập hạng Nhì.
107,thành tích sớm nhất trong danh sách khen thưởng của trường là gì?,Huân chương Lao động hạng Ba năm 1985.
108,chủ tịch hội đồng trường hcmute hiện nay là ai?,Chủ tịch Hội đồng Trường là Tiến sĩ Trương Thị Hiền.
109,ai hiện đang giữ chức vụ bí thư đảng ủy nhà trường?,Bí thư Đảng ủy Nhà trường là Tiến sĩ Trương Thị Hiền.
110,email liên hệ của tiến sĩ trương thị hiền là gì?,Email liên hệ là hientt@hcmute.edu.vn.
111,học hàm và học vị đầy đủ của hiệu trưởng lê hiếu giang là gì?,Hiệu trưởng Lê Hiếu Giang có học hàm Phó Giáo sư và học vị Tiến sĩ.
112,ai là người giữ chức vụ phó bí thư đảng ủy nhà trường?,"Phó Bí thư Đảng ủy Nhà trường là Phó Giáo sư, Tiến sĩ Lê Hiếu Giang."
113,email chính thức của hiệu trưởng lê hiếu giang là gì?,Email chính thức là gianglh@hcmute.edu.vn.
114,danh sách các phó hiệu trưởng hiện nay của trường gồm những ai?,"Các Phó Hiệu trưởng gồm Tiến sĩ Quách Thanh Hải và Phó Giáo sư, Tiến sĩ Châu Đình Thành."
115,chức vụ đảng của phó hiệu trưởng quách thanh hải là gì?,Tiến sĩ Quách Thanh Hải là Đảng Ủy viên.
116,email liên hệ của phó hiệu trưởng quách thanh hải là gì?,Email liên hệ là haiqt@hcmute.edu.vn.
117,học hàm và học vị của phó hiệu trưởng châu đình thành là gì?,Phó Hiệu trưởng Châu Đình Thành có học hàm Phó Giáo sư và học vị Tiến sĩ.
118,chức vụ trong đảng của phó hiệu trưởng châu đình thành là gì?,Ông là Ủy viên Ban Thường vụ (BTV) Đảng ủy.
119,email liên hệ của phó hiệu trưởng châu đình thành là gì?,Email liên hệ là chdthanh@hcmute.edu.vn.
120,những thành viên nào trong ban lãnh đạo trường có học hàm phó giáo sư?,Những người có học hàm Phó Giáo sư gồm ông Lê Hiếu Giang và ông Châu Đình Thành.
121,tiến sĩ trương thị hiền đảm nhận những vai trò quan trọng nào tại trường?,Bà đảm nhận vai trò Bí thư Đảng ủy và Chủ tịch Hội đồng Trường.
122,"sinh viên có nhiệm vụ gì đối với chủ trương, đường lối của đảng và chính sách, pháp luật của nhà nước?","Chấp hành chủ trương, đường lối của Đảng, chính sách, pháp luật của Nhà nước."
123,sinh viên phải chấp hành các quy định nào của nhà trường?,"Chấp hành Điều lệ trường đại học và các quy chế, nội quy của Nhà trường."
124,nhiệm vụ của sinh viên trong việc học tập và rèn luyện là gì?,"Học tập, rèn luyện theo chương trình, kế hoạch giáo dục, đào tạo của Nhà trường."
125,thái độ của sinh viên đối với việc tự học và nghiên cứu khoa học được quy định như thế nào?,"Sinh viên cần chủ động, tích cực tự học, nghiên cứu và sáng tạo."
126,sinh viên có nhiệm vụ rèn luyện đạo đức và lối sống như thế nào?,"Chủ động, tích cực rèn luyện đạo đức và lối sống."
127,thái độ của sinh viên đối với nhà giáo và cán bộ quản lý trong trường như thế nào?,"Tôn trọng nhà giáo, cán bộ quản lý, viên chức và nhân viên của Trường."
128,trách nhiệm của sinh viên đối với bạn bè trong quá trình học tập là gì?,"Đoàn kết, giúp đỡ lẫn nhau trong quá trình học tập và rèn luyện."
129,sinh viên cần thực hiện nếp sống văn hóa như thế nào?,Thực hiện tốt nếp sống văn hóa trong trường học.
130,trách nhiệm của sinh viên đối với tài sản của nhà trường là gì?,Giữ gìn và bảo vệ tài sản của Trường.
131,sinh viên cần làm gì để phát huy truyền thống của nhà trường?,"Hành động góp phần bảo vệ, xây dựng và phát huy truyền thống của Trường."
132,quy định về việc khám sức khỏe đầu khóa đối với sinh viên là gì?,Thực hiện đầy đủ quy định về việc khám sức khỏe đầu khóa theo quy định của Trường.
133,sinh viên có phải khám sức khỏe định kỳ trong quá trình học tập không?,"Có, sinh viên phải thực hiện khám sức khỏe định kỳ theo quy định của Trường."
134,nghĩa vụ tài chính của sinh viên đối với nhà trường bao gồm những gì?,"Đóng học phí và bảo hiểm y tế đầy đủ, đúng thời hạn."
135,sinh viên có phải tham gia lao động công ích không?,"Có, sinh viên tham gia lao động công ích phù hợp với năng lực và sức khỏe theo yêu cầu của Trường."
136,sinh viên có phải tham gia các hoạt động tình nguyện không?,"Có, sinh viên tham gia hoạt động tình nguyện vì cộng đồng theo yêu cầu của Trường."
137,trách nhiệm tham gia hoạt động xã hội của sinh viên được quy định như thế nào?,Tham gia hoạt động xã hội vì cộng đồng phù hợp với năng lực và sức khỏe.
138,nghĩa vụ của sinh viên khi được hưởng học bổng do nhà nước cấp là gì?,Chấp hành nghĩa vụ làm việc có thời hạn theo sự điều động của Nhà nước.
139,sinh viên được nước ngoài tài trợ chi phí đào tạo theo hiệp định với nhà nước có nghĩa vụ gì?,Chấp hành nghĩa vụ làm việc có thời hạn theo sự điều động của Nhà nước.
140,điều gì xảy ra nếu sinh viên hưởng học bổng nhà nước không chấp hành sự điều động làm việc?,"Phải bồi hoàn học bổng, chi phí đào tạo theo quy định của Chính phủ."
141,trách nhiệm của sinh viên trong việc phòng chống gian lận học tập là gì?,"Tham gia phòng, chống tiêu cực, gian lận trong học tập, thi cử."
142,sinh viên cần làm gì khi phát hiện hành vi gian lận trong thi cử?,"Kịp thời báo cáo với Khoa, Phòng chức năng, Ban Giám hiệu hoặc cơ quan có thẩm quyền."
143,sinh viên có nhiệm vụ báo cáo hành vi vi phạm pháp luật của cán bộ trường không?,"Có, kịp thời báo cáo khi phát hiện cán bộ, nhà giáo vi phạm pháp luật hoặc nội quy."
144,trách nhiệm của sinh viên đối với an ninh trật tự trong trường học là gì?,"Tham gia công tác bảo đảm an ninh, trật tự và phòng chống tội phạm."
145,sinh viên có trách nhiệm gì đối với an toàn giao thông?,"Tham gia bảo đảm an toàn giao thông trong trường học, gia đình và cộng đồng."
146,sinh viên có phải tham gia phòng chống tệ nạn xã hội không?,"Có, tham gia phòng chống tệ nạn xã hội trong trường học, gia đình và cộng đồng."
147,"ngoài các quy định cụ thể, sinh viên còn phải thực hiện nhiệm vụ nào khác?",Thực hiện các nhiệm vụ khác có liên quan theo quy định của pháp luật và Nhà trường.
148,điều kiện để sinh viên được nhận vào học đúng ngành đã đăng ký là gì?,Đủ các điều kiện trúng tuyển theo quy định của Bộ Giáo dục và Đào tạo và của Trường.
149,quyền lợi về sự tôn trọng và bình đẳng của sinh viên được quy định như thế nào?,Sinh viên được tôn trọng và đối xử bình đẳng.
150,sinh viên có quyền được cung cấp thông tin cá nhân về học tập không?,"Có, được cung cấp đầy đủ thông tin cá nhân về việc học tập, rèn luyện theo quy định."
151,"nhà trường có trách nhiệm phổ biến nội quy, quy chế cho sinh viên không?","Có, sinh viên được phổ biến nội quy, quy chế về đào tạo, rèn luyện."
152,"sinh viên có quyền được biết về các chế độ, chính sách của nhà nước không?","Có, được phổ biến các chế độ, chính sách của Nhà nước có liên quan đến sinh viên."
153,sinh viên có quyền sử dụng hệ thống thư viện của trường không?,"Có, sinh viên được sử dụng hệ thống thư viện phục vụ học tập và nghiên cứu."
154,sinh viên được sử dụng các trang thiết bị nào của trường?,"Các trang thiết bị và phương tiện phục vụ học tập, nghiên cứu khoa học, văn hóa, thể thao."
155,quyền tham gia nghiên cứu khoa học của sinh viên là gì?,"Được tạo điều kiện tham gia nghiên cứu khoa học và thi sáng tạo khoa học, kỹ thuật."
156,sinh viên có được tham gia các kỳ thi olympic môn học không?,"Có, sinh viên được tham gia các kỳ thi sinh viên giỏi và thi Olympic các môn học."
157,quyền lợi về chăm sóc sức khỏe của sinh viên được quy định thế nào?,"Được chăm sóc, bảo vệ sức khỏe theo quy định hiện hành của Nhà nước."
158,sinh viên có quyền dự tuyển đi học ở nước ngoài không?,"Có, được đăng ký dự tuyển đi học, tham gia giao lưu, trao đổi sinh viên ở nước ngoài."
159,sinh viên có được quyền học chuyển tiếp lên các trình độ cao hơn không?,"Có, được học chuyển tiếp ở các trình độ đào tạo cao hơn theo quy định."
160,sinh viên có quyền tham gia vào tổ chức đảng cộng sản việt nam không?,"Có, sinh viên được tham gia hoạt động trong tổ chức Đảng Cộng sản Việt Nam."
161,quyền tham gia đoàn tncs hồ chí minh của sinh viên là gì?,Được tham gia hoạt động trong Đoàn TNCS Hồ Chí Minh.
162,sinh viên có được tham gia hội sinh viên việt nam không?,"Có, sinh viên được tham gia hoạt động trong Hội Sinh viên Việt Nam."
163,sinh viên có quyền tham gia các tổ chức tự quản không?,"Có, sinh viên được tham gia các tổ chức tự quản của sinh viên."
164,quyền tham gia các hoạt động xã hội ngoài trường của sinh viên như thế nào?,Được tham gia các hoạt động xã hội liên quan ở ngoài trường theo quy định pháp luật.
165,"sinh viên có được tham gia các hoạt động văn hóa, văn nghệ trong trường không?","Có, tham gia các hoạt động văn hóa, văn nghệ lành mạnh phù hợp mục tiêu đào tạo."
166,sinh viên có quyền tham gia các hoạt động thể thao không?,"Có, tham gia các hoạt động thể thao lành mạnh phù hợp mục tiêu đào tạo."
167,các dịch vụ công tác xã hội nào sinh viên được phép sử dụng?,"Dịch vụ hướng nghiệp, tư vấn việc làm, tư vấn sức khỏe, tâm lý."
168,sinh viên có hoàn cảnh đặc biệt được hỗ trợ thông qua dịch vụ nào?,Sử dụng các dịch vụ công tác xã hội hỗ trợ sinh viên có hoàn cảnh đặc biệt.
169,sinh viên có quyền nghỉ học tạm thời không?,"Có, sinh viên được quyền nghỉ học tạm thời theo quy định về đào tạo."
170,quy định về việc tạm ngừng học của sinh viên là gì?,Sinh viên được tạm ngừng học theo quy định của quy chế về đào tạo.
171,sinh viên có được học theo tiến độ nhanh hoặc chậm không?,"Có, sinh viên được học theo tiến độ chậm hoặc tiến độ nhanh theo quy định."
172,sinh viên có được học cùng lúc hai chương trình không?,"Có, sinh viên được học cùng lúc hai chương trình theo quy định của Bộ Giáo dục và Đào tạo."
173,sinh viên có quyền chuyển trường không?,"Có, sinh viên được chuyển trường theo quy định của quy chế về đào tạo."
174,"quyền lợi về nghỉ lễ, tết của sinh viên như thế nào?","Được nghỉ hè, nghỉ tết, nghỉ lễ theo quy định."
175,sinh viên có được nhận học bổng khuyến khích học tập không?,"Có, được xét nhận học bổng khuyến khích học tập theo quy định hiện hành."
176,quyền lợi của sinh viên đối với học bổng từ các tổ chức ngoài nước là gì?,"Được xét nhận học bổng do các tổ chức, cá nhân nước ngoài tài trợ."
177,sinh viên được hưởng ưu đãi gì khi sử dụng phương tiện giao thông công cộng?,Được miễn giảm phí khi sử dụng các dịch vụ công cộng về giao thông.
178,"sinh viên có được giảm giá vé tham quan bảo tàng, di tích lịch sử không?","Có, được miễn giảm phí khi tham quan bảo tàng, di tích lịch sử, công trình văn hóa."
179,quyền lợi của sinh viên trong việc tham quan các điểm giải trí là gì?,Được miễn giảm phí khi sử dụng dịch vụ giải trí theo quy định của Nhà nước.
180,sinh viên có quyền góp ý cho hoạt động giáo dục của trường không?,"Có, sinh viên được góp ý kiến và tham gia quản lý hoạt động giáo dục."
181,quyền giám sát các điều kiện đảm bảo chất lượng giáo dục của sinh viên là gì?,Sinh viên được tham gia giám sát các điều kiện đảm bảo chất lượng giáo dục.
182,sinh viên có thể kiến nghị giải pháp phát triển nhà trường thông qua hình thức nào?,Trực tiếp hoặc thông qua đại diện hợp pháp của mình.
183,sinh viên có quyền khiếu nại lên ai về các vấn đề liên quan đến lợi ích chính đáng?,"Khiếu nại lên Ban Giám hiệu để giải quyết các vấn đề liên quan đến quyền, lợi ích chính đáng."
184,sinh viên có quyền đề đạt nguyện vọng cá nhân với nhà trường không?,"Có, sinh viên được đề đạt nguyện vọng lên Ban Giám hiệu."
185,quyền lợi của sinh viên đối với việc ở ký túc xá là gì?,Được xem xét tiếp nhận vào ký túc xá và ưu tiên sắp xếp theo quy định.
186,sinh viên sau khi tốt nghiệp được cấp những giấy tờ gì?,"Bằng tốt nghiệp, chứng chỉ, bảng điểm học tập và rèn luyện."
187,nhà trường giải quyết các thủ tục hành chính nào cho sinh viên tốt nghiệp?,Giải quyết các thủ tục hành chính khác và cấp các giấy tờ liên quan sau tốt nghiệp.
188,các hành vi sinh viên không được làm được quy định dựa trên các văn bản nào?,"Luật Giáo dục, Luật Giáo dục đại học và các văn bản quy phạm pháp luật khác."
189,"sinh viên có được xúc phạm danh dự của cán bộ, nhân viên trường không?","Không, nghiêm cấm xúc phạm nhân phẩm, danh dự nhà giáo, cán bộ, nhân viên."
190,quy định về việc xâm phạm thân thể người học khác là gì?,"Nghiêm cấm xâm phạm thân thể nhà giáo, cán bộ và người học khác."
191,sinh viên có được gian lận trong học tập và kiểm tra không?,"Không, nghiêm cấm gian lận trong học tập, kiểm tra, thi cử."
192,gian lận trong tuyển sinh có bị cấm không?,"Có, nghiêm cấm gian lận trong công tác tuyển sinh."
193,sinh viên có được hút thuốc trong giờ học không?,"Không, sinh viên không được hút thuốc trong giờ học."
194,"quy định về việc uống rượu, bia của sinh viên như thế nào?","Nghiêm cấm uống rượu, bia trong giờ học."
195,sinh viên có được gây rối trật tự trong trường không?,"Không, nghiêm cấm gây rối an ninh, trật tự trong Trường."
196,quy định về hành vi gây rối trật tự nơi công cộng đối với sinh viên là gì?,"Nghiêm cấm gây rối an ninh, trật tự tại nơi công cộng."
197,sinh viên có được tham gia các tệ nạn xã hội không?,"Không, nghiêm cấm tham gia các tệ nạn xã hội."
198,sinh viên có được tổ chức các hoạt động vi phạm pháp luật không?,"Không, nghiêm cấm tổ chức hoặc tham gia các hoạt động vi phạm pháp luật."
199,các hành vi vi phạm pháp luật khác của sinh viên bị xử lý như thế nào?,Sinh viên không được thực hiện các hành vi vi phạm pháp luật.
200,trách nhiệm báo cáo của sinh viên khi phát hiện vi phạm nội quy là gì?,"Kịp thời báo cáo cơ quan có thẩm quyền khi phát hiện hành vi vi phạm nội quy, quy chế."
201,sinh viên có được tự ý chuyển đổi ngành học không?,Sinh viên được nhận vào học đúng ngành đã đăng ký nếu đủ điều kiện (việc chuyển đổi phải theo quy định của Bộ và Trường).
202,cấu trúc chương trình đào tạo trong tài liệu được áp dụng cho đối tượng sinh viên từ khóa nào?,Cấu trúc chương trình đào tạo này được áp dụng từ khóa 2019.
203,chương trình đào tạo và thời gian học tập được trích dẫn từ văn bản pháp lý nào?,"Nội dung được trích từ Điều 2, Quyết định số 3116/QĐ-ĐHSPKT."
204,tổng số tín chỉ yêu cầu đối với chương trình đào tạo kiến trúc sư là bao nhiêu?,Tổng số tín chỉ cho chương trình Kiến trúc sư là 155 TC.
205,khối kiến thức giáo dục đại cương của chương trình kiến trúc sư bao gồm bao nhiêu tín chỉ?,Khối kiến thức này gồm 34 TC.
206,khối kiến thức giáo dục chuyên nghiệp của chương trình kiến trúc sư bao gồm bao nhiêu tín chỉ?,Khối kiến thức này gồm 121 TC.
207,tổng số tín chỉ yêu cầu đối với chương trình đào tạo kỹ sư là bao nhiêu?,Tổng số tín chỉ cho chương trình Kỹ sư là 150 TC.
208,khối kiến thức giáo dục đại cương của chương trình kỹ sư nằm trong khoảng bao nhiêu tín chỉ?,Khối kiến thức này nằm trong khoảng từ 59 đến 64 TC.
209,khối kiến thức giáo dục chuyên nghiệp của chương trình kỹ sư nằm trong khoảng bao nhiêu tín chỉ?,Khối kiến thức này nằm trong khoảng từ 86 đến 91 TC.
210,tổng số tín chỉ yêu cầu đối với chương trình cử nhân kinh tế là bao nhiêu?,Tổng số tín chỉ cho chương trình Cử nhân Kinh tế là 125 TC.
211,số lượng tín chỉ giáo dục đại cương cho chương trình cử nhân kinh tế là bao nhiêu?,Khối kiến thức này dao động từ 37 đến 43 TC.
212,số lượng tín chỉ giáo dục chuyên nghiệp cho chương trình cử nhân kinh tế là bao nhiêu?,Khối kiến thức này dao động từ 82 đến 88 TC.
213,tổng số tín chỉ của các chương trình cử nhân khác (ngoài khối kinh tế) là bao nhiêu?,Tổng số tín chỉ dao động từ 125 đến 132 TC.
214,khối kiến thức giáo dục đại cương của các chương trình cử nhân khác kt có bao nhiêu tín chỉ?,Khối kiến thức này dao động từ 36 đến 55 TC.
215,khối kiến thức giáo dục chuyên nghiệp của các chương trình cử nhân khác kt có bao nhiêu tín chỉ?,Khối kiến thức này dao động từ 77 đến 96 TC.
216,mục tiêu chính của khối kiến thức giáo dục đại cương là gì?,"Nhằm trang bị cho người học nền học vấn rộng; thế giới quan khoa học và nhân sinh quan đúng đắn; hiểu biết về tự nhiên và xã hội; nắm vững phương pháp tư duy khoa học; có đạo đức, nhận thức trách nhiệm công dân; có năng lực xây dựng và bảo vệ đất nước."
217,khối kiến thức giáo dục chuyên nghiệp bao gồm những nhóm kiến thức nào?,"Bao gồm nhóm kiến thức cơ sở của ngành hoặc liên ngành, và nhóm kiến thức chuyên ngành."
218,mục đích của khối kiến thức giáo dục chuyên nghiệp đối với người học là gì?,Nhằm trang bị những kiến thức và kỹ năng nghề nghiệp cần thiết để tham gia vào thị trường lao động.
219,thời gian đào tạo theo kế hoạch (khóa học thiết kế) của chương trình cử nhân chính quy là bao lâu?,"Thời gian khóa học thiết kế là 4,0 năm."
220,thời gian hoàn thành tối đa cho chương trình cử nhân chính quy là bao nhiêu năm?,"Thời gian hoàn thành tối đa là 8,0 năm."
221,tổng số tín chỉ tối thiểu cần đạt để tốt nghiệp chương trình cử nhân chính quy là bao nhiêu?,Tổng số tín chỉ tối thiểu là 120.
222,thời gian đào tạo theo thiết kế của chương trình kỹ sư chính quy là bao lâu?,"Thời gian khóa học thiết kế là 4,0 năm."
223,thời gian tối đa để sinh viên hoàn thành chương trình kỹ sư chính quy là bao lâu?,"Thời gian hoàn thành tối đa là 8,0 năm."
224,tổng số tín chỉ tối thiểu yêu cầu đối với chương trình kỹ sư chính quy là bao nhiêu?,Tổng số tín chỉ tối thiểu là 150.
225,thời gian đào tạo theo thiết kế của chương trình kiến trúc sư chính quy là bao nhiêu năm?,"Thời gian khóa học thiết kế là 4,5 năm."
226,thời gian hoàn thành tối đa được phép cho chương trình kiến trúc sư chính quy là bao lâu?,"Thời gian hoàn thành tối đa là 9,0 năm."
227,tổng số tín chỉ tối thiểu cần có để hoàn thành chương trình kiến trúc sư chính quy là bao nhiêu?,Tổng số tín chỉ tối thiểu là 150.
228,thời gian đào tạo thiết kế đối với chương trình văn bằng 2 chính quy là bao lâu?,"Thời gian khóa học thiết kế là 2,5 năm."
229,thời gian hoàn thành tối đa cho chương trình văn bằng 2 chính quy là bao nhiêu năm?,"Thời gian hoàn thành tối đa là 5,0 năm."
230,tổng số tín chỉ tối thiểu yêu cầu đối với chương trình văn bằng 2 chính quy là bao nhiêu?,Tổng số tín chỉ tối thiểu là 90.
231,cấu trúc chương trình đào tạo tại trường bao gồm những khối kiến thức lớn nào?,Bao gồm hai khối chính: Giáo dục Đại cương và Giáo dục Chuyên nghiệp.
232,thời gian bắt đầu và kết thúc của tiết 1 là khi nào?,Bắt đầu: 07 giờ 30 phút Kết thúc: 08 giờ 15 phút
233,thời gian bắt đầu và kết thúc của tiết 2 là khi nào?,Bắt đầu: 08 giờ 15 phút Kết thúc: 09 giờ 00 phút
234,thời gian bắt đầu và kết thúc của tiết 3 là khi nào?,Bắt đầu: 09 giờ 00 phút Kết thúc: 09 giờ 45 phút
235,thời gian nghỉ giải lao giữa tiết 3 và tiết 4 kéo dài bao lâu?,Thời gian nghỉ giải lao là 15 phút (từ 09 giờ 45 phút đến 10 giờ 00 phút).
236,thời gian bắt đầu và kết thúc của tiết 4 là khi nào?,Bắt đầu: 10 giờ 00 phút Kết thúc: 10 giờ 45 phút
237,thời gian bắt đầu và kết thúc của tiết 5 là khi nào?,Bắt đầu: 10 giờ 45 phút Kết thúc: 11 giờ 30 phút
238,thời gian bắt đầu và kết thúc của tiết 6 là khi nào?,Bắt đầu: 11 giờ 30 phút Kết thúc: 12 giờ 15 phút
239,thời gian bắt đầu và kết thúc của tiết 7 là khi nào?,Bắt đầu: 12 giờ 45 phút Kết thúc: 13 giờ 30 phút
240,thời gian bắt đầu và kết thúc của tiết 8 là khi nào?,Bắt đầu: 13 giờ 30 phút Kết thúc: 14 giờ 15 phút
241,thời gian bắt đầu và kết thúc của tiết 9 là khi nào?,Bắt đầu: 14 giờ 15 phút Kết thúc: 15 giờ 00 phút
242,thời gian nghỉ giải lao giữa tiết 9 và tiết 10 kéo dài bao lâu?,Thời gian nghỉ giải lao là 15 phút (từ 15 giờ 00 phút đến 15 giờ 15 phút).
243,thời gian bắt đầu và kết thúc của tiết 10 là khi nào?,Bắt đầu: 15 giờ 15 phút Kết thúc: 16 giờ 00 phút
244,thời gian bắt đầu và kết thúc của tiết 11 là khi nào?,Bắt đầu: 16 giờ 00 phút Kết thúc: 16 giờ 45 phút
245,thời gian bắt đầu và kết thúc của tiết 12 là khi nào?,Bắt đầu: 16 giờ 45 phút Kết thúc: 17 giờ 30 phút
246,"quy đổi điểm chữ và thang điểm 4 cho khoảng điểm 10 từ 9,0 đến 10 là gì?","Điểm chữ: A+ Thang điểm 4: 4,0"
247,"khoảng điểm 10 từ 8,5 đến 8,9 được quy đổi như thế nào?","Điểm chữ: A Thang điểm 4: 3,7"
248,"khoảng điểm 10 từ 8,0 đến 8,4 tương ứng với điểm chữ và thang điểm 4 nào?","Điểm chữ: B+ Thang điểm 4: 3,5"
249,điểm chữ b tương ứng với khoảng điểm 10 và thang điểm 4 nào?,"Khoảng điểm 10: 7,0 – 7,9 Thang điểm 4: 3,0"
250,"quy đổi thang điểm 4 và điểm chữ cho khoảng điểm 10 từ 6,5 đến 6,9 là bao nhiêu?","Điểm chữ: C+ Thang điểm 4: 2,5"
251,điểm chữ c tương ứng với khoảng điểm 10 và thang điểm 4 nào?,"Khoảng điểm 10: 5,5 – 6,4 Thang điểm 4: 2,0"
252,"khoảng điểm 10 từ 5,0 đến 5,4 được quy đổi sang điểm chữ và thang điểm 4 như thế nào?","Điểm chữ: D+ Thang điểm 4: 1,5"
253,"khoảng điểm 10 từ 4,0 đến 4,9 được quy đổi sang điểm chữ và thang điểm 4 như thế nào?","Điểm chữ: D Thang điểm 4: 1,0"
254,"điểm 10 dưới 4,0 được quy đổi thành điểm chữ và thang điểm 4 như thế nào?","Điểm chữ: F Thang điểm 4: 0,0"
255,"những mức điểm chữ nào được phân loại là ""đạt"" theo bảng quy đổi?","Các điểm chữ sau được phân loại là Đạt:A+, A,B+, B,C+, C,D+"
256,"những mức điểm chữ nào được phân loại là ""không đạt"" theo bảng quy đổi chung?","Các điểm chữ sau được phân loại là Không đạt:D,F"
257,quy định phân loại đối với các học phần từ học kỳ 1/2021-2022 đến học kỳ 1/2022-2023 có gì đặc biệt?,"Điểm học phần ở các học kỳ từ học kỳ 1/2021-2022 đến học kỳ 1/2022-2023 được phân loại là ""Đạt"" khi sinh viên đạt từ điểm chữ D trở lên."
258,"một sinh viên đạt điểm chữ d sẽ được phân loại là ""đạt"" khi nào?",Khi điểm học phần đó thuộc các học kỳ từ Học kỳ 1/2021-2022 đến Học kỳ 1/2022-2023.
259,"điểm chữ nào tương ứng với mức 0,0 trên thang điểm 4?","Điểm chữ tương ứng là F (dành cho điểm 10 dưới 4,0)."
260,"thang điểm 4 đạt mức tối đa là 4,0 tương ứng với khoảng điểm 10 nào?","Tương ứng với khoảng điểm 10 từ 9,0 đến 10."
261,công thức tính điểm trung bình học kỳ (đtbhk) được quy định như thế nào?,"Lấy điểm của từng học phần nhân với số tín chỉ của học phần đó, sau đó cộng tất cả các kết quả này lại. Cuối cùng chia cho tổng số tín chỉ của tất cả các học phần đã đăng ký."
262,lớp học phần được định nghĩa như thế nào?,"Lớp học phần là lớp gồm các sinh viên cùng đăng ký một học phần, có cùng thời khóa biểu trong một học kỳ và có tên lớp học phần riêng biệt."
263,số lượng sinh viên tối đa của một lớp học phần bị giới hạn bởi yếu tố nào?,"Số lượng sinh viên bị giới hạn bởi sức chứa của phòng học, phòng thí nghiệm hoặc được sắp xếp theo các yêu cầu riêng của từng học phần."
264,điều gì xảy ra nếu số lượng sinh viên đăng ký thấp hơn mức tối thiểu quy định?,"Nếu số lượng đăng ký thấp hơn mức tối thiểu, lớp học sẽ không được tổ chức và sinh viên phải đăng ký chuyển sang các học phần khác có lớp để đảm bảo khối lượng học tập."
265,số lượng sinh viên trung bình cho các môn đại cương và chính trị là bao nhiêu?,Số lượng sinh viên trung bình cho các môn đại cương và chính trị dao động từ 80 đến 120 sinh viên.
266,quy định về số lượng sinh viên đối với các học phần tổ chức tại giảng đường như thế nào?,Số lượng sinh viên của các học phần tại giảng đường sẽ được tính dựa theo sức chứa thực tế của giảng đường đó.
267,số lượng sinh viên trung bình cho các môn cơ sở ngành là bao nhiêu?,Các môn cơ sở ngành có số lượng sinh viên trung bình từ 50 đến 80 sinh viên.
268,số lượng sinh viên trung bình cho các môn chuyên ngành và ngoại ngữ là bao nhiêu?,"Đối với các môn chuyên ngành, ngoại ngữ và khối ngành mỹ thuật, số lượng trung bình là 30 đến 60 sinh viên."
269,số lượng sinh viên tối thiểu để tổ chức lớp cho các môn đại cương và chính trị là bao nhiêu?,Số lượng tối thiểu để tổ chức lớp cho các môn đại cương và chính trị là 60 sinh viên.
270,mức sinh viên tối thiểu để mở lớp cho các môn chuyên ngành hẹp là bao nhiêu?,Các môn chuyên ngành hẹp yêu cầu tối thiểu 20 sinh viên để có thể tổ chức lớp.
271,số lượng sinh viên tối thiểu để tổ chức lớp cho các môn học thông thường (không phải đại cương hay chuyên ngành hẹp) là bao nhiêu?,Mức tối thiểu để tổ chức lớp cho các môn học này là 30 sinh viên.
272,quy định mở lớp đối với các ngành có tổng số sinh viên ít hơn 30 là gì?,"Đối với các ngành có ít hơn 30 sinh viên, lớp học sẽ được tổ chức bắt buộc cho tất cả sinh viên của lớp đó."
273,đơn vị nào chịu trách nhiệm xem xét mở lớp trong các trường hợp đặc biệt?,Phòng Đào tạo và các đơn vị liên quan sẽ xem xét việc mở lớp trong các trường hợp đặc biệt.
274,số lượng sinh viên mỗi nhóm đối với thực tập giáo dục quốc phòng là bao nhiêu?,Mỗi nhóm thực tập Giáo dục quốc phòng có từ 60 đến 80 sinh viên.
275,quy định về số lượng sinh viên mỗi nhóm cho môn giáo dục thể chất là bao nhiêu?,Mỗi nhóm thực hành môn Giáo dục thể chất có từ 50 đến 70 sinh viên.
276,số lượng sinh viên mỗi nhóm cho thực tập hoặc thí nghiệm xưởng các môn đại cương là bao nhiêu?,Số lượng quy định là từ 25 đến 35 sinh viên cho mỗi nhóm.
277,số lượng sinh viên mỗi nhóm cho thực tập hoặc thí nghiệm xưởng các môn chuyên ngành là bao nhiêu?,Mỗi nhóm có từ 15 đến 25 sinh viên.
278,quy định sĩ số nhóm thực tập xưởng đối với lớp chính quy chất lượng cao là bao nhiêu?,Mỗi nhóm thực tập hoặc thí nghiệm xưởng đối với lớp chất lượng cao có từ 10 đến 15 sinh viên.
279,số lượng sinh viên tối thiểu để tổ chức lớp thực tập giáo dục quốc phòng là bao nhiêu?,Lớp thực tập Giáo dục quốc phòng yêu cầu tối thiểu 50 sinh viên để tổ chức.
280,số lượng sinh viên tối thiểu để tổ chức lớp thực hành giáo dục thể chất là bao nhiêu?,Mức tối thiểu là 40 sinh viên cho mỗi lớp thực hành Giáo dục thể chất.
281,số lượng sinh viên tối thiểu cho lớp thực tập xưởng các môn đại cương và cơ sở ngành là bao nhiêu?,Yêu cầu tối thiểu là 20 sinh viên cho các lớp thực tập hoặc thí nghiệm xưởng này.
282,số lượng sinh viên tối thiểu cho lớp thực tập xưởng các môn chuyên ngành là bao nhiêu?,Mức tối thiểu là 15 sinh viên cho mỗi lớp.
283,sĩ số tối thiểu để tổ chức lớp thực tập xưởng cho chương trình chất lượng cao là bao nhiêu?,Chương trình chất lượng cao yêu cầu tối thiểu 10 sinh viên cho mỗi lớp thực tập hoặc thí nghiệm xưởng.
284,có quy định số lượng sinh viên tối thiểu đối với thực tập sư phạm không?,Nhà trường không quy định số lượng sinh viên tối thiểu đối với thực tập sư phạm.
285,sinh viên trễ tiến độ và nợ ít học phần được hỗ trợ mở lớp như thế nào?,"Các Khoa/Viện quản ngành chủ động đề xuất mở lớp theo yêu cầu, không ràng buộc sĩ số và thời khóa biểu cứng để hỗ trợ sinh viên."
286,hậu quả của việc không đi học học phần đã đăng ký mà không rút bớt theo quy định là gì?,"Sinh viên sẽ bị xem là tự ý bỏ học, kết quả đăng ký được giữ nguyên và sinh viên phải nhận điểm 0."
287,sinh viên được rút bớt học phần qua mạng và không phải đóng học phí trong khoảng thời gian nào?,Sinh viên có thể rút bớt học phần qua mạng trong thời gian điều chỉnh đăng ký học phần.
288,thời gian cho phép rút bớt học phần sau giai đoạn điều chỉnh đăng ký là khi nào?,Sinh viên được rút bớt trong vòng 1 tuần (tuần thứ 5 của mỗi đợt học) của học kỳ chính.
289,quy định về học phí khi sinh viên rút bớt học phần vào tuần thứ 5 của học kỳ là gì?,"Trong trường hợp rút bớt vào tuần thứ 5, sinh viên vẫn phải đóng học phí cho các học phần đã rút."
290,sinh viên phải học lại học phần bắt buộc trong điều kiện nào?,"Sinh viên có điểm đánh giá học phần bắt buộc dưới 5,0 phải đăng ký học lại học phần đó."
291,"sinh viên có điểm học phần tự chọn dưới 5,0 thì phải làm gì?",Sinh viên phải đăng ký học lại học phần đó hoặc đăng ký một học phần tự chọn khác để thay thế.
292,điểm chính thức của học phần được tính như thế nào sau khi học lại?,Điểm của lần học cuối cùng là điểm chính thức của học phần đó.
293,sinh viên đã đạt điểm học phần có được đăng ký học lại không?,"Có, sinh viên đã đạt vẫn có thể đăng ký học lại để cải thiện điểm cho bất kỳ học phần nào có nhu cầu."
294,"khi học lại nhiều lần để cải thiện, điểm nào sẽ được lấy để đánh giá học phần?",Điểm đánh giá học phần là điểm cao nhất trong tất cả các lần học.
295,thủ tục cần thực hiện khi sinh viên nghỉ ốm trong quá trình học là gì?,Sinh viên phải làm đơn xin phép gửi trực tiếp cho các giảng viên giảng dạy trong thời gian nghỉ để xem xét.
296,sinh viên cần làm gì nếu nghỉ ốm đúng vào đợt thi?,"Sinh viên làm đơn xin nhận điểm I kèm giấy tờ y tế nộp văn phòng Khoa, sau đó nộp về phòng Đào tạo khi có xác nhận."
297,đơn vị nào chịu trách nhiệm cập nhật danh sách sinh viên đăng ký môn học mỗi học kỳ?,Phòng Tuyển sinh và Công tác sinh viên chịu trách nhiệm cập nhật danh sách này.
298,sinh viên đã hết thời gian đào tạo có được đăng ký học phần không?,"Không, sinh viên đã hết thời gian đào tạo tại trường tính đến thời điểm đăng ký sẽ không được phép đăng ký học phần."
299,sinh viên tạm dừng học cần làm gì để được đăng ký học phần trở lại?,Sinh viên tạm dừng học phải hoàn tất thủ tục xin học lại mới được phép đăng ký học phần.
300,tình trạng học phí có ảnh hưởng đến việc đăng ký môn học không?,"Có, sinh viên chưa hoàn tất học phí hoặc vi phạm quy định đóng học phí sẽ không được đăng ký học phần."
301,thông báo về đăng ký học phần được ban hành trước bao lâu?,Thông báo cụ thể sẽ được ban hành trước thời điểm đăng ký học phần 2 tuần.
302,các hình thức đánh giá thành phần trong một học phần gồm những gì?,"Bao gồm thi cuối kỳ, kiểm tra, bài tập, bài tập lớn, tiểu luận, trắc nghiệm, thí nghiệm, tham quan, thực tập hoặc đồ án."
303,một học phần thông thường phải có tối thiểu bao nhiêu điểm thành phần?,Mỗi học phần phải có tối thiểu hai điểm thành phần gồm: điểm quá trình và điểm cuối kỳ.
304,điểm quá trình được hình thành từ bao nhiêu lần đánh giá?,Điểm quá trình được tổng hợp từ tối thiểu 3 lần đánh giá hoặc 3 cột điểm thành phần trong suốt quá trình học.
305,quy định về số lần đánh giá đối với học phần có khối lượng nhỏ hơn 2 tín chỉ là gì?,Các học phần dưới 2 tín chỉ có thể chỉ cần một điểm đánh giá.
306,điểm thành phần được tính theo thang điểm mấy và làm tròn như thế nào?,Điểm thành phần tính theo thang điểm 10 và làm tròn đến một chữ số thập phân.
307,phương pháp và trọng số đánh giá của học phần được quy định ở đâu?,Các thông tin này được quy định cụ thể trong đề cương chi tiết của mỗi học phần.
308,giảng viên có trách nhiệm gì đối với điểm quá trình của sinh viên?,Giảng viên phải công bố điểm đánh giá quá trình cho sinh viên trong suốt quá trình dạy học.
309,điểm quá trình có được bảo lưu hay phúc khảo không?,"Không, Nhà trường quy định không bảo lưu và không phúc khảo điểm quá trình."
310,hình phạt đối với sinh viên vắng mặt không lý do trong buổi kiểm tra quá trình là gì?,Sinh viên sẽ bị nhận điểm 0 (không) cho bài kiểm tra đó.
311,sinh viên vắng mặt có lý do trong buổi kiểm tra quá trình được xử lý như thế nào?,"Sinh viên phải viết đơn xin phép; nếu được chấp nhận, giảng viên sẽ tổ chức đánh giá bổ sung theo hình thức phù hợp."
312,các hình thức đánh giá kết thúc học phần có thể bao gồm những gì?,"Bao gồm thi viết, trắc nghiệm, vấn đáp, bảo vệ, báo cáo bài tập lớn, đồ án, tiểu luận hoặc kết hợp các hình thức này."
313,tỷ trọng tối thiểu của điểm đánh giá cuối kỳ là bao nhiêu?,Tỷ trọng điểm đánh giá cuối kỳ không được thấp hơn 50% đối với mỗi học phần.
314,nhà trường có tổ chức kỳ thi lại cho các học phần không?,"Không, cuối mỗi đợt học chỉ tổ chức một kỳ thi kết thúc học phần và không có kỳ thi lại."
315,lịch thi kết thúc học phần được công bố cho sinh viên trước bao lâu?,Lịch thi được công bố ít nhất 2 tuần trước khi kỳ thi bắt đầu trên trang quản lý đào tạo trực tuyến.
316,những học phần nào giảng viên có thể tự tổ chức thi theo nhóm?,"Giảng viên tự tổ chức thi cho các học phần: thực tập, vấn đáp, tiểu luận, bài tập lớn."
317,điểm học phần tổng kết được làm tròn đến mức nào?,Điểm học phần được làm tròn tới một chữ số thập phân.
318,hệ thống quản lý trực tuyến quy đổi điểm sang các thang điểm nào?,Hệ thống tự động quy đổi từ thang điểm 10 sang điểm chữ và thang điểm 4.
319,điểm thang 4 và điểm chữ được sử dụng nhằm mục đích gì?,Được dùng để tính điểm trung bình học kỳ và điểm trung bình tích lũy theo quy định.
320,trường hợp nào sinh viên bị lấy điểm cuối kỳ làm điểm học phần thay vì tính theo trọng số?,"Nếu điểm thi cuối kỳ dưới 3,0 và thấp hơn điểm tổng kết tính theo trọng số thì lấy điểm cuối kỳ làm điểm học phần."
321,"điểm ""p"" được áp dụng cho những học phần nào?","Điểm P áp dụng cho học phần Giáo dục quốc phòng và Giáo dục thể chất, đạt từ 5,0 trở lên."
322,điểm p có được tính vào điểm trung bình học tập không?,"Không, điểm P không tính vào điểm trung bình học tập."
323,"điểm ""i"" có ý nghĩa gì trong bảng điểm?",Điểm I là điểm chưa hoàn thiện do sinh viên được phép hoãn thi hoặc hoãn kiểm tra.
324,"khi nào sinh viên nhận điểm ""x""?",Sinh viên nhận điểm X khi kết quả học phần chưa hoàn thiện do chưa đủ dữ liệu.
325,"điểm ""r"" được dùng cho trường hợp nào?",Điểm R áp dụng cho các học phần mà sinh viên được miễn học và được công nhận tín chỉ.
326,học phần đã tích lũy được định nghĩa như thế nào?,"Là học phần có kết quả đánh giá đạt trở lên (từ 5,0 trở lên theo thang điểm 10)."
327,số tín chỉ tích lũy được tính như thế nào?,Là tổng số tín chỉ của tất cả các học phần mà sinh viên đã học và đạt kết quả từ mức đạt trở lên.
328,điểm trung bình học kỳ (đtbhk) được tính dựa trên những học phần nào?,"Được tính dựa trên tất cả các học phần sinh viên đã học trong học kỳ đó, bao gồm cả các học phần không đạt."
329,mục đích của việc tính điểm trung bình học kỳ là gì?,"Để đánh giá kết quả học tập, xét học bổng, khen thưởng và cảnh báo kết quả học tập sau mỗi học kỳ."
330,kết quả học tập trong học kỳ phụ được xử lý như thế nào?,Kết quả học kỳ phụ được gộp vào kết quả học tập của học kỳ chính ngay liền trước để tính ĐTBHK.
331,"nếu học một môn nhiều lần trong cùng một kỳ hoặc kỳ phụ liền kề, điểm nào được dùng để tính đtbhk?",Nhà trường sẽ lấy điểm cao nhất trong các lần học đó để tính điểm trung bình học kỳ.
332,điểm trung bình năm học (đtbnh) bao gồm kết quả của các học kỳ nào?,"Bao gồm kết quả của 2 học kỳ chính trong năm học, tính cả các học phần không đạt."
333,điểm trung bình tích lũy (đtbtl) khác điểm trung bình học kỳ ở điểm nào?,"ĐTBTL chỉ tính dựa trên các học phần đã tích lũy (đạt), không bao gồm các học phần không đạt."
334,vai trò của điểm trung bình tích lũy là gì?,"Dùng để đánh giá kết quả học tập toàn khóa, xếp loại học tập và xếp hạng tốt nghiệp."
335,"sinh viên có điểm trung bình từ 3,6 đến 4,0 được xếp loại học lực gì?",Sinh viên được xếp loại học lực Xuất sắc.
336,mức điểm trung bình để sinh viên được xếp loại học lực giỏi là bao nhiêu?,"Điểm trung bình từ 3,2 đến cận 3,6."
337,xếp loại học lực khá tương ứng với mức điểm trung bình nào?,"Tương ứng với mức điểm trung bình từ 2,5 đến cận 3,2."
338,"sinh viên có điểm trung bình dưới 1,0 bị xếp loại học lực gì?",Sinh viên bị xếp loại học lực Kém.
339,việc xếp hạng năm đào tạo dựa trên tiêu chí nào?,"Dựa trên tổng số tín chỉ tích lũy của sinh viên, không dựa trên thời gian vào trường."
340,sinh viên cần tích lũy bao nhiêu tín chỉ để được xếp hạng năm thứ hai?,Sinh viên cần tích lũy từ 36 đến 71 tín chỉ.
341,"để được xếp hạng sinh viên năm thứ tư, số tín chỉ tích lũy cần đạt là bao nhiêu?",Sinh viên cần đạt từ 108 đến 149 tín chỉ tích lũy.
342,khi nào sinh viên được xếp hạng năm đào tạo thứ năm?,Khi tổng số tín chỉ tích lũy đạt trên 149 tín chỉ.
343,sinh viên học kỳ đầu khóa học bị cảnh báo học tập khi nào?,"Khi điểm trung bình học kỳ (ĐTBHK) đạt dưới 0,8."
344,điều kiện cảnh báo học tập đối với sinh viên từ học kỳ thứ hai trở đi là gì?,"Sinh viên bị cảnh báo nếu ĐTBHK đạt dưới 1,0."
345,sinh viên bị thử thách học tập nếu số tín chỉ không đạt trong kỳ vượt quá bao nhiêu?,Nếu số tín chỉ không đạt vượt quá 50% tổng số tín chỉ đã đăng ký trong học kỳ đó.
346,mức nợ đọng tín chỉ tối đa từ đầu khóa để không bị thử thách học tập là bao nhiêu?,Tổng số tín chỉ nợ đọng từ đầu khóa học không được vượt quá 24 tín chỉ.
347,sinh viên năm thứ nhất bị thử thách học tập khi điểm trung bình tích lũy (đtbtl) dưới bao nhiêu?,"Khi ĐTBTL dưới 1,2."
348,mức đtbtl tối thiểu để sinh viên năm thứ hai không bị thử thách học tập là bao nhiêu?,"Sinh viên năm thứ hai phải đạt ĐTBTL từ 1,4 trở lên."
349,sinh viên trình độ năm thứ ba bị thử thách học tập nếu đtbtl dưới mức nào?,"Nếu ĐTBTL dưới 1,6."
350,"đối với sinh viên năm thứ tư trở đi, mức đtbtl gây thử thách học tập là bao nhiêu?","Khi ĐTBTL dưới 1,8."
351,nhà trường thông báo kết quả cảnh báo và thử thách học tập qua các kênh nào?,"Qua trang quản lý đào tạo trực tuyến, thư điện tử sinh viên và thông báo cho phụ huynh qua email hoặc số điện thoại."
352,sinh viên bị buộc thôi học nếu có bao nhiêu lần cảnh báo học tập liên tiếp?,Sinh viên bị buộc thôi học nếu có 3 lần cảnh báo học tập liên tiếp.
353,hình thức xử lý đối với sinh viên thi hộ hoặc nhờ người thi hộ lần thứ nhất là gì?,Sinh viên sẽ bị đình chỉ học tập trong vòng 1 năm.
354,sinh viên vi phạm việc thi hộ lần thứ hai sẽ bị xử lý như thế nào?,Sinh viên sẽ bị buộc thôi học.
355,hậu quả của việc sử dụng hồ sơ hoặc văn bằng giả để nhập học là gì?,"Sinh viên bị buộc thôi học và văn bằng tốt nghiệp (nếu đã cấp) sẽ bị thu hồi, hủy bỏ."
356,sinh viên không đăng ký học phần trong một học kỳ sẽ bị xử lý như thế nào?,Sinh viên được chuyển sang dạng nghỉ học tạm thời và bị cảnh cáo học vụ trong học kỳ đó.
357,trường hợp nào sinh viên không đăng ký học phần bị buộc thôi học ngay?,Khi sinh viên không đăng ký học phần trong 2 học kỳ liên tiếp.
358,hội đồng xét buộc thôi học sinh viên họp vào thời điểm nào?,Nhà trường thành lập Hội đồng xét buộc thôi học vào cuối mỗi học kỳ.
359,điều kiện về điểm trung bình tích lũy để được xét tốt nghiệp là gì?,"ĐTBTL của toàn khóa học phải đạt từ mức trung bình trở lên (từ 2,0 trở lên theo thang điểm 4)."
360,sinh viên cần đạt yêu cầu gì về điểm rèn luyện để được công nhận tốt nghiệp?,Điểm rèn luyện toàn khóa phải đạt từ loại trung bình trở lên.
361,"ngoài học tập, sinh viên phải hoàn thành thêm nội dung bắt buộc nào về mặt xã hội để tốt nghiệp?",Sinh viên phải tích lũy đủ số ngày công tác xã hội theo quy định của trường.
362,quy định chuẩn đầu ra ngoại ngữ đối với sinh viên không chuyên ngữ là gì?,"Đạt tối thiểu 500 điểm TOEIC (2 kỹ năng) hoặc các chứng chỉ quốc tế tương đương như JLPT N4, NATTEST N4."
363,chuẩn đầu ra ngoại ngữ đối với sinh viên ngành sư phạm tiếng anh và ngôn ngữ anh là gì?,Sinh viên phải đạt chuẩn năng lực ngoại ngữ mức C1.
364,điều kiện bổ sung về nghiên cứu khoa học đối với sinh viên lớp chất lượng cao để tốt nghiệp là gì?,Sinh viên phải tham gia nghiên cứu khoa học theo nhóm hoặc tham gia đề tài cùng giảng viên.
365,một năm học có bao nhiêu đợt xét tốt nghiệp?,Việc xét tốt nghiệp được thực hiện 4 lần trong một năm học.
366,thời hạn cấp bằng tốt nghiệp cho sinh viên sau khi có quyết định công nhận là bao lâu?,Trong thời hạn 3 tháng kể từ khi sinh viên đáp ứng đủ điều kiện và hoàn thành nghĩa vụ.
367,hạng tốt nghiệp được xác định dựa trên tiêu chí nào?,Căn cứ vào điểm trung bình tích lũy (ĐTBTL) toàn khóa.
368,trường hợp nào sinh viên có đtbtl loại xuất sắc nhưng bị giảm hạng tốt nghiệp xuống loại giỏi?,Nếu khối lượng học lại vượt quá 5% tổng tín chỉ chương trình hoặc bị kỷ luật từ mức cảnh cáo trở lên.
369,sinh viên hết thời gian học nhưng nợ chuẩn ngoại ngữ có được xét tốt nghiệp sau này không?,"Có, sinh viên có thời hạn 3 năm tính từ khi thôi học để hoàn thiện chuẩn ngoại ngữ và đề nghị xét tốt nghiệp."
370,kết quả học tập của sinh viên không tốt nghiệp được bảo lưu trong bao lâu?,Kết quả học tập đã tích lũy được bảo lưu và công nhận trong thời gian 2 năm.
371,sinh viên hết thời gian học chính quy có thể chuyển sang hình thức học nào?,Sinh viên có thể được xem xét chuyển sang hình thức học Vừa làm vừa học nếu còn thời gian học tập theo quy định.
372,sinh viên được xin nghỉ học tạm thời và bảo lưu kết quả trong trường hợp nào?,"Trường hợp đi nghĩa vụ quân sự, được điều động thi đấu quốc tế, bị ốm/tai nạn/thai sản dài ngày hoặc nhu cầu cá nhân."
373,điều kiện để sinh viên xin nghỉ học tạm thời vì nhu cầu cá nhân là gì?,Phải học tối thiểu 1 học kỳ tại trường và không thuộc diện bị buộc thôi học hoặc kỷ luật.
374,thời gian nghỉ học vì nhu cầu cá nhân có được tính vào thời gian học chính thức không?,"Có, thời gian này vẫn tính vào tổng thời gian học chính thức quy định."
375,thời hạn nộp đơn xin nghỉ học tạm thời là khi nào?,Chậm nhất 2 tuần trước khi kết thúc học kỳ.
376,sinh viên muốn trở lại học sau thời gian tạm dừng phải nộp đơn khi nào?,Chậm nhất 2 tuần trước khi bắt đầu đăng ký học phần.
377,sinh viên tự ý thôi học muốn quay lại trường thì phải làm gì?,Sinh viên phải tham dự kỳ tuyển sinh đầu vào như các thí sinh mới.
378,đơn vị nào tiếp nhận đơn xin thôi học của sinh viên?,Phòng Tuyển sinh và Công tác sinh viên.
379,sinh viên được xem xét chuyển ngành khi nào?,"Khi không phải sinh viên năm nhất hoặc năm cuối, đạt điểm trúng tuyển ngành mới và được sự đồng ý của Hiệu trưởng."
380,điều kiện về số tín chỉ để không bị xem là sinh viên năm nhất khi xin chuyển trường?,Sinh viên phải tích lũy từ 36 tín chỉ trở lên.
381,điều kiện về số tín chỉ để không bị xem là sinh viên năm cuối khi xin chuyển trường?,Sinh viên phải tích lũy dưới 108 tín chỉ.
382,thời hạn nộp đơn xin chuyển ngành hoặc chuyển hình thức học là khi nào?,Chậm nhất 2 tuần trước khi kết thúc học kỳ.
383,sinh viên trường khác muốn chuyển đến phải nộp đơn khi nào?,Chậm nhất 4 tuần trước khi đăng ký học phần.
384,sinh viên được đăng ký học chương trình thứ hai sớm nhất là khi nào?,Khi sinh viên đã được xếp trình độ từ năm đào tạo thứ hai của chương trình thứ nhất.
385,điều kiện về học lực để đăng ký học cùng lúc hai chương trình là gì?,ĐTBTL xếp loại Khá trở lên hoặc xếp loại Trung bình nhưng đạt điểm trúng tuyển chương trình thứ hai.
386,khi nào sinh viên phải dừng học chương trình thứ hai?,Khi ĐTBTL của chương trình thứ nhất dưới mức trung bình hoặc bị cảnh báo kết quả học tập.
387,thời gian tối đa để hoàn thành cả hai chương trình là bao lâu?,Là thời gian tối đa quy định cho chương trình đào tạo thứ nhất.
388,sinh viên được xét tốt nghiệp chương trình thứ hai khi nào?,Khi đã đủ điều kiện tốt nghiệp chương trình thứ nhất và đã đăng ký học chương trình hai ít nhất 2 năm trước đó.
389,đơn vị nào tiếp nhận đăng ký học chương trình thứ hai?,Sinh viên đăng ký trực tiếp tại Phòng Đào tạo.
390,thời điểm đăng ký học chương trình thứ hai là khi nào?,Trước khi bắt đầu học kỳ mới 2 tuần.
391,"có bắt buộc học lại học phần tự chọn nếu bị điểm dưới 5,0 không?","Không bắt buộc, sinh viên có thể chọn học lại chính học phần đó hoặc đổi sang học phần tự chọn khác."
392,"văn bản pháp lý nào quy định về chính sách miễn, giảm học phí hiện hành?",Nghị định số 238/2025/NĐ-CP ngày 03/9/2025 của Chính phủ.
393,sinh viên thuộc diện người có công với cách mạng được hưởng chế độ gì?,Sinh viên được hưởng chính sách miễn học phí theo quy định tại Pháp lệnh Ưu đãi người có công với cách mạng.
394,sinh viên là người khuyết tật có được miễn học phí không?,"Có, sinh viên là người khuyết tật thuộc đối tượng được miễn học phí. "
395,sinh viên từ 16 đến 22 tuổi đang học văn bằng thứ nhất thuộc đối tượng bảo trợ xã hội có được miễn học phí không?,"Có, nếu đang hưởng trợ cấp xã hội hàng tháng theo quy định tại khoản 1 và khoản 2 Điều 5 Nghị định số 20/2021/NĐ-CP. "
396,sinh viên dân tộc thiểu số thuộc hộ nghèo hoặc hộ cận nghèo có được miễn học phí không?,"Có, áp dụng cho sinh viên có cha hoặc mẹ (hoặc ông bà nếu ở với ông bà) thuộc hộ nghèo/cận nghèo. "
397,những dân tộc nào được xếp vào nhóm dân tộc thiểu số rất ít người để được miễn học phí?,"Cống, Mảng, Pu Péo, Si La, Cờ Lao, Bố Y, La Ha, Ngái, Chứt, Ơ Đu, Brâu, Rơ Măm, Lô Lô, Lự, Pà Thẻn, La Hủ. "
398,điều kiện về địa bàn cư trú đối với sinh viên dân tộc thiểu số rất ít người để được miễn học phí là gì?,Phải ở vùng có điều kiện kinh tế - xã hội khó khăn hoặc đặc biệt khó khăn theo quy định.
399,"sinh viên thuộc các chương trình, đề án đặc biệt của chính phủ có được miễn học phí không?","Có, nếu chương trình hoặc đề án đó quy định đối tượng được miễn học phí. "
400,đối tượng nào được giảm 70% học phí?,"Sinh viên dân tộc thiểu số (ngoài nhóm rất ít người) thường trú tại thôn/bản đặc biệt khó khăn, xã khu vực III, xã đặc biệt khó khăn bãi ngang, ven biển và hải đảo. "
401,sinh viên có cha hoặc mẹ bị tai nạn lao động được giảm bao nhiêu học phí?,Được giảm 50% học phí nếu cha hoặc mẹ bị tai nạn lao động hoặc mắc bệnh nghề nghiệp đang hưởng trợ cấp thường xuyên.
402,"chính sách miễn, giảm học phí được áp dụng trong bao lâu?",Được thực hiện trong suốt thời gian học tập tại trường theo thời gian đào tạo chính khóa.
403,"những học kỳ nào được áp dụng chính sách miễn, giảm học phí?",Chỉ áp dụng vào các học kỳ chính trong thời gian đào tạo chính khóa.
404,"các học phần học lại có được miễn, giảm học phí không?","Không, chính sách không áp dụng đối với các học phần học lại. "
405,học phần học cải thiện điểm có được hưởng chế độ giảm học phí không?,"Không áp dụng chính sách miễn, giảm học phí cho các học phần học cải thiện. "
406,sinh viên đăng ký học các môn ngoài chương trình đào tạo có được miễn học phí không?,"Không, các học phần ngoài chương trình đào tạo không thuộc phạm vi áp dụng. "
407,"các học phần được miễn, giảm học phí phải thỏa mãn điều kiện gì?",Phải là các học phần học lần thứ nhất nằm trong yêu cầu của chương trình đào tạo.
408,"ngân sách nhà nước cấp bù tiền miễn, giảm học phí cho trường theo mức nào?",Cấp bù theo mức trần học phí quy định tại khoản 1 Điều 9 và khoản 1 Điều 10 Nghị định 238/2025/NĐ-CP.
409,trường đhspkt tphcm xử lý thế nào về phần chênh lệch giữa mức trần nhà nước cấp và mức học phí đại trà của trường?,Nhà trường sẽ cấp bù phần học phí chênh lệch này cho sinh viên.
410,"sinh viên hệ chất lượng cao thuộc diện miễn, giảm học phí phải đóng khoản tiền nào?",Phải đóng phần chênh lệch dịch vụ giữa mức học phí đại trà và mức học phí hệ chất lượng cao.
411,nếu sinh viên thuộc đối tượng được hưởng nhiều mức hỗ trợ từ các văn bản khác nhau thì áp dụng mức nào?,Được hưởng theo mức hỗ trợ cao nhất quy định tại các văn bản pháp luật hiện hành.
412,"sinh viên đang hưởng lương khi đi học có được miễn, giảm học phí không?","Không áp dụng miễn, giảm học phí đối với trường hợp đang hưởng lương và sinh hoạt phí khi đi học. "
413,sinh viên đã hưởng chính sách miễn giảm ở một trường đại học khác nay học thêm văn bằng khác tại trường có được hưởng tiếp không?,"Không, nếu học cùng cấp học và trình độ đào tạo thì không được hưởng lại chế độ ưu đãi. "
414,trường hợp sinh viên học đồng thời nhiều ngành tại trường thì hưởng chính sách như thế nào?,Chỉ được hưởng một chế độ ưu đãi duy nhất.
415,"sinh viên bị kỷ luật đình chỉ học tập có được hưởng miễn, giảm học phí không?",Không áp dụng chế độ này trong thời gian sinh viên bị kỷ luật đình chỉ học tập hoặc buộc thôi học.
416,sinh viên tạm dừng học do ốm đau có được tiếp tục hưởng chính sách khi quay lại không?,"Có, nếu tạm dừng do ốm đau, tai nạn hoặc lý do bất khả kháng, sinh viên làm hồ sơ để tiếp tục được hưởng khi quay lại. "
417,"thời gian xét miễn, giảm học phí tối đa là bao nhiêu tháng trong một năm học?",Không quá 10 tháng mỗi năm học.
418,"một năm học nhà trường tổ chức xét miễn, giảm học phí bao nhiêu lần?","Được thực hiện 02 lần trong năm học, tương ứng với 02 học kỳ chính. "
419,"hồ sơ đề nghị miễn, giảm học phí cơ bản gồm những giấy tờ gì?","Đơn đề nghị (theo mẫu), bản sao chứng thực Giấy khai sinh và minh chứng đối tượng hưởng chính sách. "
420,minh chứng cần thiết cho sinh viên thuộc diện người có công với cách mạng là gì?,Giấy xác nhận của cơ quan quản lý đối với người có công.
421,sinh viên khuyết tật cần nộp giấy tờ gì để làm hồ sơ?,Giấy xác nhận người khuyết tật do Ủy ban nhân dân (UBND) cấp xã cấp.
422,hồ sơ cho sinh viên 16-22 tuổi hưởng trợ cấp xã hội gồm giấy tờ gì?,Quyết định về trợ cấp xã hội do UBND cấp xã cấp.
423,sinh viên dân tộc thiểu số hộ nghèo/cận nghèo cần nộp minh chứng gì?,Giấy xác nhận hộ nghèo hoặc hộ cận nghèo do UBND cấp xã cấp.
424,sinh viên dân tộc thiểu số rất ít người cần minh chứng gì về thông tin cá nhân?,Bản sao Căn cước công dân hoặc ảnh chụp căn cước điện tử trên ứng dụng VNeID.
425,"đối tượng thuộc chương trình, đề án của chính phủ cần nộp giấy tờ gì?",Bản sao Quyết định hoặc Xác nhận theo từng đối tượng cụ thể của chương trình đó.
426,minh chứng cư trú cho sinh viên dân tộc thiểu số ở vùng đặc biệt khó khăn (giảm 70%) là gì?,Bản sao Căn cước công dân hoặc ảnh chụp căn cước điện tử trên VNeID.
427,sinh viên có cha mẹ bị tai nạn lao động cần nộp giấy tờ gì để được giảm 50% học phí?,Quyết định về việc trợ cấp thường xuyên của cha hoặc mẹ do bị tai nạn lao động/bệnh nghề nghiệp.
428,"sinh viên nộp hồ sơ miễn, giảm học phí ở đâu?",Nộp cho Văn phòng Khoa hoặc Viện nơi sinh viên đang theo học.
429,"thời hạn nộp hồ sơ miễn, giảm học phí là khi nào?",Trong vòng 35 ngày làm việc kể từ ngày bắt đầu học kỳ.
430,trách nhiệm của ban chủ nhiệm khoa/viện trong quy trình này là gì?,"Tiếp nhận, xét duyệt hồ sơ và chuyển danh sách về Phòng Tuyển sinh và Công tác sinh viên. "
431,thời gian để khoa/viện chuyển hồ sơ về phòng chức năng là bao lâu?,Trong vòng 10 ngày làm việc sau khi kết thúc thời hạn nhận hồ sơ của sinh viên.
432,đơn vị nào thực hiện thẩm định lại hồ sơ và trình hiệu trưởng ký quyết định?,Phòng Tuyển sinh và Công tác sinh viên.
433,"việc gán hệ số miễn, giảm vào phần mềm quản lý sinh viên do đơn vị nào thực hiện?",Phòng Tuyển sinh và Công tác sinh viên.
434,"sau khi có quyết định, sinh viên sẽ được trừ học phí như thế nào?","Phòng Kế hoạch Tài chính thực hiện trừ trực tiếp số tiền được miễn, giảm trên phần mềm quản lý học phí. "
435,các giấy tờ minh chứng trong hồ sơ có cần công chứng không?,"Có, các giấy tờ minh chứng phải là bản sao có chứng thực. "
436,có áp dụng chính sách cho sinh viên tạm dừng học vì lý do cá nhân không?,Không áp dụng trong thời gian sinh viên tạm dừng học (trừ lý do sức khỏe/bất khả kháng).
437,mức học phí làm căn cứ miễn giảm tại trường đhspkt tphcm là mức nào?,Mức học phí quy định của Nhà trường theo mức đại trà.
438,sinh viên học văn bằng thứ hai có được hưởng chính sách này không?,Không áp dụng nếu đã hưởng tại văn bằng thứ nhất cùng cấp học.
439,nếu sinh viên thuộc diện giảm 70% nhưng đồng thời là người khuyết tật thì hưởng mức nào?,Được hưởng mức miễn học phí (100%) vì là mức hỗ trợ cao hơn.
440,quy trình xét duyệt có yêu cầu sinh viên phải nộp lại hồ sơ mỗi học kỳ không?,Nhà trường xét theo thời gian học thực tế và thực hiện 02 lần/năm học dựa trên hồ sơ đã nộp.
441,kết quả miễn giảm cuối cùng được ghi nhận ở đâu để sinh viên theo dõi?,Trên phần mềm quản lý học phí của sinh viên.
442,đối tượng sinh viên nào được hưởng chính sách trợ cấp xã hội?,"Các đối tượng bao gồm: sinh viên dân tộc thiểu số vùng khó khăn, sinh viên mồ côi, sinh viên khuyết tật kinh tế khó khăn và sinh viên hộ nghèo/cận nghèo vượt khó."
443,điều kiện về hộ khẩu đối với sinh viên dân tộc thiểu số để nhận trợ cấp xã hội là gì?,Phải có hộ khẩu thường trú từ 03 năm trở lên tại các xã vùng đồng bào dân tộc thiểu số và miền núi hoặc các thôn đặc biệt khó khăn.+1
444,sinh viên mồ côi cần đáp ứng điều kiện gì để được hưởng trợ cấp xã hội?,Sinh viên phải là người mồ côi cả cha lẫn mẹ và không nơi nương tựa.
445,sinh viên khuyết tật cần thêm điều kiện gì để nhận trợ cấp xã hội?,"Ngoài việc là người khuyết tật, sinh viên phải gặp khó khăn về kinh tế."
446,"điều kiện xếp loại học tập đối với sinh viên hộ nghèo, cận nghèo để nhận trợ cấp xã hội là gì?",Sinh viên phải có xếp loại học tập từ loại Khá trở lên.
447,mức trợ cấp xã hội đối với sinh viên dân tộc thiểu số vùng khó khăn là bao nhiêu?,Mức trợ cấp là 140.000 đồng/sinh viên/tháng.
448,mức trợ cấp xã hội cho sinh viên mồ côi không nơi nương tựa là bao nhiêu?,Mức trợ cấp là 100.000 đồng/sinh viên/tháng.
449,mức trợ cấp xã hội cho sinh viên khuyết tật có khó khăn kinh tế là bao nhiêu?,Mức trợ cấp là 100.000 đồng/sinh viên/tháng.
450,mức trợ cấp xã hội cho sinh viên hộ nghèo/cận nghèo vượt khó là bao nhiêu?,Mức trợ cấp là 100.000 đồng/sinh viên/tháng.
451,trợ cấp xã hội được cấp theo định kỳ như thế nào?,"Trợ cấp được cấp theo từng học kỳ, mỗi học kỳ cấp cho 6 tháng."
452,thời hạn nộp hồ sơ đề nghị trợ cấp xã hội là khi nào?,Trong vòng 45 ngày làm việc kể từ ngày bắt đầu học kỳ.
453,sinh viên nộp hồ sơ trợ cấp xã hội tại đâu?,Sinh viên nộp hồ sơ tại Văn phòng Khoa.
454,hồ sơ đề nghị trợ cấp xã hội bao gồm những loại giấy tờ nào?,"Bao gồm: Đơn đề nghị (theo mẫu), bản sao công chứng giấy khai sinh và minh chứng đối tượng được hưởng."
455,thời gian xét duyệt hồ sơ tại ban chủ nhiệm khoa là bao lâu?,Trong thời gian 10 ngày làm việc sau khi kết thúc thời hạn nhận hồ sơ.
456,ban chủ nhiệm khoa chuyển hồ sơ trợ cấp xã hội về đơn vị nào?,Chuyển về Phòng Tuyển sinh và Công tác sinh viên.
457,đơn vị nào chịu trách nhiệm thẩm định lại hồ sơ và trình hiệu trưởng ký quyết định trợ cấp xã hội?,Phòng Tuyển sinh và Công tác sinh viên.
458,hình thức chi trả tiền trợ cấp xã hội cho sinh viên là gì?,Chi trả bằng hình thức chuyển khoản qua Phòng Kế hoạch Tài chính.
459,tên văn bản quy định về chính sách trợ cấp xã hội của nhà trường là gì?,Quyết định số 1103/QĐ-ĐHSPKT ngày 17/03/2022.
460,những ngành sư phạm nào được hưởng chính sách hỗ trợ theo nghị định 116?,Ngành Sư phạm Tiếng Anh và Ngành Sư phạm Công nghệ.
461,sinh viên sư phạm hệ nào được áp dụng chính sách hỗ trợ học phí và sinh hoạt phí?,Sinh viên học chương trình Sư phạm hệ đại học chính quy.
462,sinh viên sư phạm không đăng ký hưởng chính sách theo nghị định 116 có phải đóng học phí không?,"Có, sinh viên phải đóng tiền học phí theo quy định của nhà trường."
463,sinh viên sư phạm không hưởng chính sách hỗ trợ có phải bồi hoàn kinh phí sau khi ra trường không?,"Không, sinh viên không phải bồi hoàn học phí và sinh hoạt phí."
464,mức hỗ trợ tiền đóng học phí cho sinh viên sư phạm là bao nhiêu?,Bằng mức thu học phí thực tế của nhà trường.
465,mức hỗ trợ chi phí sinh hoạt hàng tháng cho sinh viên sư phạm là bao nhiêu?,"Mức hỗ trợ là 3,63 triệu đồng/tháng."
466,thời gian hỗ trợ tiền đóng học phí cho sinh viên sư phạm kéo dài bao lâu?,"Trong toàn khóa học, tối đa 08 học kỳ chính."
467,thời gian hỗ trợ chi phí sinh hoạt cho sinh viên sư phạm trong một năm là bao lâu?,Không quá 10 tháng/năm.
468,thời hạn nộp hồ sơ đăng ký hưởng chính sách hỗ trợ sinh viên sư phạm là khi nào?,Trong thời hạn 30 ngày kể từ ngày nhập học.
469,hồ sơ đăng ký hưởng chính sách hỗ trợ sinh viên sư phạm gồm những gì?,"Đơn đề nghị và cam kết bồi hoàn, bản sao công chứng Giấy khai sinh, CCCD và giấy chứng nhận ưu tiên (nếu có)."
470,sinh viên sư phạm phải nộp hồ sơ đăng ký hỗ trợ bao nhiêu lần trong cả khóa học?,Chỉ nộp 01 bộ hồ sơ cho lần đầu đề nghị trong cả thời gian học.
471,sinh viên sư phạm cần làm gì khi tạm dừng và quay lại học để tiếp tục nhận hỗ trợ?,Sinh viên phải khai báo thông tin với nhà trường.
472,quy trình tiếp nhận hồ sơ hỗ trợ sinh viên sư phạm tại khoa diễn ra thế nào?,"Ban Chủ nhiệm khoa tư vấn, tiếp nhận hồ sơ và chuyển về Phòng Tuyển sinh và Công tác sinh viên trong 10 ngày làm việc sau hạn nhận hồ sơ."
473,đơn vị nào phê duyệt quyết định công nhận sinh viên sư phạm được hưởng chính sách hỗ trợ?,Hiệu trưởng phê duyệt dựa trên danh sách thẩm định của Phòng Tuyển sinh và Công tác sinh viên.
474,tiền hỗ trợ chi phí sinh hoạt cho sinh viên sư phạm được chi trả như thế nào?,Được Phòng Kế hoạch Tài chính chi trả hàng học kỳ bằng hình thức chuyển khoản.
475,nghị định nào của chính phủ quy định về chính sách hỗ trợ cho sinh viên sư phạm?,Nghị định số 116/2020/NĐ-CP ngày 25/9/2020.
476,đối tượng nào được hưởng chính sách hỗ trợ chi phí học tập theo quyết định 66?,Sinh viên đại học chính quy là người dân tộc thiểu số thuộc hộ nghèo hoặc cận nghèo.
477,sinh viên hệ liên thông có được hưởng hỗ trợ chi phí học tập theo quyết định 66 không?,"Không, sinh viên hệ liên thông không thuộc đối tượng được hưởng."
478,sinh viên học văn bằng 2 có được nhận hỗ trợ chi phí học tập cho người dân tộc thiểu số không?,"Không, sinh viên văn bằng 2 không thuộc diện được hưởng."
479,sinh viên sau khi hoàn thành chương trình dự bị đại học có được nhận hỗ trợ theo quyết định 66 không?,"Không, đối tượng này không được hưởng chính sách hỗ trợ chi phí học tập."
480,mức hỗ trợ chi phí học tập cho sinh viên dân tộc thiểu số hộ nghèo/cận nghèo là bao nhiêu?,Bằng 60% mức lương cơ sở.
481,thời gian hưởng hỗ trợ chi phí học tập cho sinh viên dân tộc thiểu số là bao lâu?,Được hưởng 5 tháng/học kỳ chính.
482,hình thức và số lần cấp hỗ trợ chi phí học tập theo quyết định 66 là gì?,Được cấp 01 lần/học kỳ chính thức bằng hình thức chuyển khoản.
483,thời hạn nộp hồ sơ hỗ trợ chi phí học tập cho sinh viên dân tộc thiểu số là khi nào?,Trong vòng 30 ngày làm việc kể từ ngày bắt đầu học kỳ.
484,hồ sơ xét hỗ trợ chi phí học tập cho sinh viên dân tộc thiểu số gồm những gì?,"Đơn xét hưởng, bản sao công chứng giấy khai sinh, bản sao công chứng sổ hộ nghèo/cận nghèo hoặc giấy xác nhận tương đương."
485,giấy xác nhận hộ nghèo/cận nghèo trong hồ sơ cần lưu ý điều gì?,Phải là giấy xác nhận hoặc sổ hộ nghèo/cận nghèo theo từng năm.
486,quy trình xét duyệt hỗ trợ chi phí học tập tại khoa diễn ra trong bao lâu?,10 ngày làm việc sau khi kết thúc thời hạn nhận hồ sơ.
487,cơ quan nào thẩm định cuối cùng danh sách sinh viên dân tộc thiểu số được hỗ trợ chi phí học tập?,Phòng Tuyển sinh và Công tác sinh viên.
488,quyết định nào của thủ tướng chính phủ quy định về hỗ trợ chi phí học tập cho sv dân tộc thiểu số?,Quyết định số 66/2013/QĐ-TTg ngày 11/11/2013.
489,sinh viên sư phạm có thể đồng thời hưởng trợ cấp xã hội nếu thuộc đối tượng quy định không?,"Có, nếu sinh viên đáp ứng đủ điều kiện của cả hai chính sách."
490,việc chi trả mọi khoản hỗ trợ cho sinh viên đều thực hiện qua hình thức nào?,Đều thực hiện bằng hình thức chuyển khoản qua Phòng Kế hoạch Tài chính.
491,sinh viên nộp hồ sơ hỗ trợ chi phí học tập (qđ 66) tại đâu?,Nộp tại Văn phòng Khoa.
492,điều kiện để sinh viên dân tộc thiểu số được hưởng cả trợ cấp xã hội và hỗ trợ chi phí học tập là gì?,Phải thuộc hộ nghèo/cận nghèo và đáp ứng các tiêu chuẩn về hộ khẩu/thời gian học tập.
493,sinh viên khuyết tật nhưng không nghèo có được hưởng trợ cấp xã hội không?,"Không, chính sách yêu cầu phải là người khuyết tật và gặp khó khăn về kinh tế."
494,sinh viên mồ côi có cần xếp loại học tập khá để nhận trợ cấp 100.000đ không?,"Không, điều kiện học lực Khá chỉ áp dụng cho sinh viên hộ nghèo/cận nghèo."
495,thời hạn 45 ngày nộp hồ sơ áp dụng cho loại trợ cấp nào?,Áp dụng cho chính sách Trợ cấp xã hội theo Quyết định 1103.
496,thời hạn 30 ngày nộp hồ sơ áp dụng cho những loại hỗ trợ nào?,Áp dụng cho hỗ trợ Sinh viên Sư phạm và hỗ trợ Chi phí học tập cho SV dân tộc thiểu số.
497,sinh viên hộ cận nghèo có học lực trung bình có được nhận trợ cấp xã hội không?,"Không, sinh viên hộ nghèo/cận nghèo phải có xếp loại học tập từ loại Khá trở lên."
498,"mục đích của khoản hỗ trợ 3,63 triệu đồng cho sinh viên sư phạm là gì?",Để chi trả chi phí sinh hoạt trong thời gian học tập tại Trường.
499,đơn vị nào chịu trách nhiệm tiếp nhận hồ sơ của tất cả các chính sách hỗ trợ tại bước đầu tiên?,Văn phòng các Khoa.
500,sinh viên cần đạt mức điểm trung bình tối thiểu là bao nhiêu để được xét học bổng khuyến khích học tập?,"Sinh viên phải đạt điểm trung bình dùng để xét học bổng từ 7,0 trở lên theo thang điểm 10."
501,công thức tính điểm trung bình dùng để xét học bổng khuyến khích học tập (hbkkht) được quy định như thế nào?,"Điểm trung bình được tính bằng tổng tích số giữa điểm học phần và số tín chỉ của học phần đó, sau đó chia cho tổng số tín chỉ của các học phần tính toán."
502,những loại học phần nào không được tính vào điểm trung bình để xét học bổng khuyến khích học tập?,"Các học phần loại trừ bao gồm: học phần trả nợ, cải thiện, học phần ngoài thiết kế chương trình đào tạo, Giáo dục thể chất, Giáo dục quốc phòng An ninh và Kỹ năng Giao tiếp tiếng Anh 1, 2 (áp dụng từ khóa 2023)."
503,đối tượng nào được xét cấp học bổng khuyến khích học tập?,"Sinh viên đang học chương trình đại học hệ chính quy đáp ứng đầy đủ các tiêu chí quy định được xét, cấp học bổng khuyến khích học tập."
504,sinh viên đang hưởng các chương trình học bổng hoặc trợ cấp khác có được xét học bổng khuyến khích học tập không?,"Có, sinh viên thuộc diện hưởng các chương trình học bổng, trợ cấp, ưu đãi khác thì vẫn được xét, cấp học bổng khuyến khích học tập."
505,tổng số tín chỉ tối thiểu để sinh viên được xét học bổng khuyến khích học tập là bao nhiêu?,Sinh viên đăng ký học phần tại học kỳ lấy kết quả xét học bổng với tổng số tín chỉ các học phần học lần đầu từ 15 tín chỉ trở lên.
506,tổng số tín chỉ để xét học bổng khuyến khích học tập có bao gồm các học phần học lại để trả nợ không?,"Không, tổng số tín chỉ xét học bổng không bao gồm các học phần trả nợ."
507,tổng số tín chỉ để xét học bổng khuyến khích học tập có bao gồm các học phần học cải thiện điểm không?,"Không, tổng số tín chỉ xét học bổng không bao gồm các học phần cải thiện."
508,học phần ngoài thiết kế chương trình đào tạo có được tính vào tổng số tín chỉ xét học bổng khuyến khích học tập không?,"Không, tổng số tín chỉ xét học bổng không bao gồm các học phần ngoài thiết kế chương trình đào tạo."
509,học phần giáo dục thể chất có được tính vào tổng số tín chỉ xét học bổng khuyến khích học tập không?,"Không, tổng số tín chỉ xét học bổng không bao gồm học phần Giáo dục thể chất."
510,học phần giáo dục quốc phòng có được tính vào tổng số tín chỉ xét học bổng khuyến khích học tập không?,"Không, tổng số tín chỉ xét học bổng không bao gồm học phần Giáo dục quốc phòng."
511,học phần kỹ năng giao tiếp tiếng anh có được tính vào tổng số tín chỉ xét học bổng khuyến khích học tập không?,"Không, tổng số tín chỉ xét học bổng không bao gồm học phần Kỹ năng Giao tiếp tiếng Anh 1, 2 đối với sinh viên từ khóa 2023 trở đi."
512,nếu số tín chỉ sinh viên đăng ký học lần đầu nhỏ hơn 15 thì điều kiện để được xét học bổng là gì?,Trường hợp số tín chỉ nhỏ hơn 15 thì phải lớn hơn hoặc bằng số tín chỉ được thiết kế của học kỳ trong chương trình đào tạo.
513,ai có thẩm quyền xem xét quyết định các trường hợp đặc biệt về số tín chỉ xét học bổng?,Các trường hợp đặc biệt do Hội đồng xét học bổng xem xét quyết định.
514,học kỳ lấy kết quả xét học bổng khuyến khích học tập được quy định như thế nào?,Học kỳ lấy kết quả xét học bổng là học kỳ liền trước học kỳ xét học bổng.
515,học kỳ lấy kết quả xét học bổng có bị giới hạn trong thời gian đào tạo không?,"Có, học kỳ lấy kết quả xét học bổng phải còn trong thời gian đào tạo chính khóa của chương trình đào tạo được thiết kế."
516,điểm rèn luyện tối thiểu ở học kỳ lấy kết quả để sinh viên đủ điều kiện xét học bổng khuyến khích học tập là bao nhiêu?,Sinh viên có điểm rèn luyện ở học kỳ lấy kết quả xét học bổng từ 70 trở lên.
517,điểm rèn luyện để xét học bổng khuyến khích học tập được tính theo thang điểm nào?,Điểm rèn luyện được tính theo thang điểm 100 theo Quy định hiện hành.
518,"sinh viên có học phần bị điểm dưới 5,0 có được xét học bổng khuyến khích học tập không?","Không, sinh viên không có điểm dưới 5,0 đối với tất cả các học phần đã đăng ký và học trong học kỳ lấy kết quả xét học bổng."
519,mức kỷ luật nào làm cho sinh viên không được xét học bổng khuyến khích học tập?,Sinh viên bị kỷ luật từ mức khiển trách trở lên trong học kỳ lấy kết quả xét học bổng sẽ không được xét học bổng.
520,điểm trung bình tối thiểu để đạt học bổng khuyến khích học tập loại xuất sắc là bao nhiêu?,"Sinh viên cần có điểm trung bình xét học bổng từ 9,0 trở lên."
521,điểm rèn luyện tối thiểu để đạt học bổng khuyến khích học tập loại xuất sắc là bao nhiêu?,Sinh viên cần có điểm rèn luyện từ 90 trở lên.
522,học bổng khuyến khích học tập loại xuất sắc tương đương với phân loại nào theo chữ cái?,Học bổng loại Xuất sắc tương đương với loại A.
523,giá trị của học bổng khuyến khích học tập loại xuất sắc được tính như thế nào?,"Giá trị học bổng bằng 1,3 lần mức học bổng loại Khá."
524,điểm trung bình tối thiểu để đạt học bổng khuyến khích học tập loại giỏi là bao nhiêu?,"Sinh viên cần có điểm trung bình xét học bổng từ 8,0 trở lên."
525,điểm rèn luyện tối thiểu để đạt học bổng khuyến khích học tập loại giỏi là bao nhiêu?,Sinh viên cần có điểm rèn luyện từ 80 trở lên.
526,học bổng khuyến khích học tập loại giỏi tương đương với phân loại nào theo chữ cái?,Học bổng loại Giỏi tương đương với loại B.
527,giá trị của học bổng khuyến khích học tập loại giỏi được tính như thế nào?,"Giá trị học bổng bằng 1,15 lần mức học bổng loại Khá."
528,điểm trung bình tối thiểu để đạt học bổng khuyến khích học tập loại khá là bao nhiêu?,"Sinh viên cần có điểm trung bình xét học bổng từ 7,0 trở lên."
529,điểm rèn luyện tối thiểu để đạt học bổng khuyến khích học tập loại khá là bao nhiêu?,Sinh viên cần có điểm rèn luyện từ 70 trở lên.
530,học bổng khuyến khích học tập loại khá tương đương với phân loại nào theo chữ cái?,Học bổng loại Khá tương đương với loại C.
531,giá trị của học bổng khuyến khích học tập loại khá được tính bằng bao nhiêu phần trăm học phí?,Giá trị học bổng bằng 100% học phí của học kỳ lấy kết quả xét học bổng.
532,học phí để xác định giá trị học bổng khuyến khích học tập loại khá được căn cứ vào các yếu tố nào?,Giá trị học bổng được xác định bằng học phí căn cứ theo định mức kinh tế kỹ thuật và thông báo thu học phí của Trường.
533,đơn vị nào phụ trách tiến hành xét học bổng khuyến khích học tập cho sinh viên?,Phòng Tuyển sinh và Công tác Sinh viên tiến hành xét học bổng khuyến khích học tập.
534,việc xét học bổng khuyến khích học tập được thực hiện thông qua công cụ nào?,Phòng Tuyển sinh và Công tác Sinh viên tiến hành xét học bổng khuyến khích học tập bằng phần mềm xét học bổng.
535,tiêu chí ưu tiên số một khi sắp xếp thứ tự thành tích xét học bổng khuyến khích học tập là gì?,Ưu tiên 1 là các loại học bổng từ loại A đến C.
536,tiêu chí ưu tiên số hai khi sắp xếp thứ tự thành tích xét học bổng khuyến khích học tập là gì?,Ưu tiên 2 là điểm trung bình xét học bổng từ cao xuống thấp.
537,tiêu chí ưu tiên số ba khi sắp xếp thứ tự thành tích xét học bổng khuyến khích học tập là gì?,Ưu tiên 3 là kết quả điểm rèn luyện từ cao xuống thấp.
538,tiêu chí ưu tiên số bốn khi sắp xếp thứ tự thành tích xét học bổng khuyến khích học tập là gì?,Ưu tiên 4 là số tín chỉ từ nhiều đến ít.
539,nguồn học bổng khuyến khích học tập được phân bổ dựa trên cơ sở nào?,Nguồn học bổng khuyến khích học tập được phân bổ về các chương trình đào tạo.
540,phòng tuyển sinh và công tác sinh viên sẽ thực hiện xác định danh sách sinh viên dự kiến nhận học bổng cho đến khi nào?,"Xác định những sinh viên dự kiến được cấp học bổng theo thứ tự từ trên xuống dưới, đến khi hết nguồn học bổng."
541,sinh viên có thể phản hồi nếu có sai lệch về dữ liệu sau khi danh sách dự kiến nhận học bổng được công bố không?,"Có, Phòng Tuyển sinh và Công tác Sinh viên nhận phản hồi từ sinh viên và điều chỉnh danh sách dự kiến nếu có phát sinh sai lệch về dữ liệu xét học bổng."
542,"đơn vị, cá nhân nào có thẩm quyền ban hành quyết định cấp học bổng khuyến khích học tập cho sinh viên?",Hiệu trưởng ban hành quyết định cấp học bổng cho sinh viên sau khi Hội đồng xét học bổng thống nhất danh sách.
543,sinh viên được nhận tiền học bổng khuyến khích học tập qua hình thức nào?,Sinh viên được nhận học bổng khuyến khích học tập bằng hình thức chuyển khoản vào tài khoản cá nhân của sinh viên tại ngân hàng liên kết với Trường.
544,đối tượng nào được xét cấp học bổng khuyến tài?,Sinh viên trúng tuyển và nhập học hệ chính quy là Thủ khoa Ngành đào tạo theo Đề án tuyển sinh hằng năm.
545,điều kiện về điểm số để nhận học bổng khuyến tài là gì?,"Sinh viên phải có tổng điểm thi tốt nghiệp THPT 03 môn tổ hợp xét tuyển (không nhân hệ số, không cộng điểm ưu tiên) từ 26 điểm trở lên."
546,giá trị của học bổng khuyến tài được tính như thế nào?,"Giá trị bằng tổng số điểm thi tốt nghiệp THPT 03 môn tổ hợp (không nhân hệ số, không cộng điểm ưu tiên) nhân với 1.000.000 đồng/điểm."
547,phương thức và thời gian chi trả học bổng khuyến tài như thế nào?,Học bổng được chuyển khoản vào tài khoản ngân hàng liên kết với Trường trong 04 đợt vào 04 học kỳ đầu tiên của khóa học.+4
548,sinh viên nhận học bổng khuyến tài bị thôi học có được tiếp tục nhận học bổng không?,Sinh viên xin thôi học hoặc bị buộc thôi học sẽ không được tiếp tục nhận học bổng.
549,sinh viên tạm dừng học có được bảo lưu học bổng khuyến tài không?,Sinh viên tạm dừng học tập có lý do chính đáng sẽ được bảo lưu học bổng.
550,đối tượng nào được nhận học bổng nữ sinh viên kỹ thuật?,Sinh viên nữ trúng tuyển và nhập học hệ chính quy vào 06 ngành kỹ thuật có tỉ lệ sinh viên nữ đang học thấp nhất và dưới 3% tổng số sinh viên ngành.
551,số liệu tỉ lệ sinh viên nữ để xét học bổng được thống kê trong thời gian bao lâu?,Số liệu sinh viên nữ được thống kê trong 03 năm gần nhất đối với năm thực hiện tuyển sinh.
552,giá trị học bổng nữ sinh viên kỹ thuật trong học kỳ đầu tiên là bao nhiêu?,Giá trị học bổng tương đương 50% học phí của học kỳ đầu tiên.
553,điều kiện để tiếp tục nhận học bổng nữ sinh viên kỹ thuật từ học kỳ thứ 2 là gì?,"Sinh viên cần đạt điểm trung bình học tập học kỳ trước từ 8,0 và điểm rèn luyện từ 80 trở lên."
554,chuyện gì xảy ra nếu sinh viên không đủ điều kiện duy trì học bổng nữ sinh viên kỹ thuật?,Sinh viên sẽ không còn được nhận học bổng ở các học kỳ sau đó.
555,học bổng truyền thống hcmute dành cho đối tượng nào?,"Sinh viên trúng tuyển và nhập học hệ chính quy có anh, chị, em ruột đang học hoặc đã tốt nghiệp hệ chính quy tại Trường."
556,mức hỗ trợ của học bổng truyền thống hcmute là bao nhiêu?,Giá trị học bổng tương đương 20% học phí của học kỳ đầu tiên.
557,điều kiện về số tín chỉ để duy trì học bổng truyền thống hcmute là gì?,Đăng ký học và thi học kỳ trước từ đủ 15 tín chỉ trở lên (hoặc bằng số tín chỉ thiết kế theo chương trình đào tạo nếu dưới 15 tín chỉ).
558,điểm trung bình và điểm rèn luyện cần thiết để duy trì học bổng truyền thống hcmute là bao nhiêu?,"Điểm trung bình học tập học kỳ trước đạt từ 6,5 trở lên và điểm rèn luyện đạt từ 65 trở lên."
559,sinh viên cần nộp hồ sơ xét học bổng truyền thống hcmute bao nhiêu lần?,Sinh viên làm hồ sơ 01 lần và được tiếp tục áp dụng cho các học kỳ liền kề tiếp theo.
560,thời điểm sinh viên bắt đầu nhận được học bổng truyền thống hcmute là khi nào?,Sinh viên làm đơn từ thời điểm nào thì được nhận học bổng từ thời điểm đó.
561,sinh viên tạm dừng học có được nhận học bổng truyền thống hcmute không?,Trong thời gian tạm dừng không được nhận học bổng; khi đi học lại phải làm đơn để tiếp tục nhận.
562,"nếu sinh viên đã mất điều kiện duy trì học bổng truyền thống, làm sao để nhận lại?","Khi đạt đủ điều kiện học tập và rèn luyện trở lại, sinh viên phải làm lại đơn để tiếp tục nhận học bổng."
563,đối tượng của học bổng sinh viên tài năng hcmute là ai?,"Sinh viên từ năm 2 đến năm 4 hệ chính quy có thành tích xuất sắc trong học tập, rèn luyện, NCKH và phục vụ cộng đồng năm học trước."
564,sinh viên năm nhất có được xét học bổng sinh viên tài năng hcmute không?,Sinh viên năm nhất không thuộc đối tượng xét học bổng này.
565,điều kiện điểm học tập và rèn luyện của học bổng sinh viên tài năng hcmute là gì?,"Điểm trung bình học tập năm học trước từ 8,0 trở lên và điểm rèn luyện từ 90 trở lên."
566,điều kiện về tín chỉ và kỷ luật của học bổng sinh viên tài năng hcmute như thế nào?,"Tích lũy đủ số tín chỉ theo chương trình đào tạo, không có học phần không đạt và không bị kỷ luật từ mức khiển trách trở lên."
567,yêu cầu về điểm công tác xã hội đối với học bổng sinh viên tài năng hcmute là bao nhiêu?,Điểm công tác xã hội năm học liền trước phải đạt từ 20 trở lên.
568,số suất học bổng sinh viên tài năng hcmute được phân bổ như thế nào?,Mỗi Khoa/Viện quản lý sinh viên giới thiệu duy nhất 01 sinh viên có điểm học tập năm học cao nhất trong Khoa/Viện.
569,giá trị của học bổng sinh viên tài năng hcmute là bao nhiêu?,Học bổng có giá trị 30.000.000 đồng và sinh viên được vinh danh tại Không gian tuyên dương của Trường.
570,điều kiện nhận học bổng ngoại ngữ đối với sinh viên chuyên ngữ là gì?,"Sinh viên ngành Sư phạm Tiếng Anh hoặc Ngôn ngữ Anh đạt IELTS quốc tế từ 7,5 trở lên hoặc chứng chỉ tương đương."
571,điều kiện nhận học bổng ngoại ngữ đối với sinh viên không chuyên ngữ là gì?,"Sinh viên đạt IELTS quốc tế từ 6,5 trở lên hoặc các chứng chỉ quốc tế khác tương đương."
572,giá trị và số lần cấp học bổng sinh viên nâng cao trình độ ngoại ngữ là bao nhiêu?,"Giá trị học bổng là 2.500.000 đồng/sinh viên, cấp một lần duy nhất trong toàn khóa học."
573,mức hỗ trợ lần đầu cho sinh viên tham gia trao đổi văn hóa quốc tế là bao nhiêu?,Sinh viên được hỗ trợ 5.000.000 đồng cho lần đầu tiên.
574,mức hỗ trợ từ lần thứ hai trở đi cho sinh viên trao đổi văn hóa quốc tế là bao nhiêu?,Sinh viên được hỗ trợ 3.000.000 đồng cho mỗi lần tiếp theo.
575,trường hỗ trợ gì cho sinh viên đi trao đổi học tập diện tự túc hoàn toàn?,Hỗ trợ vé máy bay không quá 10.000.000 đồng và hỗ trợ 10 USD/ngày (không quá 30 ngày).
576,sinh viên quốc tế đến trường trao đổi được hỗ trợ những gì?,"Được hỗ trợ chi phí ký túc xá, xe đưa đón sân bay và 250.000 đồng/ngày nếu đi diện tự túc (tối đa 30 ngày)."
577,những trường hợp nào được xét trợ cấp khó khăn định kỳ?,"Sinh viên thuộc hộ nghèo, hộ cận nghèo hoặc có hoàn cảnh đặc biệt khó khăn được địa phương xác nhận."
578,ví dụ về hoàn cảnh đặc biệt khó khăn được xét trợ cấp là gì?,Mồ côi cha/mẹ mà người còn lại mất sức lao động; cha mẹ bệnh nan y; gia đình đông nhân khẩu thu nhập thấp.
579,điều kiện để được xét trợ cấp khó khăn đột xuất là gì?,Gặp biến cố bất ngờ về sức khỏe/tài chính (diễn ra không quá 06 tháng) có thể khiến sinh viên phải nghỉ học.
580,mức trợ cấp khó khăn định kỳ mức 1 là bao nhiêu?,Tương đương 25% học phí của học kỳ đang xét (áp dụng cho sinh viên có hoàn cảnh đặc biệt khó khăn).
581,mức trợ cấp khó khăn định kỳ mức 2 là bao nhiêu?,Tương đương 50% học phí của học kỳ (áp dụng cho hộ cận nghèo hoặc hoàn cảnh đặc biệt có thêm khó khăn bổ sung).
582,mức trợ cấp khó khăn định kỳ mức 3 là bao nhiêu?,Tương đương 75% học phí của học kỳ (áp dụng cho hộ nghèo hoặc hộ cận nghèo có thêm khó khăn bổ sung).
583,mức trợ cấp khó khăn đột xuất do ai quyết định?,Hiệu trưởng quyết định căn cứ tình hình thực tế và đề nghị của khoa/viện cùng Hội đồng xét trợ cấp.
584,hồ sơ đề nghị xét trợ cấp khó khăn định kỳ gồm những gì?,Đơn đề nghị xét trợ cấp khó khăn và các minh chứng về hoàn cảnh kinh tế gia đình.
585,sinh viên nộp hồ sơ xét trợ cấp khó khăn định kỳ ở đâu?,Sinh viên nộp hồ sơ tại văn phòng khoa/viện quản lý sinh viên.
586,hình thức nhận trợ cấp khó khăn định kỳ là gì?,Chuyển khoản vào tài khoản cá nhân của sinh viên tại ngân hàng liên kết với Trường.+4
587,hình thức nhận trợ cấp khó khăn đột xuất là gì?,Sinh viên nhận trợ cấp bằng tiền mặt tại Phòng Kế hoạch Tài chính.+3
588,quy trình nộp đơn trợ cấp khó khăn đột xuất như thế nào?,Sinh viên làm đơn kèm minh chứng xác nhận nộp về văn phòng khoa/viện quản lý.
589,cơ quan nào ban hành thông báo nhận hồ sơ trợ cấp khó khăn định kỳ?,Thường trực Hội đồng xét học bổng ban hành thông báo vào đầu mỗi học kỳ.
590,ai là người ban hành quyết định cuối cùng về việc cấp học bổng/trợ cấp?,Hiệu trưởng nhà trường ban hành quyết định cấp học bổng/trợ cấp cho sinh viên.+3
591,tiêu chí phụ khi xét học bổng tài năng hcmute là gì?,"Tham gia tích cực các hoạt động NCKH, sáng tạo khởi nghiệp và phục vụ cộng đồng, xã hội."
592,học bổng tài năng hcmute có yêu cầu minh chứng không?,Sinh viên phải có đơn đề nghị kèm minh chứng đầy đủ và được Ban chủ nhiệm Khoa/Viện giới thiệu bằng văn bản.
593,ngân hàng nào được dùng để nhận học bổng và trợ cấp?,Ngân hàng liên kết với Trường Đại học Sư phạm Kỹ thuật Thành phố Hồ Chí Minh.+4
594,điểm rèn luyện của sinh viên được định nghĩa như thế nào?,"Điểm rèn luyện là chỉ số đánh giá tổng thể về thái độ, ý thức và hành vi của sinh viên trong suốt quá trình học tập tại trường. Chỉ số này phản ánh mức độ tích cực tham gia hoạt động ngoại khóa, thực hiện nghĩa vụ, tuân thủ quy định và các phẩm chất đạo đức, kỹ năng sống."
595,kết quả đánh giá rèn luyện từng học kỳ và từng năm học được sử dụng vào việc gì?,"Kết quả này được lưu trong hồ sơ quản lý sinh viên để sử dụng cho các việc: Xét học bổng và khen thưởng - kỷ luật. Xét thôi học, ngừng học hoặc lưu trú ký túc xá. Xét giải quyết việc làm thêm và các ưu tiên về chi phí, dịch vụ sinh hoạt."
596,kết quả đánh giá rèn luyện toàn khóa học có vai trò gì đối với sinh viên?,"Kết quả toàn khóa là căn cứ để xét làm luận văn hoặc khóa luận tốt nghiệp, xét tốt nghiệp và khen thưởng toàn khóa. Kết quả này cũng được ghi vào bảng điểm học tập và lưu trong hồ sơ khi sinh viên tốt nghiệp."
597,sinh viên cần đạt tối thiểu bao nhiêu điểm rèn luyện toàn khóa để được xét tốt nghiệp?,Sinh viên phải đảm bảo điểm rèn luyện toàn khóa đạt từ 50/100 điểm trở lên để được xét tốt nghiệp.
598,sinh viên có thể nhận bảng điểm kết quả rèn luyện khi nào?,Sinh viên được cấp bảng điểm kết quả rèn luyện theo học kỳ khi có yêu cầu.
599,quy định xử lý đối với sinh viên bị xếp loại rèn luyện yếu hoặc kém liên tiếp là gì?,"Sinh viên bị xếp loại yếu, kém trong hai học kỳ liên tiếp phải tạm ngừng học ít nhất một học kỳ tiếp theo. Nếu tiếp tục bị xếp loại yếu, kém trong hai học kỳ liên tiếp lần thứ hai, sinh viên sẽ bị buộc thôi học."
600,có bao nhiêu nội dung chính trong đánh giá kết quả rèn luyện?,"Có 05 nội dung đánh giá bao gồm:1. Ý thức và kết quả học tập. 2. Ý thức và kết quả chấp hành nội quy, quy chế. 3. Ý thức và kết quả tham gia hoạt động chính trị, xã hội, văn hóa, thể thao. 4. Ý thức công dân trong quan hệ cộng đồng. 5. Ý thức và kết quả tham gia công tác cán bộ lớp, đoàn thể."
601,"nội dung ""đánh giá về ý thức và kết quả học tập"" bao gồm những gì?","Nội dung này bao gồm: Ý thức, thái độ trong học tập và tham gia các câu lạc bộ, hoạt động học thuật, nghiên cứu khoa học. Ý thức tham gia các kỳ thi và tinh thần vượt khó trong học tập. Kết quả học tập thực tế."
602,"khung điểm cho nội dung ""đánh giá về ý thức và kết quả học tập"" được quy định như thế nào?",Điểm đánh giá dao động từ 0 đến 20 điểm; trường hợp có điểm vượt khung thì không quá 30 điểm.
603,"nội dung ""đánh giá về ý thức và kết quả chấp hành nội quy, quy chế"" gồm các tiêu chí nào?","Bao gồm ý thức chấp hành các văn bản chỉ đạo của ngành, cơ quan cấp trên và các nội quy, quy chế, quy định khác được áp dụng trong trường. Khung điểm cho nội dung này là từ 0 đến 25 điểm."
604,"tiêu chí đánh giá ý thức tham gia hoạt động chính trị, xã hội và phòng chống tệ nạn xã hội là gì?","Bao gồm ý thức và hiệu quả tham gia các hoạt động rèn luyện chính trị, xã hội, văn hóa, văn nghệ, thể thao; ý thức tham gia hoạt động công ích, tình nguyện và tuyên truyền phòng chống tội phạm, tệ nạn xã hội."
605,"khung điểm cho nội dung tham gia hoạt động chính trị, xã hội, văn hóa, văn nghệ, thể thao là bao nhiêu?",Điểm đánh giá từ 0 đến 20 điểm; điểm vượt khung tối đa không quá 30 điểm.
606,"những tiêu chí nào thuộc nội dung ""đánh giá về ý thức công dân trong quan hệ cộng đồng""?","Bao gồm ý thức chấp hành, tuyên truyền chủ trương của Đảng, pháp luật của Nhà nước; tham gia hoạt động xã hội có thành tích và tinh thần chia sẻ, giúp đỡ người khó khăn, hoạn nạn."
607,"khung điểm cho nội dung ""đánh giá về ý thức công dân trong quan hệ cộng đồng"" là bao nhiêu?",Điểm đánh giá từ 0 đến 25 điểm; điểm vượt khung tối đa không quá 38 điểm.
608,nội dung đánh giá về ý thức tham gia công tác cán bộ lớp và đoàn thể bao gồm những gì?,"Bao gồm ý thức, uy tín và hiệu quả công việc của cán bộ lớp, Đoàn, Hội, câu lạc bộ; kỹ năng tổ chức quản lý; sự hỗ trợ tích cực cho các hoạt động chung và các thành tích đặc biệt trong rèn luyện."
609,"khung điểm cho nội dung tham gia công tác cán bộ lớp, đoàn thể và tổ chức trong trường là bao nhiêu?",Điểm đánh giá từ 0 đến 10 điểm; điểm vượt khung tối đa không quá 15 điểm.
610,cách phân loại điểm rèn luyện theo mức điểm đạt được như thế nào?,Việc xếp loại được quy định như sau: Xuất sắc: 90 - 100 điểm. Tốt: 80 - dưới 90 điểm. Khá: 65 - dưới 80 điểm. Trung bình: 50 - dưới 65 điểm. Yếu: 35 - dưới 50 điểm. Kém: Dưới 35 điểm.
611,điểm rèn luyện của một học kỳ được tính toán như thế nào?,Điểm rèn luyện học kỳ là tổng điểm đạt được của 05 nội dung đánh giá theo Bảng khung điểm quy định.
612,các hoạt động rèn luyện trong học kỳ hè được tính điểm vào thời gian nào?,Các nội dung đánh giá điểm rèn luyện thuộc học kỳ hè (nếu có) sẽ được tính cộng vào học kỳ II liền trước đó.
613,cách tính điểm rèn luyện cho một năm học là gì?,Điểm rèn luyện năm học là trung bình cộng của điểm rèn luyện của 02 học kỳ trong năm học đó.
614,cách tính điểm rèn luyện toàn khóa học được quy định ra sao?,Điểm rèn luyện toàn khóa là trung bình cộng của điểm rèn luyện tất cả các học kỳ trong suốt khóa học.
615,quy trình tích lũy điểm rèn luyện trong suốt học kỳ diễn ra như thế nào?,Sinh viên tích lũy điểm bằng cách tham gia các hoạt động do các đơn vị tổ chức. Các đơn vị có trách nhiệm cập nhật kết quả vào phần mềm chậm nhất một tuần sau khi hoạt động kết thúc.
616,sinh viên có quyền lợi gì khi phát hiện điểm rèn luyện trên phần mềm bị thiếu hoặc sai lệch?,Sinh viên có quyền đề nghị bổ sung hoặc sửa đổi các nội dung sai sót trong thời gian hai tuần kể từ ngày điểm hoạt động được công bố trên phần mềm chuyên biệt.
617,quy trình đánh giá điểm rèn luyện vào tuần đầu tiên của học kỳ tiếp theo là gì?,Các đơn vị và cá nhân có trách nhiệm hoàn thiện việc đánh giá và nhập điểm rèn luyện của sinh viên vào phần mềm.
618,khi nào kết quả tổng điểm rèn luyện của sinh viên được công bố chính thức trên phần mềm?,"Vào tuần thứ hai của học kỳ tiếp theo, Thường trực Hội đồng cấp trường sẽ khóa chức năng nhập điểm, tính tổng và công bố kết quả trên phần mềm."
619,sinh viên cần thực hiện nhiệm vụ gì vào tuần thứ ba của học kỳ tiếp theo?,Sinh viên phải kiểm tra kết quả trên trang online và thực hiện xác nhận bảng điểm rèn luyện cá nhân. Đây cũng là thời gian sinh viên được quyền khiếu nại về tổng điểm.+3
620,hình phạt đối với sinh viên không thực hiện xác nhận điểm rèn luyện trên trang online là gì?,Sinh viên không xác nhận sẽ bị trừ 10 điểm rèn luyện (dựa trên kết quả phần mềm) và mất quyền khiếu nại liên quan đến điểm rèn luyện của học kỳ đó.
621,bước cuối cùng trong quy trình công nhận kết quả rèn luyện là gì?,Hội đồng cấp trường họp thông qua kết quả vào tuần thứ tư và trình Hiệu trưởng ký quyết định công nhận kết quả rèn luyện của sinh viên.
622,sinh viên có thể theo dõi và kiểm tra điểm rèn luyện cá nhân tại địa chỉ nào?,Sinh viên theo dõi điểm rèn luyện tại địa chỉ: online.hcmute.edu.vn.
623,sinh viên phải làm gì nếu nhận thấy bị thiếu điểm rèn luyện của một hoạt động đã tham gia?,Sinh viên cần liên hệ trực tiếp với Ban tổ chức của chương trình đó để đề nghị cộng điểm bổ sung.
624,hoạt động công tác xã hội (ctxh) là gì?,"Hoạt động công tác xã hội (CTXH) là các hoạt động sinh viên tham gia nhằm phòng ngừa, can thiệp - trị liệu, phục hồi chức năng và hỗ trợ các cá nhân, nhóm, gia đình và phát triển cộng đồng; đồng thời thúc đẩy tạo lập môi trường xã hội, chính sách, nguồn lực và dịch vụ góp phần bảo đảm an sinh xã hội và hạnh phúc của người dân."
625,điểm công tác xã hội (ctxh) là gì?,Điểm công tác xã hội là đơn vị thước đo dùng để đánh giá mức độ tham gia hoạt động công tác xã hội của sinh viên.
626,ngày công tác xã hội (ctxh) là gì?,Ngày công tác xã hội là đơn vị thời gian quy đổi khi sinh viên tham gia hoạt động công tác xã hội.
627,tỷ lệ quy đổi từ điểm công tác xã hội sang ngày công tác xã hội là bao nhiêu?,10 Điểm công tác xã hội được quy đổi tương đương với 01 Ngày công tác xã hội.
628,mục đích của việc yêu cầu sinh viên hoàn thành chương trình công tác xã hội là gì?,"Phát huy tinh thần xung kích, tình nguyện vì cộng đồng và lòng nhân ái của sinh viên. Nâng cao ý thức trách nhiệm, rèn luyện kỹ năng sống và bản lĩnh tổ chức công việc. Thực hiện mục tiêu giáo dục toàn diện và nâng cao chuẩn đầu ra của sinh viên. Nâng cao uy tín, hình ảnh nhà trường và thực hiện tiêu chuẩn kết nối cộng đồng."
629,sinh viên cần tích lũy bao nhiêu ngày công tác xã hội để được xét tốt nghiệp?,Sinh viên phải tích lũy đủ 04 Ngày công tác xã hội (tương đương 40 điểm công tác xã hội) để được xét tốt nghiệp.
630,thời gian để sinh viên tích lũy ngày công tác xã hội được quy định như thế nào?,Việc tích lũy Ngày công tác xã hội được thực hiện trong suốt khóa học và sinh viên tự quyết định thời gian hoàn tất.
631,nhà trường có khuyến cáo gì về thời điểm hoàn thành tích lũy ngày công tác xã hội?,Nhà trường khuyến cáo sinh viên không nên để dồn việc tích lũy Ngày công tác xã hội vào cuối khóa học.
632,các hoạt động tình nguyện vì cộng đồng nào được cộng điểm công tác xã hội?,"Các hoạt động bao gồm: Mùa hè xanh, hiến máu tình nguyện, xuân tình nguyện, đêm hội trăng rằm, tiếp sức mùa thi, tư vấn hướng nghiệp - tuyển sinh, tiếp sức tân sinh viên, cứu trợ thiên tai hoặc vận động quyên góp giúp đồng bào bị thiên tai."
633,các hoạt động công ích nào được tính điểm công tác xã hội?,"Bao gồm các hoạt động công ích phục vụ nhà trường, phục vụ lợi ích sinh viên hoặc phục vụ các nhu cầu cấp thiết của xã hội tại nơi cư trú do các đơn vị trong và ngoài trường tổ chức."
634,hoạt động môi trường và pháp luật có được cộng điểm công tác xã hội không?,"Có, sinh viên tham gia các hoạt động giữ gìn, bảo vệ môi trường và các hoạt động tuyên truyền, phổ biến pháp luật sẽ được cộng điểm."
635,hoạt động chăm lo đối tượng chính sách và người khó khăn bao gồm những gì?,"Bao gồm tham gia chăm lo các đối tượng chính sách, người già neo đơn, trẻ em có hoàn cảnh đặc biệt khó khăn và bệnh nhân nghèo đang điều trị tại bệnh viện hoặc tại nhà."
636,hoạt động giáo dục và hỗ trợ địa phương nào được tính điểm công tác xã hội?,"Bao gồm hoạt động dạy nghề cho thanh niên, dạy kèm cho các em thuộc gia đình khó khăn ở địa phương và tổ chức quyên góp sách vở, đồ dùng học tập cho trẻ em nghèo vùng sâu, vùng xa."
637,nhiệm vụ cán bộ đoàn thể có được tính điểm công tác xã hội không?,"Có, sinh viên hoàn thành nhiệm vụ cán bộ Đoàn, Hội, lớp, Ban chủ nhiệm câu lạc bộ hoặc tham gia tổ chức các phong trào mang lại lợi ích cho cộng đồng sinh viên sẽ được cộng điểm."
638,"những hoạt động văn hóa, nghệ thuật nào không được tính ngày công tác xã hội?","Các hoạt động không được tính bao gồm: xem biểu diễn văn hóa nghệ thuật, xem chiếu phim, xem và cổ vũ thi đấu thể thao."
639,tham quan và du lịch có được tính ngày công tác xã hội không?,"Không, các hoạt động tham quan bảo tàng, di tích lịch sử và đi du lịch không được tính Ngày công tác xã hội."
640,tham dự hội thảo và sinh hoạt câu lạc bộ có được cộng điểm công tác xã hội không?,"Không, hoạt động tham dự hội thảo và sinh hoạt tại các Câu lạc bộ không được tính Ngày công tác xã hội."
641,sinh viên có được cộng điểm công tác xã hội khi tham gia hoạt động có trả lương không?,"Không, khi sinh viên tham gia hoạt động công tác xã hội đã được trả tiền công hoặc trả phí thì không được tính Ngày công tác xã hội."
642,hình thức xử lý khi sinh viên đăng ký tham gia nhưng vắng mặt không lý do là gì?,"Sinh viên đăng ký nhưng không thực hiện mà không có lý do hoặc lý do không chính đáng sẽ bị trừ 0,5 Ngày công tác xã hội."
643,sinh viên không hoàn thành nhiệm vụ và gây ảnh hưởng xấu đến nhà trường sẽ bị xử lý như thế nào?,"Tùy theo mức độ vi phạm, sinh viên sẽ bị xử lý kỷ luật từ khiển trách trở lên và bị trừ từ 01 Ngày công tác xã hội đến toàn bộ số ngày đã tích lũy được."
644,sinh viên theo dõi thông tin các hoạt động công tác xã hội ở đâu?,Sinh viên theo dõi thông tin trên các trang thông tin chính thức của nhà trường.
645,cách thức đăng ký tham gia hoạt động công tác xã hội như thế nào?,Sinh viên đăng ký tham gia theo thông báo cụ thể của đơn vị tổ chức hoạt động đó.
646,sinh viên cần làm gì khi tham gia hoạt động công tác xã hội do đơn vị ngoài trường tổ chức?,Sinh viên phải báo cáo việc tham gia hoạt động cho Phòng Tuyển sinh và công tác sinh viên hoặc Đoàn TNCS Hồ Chí Minh trường.
647,quy trình xác nhận điểm sau khi kết thúc hoạt động công tác xã hội là gì?,Sinh viên phải thực hiện điểm danh theo yêu cầu của đơn vị tổ chức và xem điểm được đơn vị tổ chức đánh giá.
648,sinh viên có thể xem điểm công tác xã hội đã tích lũy ở trang web nào?,Sinh viên theo dõi điểm được cập nhật trên trang online sinh viên tại địa chỉ: https://online.hcmute.edu.vn/.
649,sinh viên cần làm gì nếu điểm công tác xã hội bị nhập sai so với công bố?,Sinh viên phải phản hồi trực tiếp với đơn vị tổ chức chương trình để đề nghị cộng điểm hoặc điều chỉnh điểm.
650,sinh viên có quyền khiếu nại về điểm công tác xã hội lên cấp nào?,Sinh viên có quyền khiếu nại đến Ban giám hiệu thông qua Phòng Tuyển sinh và công tác sinh viên để được kiểm tra và xử lý.
651,làm thế nào để sinh viên có được bảng điểm công tác xã hội chính thức?,"Sinh viên đăng ký in bảng điểm trên trang online, sau đó Phòng Tuyển sinh và công tác sinh viên sẽ tiến hành in bảng điểm khi sinh viên có nhu cầu."
652,đơn vị nào chịu trách nhiệm quản lý phần mềm và điểm công tác xã hội của sinh viên?,"Phòng Tuyển sinh và công tác sinh viên có trách nhiệm quản lý phần mềm, các hoạt động và điểm công tác xã hội của sinh viên."
653,đơn vị nào căn cứ vào điểm công tác xã hội để xét tốt nghiệp cho sinh viên?,Phòng Đào tạo dựa vào điểm công tác xã hội đã tích lũy trên phần mềm để tiến hành xét tốt nghiệp cho sinh viên.
654,nội dung khen thưởng sinh viên bao gồm những gì?,"Nhà trường tặng giấy khen và thưởng về mặt vật chất (tiền hoặc hiện vật) cho tập thể, cá nhân có thành tích tiêu biểu trong năm học, khóa học hoặc lập thành tích đặc biệt xuất sắc."
655,việc khen thưởng sinh viên được thực hiện vào thời điểm nào?,"Khen thưởng được thực hiện thường xuyên, kịp thời và toàn diện vào cuối mỗi năm học hoặc cuối khóa học."
656,những tiêu chuẩn chung để sinh viên được xét khen thưởng là gì?,"Sinh viên cần đạt danh hiệu thi đua theo quy định, đạt thủ khoa tuyển sinh, đạt giải các kỳ thi học thuật, văn hóa, thể thao từ cấp tỉnh trở lên hoặc có đóng góp hiệu quả cho công tác xây dựng Trường."
657,có những hình thức khen thưởng nào dành cho sinh viên?,Có 2 hình thức chính: Tặng Giấy khen của Hiệu trưởng hoặc tặng Giấy khen kèm theo phần thưởng bằng hiện kim hoặc hiện vật.
658,việc xét khen thưởng sinh viên dựa trên những nguyên tắc nào?,"Xét khi tổng kết năm học, xét tốt nghiệp, tổng kết chuyên đề hoặc khi phát hiện gương người tốt việc tốt được các tổ chức công nhận."
659,một thành tích có được nhận nhiều nguồn thưởng từ quỹ khen thưởng của trường không?,"Không, Nhà trường nghiêm cấm việc dùng kinh phí từ Quỹ khen thưởng để thưởng trùng lặp cho cùng một thành tích của cá nhân hoặc tập thể."
660,điểm trung bình học tập tối thiểu để được xét khen thưởng là bao nhiêu?,Sinh viên phải có điểm trung bình chung năm học hoặc toàn khóa học đạt từ 8.0 trở lên theo thang điểm 10.
661,điểm rèn luyện tối thiểu để được xét khen thưởng là bao nhiêu?,Sinh viên phải có điểm trung bình rèn luyện năm học hoặc toàn khóa học đạt từ 80 trở lên theo thang điểm 100.
662,đối tượng nào không được xét danh hiệu thi đua năm học?,"Không xét cho sinh viên học kéo dài, sinh viên bị kỷ luật từ mức Khiển trách trở lên hoặc có điểm tổng kết học phần lần 1 trong năm học đó dưới 5.0."
663,đối tượng nào không được xét danh hiệu thi đua toàn khóa học?,Không xét cho sinh viên bị kỷ luật từ mức Khiển trách trở lên trong toàn khóa hoặc sinh viên tốt nghiệp muộn hơn thời gian thiết kế của khóa học.
664,tiêu chuẩn để đạt danh hiệu sinh viên giỏi năm học là gì?,Điểm học tập từ 8.0 trở lên. Điểm rèn luyện từ 80 trở lên. Tích lũy tối thiểu 30 tín chỉ trong năm học.
665,tiêu chuẩn để đạt danh hiệu sinh viên xuất sắc năm học là gì?,Điểm học tập từ 9.0 trở lên. Điểm rèn luyện từ 90 trở lên. Tích lũy tối thiểu 30 tín chỉ trong năm học.
666,sinh viên đạt danh hiệu thi đua cá nhân nhận giấy khen ở đâu?,Sinh viên đăng ký và nhận Giấy khen của Hiệu trưởng tại văn phòng khoa theo nguyện vọng.
667,mức thưởng cho sinh viên đạt danh hiệu thi đua đứng thứ nhất ngành-khóa-khoa là bao nhiêu?,Mức thưởng là 1.000.000 đồng kèm theo giấy khen.
668,mức thưởng cho sinh viên đạt danh hiệu thi đua đứng thứ nhì ngành-khóa-khoa là bao nhiêu?,Mức thưởng là 900.000 đồng kèm theo giấy khen.
669,mức thưởng cho sinh viên đạt danh hiệu thi đua đứng thứ ba ngành-khóa-khoa là bao nhiêu?,Mức thưởng là 800.000 đồng kèm theo giấy khen.
670,điều kiện về kết quả học tập để đạt danh hiệu lớp sinh viên tiên tiến là gì?,Lớp phải có ít nhất 20% sinh viên đạt loại học tập Khá trở lên và có ít nhất 1 cá nhân đạt danh hiệu Sinh viên Giỏi trở lên.
671,điều kiện về kỷ luật để xét danh hiệu lớp sinh viên tiên tiến là gì?,"Lớp không có cá nhân nào xếp loại học tập kém hoặc rèn luyện kém, và không có cá nhân bị kỷ luật từ mức cảnh cáo trở lên."
672,các hoạt động phong trào cần thiết để xét lớp sinh viên tiên tiến là gì?,"Tập thể đoàn kết, tích cực hưởng ứng phong trào thi đua của Trường và có sinh viên tham gia nghiên cứu khoa học hoặc các kỳ thi chuyên môn, văn thể mỹ từ cấp trường trở lên."
673,tiêu chuẩn để đạt danh hiệu lớp sinh viên xuất sắc là gì?,Đạt các tiêu chuẩn của Lớp Sinh viên Tiên tiến.  Có ít nhất 10% sinh viên đạt danh hiệu Sinh viên Giỏi.  Có cá nhân đạt danh hiệu Sinh viên Xuất sắc.
674,mức thưởng cho tập thể lớp sinh viên xuất sắc là bao nhiêu?,Nhà trường tặng giấy khen kèm tiền thưởng mức 2.500.000 đồng cho mỗi tập thể đạt danh hiệu.
675,tiêu chuẩn đạt danh hiệu sinh viên giỏi toàn khóa khi tốt nghiệp là gì?,"Sinh viên tốt nghiệp đúng tiến độ, điểm tốt nghiệp từ 8.0 trở lên và điểm rèn luyện toàn khóa từ 80 trở lên."
676,tiêu chuẩn đạt danh hiệu sinh viên xuất sắc toàn khóa khi tốt nghiệp là gì?,"Sinh viên tốt nghiệp đúng tiến độ, điểm tốt nghiệp từ 9.0 trở lên và điểm rèn luyện toàn khóa đạt từ 90 trở lên."
677,thế nào là danh hiệu tốt nghiệp thủ khoa ngành và khóa học?,"Là sinh viên đạt danh hiệu Giỏi hoặc Xuất sắc toàn khóa và có điểm trung bình chung học tập, rèn luyện toàn khóa cao nhất ngành và khóa học đó."
678,tiêu chuẩn để được khen thưởng tốt nghiệp trước thời hạn là gì?,Sinh viên tốt nghiệp sớm hơn chương trình thiết kế từ 01 học kỳ trở lên và đạt loại tốt nghiệp từ Khá trở lên.
679,tiêu chuẩn khen thưởng sinh viên có nhiều đóng góp cho phong trào chung khi tốt nghiệp?,"Sinh viên đạt loại tốt nghiệp từ Khá trở lên, rèn luyện toàn khóa từ Tốt trở lên và được các đơn vị Đoàn, Hội hoặc Hội đồng thi đua cấp Khoa đề xuất."
680,mức thưởng cho danh hiệu sinh viên xuất sắc toàn khóa là bao nhiêu?,Mức thưởng là 1.000.000 đồng/sinh viên.
681,mức thưởng cho danh hiệu sinh viên giỏi toàn khóa là bao nhiêu?,Mức thưởng là 600.000 đồng/sinh viên.
682,mức thưởng thêm cho thủ khoa ngành và khóa học là bao nhiêu?,Sinh viên được thưởng thêm 300.000 đồng.
683,sinh viên tốt nghiệp trước thời hạn được thưởng thêm bao nhiêu?,"Nếu đạt loại tốt nghiệp từ Giỏi trở lên, sinh viên được thưởng thêm 300.000 đồng."
684,sinh viên có đóng góp cho phong trào chung khi tốt nghiệp được thưởng thêm bao nhiêu?,Mức thưởng thêm là 300.000 đồng.
685,ai được xét danh hiệu thủ khoa tuyển sinh đại học?,"Là sinh viên trúng tuyển nhập học có điểm thi tốt nghiệp THPT hoặc điểm xét tuyển cao nhất vào hệ chính quy (không tính điểm ưu tiên, điểm thưởng)."
686,mức thưởng cho thủ khoa tuyển sinh đại học là bao nhiêu?,Nhà trường tặng giấy khen kèm tiền thưởng trị giá 2.000.000 đồng.
687,sinh viên đạt giải trong các cuộc thi olympic hoặc nghiên cứu khoa học được khen thưởng như thế nào?,"Khi đạt giải từ cấp Tỉnh/Thành phố trở lên, sinh viên được Hiệu trưởng xem xét khen thưởng dựa trên đề xuất của đơn vị chủ trì."
688,"quy trình xét khen thưởng cho các thành tích thi đấu năng khiếu, thể thao diễn ra như thế nào?","Thường trực Hội đồng xét khen thưởng, kỷ luật sinh viên sẽ tham mưu cho Hiệu trưởng quyết định dựa trên thành tích đạt được từ cấp Tỉnh trở lên."
689,sinh viên không đăng ký môn học khi chưa hoàn thành chương trình đào tạo sẽ bị xử lý như thế nào?,"Tùy theo mức độ, sinh viên bị xử lý từ đình chỉ học tập học kỳ không đăng ký môn học đến xóa tên khỏi danh sách sinh viên."
690,hình thức xử lý đối với sinh viên mất trật tự hoặc làm việc riêng trong giờ học là gì?,"Tùy theo mức độ, sinh viên bị xử lý theo đề xuất của giảng viên và Hội đồng kỷ luật khoa hoặc viện."
691,mức kỷ luật đối với hành vi học thay hoặc nhờ người khác học thay là gì?,"Tùy theo mức độ, sinh viên bị xử lý từ đình chỉ học tập 01 năm đến buộc thôi học."
692,vi phạm quy định sinh hoạt đầu năm học hoặc đầu khóa học bị xử lý như thế nào?,"Tùy theo mức độ, sinh viên bị xử lý từ hình thức khiển trách đến cảnh cáo."
693,hành vi gian lận hoặc mua bán chỗ trong việc đăng ký môn học bị xử lý ra sao?,"Tùy theo mức độ, sinh viên bị xử lý từ hình thức khiển trách đến buộc thôi học."
694,sinh viên mang tài liệu vào phòng thi hoặc đưa đề thi ra ngoài nhờ giải hộ sẽ bị xử lý thế nào?,"Ngoài việc xử lý theo quy chế đào tạo, tùy theo mức độ sinh viên sẽ bị xử lý từ khiển trách đến buộc thôi học."
695,"sinh viên có hành vi thi thay, kiểm tra thay hoặc nhờ người khác thi thay lần đầu sẽ bị xử lý như thế nào?",Sinh viên bị xử lý đình chỉ học tập 01 năm.
696,hình thức xử lý đối với sinh viên tái phạm hành vi thi thay hoặc nhờ thi thay là gì?,Sinh viên bị xử lý buộc thôi học.
697,"sinh viên sao chép tiểu luận, đồ án môn học hoặc khóa luận tốt nghiệp lần đầu bị xử lý ra sao?",Sinh viên bị xử lý đình chỉ học tập 01 năm.
698,"mức kỷ luật đối với hành vi tổ chức học thay, thi thay hoặc tổ chức làm thay đồ án, khóa luận là gì?",Sinh viên bị xử lý buộc thôi học; nếu nghiêm trọng sẽ giao cho cơ quan chức năng xử lý theo pháp luật.
699,sinh viên không mang bảng tên hoặc mặc sai trang phục từ 3 lần trở lên bị xử lý thế nào?,Sinh viên bị xử lý từ hình thức khiển trách đến cảnh cáo.
700,hành vi hút thuốc lá trong khuôn viên trường từ 3 lần trở lên bị xử lý như thế nào?,Sinh viên bị xử lý từ hình thức khiển trách đến cảnh cáo.
701,"sinh viên bị xử lý như thế nào nếu uống rượu, bia trong giờ học lần đầu?",Sinh viên bị xử lý hình thức khiển trách.
702,"hình thức xử lý khi sinh viên uống rượu, bia trong giờ học đến lần thứ 3 là gì?",Sinh viên bị xử lý đình chỉ học tập 01 năm.
703,"sinh viên bị xử lý buộc thôi học vì uống rượu, bia trong giờ học khi nào?",Khi sinh viên vi phạm đến lần thứ 4.
704,"hành vi tổ chức uống rượu, bia trong giờ học gây mất trật tự bị xử lý như thế nào?","Tùy theo mức độ, xử lý từ cảnh cáo đến buộc thôi học; nếu nghiêm trọng sẽ giao cơ quan chức năng xử lý."
705,hình thức xử lý đối với sinh viên chơi cờ bạc dưới mọi hình thức lần thứ 2 là gì?,Sinh viên bị xử lý hình thức cảnh cáo.
706,"sinh viên có hành vi vô lễ với thầy, cô giáo và cán bộ viên chức nhà trường bị xử lý ra sao?","Tùy theo mức độ, sinh viên bị xử lý từ khiển trách đến buộc thôi học."
707,sinh viên không đóng học phí đúng hạn hoặc không đóng đủ mức tối thiểu quy định bị xử lý thế nào?,Sinh viên bị xử lý hình thức khiển trách.
708,hình thức xử lý đối với sinh viên không đóng học phí cả đợt i và đợt ii của học kỳ là gì?,Sinh viên bị xử lý hình thức cảnh cáo.
709,trường hợp nào sinh viên bị xóa tên khỏi danh sách vì lý do học phí và chuyên cần?,Sinh viên không đóng học phí hoặc nghỉ học không phép từ một học kỳ trở lên.
710,sinh viên đã xin gia hạn đóng học phí nhưng hết hạn vẫn không đóng đủ sẽ bị xử lý ra sao?,"Tùy mức độ vi phạm, sinh viên bị xử lý từ khiển trách đến xóa tên khỏi danh sách sinh viên."
711,hình thức xử lý khi sinh viên nộp chậm hoặc không nộp bảo hiểm y tế là gì?,Sinh viên bị trừ điểm rèn luyện và xử lý từ khiển trách đến cảnh cáo tùy theo mức độ.
712,sinh viên tham gia hoạt động mại dâm hoặc môi giới mại dâm bị xử lý như thế nào?,"Tùy theo mức độ, sinh viên bị xử lý từ khiển trách đến buộc thôi học; nếu nghiêm trọng sẽ giao cơ quan chức năng."
713,"hành vi sử dụng, buôn bán hoặc lôi kéo người khác sử dụng ma túy bị xử lý ra sao?","Tùy theo mức độ, sinh viên bị xử lý từ khiển trách đến buộc thôi học; nếu nghiêm trọng sẽ giao cơ quan chức năng."
714,"sinh viên có hành vi bạo lực học đường hoặc quấy rối, xâm phạm nhân phẩm người khác bị xử lý thế nào?","Tùy theo mức độ, sinh viên bị xử lý từ khiển trách đến buộc thôi học; nếu nghiêm trọng sẽ giao cơ quan chức năng."
715,hình thức xử lý đối với sinh viên đánh nhau hoặc tổ chức đánh nhau lần đầu là gì?,Sinh viên bị xử lý hình thức cảnh cáo.
716,sinh viên tham gia đánh nhau đến lần thứ 3 sẽ bị xử lý như thế nào?,Sinh viên bị xử lý buộc thôi học.
717,hành vi đưa phần tử xấu vào trường hoặc ký túc xá gây ảnh hưởng an ninh bị xử lý ra sao?,"Tùy theo mức độ, sinh viên bị xử lý từ cảnh cáo đến buộc thôi học."
718,sinh viên làm hư hỏng tài sản của nhà trường hoặc ký túc xá bị xử lý thế nào?,"Tùy theo mức độ, sinh viên bị xử lý từ khiển trách đến buộc thôi học và phải bồi thường thiệt hại."
719,hình thức xử lý đối với hành vi lấy cắp tài sản hoặc tiêu thụ tài sản lấy cắp là gì?,"Tùy theo mức độ, sinh viên bị xử lý từ cảnh cáo đến buộc thôi học."
720,"sinh viên tham gia biểu tình, tụ tập đông người trái quy định lần đầu bị xử lý như thế nào?",Sinh viên bị xử lý hình thức khiển trách.
721,"mức kỷ luật đối với hành vi kích động, lôi kéo người khác biểu tình trái pháp luật lần đầu là gì?",Sinh viên bị xử lý đình chỉ học tập 01 năm.
722,"sinh viên chứa chấp, buôn bán vũ khí, chất nổ hoặc hàng cấm bị xử lý ra sao?",Sinh viên bị xử lý buộc thôi học và giao cho cơ quan chức năng xử lý theo pháp luật.
723,"hành vi đăng tải, bình luận nội dung xuyên tạc, xúc phạm uy tín tổ chức trên internet bị xử lý thế nào?","Tùy theo mức độ, sinh viên bị xử lý từ khiển trách đến buộc thôi học."
724,sinh viên vi phạm an toàn giao thông bị công an gửi biên bản về trường lần 1 bị xử lý ra sao?,Sinh viên bị xử lý hình thức khiển trách.
725,hình thức xử lý đối với hành vi đua xe trái pháp luật là gì?,"Tùy theo mức độ, sinh viên bị xử lý từ cảnh cáo đến buộc thôi học."
726,sinh viên tổ chức hoặc tham gia tổ chức đua xe trái pháp luật bị xử lý như thế nào?,Sinh viên bị xử lý buộc thôi học và giao cho cơ quan chức năng xử lý theo pháp luật.
727,có các hình thức kỷ luật chính thức nào dành cho sinh viên?,"Có 5 hình thức: khiển trách, cảnh cáo, đình chỉ học tập có thời hạn, buộc thôi học và xóa tên khỏi danh sách sinh viên."
728,hình thức kỷ luật khiển trách được áp dụng trong trường hợp nào?,Áp dụng đối với sinh viên có hành vi vi phạm lần đầu nhưng ở mức độ nhẹ.
729,khi nào sinh viên bị áp dụng hình thức kỷ luật cảnh cáo?,"Áp dụng khi sinh viên tái phạm sau khi bị khiển trách, hoặc vi phạm lần đầu nhưng có tính chất thường xuyên hoặc mức độ tương đối nghiêm trọng."
730,các mức thời gian đình chỉ học tập có thời hạn được quy định như thế nào?,"Hội đồng kỷ luật quyết định theo các mức: đình chỉ một học kỳ, đình chỉ một năm học hoặc đình chỉ theo thời gian bị xử phạt tù treo."
731,sinh viên bị buộc thôi học trong những trường hợp nào?,"Sinh viên vi phạm kỷ luật khi đang bị đình chỉ học tập, vi phạm lần đầu mức độ rất nghiêm trọng, hoặc bị xử phạt tù giam."
732,hình thức kỷ luật của sinh viên được thông báo cho những ai?,"Được ghi vào hồ sơ sinh viên, thông báo cho gia đình; mức đình chỉ hoặc buộc thôi học sẽ thông báo thêm cho địa phương."
733,sinh viên bị kỷ luật có được xét học bổng không?,Sinh viên bị kỷ luật ở học kỳ nào sẽ không được xét các học bổng dựa trên kết quả học tập và rèn luyện của học kỳ đó.
734,việc kỷ luật ảnh hưởng như thế nào đến khen thưởng tốt nghiệp?,Sinh viên bị kỷ luật trong khóa học sẽ không được xét khen thưởng tốt nghiệp toàn khóa.
735,"sinh viên xếp loại học lực xuất sắc, giỏi bị kỷ luật cảnh cáo trở lên sẽ bị ảnh hưởng gì?",Kết quả xếp loại sẽ bị giảm đi một mức.
736,quy trình đầu tiên sinh viên phải thực hiện khi có hành vi vi phạm là gì?,Sinh viên phải làm bản tự kiểm điểm và tự nhận hình thức kỷ luật.
737,nếu sinh viên không chấp hành làm bản tự kiểm điểm thì nhà trường xử lý thế nào?,Hội đồng xét kỷ luật vẫn họp để xử lý trên cơ sở các chứng cứ đã thu thập được.
738,vai trò của tập thể lớp trong quy trình xét kỷ luật sinh viên là gì?,Ban đại diện lớp họp với tập thể lớp để phân tích và đề nghị hình thức kỷ luật gửi lên khoa.
739,thành phần nào có thể được mời tham dự nhưng không có quyền biểu quyết tại hội đồng kỷ luật nhà trường?,Đại diện lớp sinh viên và Trưởng nhóm tư vấn viên của khoa có sinh viên vi phạm.
740,ai là người ra quyết định kỷ luật sinh viên bằng văn bản?,Hiệu trưởng ra quyết định kỷ luật dựa trên kiến nghị của Hội đồng kỷ luật.
741,quy tắc ứng xử của sinh viên đối với bản thân và gia đình gồm những giá trị cốt lõi nào?,"Trách nhiệm, tự giác và chia sẻ."
742,sinh viên cần làm gì để không gây ảnh hưởng tới danh dự của bản thân và gia đình?,"Sống có trách nhiệm, tôn trọng bản thân và không làm những việc trái quy định của pháp luật."
743,những phẩm chất đạo đức nào sinh viên cần rèn luyện đối với bản thân?,"Lòng tự trọng, tính trung thực, khách quan và khiêm tốn."
744,sinh viên cần có thái độ như thế nào trong học tập và tu dưỡng đạo đức?,"Có ý thức tự lập, tự phấn đấu trong học tập, rèn luyện và tu dưỡng đạo đức."
745,lối sống mà sinh viên trường đại học sư phạm kỹ thuật tp.hcm cần rèn luyện là gì?,"Lối sống lành mạnh, giản dị và tiết kiệm."
746,sinh viên có trách nhiệm gì đối với gia đình về tình hình học tập tại trường?,"Thường xuyên trao đổi, chia sẻ tình hình học tập, rèn luyện và sinh hoạt với người thân."
747,"quy tắc ứng xử của sinh viên đối với cán bộ, giảng viên và nhân viên nhà trường là gì?","Tôn trọng, lễ phép và mạnh dạn."
748,thái độ chào hỏi và xưng hô của sinh viên với giảng viên phải thể hiện điều gì?,"Thể hiện tinh thần ""Tôn sư - Trọng đạo""."
749,"sinh viên có được phép ghi âm, ghi hình thầy cô trong giờ học không?","Không được ghi âm, ghi hình, chụp ảnh thầy cô trong giờ học khi chưa được sự đồng ý của thầy cô."
750,quy định về việc sử dụng mạng xã hội liên quan đến uy tín cán bộ nhà trường là gì?,Không sử dụng mạng xã hội để bình luận sai sự thật nhằm phê phán hoặc gây ảnh hưởng đến uy tín của cán bộ viên chức và nhà trường.
751,"sinh viên cần có thái độ thế nào khi bày tỏ ý kiến, nguyện vọng với nhà trường?","Thái độ tích cực, thẳng thắn, chân thành, trung thực và mang tính xây dựng."
752,sinh viên cần làm gì khi đề nghị nhà trường giải quyết các vấn đề quyền lợi?,"Phải giữ bình tĩnh khi đề nghị thầy cô, cán bộ hoặc nhân viên giải quyết."
753,quy định đối với sinh viên khi nghỉ học hoặc đi muộn là gì?,Phải có lý do chính đáng.
754,nhà trường nghiêm cấm hành vi nào liên quan đến việc tạo sự thiên vị trong lợi ích cá nhân?,"Không sử dụng vật chất, tiền bạc và các mối quan hệ cá nhân đặc biệt để mưu cầu lợi ích cá nhân hoặc lợi ích nhóm."
755,sinh viên cần làm gì khi phát hiện hành vi trù dập hoặc gợi ý tiêu cực từ cán bộ nhà trường?,"Mạnh dạn báo cáo và đề nghị nhà trường làm sáng tỏ các hành vi trù dập, đe dọa hoặc gợi ý tiêu cực."
756,quy tắc ứng xử của sinh viên đối với khách đến thăm và làm việc tại trường là gì?,"Cởi mở, tận tình và hiểu biết."
757,trách nhiệm của sinh viên khi khách cần sự trợ giúp tại trường là gì?,"Tận tình giúp đỡ, hướng dẫn và giải thích rõ ràng, cụ thể trong giới hạn cho phép."
758,sinh viên cần cung cấp thông tin gì cho khách khi họ có nhu cầu tìm hiểu về trường?,"Cung cấp đầy đủ và chính xác các thông tin về trường, đào tạo, tuyển sinh và giải quyết việc làm."
759,quy tắc ứng xử của sinh viên đối với công tác học tập và rèn luyện là gì?,"Nghiêm túc, tích cực và sáng tạo."
760,những quy định nào sinh viên bắt buộc phải thực hiện nghiêm túc?,"Quy chế đào tạo, Quy chế công tác sinh viên, Quy định nội ngoại trú, nếp sống văn hóa học đường và giờ giấc học tập."
761,tại sao sinh viên cần tìm hiểu về lịch sử và truyền thống của nhà trường?,Để biết rõ hơn về môi trường mà bản thân đang học tập và rèn luyện.
762,sinh viên cần thể hiện sự chủ động trong quá trình tiếp nhận kiến thức như thế nào?,"Lắng nghe giảng bài, tích cực thảo luận trên lớp, hoàn thành bài tập đúng hạn và vận dụng kiến thức vào thực tế."
763,quy định về tính trung thực trong thi cử và kiểm tra là gì?,"Phải trung thực, nghiêm túc và tuyệt đối không gian lận dưới mọi hình thức."
764,"sinh viên phải làm gì sau khi vi phạm các quy chế, quy định của nhà trường?",Tự giác sửa chữa lỗi lầm.
765,quy tắc ứng xử của sinh viên đối với bạn bè và người học khác là gì?,"Thân thiện, đoàn kết và tương trợ."
766,những hành vi nào bị nghiêm cấm trong quan hệ bạn bè giữa các sinh viên?,"Không ganh ghét, đố kỵ, không gây xích mích, mất đoàn kết hoặc xâm phạm thân thể lẫn nhau."
767,quy định về ngôn ngữ giao tiếp của sinh viên trong trường là gì?,"Sử dụng ngôn từ trong sáng, không nói tục, chửi bậy."
768,quy tắc ứng xử với cảnh quan môi trường và tài sản công yêu cầu những gì?,"Lịch sự, trách nhiệm và nghiêm túc."
769,quy định về trang phục và diện mạo của sinh viên khi đến trường là gì?,"Trang phục phải phù hợp với quy định của nhà trường, không ăn mặc phản cảm."
770,sinh viên có trách nhiệm gì đối với cơ sở vật chất và thiết bị dạy học?,"Giữ gìn, bảo vệ cơ sở vật chất và thực hành tiết kiệm, chống lãng phí của công."
771,phương châm giữ gìn vệ sinh chung của sinh viên tại trường là gì?,"""Mình bày, mình dọn"", không xả rác bừa bãi và không ăn quà vặt trong lớp."
772,những chất nào bị cấm sử dụng trong khuôn viên trường?,Thuốc lá và các chất cấm theo quy định.
773,sinh viên cần tuân thủ điều gì khi khai thác và sử dụng tài liệu học thuật?,Tôn trọng tuyệt đối quyền sáng tạo và quyền sở hữu trí tuệ theo quy định của pháp luật.
774,quy định về việc sử dụng hệ thống thư điện tử và google drive của trường là gì?,"Không dùng để phát tán thông tin trái pháp luật, trái chính sách của Nhà nước hoặc lưu trữ phim ảnh trái quy định."
775,sinh viên phải xử lý thế nào đối với các thông tin vi phạm đã đăng tải trên mạng xã hội?,Chủ động gỡ bỏ hoặc gỡ bỏ ngay khi có yêu cầu của nhà trường và các cơ quan chức năng.
776,chính sách tín dụng đối với sinh viên (vay sinh viên) căn cứ vào những văn bản pháp lý nào?,"Chính sách căn cứ vào Nghị định số 78/2002/NĐ-CP, Quyết định số 157/2007/QĐ-TTg và Quyết định số 05/2022/QĐ-TTg của Thủ tướng Chính phủ. "
777,mục đích của chính sách tín dụng đối với sinh viên là gì?,Hỗ trợ sinh viên có hoàn cảnh khó khăn trang trải chi phí học tập và sinh hoạt trong thời gian theo học tại trường.
778,những loại chi phí nào được hỗ trợ từ nguồn vốn vay sinh viên?,"Bao gồm: tiền học phí; chi phí mua sắm sách vở, phương tiện học tập; chi phí ăn, ở và đi lại. "
779,sinh viên trường nào thuộc đối tượng được áp dụng chính sách vay vốn này?,Sinh viên có hoàn cảnh khó khăn đang theo học tại Trường Đại học Sư phạm Kỹ thuật TP. Hồ Chí Minh.
780,sinh viên mồ côi có được vay vốn không?,"Có, đối tượng bao gồm sinh viên mồ côi cả cha lẫn mẹ hoặc chỉ mồ côi cha hoặc mẹ nhưng người còn lại không có khả năng lao động. "
781,sinh viên thuộc hộ nghèo có được vay vốn không?,"Có, sinh viên là thành viên của hộ gia đình thuộc hộ nghèo theo chuẩn quy định của pháp luật được phép vay vốn. "
782,sinh viên thuộc hộ cận nghèo có được vay vốn không?,"Có, sinh viên thuộc hộ gia đình là hộ cận nghèo theo chuẩn quy định của pháp luật thuộc đối tượng vay vốn. "
783,sinh viên thuộc hộ có mức sống trung bình có được vay vốn không?,"Có, chính sách áp dụng cho cả sinh viên là thành viên của hộ có mức sống trung bình theo chuẩn quy định. "
784,gia đình gặp khó khăn tài chính đột xuất do tai nạn hoặc bệnh tật có được vay vốn không?,"Có, nếu có xác nhận của Ủy ban Nhân dân xã, phường, thị trấn nơi cư trú về khó khăn do tai nạn, bệnh tật, thiên tai, hỏa hoạn, dịch bệnh. "
785,phương thức cho vay phổ biến nhất đối với sinh viên là gì?,Thực hiện theo phương thức cho vay thông qua hộ gia đình.
786,ai là người đứng tên vay và trả nợ trong phương thức cho vay qua hộ gia đình?,Đại diện hộ gia đình là người trực tiếp vay vốn và có trách nhiệm trả nợ cho Ngân hàng Chính sách xã hội.
787,trường hợp nào sinh viên được trực tiếp đứng tên vay vốn tại nơi trường đóng trụ sở?,Trường hợp sinh viên mồ côi cả cha lẫn mẹ hoặc mồ côi cha hoặc mẹ nhưng người còn lại không có khả năng lao động.
788,cơ quan nào trực tiếp thực hiện việc cho vay đối với sinh viên?,Ngân hàng Chính sách xã hội.
789,điều kiện về nơi cư trú để được vay vốn là gì?,Sinh viên phải đang sinh sống trong hộ gia đình cư trú hợp pháp tại địa phương nơi cho vay.
790,sinh viên năm thứ nhất cần giấy tờ gì để chứng minh điều kiện học tập khi vay vốn?,Cần có giấy báo trúng tuyển hoặc giấy xác nhận được vào học của nhà trường.
791,sinh viên từ năm thứ hai trở đi cần điều kiện gì về đạo đức để được vay vốn?,"Phải có xác nhận của nhà trường về việc không bị xử phạt hành chính trở lên đối với các hành vi: cờ bạc, nghiện hút, trộm cắp, buôn lậu. "
792,mức vốn cho vay tối đa đối với một sinh viên là bao nhiêu?,Mức vay vốn tối đa là 4.000.000 đồng/tháng/sinh viên.
793,mức cho vay cụ thể được ngân hàng chính sách xã hội xác định dựa trên cơ sở nào?,Căn cứ vào mức thu học phí của từng trường và sinh hoạt phí theo vùng nhưng không vượt quá mức tối đa quy định.
794,thời hạn cho vay được tính như thế nào?,Tính từ ngày sinh viên bắt đầu nhận vốn vay cho đến ngày trả hết nợ (gốc và lãi) ghi trong hợp đồng tín dụng.
795,thời hạn cho vay bao gồm những khoảng thời gian nào?,Bao gồm thời hạn phát tiền vay và thời hạn trả nợ.
796,thời hạn phát tiền vay được xác định như thế nào?,Tính từ ngày sinh viên nhận món vay đầu tiên cho đến ngày sinh viên kết thúc khóa học.
797,thời hạn trả nợ được xác định như thế nào?,Tính từ ngày sinh viên trả món nợ đầu tiên đến ngày trả hết nợ (gốc và lãi).
798,thời hạn trả nợ tối đa là bao lâu?,Thời hạn trả nợ tối đa bằng thời hạn phát tiền vay.
799,lãi suất cho vay ưu đãi đối với sinh viên hiện nay là bao nhiêu?,"Lãi suất là 0,55%/tháng. "
800,lãi suất nợ quá hạn được tính như thế nào?,Bằng 130% lãi suất khi cho vay.
801,nhà trường cấp giấy tờ gì để sinh viên làm hồ sơ vay vốn?,Nhà trường cấp “Giấy chứng nhận sinh viên”.
802,sinh viên đăng ký và nhận giấy xác nhận vay vốn của trường ở đâu?,Đăng ký trực tuyến trên trang online sinh viên và nhận tại Phòng Tuyển sinh và công tác sinh viên.
803,"sau khi nhận giấy xác nhận từ trường, sinh viên phải làm gì tiếp theo?",Gửi giấy xác nhận về địa phương để làm hồ sơ vay vốn tại Ngân hàng Chính sách xã hội địa phương.
804,"trong thời hạn phát tiền vay, sinh viên có phải trả nợ gốc và lãi không?",Sinh viên chưa phải trả nợ gốc và lãi trong thời hạn này.
805,lãi tiền vay bắt đầu được tính từ khi nào?,Tính kể từ ngày sinh viên nhận món vay đầu tiên đến ngày trả hết nợ gốc.
806,khi nào sinh viên phải bắt đầu trả nợ gốc và lãi lần đầu tiên?,Kể từ ngày sinh viên kết thúc khóa học 12 tháng.
807,sinh viên có bị phạt nếu trả nợ trước hạn không?,"Không, sinh viên có thể trả nợ trước hạn mà không chịu lãi phạt. "
808,sinh viên gặp khó khăn không trả được nợ đúng hạn cuối cùng thì phải làm gì?,Phải có văn bản đề nghị gia hạn nợ gửi Ngân hàng Chính sách xã hội xem xét.
809,thời gian gia hạn nợ tối đa là bao lâu?,Tối đa bằng 1/2 thời hạn trả nợ.
810,điều gì xảy ra nếu sinh viên không trả nợ đúng hạn và không được gia hạn?,Ngân hàng Chính sách xã hội sẽ chuyển thành nợ quá hạn và phối hợp với chính quyền địa phương để thu hồi.
811,chính sách tín dụng stem căn cứ vào quyết định nào?,Căn cứ Quyết định số 29/2025/QĐ-TTg ngày 28/8/2025 của Thủ tướng Chính phủ.
812,đối tượng thụ hưởng chính sách tín dụng stem là ai?,"Sinh viên đại học hệ chính quy, là công dân Việt Nam, theo học các ngành STEM tại Trường Đại học Sư phạm Kỹ thuật TP. Hồ Chí Minh. "
813,điều kiện học lực đối với sinh viên năm thứ nhất để vay vốn stem là gì?,"Có 3 năm THPT đạt học lực khá trở lên; hoặc điểm trung bình lớp 12 các môn Toán, Lý, Hóa, Sinh từ 8.0 trở lên. "
814,điều kiện học lực đối với sinh viên từ năm thứ hai trở đi để vay vốn stem là gì?,Kết quả trung bình học tập năm học trước liền kề đạt loại giỏi trở lên.
815,sinh viên vay vốn stem có cần xác nhận của trường không?,"Có, cần trường xác nhận đang theo học đúng ngành và đúng bậc đào tạo. "
816,mức vốn cho vay stem bao gồm những khoản chi phí nào?,"Toàn bộ tiền học phí (sau khi trừ học bổng/hỗ trợ khác) và tiền sinh hoạt phí, chi phí học tập khác. "
817,mức hỗ trợ sinh hoạt phí và chi phí học tập khác tối đa của gói stem là bao nhiêu?,Tối đa là 5 triệu đồng/tháng.
818,lãi suất cho vay của chính sách tín dụng stem là bao nhiêu?,"Lãi suất là 4,8%/năm. "
819,lãi suất nợ quá hạn của gói vay stem được tính thế nào?,Tính bằng 130% lãi suất khi cho vay.
820,phương thức cho vay của gói stem được thực hiện như thế nào?,"Cho vay thông qua hộ gia đình, đại diện gia đình đứng tên vay. "
821,khi nào sinh viên học ngành stem được trực tiếp đứng tên vay vốn?,"Khi gia đình không còn ai từ 18 tuổi trở lên, hoặc người còn lại không có khả năng lao động/năng lực hành vi dân sự. "
822,thời hạn cho vay stem bao gồm các giai đoạn nào?,(a) Thời hạn giải ngân; (b) Thời gian ân hạn (từ khi kết thúc khóa học đến khi trả nợ đầu tiên); (c) Thời hạn trả nợ.
823,thời hạn giải ngân vốn vay stem tính như thế nào?,"Từ ngày nhận khoản vay đầu tiên đến ngày kết thúc khóa học, bao gồm cả thời gian nghỉ học tạm thời. "
824,ngân hàng có giải ngân vốn vay stem trong thời gian sinh viên nghỉ học tạm thời không?,"Không, Ngân hàng Chính sách xã hội không giải ngân trong thời gian này. "
825,"trong thời hạn giải ngân vốn vay stem, sinh viên có phải trả nợ gốc và lãi không?",Sinh viên chưa phải trả nợ gốc và lãi.
826,sau bao lâu kể từ khi kết thúc khóa học sinh viên vay stem phải trả nợ lần đầu?,Sau 12 tháng kể từ ngày kết thúc khóa học.
827,thời hạn trả nợ tối đa của khoản vay stem được quy định như thế nào?,Tối đa bằng thời hạn giải ngân vốn vay trừ đi thời gian nghỉ học tạm thời.
828,hồ sơ vay vốn stem đối với sinh viên năm nhất gồm những gì?,Tờ khai thông tin mẫu BM01 và bản photo học bạ THPT để minh chứng.
829,hồ sơ vay vốn stem đối với sinh viên từ năm thứ hai trở đi gồm những gì?,Tờ khai thông tin mẫu BM02 và bản điểm học tập năm học liền trước.
830,sinh viên xin bảng điểm để làm hồ sơ vay stem ở đâu?,"Tại phòng Đào tạo của trường (Phòng A1.202 – tầng 2, Tòa nhà Trung tâm). "
831,"sau khi chuẩn bị hồ sơ stem (bước 1), sinh viên nộp ở đâu để được xác nhận?","Nộp tại Phòng Tuyển sinh và Công tác sinh viên (A1.203 – tầng 2, Tòa nhà Trung tâm). "
832,thời gian xử lý xác nhận hồ sơ vay stem của nhà trường là bao lâu?,"Tối đa 01 ngày làm việc (không kể ngày nghỉ, Lễ). "
833,"sau khi có xác nhận của trường, đại diện hộ gia đình làm gì để vay stem?",Mang hồ sơ đến Ngân hàng Chính sách xã hội tại địa phương nơi cư trú để làm thủ tục.
834,"để duy trì giải ngân vốn vay stem hàng năm, sinh viên phải làm gì?",Thực hiện Tờ khai thông tin hằng năm theo mẫu BM03.
835,quy trình nộp mẫu bm03 để duy trì vốn vay stem như thế nào?,"Nộp BM03 tại Phòng A1.203 để xác nhận, sau đó nộp về Ngân hàng Chính sách xã hội địa phương. "
836,ngành công nghệ kỹ thuật máy tính có thuộc danh mục stem không?,"Có, mã ngành 7480108. "
837,ngành hệ thống nhúng và iot có thuộc diện vay vốn stem không?,"Có, mã ngành 7480118. "
838,ngành an toàn thông tin có được vay vốn stem không?,"Có, mã ngành 7480202. "
839,sinh viên ngành công nghệ kỹ thuật ô tô có được hưởng chính sách stem không?,"Có, mã ngành 7510205. "
840,ngành robot và trí tuệ nhân tạo có nằm trong danh mục stem không?,"Có, mã ngành 7510209. "
841,ngành công nghệ kỹ thuật điều khiển & tự động hóa có thuộc stem không?,"Có, mã ngành 7510303. "
842,kỹ thuật thiết kế vi mạch có được hỗ trợ vay stem không?,"Có, đây là CTĐT thuộc ngành Công nghệ kỹ thuật Điện tử – viễn thông. "
843,ngành logistics & quản lý chuỗi cung ứng có thuộc danh mục stem không?,"Có, mã ngành 7510605. "
844,ngành công nghệ thực phẩm có được vay vốn stem không?,"Có, mã ngành 7540101. "
845,ngành kiến trúc có thuộc đối tượng vay vốn stem không?,"Có, mã ngành 7580101. "
846,ngành công nghệ tài chính có được vay vốn stem không?,"Có, mã ngành 7340205. "
847,ngành kỹ thuật y sinh có thuộc danh mục stem của trường không?,"Có, mã ngành 7520212. "
848,ngành năng lượng tái tạo có được vay vốn stem không?,"Có, mã ngành 7510208. "
849,ngành kỹ thuật dữ liệu có thuộc danh mục vay stem không?,"Có, mã ngành 7480203. "
850,sinh viên ngành công nghệ kỹ thuật in có được vay stem không?,"Có, mã ngành 7510801. "
851,ngành quản lý xây dựng có thuộc diện hỗ trợ tín dụng stem không?,"Có, mã ngành 7580302. "
852,ngành công nghệ chế tạo máy có thuộc danh mục stem không?,"Có, mã ngành 7510202. "
853,ngành kỹ thuật công nghiệp có được vay vốn stem không?,"Có, mã ngành 7520117. "
854,ngành công nghệ vật liệu có thuộc stem không?,"Có, mã ngành 7510402. "
855,sinh viên học ngành công nghệ may có được vay stem không?,"Có, mã ngành 7540209. "
856,sinh viên đăng ký tham gia bảo hiểm y tế tại đâu?,Sinh viên đăng ký tham gia Bảo hiểm y tế tại trường đang theo học.
857,mức đóng bảo hiểm y tế của sinh viên trong năm học 2025-2026 tính theo tỷ lệ nào?,"Mức đóng bằng 4,5% mức lương cơ sở."
858,tổng số tiền đóng bảo hiểm y tế cho một năm học 2025-2026 là bao nhiêu?,Tổng số tiền là 1.263.600 đồng/năm.
859,nhà nước hỗ trợ bao nhiêu phần trăm mức đóng bảo hiểm y tế cho sinh viên?,"Ngân sách Nhà nước hỗ trợ 50% mức đóng, tương đương 631.800 đồng/năm."
860,số tiền thực tế sinh viên phải đóng bảo hiểm y tế cho năm học 2025-2026 là bao nhiêu?,"Sinh viên thực đóng 50% mức phí, tương đương 631.800 đồng/năm."
861,sinh viên được đăng ký nơi khám chữa bệnh ban đầu ở đâu?,Sinh viên được đăng ký tại một trong các cơ sở khám chữa bệnh Bảo hiểm y tế do Bảo hiểm xã hội TP. Hồ Chí Minh quy định.
862,sinh viên có được thay đổi nơi đăng ký khám chữa bệnh ban đầu không?,"Có, sinh viên được quyền lựa chọn và thay đổi nơi đăng ký khám chữa bệnh ban đầu."
863,thời gian nào trong năm sinh viên được thay đổi nơi khám chữa bệnh ban đầu?,"Sinh viên được thay đổi vào đầu mỗi quý, từ ngày 01 đến hết ngày 14 của các tháng 1, 4, 7, 10."
864,sinh viên cần xuất trình giấy tờ gì khi đi khám chữa bệnh bằng ứng dụng điện tử?,Xuất trình hình ảnh thẻ Bảo hiểm y tế trên ứng dụng VssID hoặc thông tin thẻ đã tích hợp trên ứng dụng VNeID.
865,sinh viên có thể dùng căn cước công dân để đi khám chữa bệnh bảo hiểm y tế không?,"Có, sinh viên có thể sử dụng Căn cước công dân gắn chíp để làm thủ tục khám chữa bệnh."
866,mức hưởng bảo hiểm y tế khi sinh viên khám chữa bệnh đúng tuyến là bao nhiêu?,Sinh viên có mã quyền lợi số 4 được hưởng 80% chi phí khám chữa bệnh.
867,tỷ lệ thanh toán khi sinh viên khám chữa bệnh ngoại trú không đúng tuyến tại bệnh viện tuyến huyện là bao nhiêu?,Được hưởng 100% chi phí khám chữa bệnh.
868,sinh viên điều trị nội trú không đúng tuyến tại bệnh viện tuyến tỉnh được hưởng bao nhiêu?,Được hưởng 100% chi phí điều trị nội trú.
869,mức hưởng khi sinh viên điều trị nội trú không đúng tuyến tại bệnh viện tuyến trung ương là bao nhiêu?,Được hưởng 40% chi phí điều trị nội trú.
870,mức thanh toán trực tiếp tối đa cho khám chữa bệnh ngoại trú tại nơi đăng ký ban đầu khi không xuất trình đủ thủ tục là bao nhiêu?,"Thanh toán tối đa không quá 0,15 lần mức lương cơ sở."
871,mức thanh toán trực tiếp tối đa cho điều trị nội trú tại nơi đăng ký ban đầu khi không xuất trình đủ thủ tục là bao nhiêu?,"Thanh toán tối đa không quá 0,5 lần mức lương cơ sở."
872,quyền lợi khi khám chữa bệnh ngoại trú tại bệnh viện tuyến huyện không ký hợp đồng bảo hiểm y tế là gì?,"Được cơ quan Bảo hiểm xã hội thanh toán trực tiếp tối đa 0,15 lần mức lương cơ sở."
873,mức thanh toán tối đa khi điều trị nội trú tại bệnh viện tuyến huyện không ký hợp đồng bảo hiểm y tế là bao nhiêu?,"Được thanh toán trực tiếp tối đa 0,5 lần mức lương cơ sở."
874,điều trị nội trú tại bệnh viện tuyến tỉnh không ký hợp đồng bảo hiểm y tế được thanh toán tối đa bao nhiêu?,Được thanh toán trực tiếp tối đa 1 lần mức lương cơ sở.
875,mức thanh toán tối đa khi điều trị nội trú tại bệnh viện tuyến trung ương không ký hợp đồng bảo hiểm y tế là bao nhiêu?,"Được thanh toán trực tiếp tối đa 2,5 lần mức lương cơ sở."
876,trường hợp nào người tham gia bảo hiểm y tế được miễn cùng chi trả chi phí khám chữa bệnh?,Khi đã tham gia đủ 5 năm liên tục và có số tiền cùng chi trả lũy kế trong năm lớn hơn 06 tháng lương cơ sở.
877,thủ tục hưởng quyền lợi bảo hiểm y tế trong trường hợp cấp cứu như thế nào?,Sinh viên được khám chữa bệnh tại bất kỳ cơ sở y tế công lập nào và phải xuất trình thẻ Bảo hiểm y tế cùng giấy tờ tùy thân trước khi ra viện.
878,thẻ bảo hiểm y tế của sinh viên năm thứ nhất có giá trị sử dụng từ khi nào?,Có giá trị từ ngày 01/10 của năm nhập học (trừ trường hợp thẻ lớp 12 vẫn còn hạn).
879,thời hạn sử dụng thẻ bảo hiểm y tế của sinh viên năm cuối được tính như thế nào?,Thẻ có giá trị đến ngày cuối của tháng kết thúc khóa học.
880,sinh viên nên lưu ý gì về thời gian tham gia bảo hiểm y tế để đảm bảo quyền lợi liên tục?,Không nên để thời gian tham gia bị gián đoạn quá 3 tháng.
881,giá trị sử dụng của thẻ bảo hiểm y tế dựa trên yếu tố nào?,Tương ứng với số tiền đóng Bảo hiểm y tế theo số tháng đã tham gia của sinh viên.
882,làm thế nào để tra cứu thời hạn sử dụng thẻ bảo hiểm y tế trực tuyến?,Truy cập Cổng thông tin điện tử Bảo hiểm xã hội Việt Nam tại địa chỉ: https://baohiemxahoi.gov.vn.
883,tổng đài hỗ trợ tư vấn của bảo hiểm xã hội việt nam là số nào?,Số điện thoại Tổng đài là 1900.9068.
884,ứng dụng di động nào giúp sinh viên theo dõi thông tin đóng và hưởng bảo hiểm y tế?,Ứng dụng VssID - Bảo hiểm xã hội số.
885,sinh viên đại học sư phạm kỹ thuật tp. hồ chí minh liên hệ ai khi có thắc mắc về bảo hiểm y tế?,Liên hệ Fanpage Trạm y tế (tramyteute) hoặc Hotline của thầy Nguyễn Công Bằng và thầy Nguyễn Huy Trường.
886,các nguyên tắc đạo đức cơ bản trong hoạt động nghiên cứu khoa học là gì?,"Tôn trọng quyền tác giả, tôn trọng sự thật và tuân thủ các quy định pháp luật liên quan đến nghiên cứu khoa học. "
887,"trách nhiệm của người nghiên cứu đối với danh dự và lợi ích cá nhân, tổ chức là gì?","Người nghiên cứu phải có ý thức giữ gìn danh dự, bảo vệ lợi ích hợp pháp của cá nhân, tổ chức, cộng sự và đồng nghiệp. "
888,quy định về sự công bằng trong ghi nhận quyền sở hữu trí tuệ như thế nào?,"Đảm bảo sự công bằng, trung thực trong việc ghi nhận quyền tác giả, quyền sở hữu trí tuệ và sự đóng góp của các cá nhân, tổ chức đối với công trình. "
889,việc thu thập dữ liệu phục vụ nghiên cứu phải tuân thủ yêu cầu gì?,"Dữ liệu phải được thu thập một cách hợp pháp, không được làm thay đổi dữ liệu thu được. "
890,"những hành vi nào bị cấm đối với thiết bị, quy trình và vật liệu nghiên cứu?","Không được thay đổi bản chất tự nhiên của thiết bị, quy trình, vật liệu nghiên cứu nhằm gây tác động đến kết quả nghiên cứu. "
891,quy định về tính trung thực của kết quả nghiên cứu là gì?,Tuyệt đối không được ngụy tạo dữ liệu và kết quả nghiên cứu.
892,nghĩa vụ của người nghiên cứu đối với các đối tác hợp tác là gì?,"Phải tuân thủ các quy định và hợp đồng đã ký kết với các tổ chức, cá nhân, đối tác có hợp tác nghiên cứu. "
893,hành vi cố ý tường trình sai sự thật trong nghiên cứu bị xử lý như thế nào?,Đây được xác định là hành vi vi phạm đạo đức trong nghiên cứu khoa học.
894,việc xâm phạm quyền sở hữu trí tuệ bao gồm những hành vi nào?,"Bao gồm các hành vi xâm phạm hoặc làm tổn hại đến quyền tác giả, quyền sở hữu trí tuệ của người khác và hành vi đạo văn. "
895,những hành vi nào bị coi là cản trở hoạt động nghiên cứu của người khác?,"Các hành vi, thủ đoạn không hợp pháp nhằm gây nhiễu, cố ý hủy hoại hoặc chiếm giữ thiết bị, tài liệu nghiên cứu của người khác. "
896,thế nào là vi phạm tính khách quan trong đánh giá khoa học?,"Đưa ra những đánh giá thiếu khách quan, không chính xác hoặc không công bằng do có xung đột với lợi ích cá nhân. "
897,việc che giấu hành vi vi phạm đạo đức nghiên cứu của người khác có bị coi là vi phạm không?,"Có, việc cố ý che giấu những hành vi vi phạm đạo đức trong nghiên cứu khoa học của người khác là hành vi vi phạm. "
898,những sản phẩm học thuật tại trường đại học sư phạm kỹ thuật tp. hcm phải áp dụng chuẩn trích dẫn nào?,Áp dụng chuẩn trích dẫn APA hoặc IEEE.
899,tác giả có phải ghi nguồn khi viết về kinh nghiệm cuộc sống và tư tưởng cá nhân không?,"Không nhất thiết phải ghi nguồn trích dẫn khi tác giả viết về kinh nghiệm cuộc sống, quan sát, suy nghĩ, tư tưởng, kết luận của chính mình. "
900,có cần ghi nguồn khi thảo luận về kết quả nghiên cứu chưa công bố của chính mình không?,Không nhất thiết phải ghi nguồn trích dẫn trong trường hợp này.
901,những loại kiến thức nào được coi là phổ thông và không cần trích dẫn nguồn?,"Văn hóa dân gian, tập tục, truyền thống, huyền thoại, dấu mốc lịch sử và những kiến thức phổ quát mà hầu hết mọi người đều biết. "
902,thế nào là hành vi đạo văn cơ bản trong sản phẩm học thuật?,Sử dụng nội dung từ tác phẩm của tác giả khác mà không trích dẫn nguồn hoặc không trích dẫn hợp lý.
903,việc cung cấp sai lệch thông tin tác phẩm được trích dẫn có bị coi là đạo văn không?,"Có, đây là hành vi cung cấp không chính xác nguồn gốc, thông tin tác phẩm được trích dẫn. "
904,thay đổi từ ngữ của người khác mà không dẫn nguồn có vi phạm đạo văn không?,"Có, việc thay đổi từ ngữ, di chuyển từ ngữ, câu, đoạn, ý tưởng của tác giả khác mà không dẫn nguồn là hành vi đạo văn. "
905,việc chỉnh sửa câu chữ từ nhiều nguồn khác nhau thành sản phẩm của mình mà không dẫn nguồn được gọi là gì?,Được xác định là hành vi đạo văn.
906,giữ nguyên cấu trúc đoạn văn nhưng thay đổi cụm từ mà không dẫn nguồn có bị coi là đạo văn không?,"Có, đây là một hình thức đạo văn theo quy định. "
907,diễn giải nội dung của người khác bằng ngôn ngữ cá nhân mà không dẫn nguồn có vi phạm không?,"Có, việc diễn giải hoặc tóm tắt tác phẩm của người khác mà không trích dẫn nguồn vào sản phẩm học thuật là hành vi đạo văn. "
908,dù có trích dẫn đúng quy định nhưng sử dụng quá nhiều nội dung từ tác phẩm khác có bị coi là vi phạm không?,"Có, nếu sử dụng vượt quá mức độ trùng lặp quy định để hình thành nên sản phẩm của mình thì vẫn bị coi là đạo văn. "
909,hành vi thuê người khác viết hộ sản phẩm học thuật bị xử lý như thế nào?,Được coi là hành vi chiếm đoạt tác phẩm của người khác và trình bày như sản phẩm học thuật của mình.
910,việc dịch một phần tác phẩm từ tiếng nước ngoài sang tiếng việt mà không ghi rõ nguồn gốc có vi phạm không?,"Có, đây là hành vi vi phạm đạo văn. "
911,tự đạo văn là gì?,Là việc tác giả sử dụng lại các sản phẩm học thuật của chính mình đã công bố trước đó mà không tuân thủ quy định trích dẫn.
912,tỷ lệ trùng lặp toàn bài tối đa cho phép đối với khóa luận tốt nghiệp sinh viên là bao nhiêu?,Không quá 40%.
913,mức độ trùng lặp từ một nguồn tham khảo có trích dẫn đối với khóa luận tốt nghiệp là bao nhiêu?,Không quá 10%.
914,tỷ lệ trùng lặp toàn bài tối đa đối với luận văn thạc sĩ là bao nhiêu?,Không quá 30%.
915,luận án tiến sĩ cho phép mức độ trùng lặp toàn bài tối đa là bao nhiêu?,Không quá 25%.
916,bài báo tạp chí khoa học giáo dục kỹ thuật có tỷ lệ trùng lặp tối đa là bao nhiêu?,Không quá 25%.
917,báo cáo đề tài nghiên cứu khoa học cấp trường có tỷ lệ trùng lặp tối đa là bao nhiêu?,Không quá 30%.
918,bài báo hội thảo khoa học do nhà trường tổ chức có mức trùng lặp tối đa là bao nhiêu?,Không quá 35% toàn bài và không quá 10% từ một nguồn tham khảo.
919,danh mục tài liệu tham khảo có bị tính vào tỷ lệ trùng lặp không?,"Không, quy định về tỷ lệ trùng lặp không áp dụng cho danh mục tài liệu tham khảo. "
920,những đoạn nội dung ngắn như thế nào thì được loại trừ khi kiểm tra trùng lặp?,Nội dung trùng lặp dưới 50 từ được phép loại trừ.
921,trường hợp nào bài báo khoa học được loại trừ khỏi quy định trùng lặp?,"Khi bài báo là sản phẩm từ báo cáo đề tài, khóa luận, luận văn, luận án của chính tác giả đó. "
922,hậu quả chung đối với sản phẩm học thuật vi phạm đạo đức nghiên cứu là gì?,Sản phẩm đó sẽ không được Trường công nhận kết quả.
923,tác giả vi phạm đạo đức nghiên cứu phải thực hiện những nghĩa vụ gì?,"Phải công khai xin lỗi, cải chính sản phẩm học thuật và bồi thường thiệt hại (nếu có yêu cầu). "
924,nhà trường căn cứ vào đâu để xem xét kỷ luật lao động đối với tác giả vi phạm?,Căn cứ vào mức độ vi phạm của cá nhân hoặc nhóm tác giả.
925,khi nào hồ sơ vi phạm đạo đức nghiên cứu bị gửi đến cơ quan chức năng xử lý theo pháp luật?,Khi hành vi vi phạm gây ra hậu quả nghiêm trọng.
926,"nếu phát hiện đạo văn lần thứ nhất trước khi bảo vệ, người học phải làm gì?",Người học phải chỉnh sửa lại nội dung theo mốc thời gian do giảng viên hướng dẫn quy định.
927,người học sẽ bị đình chỉ bảo vệ trong đợt đó khi nào?,Khi đã chỉnh sửa lần thứ nhất nhưng kết quả nộp lại vẫn tiếp tục vi phạm đạo văn.
928,điều gì xảy ra nếu sản phẩm vẫn vi phạm đạo văn trong đợt báo cáo/bảo vệ kế tiếp?,"Toàn bộ nội dung sản phẩm bị hủy bỏ, người học phải đăng ký lại học phần hoặc hủy hợp đồng đề tài. "
929,"nếu hội đồng phát hiện đạo văn trong lúc đang bảo vệ, hướng xử lý là gì?",Chủ tịch hội đồng quyết định sản phẩm không đạt và cho phép chỉnh sửa để bảo vệ lại lần thứ hai.
930,hậu quả nếu bảo vệ lần thứ hai vẫn vi phạm đạo văn là gì?,"Hủy bỏ toàn bộ nội dung sản phẩm, hủy hợp đồng đề tài, người học phải đăng ký học lại và làm lại từ đầu với nội dung mới. "
931,trách nhiệm của giảng viên hướng dẫn khi người học vi phạm đạo văn nghiêm trọng là gì?,Đơn vị đào tạo sẽ có văn bản báo cáo Ban Giám hiệu để xem xét xử lý trách nhiệm của giảng viên hướng dẫn.
932,xử lý như thế nào nếu phát hiện đạo văn trong bản lưu chiểu chưa công bố?,Đơn vị quản lý liên hệ tác giả để chỉnh sửa cho đến khi đảm bảo không còn vi phạm.
933,tác giả phải làm gì nếu sản phẩm đã công bố bị phát hiện và thưa kiện về đạo văn?,Phải liên hệ đơn vị đăng tải để gỡ công trình khỏi tất cả phương tiện thông tin và chịu trách nhiệm trước pháp luật.
934,"ngoài trách nhiệm pháp lý, tác giả có sản phẩm đã công bố vi phạm đạo văn còn bị xử lý gì bởi trường?","Sẽ bị xem xét thu hồi bằng cấp, kinh phí hỗ trợ thực hiện và các khoản thưởng liên quan. "
935,thời hạn để tác giả khiếu nại kết quả xử lý đạo văn là bao lâu?,Trong vòng 7 ngày kể từ ngày nhận được thông báo từ đơn vị chức năng.
936,cơ quan nào có thẩm quyền giải quyết khiếu nại về hình thức xử lý đạo văn?,Hội đồng giải quyết khiếu nại do Hiệu trưởng thành lập.
937,quyết định giải quyết khiếu nại của hội đồng có giá trị như thế nào?,Đây là quyết định cuối cùng.
938,thông tin liên hệ của phòng đào tạo là gì?,"Địa chỉ: Phòng A1.201, A1.202 (tầng 2) và A1.401 (tầng 4), Tòa nhà trung tâm. Website: aao.hcmute.edu.vn; Email: pdt@hcmute.edu.vn; SĐT: 028.3896.1333 hoặc 028.3722.1223 (ext. 8120)."
939,đơn vị nào phụ trách xây dựng và quản lý chương trình đào tạo?,Phòng Đào tạo phụ trách xây dựng và quản lý chương trình đào tạo.
940,đơn vị nào lập kế hoạch học kỳ và năm học?,Phòng Đào tạo chịu trách nhiệm lập kế hoạch học kỳ và năm học.
941,tôi cần liên hệ đâu để đăng ký môn học và xem thời khóa biểu?,"Sinh viên liên hệ Phòng Đào tạo để tổ chức đăng ký môn học, lập thời khóa biểu và xếp lịch học."
942,đơn vị nào quản lý điểm số và hồ sơ học vụ của sinh viên?,"Phòng Đào tạo quản lý điểm số, hồ sơ học vụ, phối hợp nhập điểm I và giám sát dữ liệu điểm."
943,tôi muốn nộp đơn đính chính điểm hoặc chuyển điểm thì liên hệ đâu?,"Sinh viên nộp đơn đính chính điểm, đơn xin chuyển điểm hoặc bảo lưu kết quả học tập tại Phòng Đào tạo."
944,quy trình chuyển điểm ngoại ngữ do đơn vị nào thực hiện?,Phòng Đào tạo thực hiện quy trình chuyển điểm ngoại ngữ cho sinh viên.
945,đơn vị nào thực hiện xét cảnh báo học vụ và xét tốt nghiệp?,"Phòng Đào tạo thực hiện xét cảnh báo học vụ, xét nợ học phần và xét tốt nghiệp cho sinh viên."
946,tôi có thể xin cấp bảng điểm và giấy chứng nhận tốt nghiệp ở đâu?,"Sinh viên liên hệ Phòng Đào tạo để được cấp chứng nhận kết quả học tập, bảng điểm và giấy chứng nhận tốt nghiệp."
947,đơn vị nào quản lý và in bằng tốt nghiệp?,"Phòng Đào tạo phụ trách quản lý, in và cấp bằng tốt nghiệp, phụ lục văn bằng và các chứng chỉ theo quy định."
948,kỳ thi kiểm tra trình độ ngoại ngữ đầu vào và đầu ra do ai tổ chức?,Phòng Đào tạo tổ chức thi và kiểm tra trình độ ngoại ngữ đầu vào – đầu ra cho sinh viên.
949,tôi gặp khó khăn khi sử dụng trang đăng ký môn học online thì liên hệ đâu?,"Phòng Đào tạo hỗ trợ tư vấn và hướng dẫn sinh viên khai thác hệ thống quản lý đào tạo (trang online, trang đăng ký môn học)."
950,thông tin liên hệ của phòng tuyển sinh và công tác sinh viên là gì?,"Địa chỉ: Phòng A1.203, A1.204 (tầng 2), Tòa nhà trung tâm và Phòng A212 (khu A). Website: sao.hcmute.edu.vn; SĐT: 028.3722.2764 hoặc 028.3722.1223 (ext. 8170)."
951,đơn vị nào phụ trách làm thẻ sinh viên và cấp mã số sinh viên?,Phòng Tuyển sinh và Công tác sinh viên phụ trách cấp mã số và làm thẻ sinh viên.
952,tôi muốn làm thủ tục tạm dừng học hoặc thôi học thì liên hệ đâu?,"Sinh viên liên hệ Phòng Tuyển sinh và Công tác sinh viên để xử lý các thủ tục tạm dừng học, tiếp tục học, chuyển ngành, chuyển trường hoặc thôi học."
953,đơn vị nào cấp giấy xác nhận vay vốn tín dụng cho sinh viên?,"Phòng Tuyển sinh và Công tác sinh viên cấp giấy xác nhận vay vốn tín dụng, sổ ưu đãi và các loại giấy tờ hành chính khác."
954,tôi cần xin giấy chứng nhận sinh viên thì liên hệ phòng nào?,Sinh viên liên hệ Phòng Tuyển sinh và Công tác sinh viên để được cấp giấy chứng nhận sinh viên và xác nhận học tập.
955,đơn vị nào giải quyết các chính sách miễn giảm học phí và trợ cấp xã hội?,"Phòng Tuyển sinh và Công tác sinh viên tổ chức thực hiện các chế độ chính sách như miễn giảm học phí, trợ cấp xã hội và tín dụng đào tạo."
956,việc xét học bổng khuyến khích học tập do đơn vị nào phụ trách?,Phòng Tuyển sinh và Công tác sinh viên phụ trách xét học bổng khuyến khích học tập và học bổng tài trợ.
957,đơn vị nào quản lý việc đánh giá điểm rèn luyện và công tác xã hội?,Phòng Tuyển sinh và Công tác sinh viên tổ chức đánh giá điểm rèn luyện và Công tác xã hội của sinh viên.
958,tuần sinh hoạt công dân - sinh viên do đơn vị nào tổ chức?,Phòng Tuyển sinh và Công tác sinh viên phối hợp tổ chức các tuần sinh hoạt công dân - sinh viên đầu khóa và đầu năm học.
959,tôi có thể tìm sự hỗ trợ về tư vấn tâm lý và sức khỏe ở đâu?,"Phòng Tuyển sinh và Công tác sinh viên triển khai các hoạt động tư vấn tâm lý - xã hội, sức khỏe và pháp lý cho sinh viên."
960,đơn vị nào quản lý hệ thống cố vấn học tập?,Phòng Tuyển sinh và Công tác sinh viên vận hành hệ thống cố vấn học tập và tư vấn viên.
961,"tôi muốn tham gia các hoạt động văn nghệ, thể thao và câu lạc bộ thì liên hệ đâu?","Phòng Tuyển sinh và Công tác sinh viên phụ trách các hoạt động văn hóa, văn nghệ, thể thao và các câu lạc bộ - đội - nhóm."
962,thông tin liên hệ của phòng kế hoạch tài chính là gì?,"Địa chỉ: Phòng A1.102 (tầng 1); A1.701, A1.702 (tầng 7), Tòa nhà trung tâm. Website: fpo.hcmute.edu.vn; SĐT: 028.3896.2166 hoặc 028.3722.1223 (ext. 8130)."
963,tôi cần nộp học phí và lấy hóa đơn thì liên hệ phòng nào?,"Sinh viên liên hệ Phòng Kế hoạch Tài chính để đóng học phí, nhận hướng dẫn đóng phí và cấp hóa đơn học phí."
964,đơn vị nào trực tiếp chi trả học bổng và tiền khen thưởng cho sinh viên?,"Phòng Kế hoạch Tài chính thực hiện cấp, phát học bổng, trợ cấp xã hội, trợ cấp khó khăn và tiền khen thưởng."
965,làm sao để lấy xác nhận tình trạng đóng học phí phục vụ xét tốt nghiệp?,Sinh viên liên hệ Phòng Kế hoạch Tài chính để được cấp xác nhận tình trạng đóng học phí.
966,thông tin liên hệ của phòng tổ chức hành chính là gì?,"Địa chỉ: Phòng A1.101 (tầng 1), Tòa nhà trung tâm. Website: hrmo.hcmute.edu.vn; SĐT: 028.3896.8641 hoặc 028.3722.5142."
967,tôi muốn đăng ký lịch gặp ban giám hiệu thì liên hệ đâu?,Phòng Tổ chức Hành chính chịu trách nhiệm hướng dẫn và hỗ trợ sinh viên khi cần gặp Ban Giám hiệu.
968,đơn vị nào quản lý và cho mượn các hội trường lớn để tổ chức sự kiện?,"Phòng Tổ chức Hành chính quản lý, điều phối và cho mượn các phòng họp, hội trường lớn cho các sự kiện của sinh viên."
969,"tôi muốn khiếu nại về thái độ của cán bộ, giảng viên thì liên hệ đâu?","Phòng Tổ chức Hành chính tiếp nhận và phối hợp xử lý các khiếu nại, kiến nghị của sinh viên liên quan đến cán bộ, giảng viên."
970,thông tin liên hệ của ban an ninh trật tự - đội bảo vệ trường là gì?,"Địa chỉ: Phòng A3.001 (tầng hầm), Tòa nhà trung tâm. Email: bantt@hcmute.edu.vn; SĐT: 0584357065 (Thầy Thành) hoặc 0905476174 (Thầy Khải)."
971,tôi bị mất tài sản hoặc gặp sự cố an ninh trong trường thì báo cho ai?,Sinh viên liên hệ Ban An ninh Trật tự để được hỗ trợ khi xảy ra mất mát tài sản hoặc sự cố an ninh trong khuôn viên trường.
972,đơn vị nào tổ chức tập huấn kỹ năng phòng cháy chữa cháy cho sinh viên?,Ban An ninh Trật tự phụ trách hướng dẫn và tập huấn kỹ năng PCCC cho sinh viên.
973,thông tin liên hệ của phòng quản trị cơ sở vật chất là gì?,"Địa chỉ: Phòng A1.706, A1.707 (tầng 7), Tòa nhà trung tâm. Website: fmo.hcmute.edu.vn; SĐT: 028.3722.3502 hoặc 028.3722.1223 (ext. 8200)."
974,tôi muốn mượn phòng học để tự học hoặc sinh hoạt clb thì liên hệ đâu?,"Sinh viên liên hệ Phòng Quản trị cơ sở vật chất để mượn phòng học phục vụ học tập, sinh hoạt câu lạc bộ và ngoại khóa."
975,đơn vị nào quản lý các dịch vụ bãi xe và căn tin trong trường?,"Phòng Quản trị cơ sở vật chất phụ trách quản lý và giám sát chất lượng các dịch vụ bãi xe, căn tin, vệ sinh."
976,"nếu phòng học bị hỏng đèn, quạt hoặc cửa thì báo cho đơn vị nào?","Sinh viên gửi yêu cầu sửa chữa hệ thống điện, nước, phòng học và trang thiết bị tại Phòng Quản trị cơ sở vật chất."
977,tôi có ý kiến đóng góp về vệ sinh môi trường trong trường thì gửi đâu?,"Sinh viên gửi phản hồi về vệ sinh môi trường, cây xanh và các dịch vụ cơ sở vật chất tại Phòng Quản trị cơ sở vật chất."
978,thông tin liên hệ của phòng thiết bị - vật tư là gì?,"Địa chỉ: Phòng A1.703, A1.704A (tầng 7), Tòa nhà trung tâm. Website: emo.hcmute.edu.vn; SĐT: 028.3722.1713 hoặc 028.3722.1223 (ext. 8144)."
979,đơn vị nào cung cấp vật tư thực tập và thí nghiệm cho sinh viên?,"Phòng Thiết bị - Vật tư tiếp nhận, phân phối và thu hồi vật tư phục vụ thực tập, thí nghiệm của sinh viên."
980,tôi cần hỗ trợ khi tivi hoặc máy chiếu trong phòng học bị hỏng thì gọi đâu?,"Sinh viên liên hệ Phòng Thiết bị - Vật tư để tiếp nhận và xử lý sự cố tivi, máy chiếu, âm thanh, máy lạnh trong phòng học."
981,đơn vị nào quản lý hệ thống máy lọc nước uống trong trường?,"Phòng Thiết bị - Vật tư quản lý hệ thống máy lọc nước và định kỳ kiểm tra chất lượng nước, thay lõi lọc."
982,thông tin liên hệ của phòng khoa học công nghệ là gì?,"Địa chỉ: Phòng A1.902 (tầng 9), Tòa nhà trung tâm. Website: stiao.hcmute.edu.vn; SĐT: 028.3722.1223 (ext. 8160)."
983,tôi muốn đăng ký đề tài nghiên cứu khoa học thì liên hệ đâu?,Sinh viên liên hệ Phòng Khoa học Công nghệ để được tư vấn và hướng dẫn đăng ký đề tài NCKH các cấp.
984,đơn vị nào hỗ trợ thủ tục đăng ký bảo hộ quyền sở hữu trí tuệ cho sinh viên?,Phòng Khoa học Công nghệ hỗ trợ tư vấn thủ tục đăng ký bảo hộ quyền sở hữu trí tuệ cho các sản phẩm nghiên cứu của sinh viên.
985,tôi có thể tìm thông tin về các cuộc thi học thuật và sân chơi sáng tạo ở đâu?,"Phòng Khoa học Công nghệ phối hợp tổ chức các cuộc thi học thuật, sân chơi sáng tạo và hội thảo khoa học cho sinh viên."
986,thông tin liên hệ của phòng quan hệ doanh nghiệp là gì?,"Địa chỉ: Phòng A1.402 (tầng 4), Tòa nhà trung tâm. Website: pr.hcmute.edu.vn; SĐT: 028.3722.5551."
987,tôi muốn tìm cơ hội thực tập và việc làm thì liên hệ đơn vị nào?,"Phòng Quan hệ doanh nghiệp tư vấn, giới thiệu các cơ hội thực tập và việc làm trong và ngoài nước."
988,đơn vị nào hỗ trợ giới thiệu việc làm bán thời gian cho sinh viên?,Phòng Quan hệ doanh nghiệp phụ trách tư vấn và giới thiệu việc làm bán thời gian.
989,tôi có thể nhận giấy chứng nhận tốt nghiệp tạm thời ở đâu?,Sinh viên tốt nghiệp nhận giấy chứng nhận tốt nghiệp tạm thời tại Phòng Quan hệ doanh nghiệp.
990,cổng thông tin career hub phục vụ tìm việc làm do đơn vị nào quản lý?,Phòng Quan hệ doanh nghiệp quản lý Cổng thông tin Tìm việc và Tuyển dụng Career Hub.
991,thông tin liên hệ của phòng quan hệ quốc tế là gì?,"Địa chỉ: Phòng A1.705 (tầng 7), Tòa nhà trung tâm. Website: oia.hcmute.edu.vn; SĐT: 028.3896.1141 hoặc 028.3722.1223 (ext. 8160)."
992,đơn vị nào thông báo các chương trình học bổng và trao đổi văn hóa quốc tế?,"Phòng Quan hệ Quốc tế thông báo các chương trình học bổng, trao đổi học thuật, văn hóa từ các trường đối tác quốc tế."
993,tôi cần hỗ trợ thủ tục visa để đi học tập tại nước ngoài thì liên hệ đâu?,"Phòng Quan hệ Quốc tế tư vấn và hỗ trợ chuẩn bị hồ sơ, giấy tờ pháp lý (visa, hộ chiếu, thư giới thiệu) cho sinh viên."
994,sinh viên quốc tế đến học tại trường sẽ do đơn vị nào quản lý?,"Phòng Quan hệ Quốc tế tiếp nhận, phối hợp quản lý hồ sơ và hỗ trợ đời sống cho sinh viên quốc tế."
995,thông tin liên hệ của phòng khảo thí và đảm bảo chất lượng là gì?,"Địa chỉ: Phòng A1.1102 (tầng 11), Tòa nhà trung tâm. Website: qao.hcmute.edu.vn; SĐT: 028.3722.1223 (ext. 8190)."
996,tôi có thể đóng góp ý kiến về chất lượng giảng dạy ở đâu?,"Sinh viên tham gia khảo sát trực tuyến và lấy ý kiến về giảng viên, môn học do Phòng Khảo thí và Đảm bảo chất lượng tổ chức."
997,đơn vị nào cung cấp thông tin về kiểm định chất lượng và chuẩn đầu ra?,"Phòng Khảo thí và Đảm bảo chất lượng phổ biến thông tin về kiểm định chất lượng, chuẩn đầu ra và tiêu chuẩn đánh giá."
998,thông tin liên hệ của phòng hợp tác và phát triển đào tạo là gì?,"Địa chỉ: Phòng A1.406, A1.407 (tầng 4), Tòa nhà trung tâm. SĐT: 028.3722.3504, 0708602467 hoặc 0708653327."
999,đơn vị nào quản lý hệ đào tạo vừa làm vừa học và đào tạo từ xa?,Phòng Hợp tác và phát triển đào tạo phụ trách tổ chức và quản lý các chương trình hệ Vừa làm vừa học (VLVH) và Đào tạo từ xa (ĐTTX).
1000,tôi muốn làm thủ tục chuyển ngành hoặc tạm dừng học hệ đào tạo từ xa thì liên hệ đâu?,"Sinh viên hệ ĐTTX liên hệ Phòng Hợp tác và phát triển đào tạo để giải quyết các thủ tục tạm dừng, tiếp tục học, chuyển ngành."
1001,đơn vị nào quản lý tài khoản học tập trực tuyến cho sinh viên hệ đào tạo từ xa?,Phòng Hợp tác và phát triển đào tạo phụ trách quản lý tài khoản học tập trực tuyến cho sinh viên.
1002,đơn vị nào giải quyết việc bảo lưu và chuyển điểm cho hệ vừa làm vừa học?,"Phòng Hợp tác và phát triển đào tạo giải quyết học vụ bao gồm bảo lưu điểm, chuyển điểm và đính chính điểm cho hệ VLVH."
1003,sinh viên hệ vừa làm vừa học xem kết quả thi và điểm số ở đâu?,"Phòng Hợp tác và phát triển đào tạo tổ chức nhập điểm, kiểm dò và công bố kết quả cho sinh viên hệ VLVH."
1004,đơn vị nào xét tốt nghiệp và cấp bảng điểm cho hệ đào tạo từ xa?,"Phòng Hợp tác và phát triển đào tạo thực hiện xét tốt nghiệp, in và cấp bảng điểm, chứng nhận tốt nghiệp cho hệ ĐTTX."
1005,tôi cần tư vấn về mức học phí hệ vừa làm vừa học thì liên hệ đâu?,Phòng Hợp tác và phát triển đào tạo tư vấn mức học phí và phối hợp thanh quyết toán kinh phí đào tạo cho sinh viên.
1006,ai cấp xác nhận quá trình học tập cho sinh viên hệ vừa làm vừa học?,"Phòng Hợp tác và phát triển đào tạo thực hiện cấp xác nhận liên quan đến quá trình học tập của sinh viên hệ VLVH, ĐTTX."
1007,đơn vị nào phụ trách xét môn học tương đương cho hệ đào tạo từ xa?,Phòng Hợp tác và phát triển đào tạo phụ trách xét môn học tương đương cho sinh viên hệ ĐTTX.
1008,địa chỉ văn phòng của phòng thanh tra pháp chế nằm ở đâu?,"Phòng A1.1003 (tầng 10), Tòa nhà trung tâm."
1009,làm thế nào để liên hệ với phòng thanh tra pháp chế qua điện thoại?,"Sinh viên liên hệ qua số điện thoại 028.3722.1223, số nội bộ (ext) 8180."
1010,phòng thanh tra pháp chế hỗ trợ giải quyết những vấn đề gì cho sinh viên?,"Tiếp nhận đơn thư, xử lý hoặc chuyển cấp có thẩm quyền các vụ việc liên quan đến khiếu nại, tố cáo và quyền lợi sinh viên."
1011,hoạt động giám sát đào tạo của phòng thanh tra pháp chế bao gồm những việc gì?,"Kiểm tra thực hiện thời khóa biểu, việc lên lớp, tổ chức thi, coi thi và báo cáo tình hình cho Ban Giám hiệu."
1012,phòng thanh tra pháp chế thực hiện công tác tuyên truyền pháp luật như thế nào?,"Tổ chức phổ biến, giáo dục pháp luật và các nội quy, quy chế của Nhà trường cho sinh viên."
1013,sinh viên có thể được tư vấn pháp lý tại đâu trong trường?,Sinh viên có thể được hỗ trợ giải đáp các vấn đề pháp lý tại Phòng Thanh tra Pháp chế.
1014,văn phòng của phòng truyền thông nằm ở vị trí nào?,"Phòng A1.1106 (tầng 11), Tòa nhà trung tâm."
1015,các kênh mạng xã hội chính thức của trường đại học sư phạm kỹ thuật tp.hcm là gì?,"Fanpage Trường (dhspkt.hcmute), Kênh truyền hình UTE-TV và Fanpage Phòng Truyền thông (pmoute)."
1016,phòng truyền thông hỗ trợ các chương trình lớn nào của nhà trường?,"Hỗ trợ truyền thông cho Lễ khai giảng, Lễ tốt nghiệp, Ngày hội việc làm và các sự kiện văn hóa - thể thao."
1017,đơn vị nào quản lý các bảng led và website chính thức của nhà trường?,Phòng Truyền thông.
1018,phòng truyền thông phối hợp với đoàn - hội sinh viên trong những hoạt động nào?,"Phối hợp đưa tin, quảng bá sự kiện và lan tỏa hình ảnh sinh viên trong các phong trào sinh viên."
1019,sinh viên cần hướng dẫn sử dụng nhận diện thương hiệu của trường thì liên hệ đâu?,"Phòng Truyền thông chịu trách nhiệm tư vấn và hướng dẫn sử dụng hình ảnh, nhận diện thương hiệu đúng quy chuẩn."
1020,phòng truyền thông hỗ trợ kỹ thuật gì cho các hoạt động của sinh viên?,"Phụ trách livestream, ghi hình, chụp ảnh và sản xuất nội dung truyền thông."
1021,thư viện của nhà trường có những địa điểm nào để sinh viên đến học tập?,"Thư viện khu A (Phòng Đọc, Phòng Mượn) và Thư viện Tầng hầm TNTT (Phòng Đọc Beehive)."
1022,địa chỉ website của thư viện trường là gì?,Thư viện có hai website: https://thuvien.hcmute.edu.vn/ và https://thuvienso.hcmute.edu.vn/.
1023,thư viện cung cấp những loại tài nguyên thông tin nào cho sinh viên?,"Sách tham khảo (Việt văn, Ngoại văn), Giáo trình, Tiêu chuẩn kỹ thuật, Luận văn, Luận án và Đề tài nghiên cứu khoa học."
1024,làm sao để sinh viên có thể mượn và trả sách tại thư viện?,Sinh viên đến trực tiếp Phòng Mượn tại Thư viện khu A hoặc liên hệ qua email/số điện thoại để được hỗ trợ.
1025,thư viện có hỗ trợ sinh viên tra cứu tài liệu trực tuyến không?,"Có, Thư viện hướng dẫn sinh viên tra cứu trực tuyến, sử dụng cơ sở dữ liệu điện tử và thư viện số."
1026,khu vực beehive của thư viện có đặc điểm gì nổi bật?,"Là môi trường thân thiện, yên tĩnh, hỗ trợ sinh viên tự học và trao đổi học thuật."
1027,thư viện có các hoạt động nào để khuyến khích sinh viên đọc sách?,"Tổ chức các hoạt động khuyến đọc, giới thiệu sách mới và chia sẻ tài nguyên học tập."
1028,đơn vị nào phụ trách phát hành giáo trình chính thống cho sinh viên?,"Thư viện phối hợp với các đơn vị trong trường để lựa chọn và phát hành giáo trình, tài liệu học tập."
1029,văn phòng ban quản lý ký túc xá nằm ở đâu?,Tại sau Cổng Ký túc xá khu D (đường Lê Văn Chí) và tầng trệt Ký túc xá cơ sở 2 (Lê Văn Việt).
1030,số điện thoại liên hệ của ban quản lý ký túc xá là bao nhiêu?,Số điện thoại: 028.3897.3082 hoặc 028.3722.1223 (ext. 8210).
1031,ban quản lý ký túc xá phụ trách những công tác gì?,Giải quyết nhu cầu nội trú và quản lý sinh viên nội trú theo quy chế.
1032,trạm y tế của nhà trường nằm ở vị trí nào?,"Cuối Khu B, gần cổng B."
1033,số điện thoại hotline của trạm y tế dùng trong trường hợp khẩn cấp là gì?,Số hotline: 091 888 3925.
1034,trạm y tế thực hiện các dịch vụ y tế nào cho sinh viên?,Khám và chữa bệnh ban đầu cho sinh viên.
1035,sinh viên cần tư vấn về bảo hiểm y tế bắt buộc thì liên hệ đơn vị nào?,"Trạm Y tế hướng dẫn, tư vấn và hỗ trợ sinh viên tham gia Bảo hiểm y tế bắt buộc."
1036,trạm y tế có hoạt động gì về giáo dục sức khỏe cho sinh viên?,Tổ chức các chương trình tuyên truyền về sức khỏe học đường.
1037,đơn vị nào xử lý vấn đề vệ sinh và an toàn thực phẩm trong trường?,Trạm Y tế phối hợp với các bên liên quan để xử lý.
1038,"trung tâm thông tin, máy tính có các văn phòng làm việc tại đâu?",Phòng A5.101 (tầng 1 Khu A5) và Phòng A1.1107 (tầng 11 Tòa nhà trung tâm).
1039,"trung tâm thông tin, máy tính quản lý những loại tài khoản nào của sinh viên?","Email nhà trường, tài khoản Microsoft liên kết và tài khoản đăng nhập trang online.hcmute.edu.vn."
1040,làm thế nào để sinh viên lấy lại mật khẩu email do trường cấp?,"Liên hệ Trung tâm Thông tin, máy tính để được cấp lại mật khẩu khi cần thiết."
1041,"trung tâm thông tin, máy tính có hỗ trợ sinh viên sử dụng email không?","Có, trung tâm hướng dẫn sinh viên kích hoạt và sử dụng địa chỉ email mang tên miền của trường."
1042,đơn vị nào quản lý các phòng máy tính trong nhà trường?,"Trung tâm Thông tin, máy tính."
1043,"số điện thoại hotline hỗ trợ kỹ thuật của trung tâm thông tin, máy tính là gì?",Hotline: 0913.889.739 (Thầy Hà).
1044,văn phòng trung tâm giáo dục thể chất nằm ở đâu?,"Sau cổng Khu E (số 03, đường Võ Văn Ngân)."
1045,trung tâm giáo dục thể chất phụ trách những mảng đào tạo nào?,Tổ chức giảng dạy các môn học Giáo dục thể chất.
1046,sinh viên muốn làm thủ tục miễn giảm môn giáo dục thể chất thì đến đâu?,Trung tâm Giáo dục thể chất hướng dẫn sinh viên làm thủ tục này.
1047,đơn vị nào quản lý các câu lạc bộ thể thao và tổ chức hội thao trong trường?,Trung tâm Giáo dục thể chất.
1048,văn phòng của trung tâm giáo dục quốc phòng và an ninh nằm ở đâu?,"Cơ sở 1 tại Phòng bảo vệ Khu A; Cơ sở 2 tại Phòng Q101, Q105 (484 Lê Văn Việt)."
1049,trung tâm giáo dục quốc phòng và an ninh phụ trách những công việc gì?,"Xếp thời khóa biểu, giảng dạy, miễn giảm, xét và phát chứng chỉ môn Giáo dục quốc phòng và an ninh."
1050,trung tâm giáo dục quốc phòng và an ninh có đào tạo về phòng cháy chữa cháy không?,"Có, trung tâm phụ trách các học phần và khóa tập huấn về cứu hộ, cứu nạn, phòng cháy chữa cháy."
1051,trung tâm sáng tạo - khởi nghiệp và chuyển giao công nghệ đặt văn phòng tại đâu?,Tại Không gian sáng tạo Maker Space.
1052,trung tâm sáng tạo - khởi nghiệp và chuyển giao công nghệ hỗ trợ sinh viên như thế nào?,Hỗ trợ trong các hoạt động khởi nghiệp và tham gia các cuộc thi sáng tạo.
1053,trung tâm dạy học số nằm ở vị trí nào?,"Văn phòng tại F1.607; các phòng học số tại F1.608 và F1.609 (tầng 6, Khu F1)."
1054,chức năng chính của trung tâm dạy học số đối với sinh viên là gì?,Tổ chức và hỗ trợ sinh viên tham gia các khóa học trực tuyến.
1055,văn phòng trung tâm phát triển ngôn ngữ nằm ở đâu?,Tầng hầm - Tòa nhà Trung tâm.
1056,trung tâm phát triển ngôn ngữ có đào tạo ngoại ngữ cho sinh viên không?,"Có, trung tâm bồi dưỡng các chương trình ngoại ngữ và nghiệp vụ ngôn ngữ theo nhu cầu."
1057,đơn vị nào tổ chức các kỳ thi đánh giá năng lực tiếng anh cho sinh viên tại trường?,Trung tâm Phát triển ngôn ngữ.
1058,văn phòng trung tâm tin học nằm ở vị trí nào?,Khu Dịch vụ tổng hợp (mặt tiền đường Võ Văn Ngân).
1059,trung tâm tin học đào tạo những khóa học nào?,"Đào tạo Tin học ứng dụng (Văn phòng, vẽ Kỹ thuật, vẽ Mỹ thuật...) và các khóa lập trình."
1060,sinh viên có thể thi lấy chứng chỉ ứng dụng công nghệ thông tin quốc gia tại đâu?,Tại Trung tâm Tin học của trường.
1061,trung tâm việt nhật nằm ở vị trí nào trong trường?,Tầng hầm - Tòa nhà Trung tâm.
1062,trung tâm việt nhật có đào tạo tiếng nhật cho sinh viên không?,"Có, trung tâm tổ chức đào tạo tiếng Nhật theo các trình độ và theo nhu cầu doanh nghiệp."
1063,"ngoài tiếng nhật, trung tâm việt nhật còn đào tạo kỹ năng gì?","Đào tạo kỹ năng mềm, tác phong kỹ năng công nghiệp và văn hóa Nhật Bản."
1064,trung tâm việt nhật hỗ trợ sinh viên tìm kiếm việc làm như thế nào?,"Tư vấn hướng nghiệp, giới thiệu việc làm và làm cầu nối giới thiệu thực tập tại doanh nghiệp Nhật."
1065,sinh viên muốn tư vấn du học nhật bản thì liên hệ đơn vị nào?,"Trung tâm Việt Nhật tư vấn du học tại các trường tiếng, đại học, cao đẳng và trường nghề của Nhật Bản."
1066,văn phòng đảng ủy trường nằm ở đâu?,"Phòng A1.1001 (tầng 1), Tòa nhà trung tâm."
1067,văn phòng đảng ủy trường phụ trách những công tác gì?,Quản lý công tác Đảng vụ và hồ sơ Đảng viên tại trường.
1068,văn phòng đoàn trường và hội sinh viên trường nằm ở đâu?,"Khu A, cạnh Thư viện."
1069,đoàn trường và hội sinh viên trường quản lý những loại hồ sơ nào?,Quản lý hồ sơ Đoàn viên và Hội viên Hội sinh viên.
1070,đoàn trường và hội sinh viên có hỗ trợ sinh viên về vấn đề rèn luyện không?,"Có, hỗ trợ sinh viên thực hiện rèn luyện, tu dưỡng và phát triển Đảng Cộng sản Việt Nam."
1071,các hoạt động tình nguyện của sinh viên do đơn vị nào tổ chức?,Đoàn trường và Hội Sinh viên trường.
1072,địa chỉ website của đoàn trường là gì?,https://tuoitre.hcmute.edu.vn/.
1073,email liên hệ của hội sinh viên trường là gì?,hoisinhvien@hcmute.edu.vn.
1074,số điện thoại liên hệ của văn phòng đoàn trường là bao nhiêu?,028.3896.3043 hoặc 028.3722.1223 (ext. 8540).
1075,trung tâm dạy học số có hotline hỗ trợ qua zalo không?,"Có, hotline call/Zalo: 0911910489."
1076,làm sao để liên hệ với trung tâm việt nhật qua điện thoại?,Sinh viên gọi số: 0963.512.513 hoặc 0934.1818.13.
1077,trung tâm tin học có fanpage chính thức không?,"Có, fanpage là: https://www.facebook.com/tinhocsuphamkythuat."
1078,văn phòng khoa điện - điện tử nằm ở đâu?,Văn phòng khoa tọa lạc tại tầng trệt Khu D.
1079,website chính thức của khoa điện - điện tử là gì?,Bạn có thể truy cập website tại địa chỉ: https://feee.hcmute.edu.vn/
1080,thông tin liên hệ điện thoại và email của khoa điện - điện tử như thế nào?,"Số điện thoại: 028 3896 0985 hoặc 028 3722 1223 (ext. 8300).
Email: kddt@hcmute.edu.vn."
1081,khoa điện - điện tử quản lý những ngành đào tạo nào?,"Khoa quản lý các ngành: Công nghệ kỹ thuật (CNKT) Điện, Điện tử; CNKT Điện tử - Viễn thông; CNKT Máy tính; CNKT Điều khiển và Tự động hóa; Kỹ thuật y sinh (Điện tử y sinh); Hệ thống nhúng và IoT; Kỹ thuật Thiết kế vi mạch."
1082,địa chỉ group facebook dành cho sinh viên khoa điện - điện tử là gì?,Group Facebook sinh viên: https://www.facebook.com/groups/feee.hcmute/
1083,văn phòng khoa cơ khí chế tạo máy nằm ở đâu?,Văn phòng khoa tại E1.107 (tầng 1) Khu Công nghệ cao.
1084,website của khoa cơ khí chế tạo máy là gì?,Website chính thức: https://fme.hcmute.edu.vn/
1085,làm thế nào để liên hệ với khoa cơ khí chế tạo máy qua điện thoại và email?,"Điện thoại: 028 3896 0986 hoặc 028 3722 1223 (ext. 8320).
Email: kckctm@hcmute.edu.vn."
1086,các ngành đào tạo do khoa cơ khí chế tạo máy quản lý bao gồm những ngành nào?,"Các ngành bao gồm: Công nghệ chế tạo máy, CNKT cơ điện tử, CNKT cơ khí, Robot và trí tuệ nhân tạo, Kỹ thuật công nghiệp, Kỹ nghệ gỗ và nội thất."
1087,fanpage và group facebook của khoa cơ khí chế tạo máy là gì?,"Fanpage: https://www.facebook.com/CKMSPKT.
Group Facebook: https://www.facebook.com/groups/1888349417898670."
1088,văn phòng khoa kinh tế nằm ở vị trí nào?,"Văn phòng khoa tại Phòng A1.306 (tầng 3), Tòa nhà trung tâm."
1089,địa chỉ website và email liên hệ của khoa kinh tế là gì?,"Website: https://fe.hcmute.edu.vn/.
Email: kkt@hcmute.edu.vn."
1090,số điện thoại liên lạc của khoa kinh tế là số nào?,Số điện thoại: 028 3722 5551 hoặc 028 3722 1223 (ext. 8390).
1091,khoa kinh tế hiện đang quản lý những ngành học nào?,"Khoa quản lý: Quản lý công nghiệp, Kế toán, Thương mại điện tử, Logistics và quản lý chuỗi cung ứng, Kinh doanh Quốc tế, Quản trị Kinh doanh, Công nghệ tài chính."
1092,địa chỉ fanpage chính thức của khoa kinh tế là gì?,Fanpage: https://www.facebook.com/khoakinhte.dhspkttphcm
1093,văn phòng khoa xây dựng nằm ở đâu?,"Văn phòng khoa tại Phòng A1.1004 (tầng 10), Tòa nhà trung tâm."
1094,khoa xây dựng có những kênh liên lạc trực tuyến nào?,"Website: https://fce.hcmute.edu.vn/.
Email: fce@hcmute.edu.vn.
Zalo: 0837727679."
1095,số điện thoại của khoa xây dựng là bao nhiêu?,Điện thoại: 028 3897 2092 hoặc 028 3722 1223 (ext. 8290).
1096,danh sách các ngành đào tạo thuộc khoa xây dựng quản lý là gì?,"Các ngành: CNKT công trình xây dựng, KT xây dựng công trình giao thông, Quản lý xây dựng, Hệ thống kỹ thuật công trình XD, Quản lý và vận hành hạ tầng, Kiến trúc, Kiến trúc nội thất."
1097,link fanpage của khoa xây dựng là gì?,Fanpage: https://www.facebook.com/khoaxaydungHCMUTE
1098,văn phòng khoa cơ khí động lực nằm ở địa chỉ nào?,"Văn phòng khoa tại Phòng F1.209 (tầng 2), Tòa nhà F1."
1099,thông tin website và fanpage của khoa cơ khí động lực là gì?,"Website: https://fae.hcmute.edu.vn/.
 Fanpage: https://www.facebook.com/ckdl.hcmute/"
1100,số điện thoại liên hệ của khoa cơ khí động lực là số nào?,Điện thoại: 028 3896 4921 hoặc 028 37221 223 (ext. 8340).
1101,khoa cơ khí động lực quản lý các ngành đào tạo nào?,"Khoa quản lý 03 ngành: CNKT ô tô, CNKT nhiệt, Năng lượng tái tạo."
1102,văn phòng khoa công nghệ thông tin nằm ở đâu?,"Văn phòng khoa tại Phòng A1.304 (tầng 3), Tòa nhà trung tâm."
1103,website và email của khoa công nghệ thông tin là gì?,"Website: https://fit.hcmute.edu.vn/.
Email: kcntt@hcmute.edu.vn."
1104,số điện thoại liên hệ của khoa công nghệ thông tin là số nào?,Điện thoại: 028 3722 1223 (nhánh 8370).
1105,khoa công nghệ thông tin quản lý những ngành nào?,"Khoa quản lý các ngành: Công nghệ thông tin, An toàn thông tin, Kỹ thuật dữ liệu."
1106,fanpage và group sinh viên của khoa công nghệ thông tin là gì?,"Fanpage: https://www.facebook.com/fit.hcmute.edu.vn.
Group Facebook sinh viên: https://www.facebook.com/DoanHoiITUTE."
1107,văn phòng khoa công nghệ hóa học và thực phẩm nằm ở vị trí nào?,"Văn phòng khoa tại Phòng A1.802 (tầng 8), Tòa nhà trung tâm."
1108,website và email của khoa công nghệ hóa học và thực phẩm là gì?,"Website: https://fcft.hcmute.edu.vn/.
Email: kcnhtp@hcmute.edu.vn."
1109,số điện thoại liên hệ của khoa công nghệ hóa học và thực phẩm là số nào?,Điện thoại: 028 3722 1223 (ext. 8400).
1110,các ngành và chương trình đào tạo do khoa công nghệ hóa học và thực phẩm quản lý là gì?,"Bao gồm: CNKT Môi trường, CN Thực phẩm, CNKT Hóa học, CTĐT Khoa học Thực phẩm và Dinh Dưỡng, CTĐT Môi trường và Phát triển bền vững."
1111,kênh mạng xã hội của khoa công nghệ hóa học và thực phẩm gồm những gì?,"Fanpage: https://www.facebook.com/profile.php?id=100037219946109.
Group Facebook SV: https://www.facebook.com/groups/hcmutekhoacnhhtp/"
1112,văn phòng khoa thời trang và du lịch nằm ở đâu?,Văn phòng khoa tại Khu A (đối diện cửa Hội trường lớn).
1113,website và email của khoa thời trang và du lịch là gì?,"Website: https://fgtfd.hcmute.edu.vn/
Email: fft@hcmute.edu.vn."
1114,số điện thoại của khoa thời trang và du lịch là số nào?,Điện thoại: 028 3896 6840 hoặc 028 3722 1223 (ext. 8380).
1115,khoa thời trang và du lịch quản lý những ngành đào tạo nào?,"Khoa quản lý: Công nghệ may, Thiết kế thời trang, Quản trị Nhà hàng và dịch vụ ăn uống."
1116,fanpage và group sinh viên của khoa thời trang và du lịch là gì?,"Fanpage: https://www.facebook.com/khoattdl.
Group Facebook sinh viên: https://www.facebook.com/groups/1747357462143311/"
1117,văn phòng khoa ngoại ngữ nằm ở vị trí nào?,"Văn phòng khoa tại Phòng F1.308 (tầng 3), Tòa nhà F1."
1118,website và email của khoa ngoại ngữ là gì?,"Website: https://ffl.hcmute.edu.vn/.
Email: knn@hcmute.edu.vn."
1119,số điện thoại liên hệ của khoa ngoại ngữ là số nào?,Điện thoại: 028 38722 5550 hoặc 028 3722 1223 (ext. 8250).
1120,khoa ngoại ngữ quản lý các ngành đào tạo nào?,Khoa quản lý 02 ngành: Sư phạm tiếng Anh và Ngôn ngữ Anh.
1121,fanpage chính thức của khoa ngoại ngữ là gì?,Fanpage: https://www.facebook.com/dhspkt.khoangoaingu
1122,văn phòng khoa đào tạo quốc tế nằm ở đâu?,"Văn phòng khoa tại Phòng F1.707 (tầng 7), Tòa nhà F1."
1123,thông tin liên hệ trực tuyến của khoa đào tạo quốc tế như thế nào?,"Website: https://fie.hcmute.edu.vn/.
Email: fie@hcmute.edu.vn.
Fanpage: https://www.facebook.com/DaoTaoQuocTeSPKT"
1124,số điện thoại của khoa đào tạo quốc tế là số nào?,Điện thoại: 028 3722 5221 hoặc 028 3722 1223 (ext. 8440).
1125,khoa đào tạo quốc tế quản lý các ngành thuộc chương trình đào tạo nào?,Khoa quản lý các ngành thuộc Chương trình Đào tạo chất lượng cao tiếng Anh.
1126,liệt kê các ngành đào tạo chất lượng cao tiếng anh do khoa đào tạo quốc tế quản lý?,"Gồm: CNKT Điện-Điện tử, CNKT Điện tử-Viễn thông, CNKT Máy tính, CNKT Điều khiển-Tự động hóa, CN Chế tạo máy, CNKT Cơ điện tử, CNKT Cơ khí, CNKT Công trình xây dựng, CNKT Ô tô, CNKT Nhiệt, Công nghệ thông tin, Quản lý công nghiệp, Công nghệ thực phẩm, CTĐT Cơ khí-Tự động hóa."
1127,văn phòng khoa in và truyền thông nằm ở đâu?,"Văn phòng khoa tại Phòng A1.903 và A1.904 (tầng 9), Tòa nhà trung tâm."
1128,website và email của khoa in và truyền thông là gì?,"Website: https://fgam.hcmute.edu.vn/.
Email: kitt@hcmute.edu.vn."
1129,số điện thoại liên hệ của khoa in và truyền thông là số nào?,Điện thoại: 028 3896 9339 hoặc 028 3722 1223 (ext. 8360).
1130,khoa in và truyền thông quản lý những ngành đào tạo nào?,"Các ngành: Công nghệ kỹ thuật In, Thiết kế Đồ họa, Công nghệ truyền thông (Truyền thông số và Công nghệ Đa phương tiện)."
1131,địa chỉ fanpage của khoa in và truyền thông là gì?,Fanpage: https://www.facebook.com/ktispkt
1132,văn phòng khoa khoa học ứng dụng nằm ở đâu?,"Văn phòng khoa tại Phòng A1.404 (tầng 4), Tòa nhà trung tâm."
1133,thông tin website và email của khoa khoa học ứng dụng là gì?,"Website: https://fas.hcmute.edu.vn/.
Email: kkhud@hcmute.edu.vn."
1134,số điện thoại của khoa khoa học ứng dụng là bao nhiêu?,Điện thoại: 028 3722 1223 (ext. 8820).
1135,khoa khoa học ứng dụng quản lý những ngành học nào?,Khoa quản lý ngành Công nghệ Vật liệu và ngành Vật lý Kỹ thuật.
1136,vai trò chính của khoa khoa học ứng dụng trong toàn trường là gì?,Khoa quản lý và giảng dạy các môn Khoa học cơ bản trong toàn trường.
1137,fanpage chính thức của khoa khoa học ứng dụng là gì?,Fanpage: https://www.facebook.com/appliedsciences
1138,văn phòng khoa chính trị và luật nằm ở đâu?,"Văn phòng khoa tại Phòng A1.906 (tầng 9), Tòa nhà trung tâm."
1139,website và email của khoa chính trị và luật là gì?,"Website: https://fpi.hcmute.edu.vn/.
Email: kctl@hcmute.edu.vn."
1140,số điện thoại liên hệ của khoa chính trị và luật là số nào?,Điện thoại: 028 3722 1223 (ext. 8260).
1141,khoa chính trị và luật quản lý ngành học nào?,Khoa quản lý ngành Luật.
1142,khoa chính trị và luật đảm nhận giảng dạy những môn học nào?,"Quản lý và giảng dạy các môn Khoa học lý luận chính trị, Khoa học Xã hội và nhân văn."
1143,các kênh facebook của khoa chính trị và luật là gì?,"Fanpage: https://www.facebook.com/khoactvl.hcmute.
Group Facebook sinh viên: https://www.facebook.com/fplhcmute"
1144,văn phòng viện sư phạm kỹ thuật nằm ở địa chỉ nào?,"Văn phòng tại Phòng A1.805 (tầng 8), Tòa nhà trung tâm."
1145,thông tin website và email của viện sư phạm kỹ thuật là gì?,"Website: https://ite.hcmute.edu.vn/.
Email: vienspkt@hcmute.edu.vn."
1146,làm thế nào để liên hệ trực tiếp với viện sư phạm kỹ thuật qua điện thoại?,Liên hệ qua số điện thoại: 0935330883 (cô Nguyễn Thị Kim Oanh).
1147,viện sư phạm kỹ thuật quản lý những ngành đào tạo nào?,Viện quản lý ngành Sư phạm Công nghệ và ngành Tâm lý học Giáo dục.
1148,địa chỉ fanpage của viện sư phạm kỹ thuật là gì?,Fanpage: https://www.facebook.com/ITE.STEM
