sentence1,sentence2,faq_id
người viết bức thông điệp chào mừng sinh viên lớp 2025 là ai vậy?,bức thư gửi tân sinh viên khóa 2025 là của ai?,1
ai đã soạn thảo lá thư dành riêng cho tân sinh viên khóa 2025?,bức thư gửi tân sinh viên khóa 2025 là của ai?,1
tác giả của văn bản gửi đến các bạn sinh viên năm 2025 là ai?,bức thư gửi tân sinh viên khóa 2025 là của ai?,1
tôi muốn biết người khởi xướng bức thư cho sinh viên khóa 2025 là ai.,bức thư gửi tân sinh viên khóa 2025 là của ai?,1
người được gửi thư là ai?,đối tượng nhận thư là ai?,2
ai là người tiếp nhận bức thư này?,đối tượng nhận thư là ai?,2
mục tiêu nhận thư là ai vậy?,đối tượng nhận thư là ai?,2
bạn muốn biết ai nhận được lá thư?,đối tượng nhận thư là ai?,2
mái nhà chung trường đại học sư phạm kỹ thuật tp. hồ chí minh được gọi thân thương là gì?,tên gọi thân thương của mái nhà chung trường đại học sư phạm kỹ thuật tp. hồ chí minh là gì?,3
vậy cái tên gọi gần gũi dành cho ngôi trường sư phạm kỹ thuật thành phố hồ chí minh là tên gì?,tên gọi thân thương của mái nhà chung trường đại học sư phạm kỹ thuật tp. hồ chí minh là gì?,3
chúng ta thường gọi thân mật mái trường đại học sư phạm kỹ thuật tp. hồ chí minh bằng cái tên nào?,tên gọi thân thương của mái nhà chung trường đại học sư phạm kỹ thuật tp. hồ chí minh là gì?,3
tên gọi trìu mến gắn liền với đại học sư phạm kỹ thuật tp. hồ chí minh là gì?,tên gọi thân thương của mái nhà chung trường đại học sư phạm kỹ thuật tp. hồ chí minh là gì?,3
việc trở thành sinh viên của trường đhqg tp.hcm mang lại giá trị gì cho các bạn?,việc chọn học tại hcmute có ý nghĩa như thế nào đối với sinh viên?,4
làm sao để hiểu rõ tầm quan trọng của việc đăng ký học tại hutech đối với sinh viên?,việc chọn học tại hcmute có ý nghĩa như thế nào đối với sinh viên?,4
có thể giải thích ý nghĩa ra sao khi chọn con đường học tập ở hutech?,việc chọn học tại hcmute có ý nghĩa như thế nào đối với sinh viên?,4
những lợi ích và giá trị nào mà sinh viên sẽ nhận được khi theo học tại nơi này?,việc chọn học tại hcmute có ý nghĩa như thế nào đối với sinh viên?,4
bộ chính trị với nghị quyết 71-nq/tw đã nêu rõ định hướng gì cho công tác giáo dục?,nghị quyết 71-nq/tw của bộ chính trị khẳng định điều gì về giáo dục?,5
theo nghị quyết 71-nq/tw của bộ chính trị thì giáo dục được định vị như thế nào?,nghị quyết 71-nq/tw của bộ chính trị khẳng định điều gì về giáo dục?,5
những nội dung cốt lõi về lĩnh vực giáo dục trong nghị quyết 71-nq/tw của bộ chính trị là gì?,nghị quyết 71-nq/tw của bộ chính trị khẳng định điều gì về giáo dục?,5
nghị quyết 71-nq/tw của bộ chính trị đã nhấn mạnh điều gì liên quan đến ngành giáo dục?,nghị quyết 71-nq/tw của bộ chính trị khẳng định điều gì về giáo dục?,5
vậy những người trẻ ngày nay cần đảm nhận trách nhiệm gì trong vai trò của mình?,sứ mệnh đặc biệt đặt lên vai thế hệ trẻ hiện nay là gì?,6
công việc quan trọng mà giới trẻ hiện tại phải gánh vác là nhiệm vụ nào?,sứ mệnh đặc biệt đặt lên vai thế hệ trẻ hiện nay là gì?,6
những gì mà xã hội kỳ vọng vào thanh thiếu niên lúc này chính là điều gì?,sứ mệnh đặc biệt đặt lên vai thế hệ trẻ hiện nay là gì?,6
vai trò đặc biệt mà thế hệ trẻ cần nhận lấy hiện nay là nhiệm vụ gì?,sứ mệnh đặc biệt đặt lên vai thế hệ trẻ hiện nay là gì?,6
điều gì phân định rõ nét nhất giữa học đại học và học phổ thông?,sự khác biệt lớn nhất giữa bậc đại học và bậc phổ thông là gì?,7
yếu tố nào tạo nên khoảng cách lớn nhất giữa bậc phổ thông và bậc đại học?,sự khác biệt lớn nhất giữa bậc đại học và bậc phổ thông là gì?,7
"giữa hai cấp học phổ thông và đại học, điểm khác biệt nổi bật nhất là gì?",sự khác biệt lớn nhất giữa bậc đại học và bậc phổ thông là gì?,7
phân biệt lớn nhất nằm ở đâu giữa chương trình phổ thông và chương trình đại học?,sự khác biệt lớn nhất giữa bậc đại học và bậc phổ thông là gì?,7
mục đích học tập mà tân sinh viên nên đặt ra vào đầu năm nhất là gì?,sinh viên cần xác lập những mục tiêu nào khi bắt đầu năm thứ nhất?,8
những định hướng nào cần được hình thành ngay khi bước chân vào năm thứ nhất?,sinh viên cần xác lập những mục tiêu nào khi bắt đầu năm thứ nhất?,8
"khi mới nhập học, học sinh cần tự đặt ra những chỉ số thành công ra sao?",sinh viên cần xác lập những mục tiêu nào khi bắt đầu năm thứ nhất?,8
"vào thời điểm khởi đầu năm thứ nhất, sinh viên phải xác định những hướng đi cụ thể như thế nào?",sinh viên cần xác lập những mục tiêu nào khi bắt đầu năm thứ nhất?,8
hành động cụ thể nào giúp ta điều hành được các mục đích riêng tư?,cách thức cụ thể để quản lý mục tiêu cá nhân là gì?,9
làm thế nào để thực hiện việc kiểm soát những định hướng cá nhân một cách rõ ràng?,cách thức cụ thể để quản lý mục tiêu cá nhân là gì?,9
mục đích cá nhân được quản lý như thế nào trong thực tế?,cách thức cụ thể để quản lý mục tiêu cá nhân là gì?,9
những phương pháp chi tiết nào hỗ trợ bạn vận hành tốt các nguyện vọng riêng?,cách thức cụ thể để quản lý mục tiêu cá nhân là gì?,9
điểm số ở bậc đại học thực sự muốn nói lên điều gì?,ý nghĩa thực sự của điểm số ở bậc đại học là gì?,10
chúng ta cần hiểu rõ bản chất của con số điểm sinh viên có được ra sao?,ý nghĩa thực sự của điểm số ở bậc đại học là gì?,10
giá trị cốt lõi mà một thành tích học tập đại học mang lại là gì?,ý nghĩa thực sự của điểm số ở bậc đại học là gì?,10
làm thế nào để định nghĩa đúng về điểm số trong môi trường đại học?,ý nghĩa thực sự của điểm số ở bậc đại học là gì?,10
sinh viên học đại học rốt cuộc là để đạt được điều gì?,mục tiêu của việc học đại học là gì?,11
việc theo đuổi bậc đại học nhằm hướng tới mục đích như thế nào?,mục tiêu của việc học đại học là gì?,11
giá trị cốt lõi của việc tham gia học tại trường đại học nằm ở đâu?,mục tiêu của việc học đại học là gì?,11
làm thế nào để định nghĩa mục đích của hành trình học đại học?,mục tiêu của việc học đại học là gì?,11
việc xác định được đích đến cụ thể sẽ hỗ trợ thế nào cho việc học của học sinh?,một mục tiêu rõ ràng giúp ích gì cho sinh viên trong quá trình học tập?,12
làm sao mục đích học tập minh bạch lại mang lại lợi ích cho người đi học?,một mục tiêu rõ ràng giúp ích gì cho sinh viên trong quá trình học tập?,12
"khi đã biết rõ cần đạt được điều gì, sinh viên sẽ được giúp đỡ như thế nào trong hành trình kiến thức?",một mục tiêu rõ ràng giúp ích gì cho sinh viên trong quá trình học tập?,12
một chỉ tiêu cụ thể đóng góp ra sao vào quá trình đào tạo của tân sinh viên?,một mục tiêu rõ ràng giúp ích gì cho sinh viên trong quá trình học tập?,12
điểm then chốt trong phương thức tiếp thu kiến thức tại bậc đại học nằm ở đâu?,mấu chốt của phương pháp học đại học hiệu quả là gì?,13
yếu tố quan trọng nhất giúp việc học đại học đạt hiệu quả cao là cái gì?,mấu chốt của phương pháp học đại học hiệu quả là gì?,13
bí quyết để học tốt ở trường đại học thực sự là gì?,mấu chốt của phương pháp học đại học hiệu quả là gì?,13
vậy điều gì mới là trung tâm của cách học đại học thành công?,mấu chốt của phương pháp học đại học hiệu quả là gì?,13
"trước khi bước chân vào lớp, học trò cần chuẩn bị những thứ gì?",sinh viên nên chuẩn bị gì trước khi đến lớp?,14
những vật dụng hay tài liệu nào cần được mang theo trước giờ lên lớp?,sinh viên nên chuẩn bị gì trước khi đến lớp?,14
"để sẵn sàng cho buổi học, người học nên trang bị gì trước?",sinh viên nên chuẩn bị gì trước khi đến lớp?,14
"bên cạnh việc đến lớp, sinh viên cần chuẩn bị sẵn sàng điều gì?",sinh viên nên chuẩn bị gì trước khi đến lớp?,14
công việc nào phải hoàn thành ngay sau khi lớp học kết thúc?,những việc cần làm sau khi kết thúc buổi học là gì?,15
"sau khi tan lớp, bạn cần làm những gì?",những việc cần làm sau khi kết thúc buổi học là gì?,15
hoạt động cần thực hiện ngay sau buổi dạy kết thúc là những gì?,những việc cần làm sau khi kết thúc buổi học là gì?,15
"khi buổi học chấm dứt, điều gì phải được làm tiếp theo?",những việc cần làm sau khi kết thúc buổi học là gì?,15
"trong lĩnh vực học tập, chúng ta nên hình thành những tập quán tốt nào?",những thói quen tích cực nào cần được rèn luyện trong học tập?,16
loại hình sinh hoạt lành mạnh nào cần được trau dồi để phục vụ cho việc học?,những thói quen tích cực nào cần được rèn luyện trong học tập?,16
việc phát triển những hành vi tích cực gì là điều cần thiết khi đi học?,những thói quen tích cực nào cần được rèn luyện trong học tập?,16
"để học tập hiệu quả, hãy chỉ ra các phong cách làm việc tốt cần rèn giũa.",những thói quen tích cực nào cần được rèn luyện trong học tập?,16
phải làm gì để duy trì tính trung thực trong nghiên cứu học thuật?,làm thế nào để bảo đảm trung thực học thuật trong nghiên cứu?,17
phương án nào giúp đảm bảo sự chân thành khi tiến hành nghiên cứu?,làm thế nào để bảo đảm trung thực học thuật trong nghiên cứu?,17
làm thế nào để giữ gìn tính trung thực cho công trình nghiên cứu?,làm thế nào để bảo đảm trung thực học thuật trong nghiên cứu?,17
cần thực hiện những việc gì để bảo vệ sự trung thực trong quá trình nghiên cứu?,làm thế nào để bảo đảm trung thực học thuật trong nghiên cứu?,17
"để đạt được kết quả học tập tốt hơn, sinh viên cần tìm hiểu và áp dụng các công cụ số nào?",sinh viên nên sử dụng những công cụ số nào để tối ưu hiệu quả học tập?,18
"những ứng dụng hay phần mềm số nào là lựa chọn phù hợp để hỗ trợ công việc nghiên cứu của học sinh, sinh viên?",sinh viên nên sử dụng những công cụ số nào để tối ưu hiệu quả học tập?,18
làm thế nào để sinh viên có thể tận dụng các nền tảng công nghệ nhằm nâng cao hiệu suất trong quá trình học?,sinh viên nên sử dụng những công cụ số nào để tối ưu hiệu quả học tập?,18
cần trang bị những thiết bị số hay phần mềm gì để sinh viên làm việc và học tập hiệu quả hơn?,sinh viên nên sử dụng những công cụ số nào để tối ưu hiệu quả học tập?,18
những thành tố nào thường được so sánh với đôi đôi cánh trong việc giúp sinh viên hòa nhập?,"hai yếu tố nào được ví như ""đôi cánh"" để sinh viên hội nhập?",19
yếu tố gì được xem như cánh để người học có thể tham gia vào cộng đồng?,"hai yếu tố nào được ví như ""đôi cánh"" để sinh viên hội nhập?",19
hai điều kiện nào được ví là đôi cánh giúp sinh viên hòa nhập với xã hội?,"hai yếu tố nào được ví như ""đôi cánh"" để sinh viên hội nhập?",19
"để sinh viên hội nhập, hai nhân tố nào được ví như đôi cánh hỗ trợ?","hai yếu tố nào được ví như ""đôi cánh"" để sinh viên hội nhập?",19
phần kiến thức trọng tâm cần ưu tiên trong chương trình học ngoại ngữ là gì?,lộ trình học ngoại ngữ nên tập trung vào những nội dung gì?,20
làm sao để xác định được những chủ đề cốt lõi nên chú trọng khi học một ngôn ngữ mới?,lộ trình học ngoại ngữ nên tập trung vào những nội dung gì?,20
những khía cạnh nào đóng vai trò then chốt trong kế hoạch đào tạo ngoại ngữ?,lộ trình học ngoại ngữ nên tập trung vào những nội dung gì?,20
"khi bắt đầu hành trình chinh phục ngoại ngữ, vấn đề gì cần được đặt lên hàng đầu?",lộ trình học ngoại ngữ nên tập trung vào những nội dung gì?,20
sinh viên nên bắt đầu tiếp cận những kỹ năng số nền tảng nào?,những năng lực số cơ bản nào sinh viên cần làm quen?,21
những năng lực số cơ bản mà người học phải nắm bắt là gì?,những năng lực số cơ bản nào sinh viên cần làm quen?,21
cần tìm hiểu và làm quen với những khả năng số nào từ phía sinh viên?,những năng lực số cơ bản nào sinh viên cần làm quen?,21
loại kỹ năng số cơ bản nào mà sinh viên phải trải qua quá trình làm quen?,những năng lực số cơ bản nào sinh viên cần làm quen?,21
những tư duy nào phải trang bị khi làm việc với công cụ tự động hóa và khái niệm này định nghĩa ai?,tư duy cần có khi sử dụng công cụ tự động hóa và ai là gì?,22
"để vận hành công cụ tự động hóa cần những cách nghĩ thế nào, đồng thời ai được xem là chủ thể của nó?",tư duy cần có khi sử dụng công cụ tự động hóa và ai là gì?,22
ai là người nắm giữ tư duy cần thiết cho việc sử dụng công cụ tự động hóa và đó là những ý nghĩ gì?,tư duy cần có khi sử dụng công cụ tự động hóa và ai là gì?,22
"công cụ tự động hóa đòi hỏi người dùng cần có những quan niệm ra sao, và đối tượng cụ thể là ai?",tư duy cần có khi sử dụng công cụ tự động hóa và ai là gì?,22
môi trường hcmute định hướng đào tạo ra sao?,đặc điểm định hướng đào tạo của môi trường hcmute là gì?,23
những đặc điểm nào chi phối công tác đào tạo tại hcmute?,đặc điểm định hướng đào tạo của môi trường hcmute là gì?,23
hcmute tập trung vào những khía cạnh gì trong quá trình giáo dục?,đặc điểm định hướng đào tạo của môi trường hcmute là gì?,23
định hướng phát triển nguồn nhân lực của hcmute như thế nào?,đặc điểm định hướng đào tạo của môi trường hcmute là gì?,23
những địa phương nào mà sinh viên được phép tham gia vào hoạt động nghiên cứu khoa học?,sinh viên có thể tham gia nghiên cứu khoa học tại những khu vực nào?,24
ở đâu sinh viên có cơ hội được thực hiện các dự án nghiên cứu khoa học?,sinh viên có thể tham gia nghiên cứu khoa học tại những khu vực nào?,24
khu vực nào mở cửa cho sinh viên gia nhập công tác nghiên cứu khoa học?,sinh viên có thể tham gia nghiên cứu khoa học tại những khu vực nào?,24
sinh viên có thể lựa chọn những nơi nào để tiến hành nghiên cứu khoa học?,sinh viên có thể tham gia nghiên cứu khoa học tại những khu vực nào?,24
liệu những bạn sinh viên đang học năm đầu có được phép tham gia vào các hoạt động nghiên cứu hay không?,sinh viên năm thứ nhất có thể bắt đầu nghiên cứu khoa học không?,25
bạn trẻ mới vào đại học có cơ hội bắt tay làm việc với đề tài khoa học từ sớm không?,sinh viên năm thứ nhất có thể bắt đầu nghiên cứu khoa học không?,25
những ai là sinh viên năm nhất được khuyến khích bắt đầu tìm hiểu và tiến hành nghiên cứu khoa học?,sinh viên năm thứ nhất có thể bắt đầu nghiên cứu khoa học không?,25
có thể những người mới đi học năm thứ nhất đã triển khai các dự án nghiên cứu khoa học chưa?,sinh viên năm thứ nhất có thể bắt đầu nghiên cứu khoa học không?,25
những giá trị tích cực mà kỹ năng xử lý tình huống thực tế mang lại là gì?,lợi ích của năng lực giải quyết vấn đề thực tiễn là gì?,26
khả năng đối mặt và tháo gỡ vấn đề trong đời sống đem lại điều tốt đẹp nào?,lợi ích của năng lực giải quyết vấn đề thực tiễn là gì?,26
việc thành thạo giải quyết vấn đề thực tế sẽ hỗ trợ con người như thế nào?,lợi ích của năng lực giải quyết vấn đề thực tiễn là gì?,26
tác động tích cực của kỹ năng ứng xử linh hoạt trước khó khăn ra sao?,lợi ích của năng lực giải quyết vấn đề thực tiễn là gì?,26
nguồn gốc nào dẫn đến sự thành công lâu dài của các bạn sinh viên?,thành công bền vững của sinh viên bắt đầu từ đâu?,27
điểm khởi đầu cho thành quả bền vững của sinh viên nằm ở đâu?,thành công bền vững của sinh viên bắt đầu từ đâu?,27
những yếu tố nào khởi xướng cho hành trình thành công ổn định của sinh viên?,thành công bền vững của sinh viên bắt đầu từ đâu?,27
làm sao để tìm ra cội rễ của thành công trường tồn trong giới sinh viên?,thành công bền vững của sinh viên bắt đầu từ đâu?,27
sinh viên phải tuân thủ những nề nếp gì một cách nghiêm nhặt?,những thói quen kỷ luật nào sinh viên cần thực hiện nghiêm túc?,28
những hành vi nào được coi là kỷ luật cần sinh viên thực hiện nghiêm ngặt?,những thói quen kỷ luật nào sinh viên cần thực hiện nghiêm túc?,28
làm thế nào để sinh viên rèn luyện các thói quen kỷ luật một cách triệt để?,những thói quen kỷ luật nào sinh viên cần thực hiện nghiêm túc?,28
cần duy trì những quy tắc nào cho sinh viên để thể hiện sự nghiêm túc?,những thói quen kỷ luật nào sinh viên cần thực hiện nghiêm túc?,28
"ở hcmute, những việc gì đang bị cấm trong lĩnh vực học thuật?",những hành vi nào bị nghiêm cấm trong học thuật tại hcmute?,29
những hoạt động nào không được phép xảy ra trong môi trường nghiên cứu tại trường này?,những hành vi nào bị nghiêm cấm trong học thuật tại hcmute?,29
"tại hcmute, cái gì bị nghiêm khắc cấm đoán trong công tác học tập và nghiên cứu?",những hành vi nào bị nghiêm cấm trong học thuật tại hcmute?,29
những hành động nào là điều cấm kỵ đối với sinh viên hcmute trong quá trình học tập?,những hành vi nào bị nghiêm cấm trong học thuật tại hcmute?,29
sinh viên thuộc trường hcmute cần tuân thủ những chuẩn mực nào trong lối sống và ứng xử hàng ngày?,văn hóa ứng xử chuẩn mực của sinh viên hcmute bao gồm những gì?,30
những hành vi nào được coi là biểu hiện của văn hóa giao tiếp đúng đắn dành cho học viên tại trường hcmute?,văn hóa ứng xử chuẩn mực của sinh viên hcmute bao gồm những gì?,30
"khi nhắc đến các quy tắc ứng xử của sinh viên trường hcmute, chúng ta có thể liệt kê những điểm cốt lõi nào?",văn hóa ứng xử chuẩn mực của sinh viên hcmute bao gồm những gì?,30
bộ phận văn hóa ứng xử điển hình của bạn trẻ trường hcmute bao hàm những yếu tố gì?,văn hóa ứng xử chuẩn mực của sinh viên hcmute bao gồm những gì?,30
"trong cộng đồng, sinh viên trường hcmute giữ vị trí ra sao?",mỗi sinh viên hcmute đóng vai trò gì đối với cộng đồng?,31
sự đóng góp của các bạn sinh viên bách khoa vào đời sống chung như thế nào?,mỗi sinh viên hcmute đóng vai trò gì đối với cộng đồng?,31
hãy cho biết vai trò cụ thể của sinh viên hcmute đối với xã hội.,mỗi sinh viên hcmute đóng vai trò gì đối với cộng đồng?,31
cộng đồng nhận được gì từ những sinh viên trường hcmute?,mỗi sinh viên hcmute đóng vai trò gì đối với cộng đồng?,31
"về lĩnh vực pháp luật, nhà trường muốn học viên noi theo điều gì từ hiệu trưởng?",thầy hiệu trưởng mong muốn điều gì ở sinh viên về mặt pháp luật?,32
hiệu trưởng mong sinh viên phải tuân thủ những quy định nào trong khía cạnh luật pháp?,thầy hiệu trưởng mong muốn điều gì ở sinh viên về mặt pháp luật?,32
"trong vấn đề luật lệ, điều mà vị lãnh đạo trường kỳ vọng ở sinh viên là gì?",thầy hiệu trưởng mong muốn điều gì ở sinh viên về mặt pháp luật?,32
sinh viên cần đáp ứng tiêu chuẩn pháp lý nào theo nguyện vọng của người đứng đầu trường?,thầy hiệu trưởng mong muốn điều gì ở sinh viên về mặt pháp luật?,32
"trong kỷ nguyên số hóa, học trò nên phòng ngừa những mối hiểm họa gì?",sinh viên cần cảnh giác với những nguy cơ nào trong thời đại số?,33
những rủi ro nào mà sinh viên phải hết sức thận trọng khi sống trong môi trường mạng?,sinh viên cần cảnh giác với những nguy cơ nào trong thời đại số?,33
bạn hãy chỉ ra các mối đe dọa tiềm ẩn cần chú ý dành cho người trẻ thời đại công nghệ.,sinh viên cần cảnh giác với những nguy cơ nào trong thời đại số?,33
thời đại số mang lại những thách thức an ninh nào mà học sinh cần đề phòng?,sinh viên cần cảnh giác với những nguy cơ nào trong thời đại số?,33
sống có nề nếp và tuân thủ pháp luật sẽ giúp con người nhận được những lợi ích nào?,việc sống kỷ luật và thượng tôn pháp luật mang lại lợi ích gì?,34
khi nào một cuộc sống tuân theo quy định và kỷ luật lại trở thành nguồn lợi cho chính bản thân?,việc sống kỷ luật và thượng tôn pháp luật mang lại lợi ích gì?,34
những giá trị tích cực nào xuất hiện khi chúng ta rèn luyện tính kỷ luật và tôn trọng luật pháp?,việc sống kỷ luật và thượng tôn pháp luật mang lại lợi ích gì?,34
làm thế nào để thấy được phần thưởng của việc sống đúng luật và có chừng mực?,việc sống kỷ luật và thượng tôn pháp luật mang lại lợi ích gì?,34
vấn đề gì khiến sinh viên mới nhập học cảm thấy căng thẳng?,những áp lực nào có thể khiến tân sinh viên căng thẳng?,35
áp lực nào có thể gây stress cho các bạn vừa vào đại học?,những áp lực nào có thể khiến tân sinh viên căng thẳng?,35
những yếu tố nào dễ làm tân sinh viên bị áp lực tinh thần?,những áp lực nào có thể khiến tân sinh viên căng thẳng?,35
cái gì khiến sinh viên năm nhất phải đối mặt với căng thẳng?,những áp lực nào có thể khiến tân sinh viên căng thẳng?,35
phương pháp nào giúp duy trì thể trạng tốt nhất?,cách thức chăm sóc sức khỏe thể chất hiệu quả là gì?,36
làm thế nào để bảo vệ cơ thể một cách tối ưu?,cách thức chăm sóc sức khỏe thể chất hiệu quả là gì?,36
bí quyết gìn giữ sức khỏe vật chất ra sao?,cách thức chăm sóc sức khỏe thể chất hiệu quả là gì?,36
yếu tố then chốt để rèn luyện thân thể hiệu quả là gì?,cách thức chăm sóc sức khỏe thể chất hiệu quả là gì?,36
làm sao học trò có thể giữ vững tinh thần minh mẫn?,sinh viên cần làm gì để duy trì sức khỏe tinh thần tốt?,37
những việc cần làm của sinh viên nhằm bảo vệ tâm hồn khỏe mạnh là gì?,sinh viên cần làm gì để duy trì sức khỏe tinh thần tốt?,37
học sinh nên hành động ra sao để nuôi dưỡng đời sống nội tâm ổn định?,sinh viên cần làm gì để duy trì sức khỏe tinh thần tốt?,37
"để tâm trạng luôn vui vẻ, các bạn trẻ cần thực hiện điều gì?",sinh viên cần làm gì để duy trì sức khỏe tinh thần tốt?,37
biểu hiện của việc kiểm soát bản thân trên các trang mạng xã hội là gì?,kỷ luật khi sử dụng mạng xã hội được thể hiện như thế nào?,38
làm thế nào để nhận biết một người đang tự giác trong việc dùng mạng?,kỷ luật khi sử dụng mạng xã hội được thể hiện như thế nào?,38
dấu hiệu nào cho thấy người đó biết kiềm chế khi lướt web?,kỷ luật khi sử dụng mạng xã hội được thể hiện như thế nào?,38
hành vi tự chủ khi tương tác trên mạng xã hội trông ra sao?,kỷ luật khi sử dụng mạng xã hội được thể hiện như thế nào?,38
cơ quan tư vấn cũng như hỗ trợ cho sinh viên đặt tại địa điểm nào?,địa chỉ của văn phòng tư vấn và hỗ trợ sinh viên ở đâu?,39
vị trí của bộ phận giúp đỡ sinh viên là ở đâu?,địa chỉ của văn phòng tư vấn và hỗ trợ sinh viên ở đâu?,39
sinh viên sẽ tìm thấy văn phòng hỗ trợ tại đâu?,địa chỉ của văn phòng tư vấn và hỗ trợ sinh viên ở đâu?,39
nơi cung cấp các dịch vụ hỗ trợ sinh viên tọa lạc ở chỗ nào?,địa chỉ của văn phòng tư vấn và hỗ trợ sinh viên ở đâu?,39
sinh viên cần hiểu thế nào về tầm quan trọng của đời sống tâm lý?,vai trò của sức khỏe tinh thần đối với sinh viên là gì?,40
sức khỏe tâm lý đóng vai trò ra sao trong cuộc sống của bạn trẻ?,vai trò của sức khỏe tinh thần đối với sinh viên là gì?,40
"đối với sinh viên, đời sống tinh thần mang lại điều gì?",vai trò của sức khỏe tinh thần đối với sinh viên là gì?,40
yếu tố tâm lý ảnh hưởng thế nào đến sinh viên?,vai trò của sức khỏe tinh thần đối với sinh viên là gì?,40
những nhóm hoặc hội nhóm nào phù hợp để sinh viên trau dồi năng lực?,sinh viên có thể tham gia những tổ chức nào để rèn luyện kỹ năng?,41
làm sao để học viên phát triển kỹ năng thông qua các tập thể?,sinh viên có thể tham gia những tổ chức nào để rèn luyện kỹ năng?,41
loại hình tổ chức nào giúp sinh viên rèn luyện tay nghề được bạn cho biết?,sinh viên có thể tham gia những tổ chức nào để rèn luyện kỹ năng?,41
"để bồi dưỡng bản lĩnh, sinh viên nên gia nhập những đơn vị nào?",sinh viên có thể tham gia những tổ chức nào để rèn luyện kỹ năng?,41
"những hoạt động của đoàn, hội hay câu lạc bộ được tổ chức với mục tiêu gì?","mục đích của việc tham gia các hoạt động đoàn, hội, câu lạc bộ là gì?",42
"làm ra sao khi tham gia các nhóm đoàn, hội, câu lạc bộ?","mục đích của việc tham gia các hoạt động đoàn, hội, câu lạc bộ là gì?",42
"việc tham gia vào các câu lạc bộ, đoàn, hội nhằm mục đích gì?","mục đích của việc tham gia các hoạt động đoàn, hội, câu lạc bộ là gì?",42
"mục tiêu của việc gia nhập các tổ chức đoàn, hội, câu lạc bộ là gì?","mục đích của việc tham gia các hoạt động đoàn, hội, câu lạc bộ là gì?",42
những bài học gì mà sinh viên có thể rút ra khi tham gia công tác thiện nguyện?,sinh viên học được điều gì khi tham gia các phong trào tình nguyện?,43
"khi được hòa mình vào các phong trào tình nguyện, sinh viên sẽ tiếp thu được kiến thức và kinh nghiệm nào?",sinh viên học được điều gì khi tham gia các phong trào tình nguyện?,43
việc tham gia hoạt động xã hội giúp sinh viên nâng tầm nhận thức hay học hỏi được điều gì mới?,sinh viên học được điều gì khi tham gia các phong trào tình nguyện?,43
những giá trị tinh thần và kỹ năng nào sẽ được sinh viên tích lũy qua việc làm việc thiện?,sinh viên học được điều gì khi tham gia các phong trào tình nguyện?,43
vậy những bức ảnh tuyệt đẹp của sinh viên hcmute được mọi người gọi là gì?,hình ảnh đẹp của tuổi trẻ hcmute được mô tả như thế nào?,44
hãy cho biết cách diễn đạt về vẻ đẹp của tuổi trẻ trường hcmute trong hình ảnh.,hình ảnh đẹp của tuổi trẻ hcmute được mô tả như thế nào?,44
người ta có thể mô tả khung cảnh tươi sáng của các bạn trẻ hcmute ra sao?,hình ảnh đẹp của tuổi trẻ hcmute được mô tả như thế nào?,44
bức tranh toàn cảnh về thanh niên hcmute được định nghĩa như thế nào?,hình ảnh đẹp của tuổi trẻ hcmute được mô tả như thế nào?,44
cơ chế hỗ trợ sinh viên từ phía đơn vị giáo dục được triển khai bằng phương tiện gì?,nhà trường cam kết hỗ trợ sinh viên thông qua những hình thức nào?,45
những kênh nào mà trường học đảm bảo sẽ cung cấp trợ giúp cho học sinh?,nhà trường cam kết hỗ trợ sinh viên thông qua những hình thức nào?,45
đơn vị đào tạo hứa sẽ dùng các hình thức nào để giúp đỡ học trò?,nhà trường cam kết hỗ trợ sinh viên thông qua những hình thức nào?,45
trường đã cam kết mang lại sự giúp đỡ cho sinh viên qua con đường nào?,nhà trường cam kết hỗ trợ sinh viên thông qua những hình thức nào?,45
sinh viên có thể nhận được những hỗ trợ tư vấn gì từ phía nhà trường?,những dịch vụ tư vấn nào được nhà trường cung cấp cho sinh viên?,46
trường đang cung cấp các giải pháp tư vấn cho học viên như thế nào?,những dịch vụ tư vấn nào được nhà trường cung cấp cho sinh viên?,46
loại hình hỗ trợ cố vấn nào mà cơ sở đào tạo dành cho sinh viên hiện nay?,những dịch vụ tư vấn nào được nhà trường cung cấp cho sinh viên?,46
các dịch vụ cố vấn học tập mà trường cung ứng cho sinh viên gồm những gì?,những dịch vụ tư vấn nào được nhà trường cung cấp cho sinh viên?,46
nơi nào ẩn chứa then chốt quyết định cho thành tựu?,chìa khóa cuối cùng để đạt được thành công nằm ở đâu?,47
yếu tố then chốt nào là điều kiện cần để gặt hái chiến thắng?,chìa khóa cuối cùng để đạt được thành công nằm ở đâu?,47
làm thế nào để chạm đến đỉnh cao vinh quang nếu chưa tìm ra điểm mấu chốt?,chìa khóa cuối cùng để đạt được thành công nằm ở đâu?,47
điều gì là khởi điểm quan trọng nhất dẫn đến thắng lợi cuối cùng?,chìa khóa cuối cùng để đạt được thành công nằm ở đâu?,47
ông hiệu trưởng đặt niềm tin vào tân sinh viên khóa 2025 sẽ để lại dấu ấn thông qua những thành tích nào?,thầy hiệu trưởng tin tưởng tân sinh viên khóa 2025 sẽ ghi dấu bằng những thành tựu gì?,48
những thành tựu cụ thể nào sẽ giúp các bạn khóa 2025 không phụ lòng tin của nhà trường?,thầy hiệu trưởng tin tưởng tân sinh viên khóa 2025 sẽ ghi dấu bằng những thành tựu gì?,48
làm thế nào để tân sinh viên năm nay chứng minh được sự tin tưởng mà hiệu trưởng dành cho mình bằng các thành quả đạt được?,thầy hiệu trưởng tin tưởng tân sinh viên khóa 2025 sẽ ghi dấu bằng những thành tựu gì?,48
hiệu trưởng mong đợi những kết quả gì từ thế hệ mới này để xứng đáng với kỳ vọng?,thầy hiệu trưởng tin tưởng tân sinh viên khóa 2025 sẽ ghi dấu bằng những thành tựu gì?,48
young people must possess which traits to achieve success?,phẩm chất cần có của người trẻ để thành công là gì?,49
which characteristics define a successful young individual?,phẩm chất cần có của người trẻ để thành công là gì?,49
lời nhắn cuối cùng hiệu trưởng dành cho các bạn học sinh mới là điều gì?,thông điệp cuối cùng mà hiệu trưởng gửi đến tân sinh viên là gì?,50
hiệu trưởng muốn nhắn nhủ điều cuối cùng đến tân sinh viên như thế nào?,thông điệp cuối cùng mà hiệu trưởng gửi đến tân sinh viên là gì?,50
chúng ta sẽ biết được thông tin cuối cùng của hiệu trưởng gửi tân sinh viên ra sao?,thông điệp cuối cùng mà hiệu trưởng gửi đến tân sinh viên là gì?,50
nội dung cuối cùng mà hiệu trưởng muốn gửi tới tân sinh viên là gì?,thông điệp cuối cùng mà hiệu trưởng gửi đến tân sinh viên là gì?,50
ai đang đảm nhiệm cương vị giám đốc trường đại học sư phạm kỹ thuật tp. hồ chí minh?,hiệu trưởng của trường đại học sư phạm kỹ thuật tp. hồ chí minh là ai?,51
nhà quản lý đứng đầu của cơ sở đào tạo này tại tp. hồ chí minh là ai?,hiệu trưởng của trường đại học sư phạm kỹ thuật tp. hồ chí minh là ai?,51
vị lãnh đạo của trường cao đẳng kỹ thuật sư phạm thành phố hồ chí minh ai chính?,hiệu trưởng của trường đại học sư phạm kỹ thuật tp. hồ chí minh là ai?,51
tên của người đứng đầu trường sư phạm kỹ thuật tp. hồ chí minh là gì?,hiệu trưởng của trường đại học sư phạm kỹ thuật tp. hồ chí minh là ai?,51
ký hiệu hcmute thực chất là viết tắt của tổ chức hay trường nào?,hcmute là viết tắt của đơn vị nào?,52
có thể cho biết hcmute là từ viết tắt chỉ đơn vị gì không?,hcmute là viết tắt của đơn vị nào?,52
"khi nói đến hcmute, người ta đang chỉ đến tên tắt của đơn vị nào?",hcmute là viết tắt của đơn vị nào?,52
hãy chỉ rõ hcmute là viết tắt của tổ chức nào trong số các đơn vị sau?,hcmute là viết tắt của đơn vị nào?,52
tài liệu đã nêu tên chính thức của trường học là gì?,tên gọi đầy đủ của nhà trường được đề cập trong tài liệu là gì?,53
trường được nhắc đến trong văn bản có tên đầy đủ ra sao?,tên gọi đầy đủ của nhà trường được đề cập trong tài liệu là gì?,53
tên chính xác của cơ sở giáo dục này được ghi trong tài liệu là gì?,tên gọi đầy đủ của nhà trường được đề cập trong tài liệu là gì?,53
"trong văn bản, họ gọi tên toàn bộ trường học như thế nào?",tên gọi đầy đủ của nhà trường được đề cập trong tài liệu là gì?,53
cơ sở nào đã hình thành nên trường đại học sư phạm kỹ thuật thành phố hồ chí minh hiện nay?,tiền thân của trường đại học sư phạm kỹ thuật thành phố hồ chí minh là gì?,54
"trước khi trở thành trường đại học sư phạm kỹ thuật thành phố hồ chí minh, nó mang tên gì?",tiền thân của trường đại học sư phạm kỹ thuật thành phố hồ chí minh là gì?,54
trường đại học sư phạm kỹ thuật thành phố hồ chí minh đã xuất phát từ tổ chức giáo dục nào?,tiền thân của trường đại học sư phạm kỹ thuật thành phố hồ chí minh là gì?,54
đơn vị tiền nhiệm của trường đại học sư phạm kỹ thuật thành phố hồ chí minh là trường nào?,tiền thân của trường đại học sư phạm kỹ thuật thành phố hồ chí minh là gì?,54
tổ chức đào tạo chuyên ngành kỹ thuật này đã có mặt từ khi nào?,ban cao đẳng sư phạm kỹ thuật được thành lập vào ngày tháng năm nào?,55
thời điểm ra đời của trường trung cấp nghề thuộc lĩnh vực kỹ thuật là lúc nào?,ban cao đẳng sư phạm kỹ thuật được thành lập vào ngày tháng năm nào?,55
ai là người thành lập cơ sở giáo dục nghề dạy kỹ thuật và vào năm tháng nào?,ban cao đẳng sư phạm kỹ thuật được thành lập vào ngày tháng năm nào?,55
sự kiện thành lập cơ quan công lập dạy nghề kỹ thuật diễn ra vào khoảng thời gian nào?,ban cao đẳng sư phạm kỹ thuật được thành lập vào ngày tháng năm nào?,55
tên gọi mới của trường đại học sư phạm kỹ thuật thành phố hồ chí minh là gì sau khi chuyển đổi nhân ngày 21/09/1972?,"vào ngày 21/09/1972, trường đại học sư phạm kỹ thuật thành phố hồ chí minh được đổi tên thành gì?",56
"sau sự kiện ngày 21/9/1972, tổ chức này tại tp.hcm đã được đặt tên là gì?","vào ngày 21/09/1972, trường đại học sư phạm kỹ thuật thành phố hồ chí minh được đổi tên thành gì?",56
bạn có biết tên gọi mới của cơ sở giáo dục kỹ thuật sư phạm ở sài gòn vào cuối tháng 9 năm 1972 không?,"vào ngày 21/09/1972, trường đại học sư phạm kỹ thuật thành phố hồ chí minh được đổi tên thành gì?",56
kết quả đặt tên mới cho trường dạy nghề sư phạm tại đô thị lớn vào ngày 21/9/1972 là gì?,"vào ngày 21/09/1972, trường đại học sư phạm kỹ thuật thành phố hồ chí minh được đổi tên thành gì?",56
cái tên chính thức của cơ sở đào tạo kỹ thuật sư phạm tại thành phố hồ chí minh năm 1974 là gì?,tên gọi của trường đại học sư phạm kỹ thuật thành phố hồ chí minh vào năm 1974 là gì?,57
"năm 1974, trường dạy nghề sư phạm ở sài gòn mang danh xưng cụ thể nào?",tên gọi của trường đại học sư phạm kỹ thuật thành phố hồ chí minh vào năm 1974 là gì?,57
hãy cho biết đơn vị giáo dục về kỹ thuật và sư phạm tại tp.hcm có tên gọi ra sao vào thời điểm 1974.,tên gọi của trường đại học sư phạm kỹ thuật thành phố hồ chí minh vào năm 1974 là gì?,57
trường chuyên môn sư phạm kỹ thuật tại miền nam vào năm 1974 được đặt tên là gì?,tên gọi của trường đại học sư phạm kỹ thuật thành phố hồ chí minh vào năm 1974 là gì?,57
đơn vị quản lý nào đã bao gồm trường đại học giáo dục thủ đức khi nó được thành lập vào năm 1974?,trường đại học giáo dục thủ đức là thành viên của đơn vị nào vào năm 1974?,58
"vào thời điểm 1974, tổ chức nào coi trường này là một đơn vị thành viên của mình?",trường đại học giáo dục thủ đức là thành viên của đơn vị nào vào năm 1974?,58
"năm 1974, ai là chủ quản trực tiếp đối với trường đại học giáo dục thủ đức?",trường đại học giáo dục thủ đức là thành viên của đơn vị nào vào năm 1974?,58
đơn vị nào đã có trường đại học giáo dục thủ đức làm thành viên vào năm 1974?,trường đại học giáo dục thủ đức là thành viên của đơn vị nào vào năm 1974?,58
"năm 1974, trường đh giáo dục thủ đức đóng vai trò thành viên thứ mấy trong hệ thống viện đại học bách khoa thủ đức?","năm 1974, trường đại học giáo dục thủ đức là một trong bao nhiêu thành viên của viện đại học bách khoa thủ đức?",59
"trong bối cảnh năm 1974, viện đại học bách khoa thủ đức bao gồm bao nhiêu đơn vị mà trường đh giáo dục thủ đức là một phần?","năm 1974, trường đại học giáo dục thủ đức là một trong bao nhiêu thành viên của viện đại học bách khoa thủ đức?",59
khi nào trường đh giáo dục thủ đức trở thành thành viên của viện đại học bách khoa thủ đức và lúc đó có bao nhiêu trường cùng tham gia?,"năm 1974, trường đại học giáo dục thủ đức là một trong bao nhiêu thành viên của viện đại học bách khoa thủ đức?",59
"nếu nhìn lại năm 1974, thì số lượng thành viên trong viện đại học bách khoa thủ đức là bao nhiêu với việc có mặt trường đh giáo dục thủ đức?","năm 1974, trường đại học giáo dục thủ đức là một trong bao nhiêu thành viên của viện đại học bách khoa thủ đức?",59
khi nào văn bản phê duyệt việc thành lập trường đại học sư phạm kỹ thuật thủ đức được ký ban hành?,quyết định thành lập trường đại học sư phạm kỹ thuật thủ đức được ký vào ngày nào?,60
thời điểm chính thức ra quyết định thành lập trường sư phạm kỹ thuật thủ đức là khi nào?,quyết định thành lập trường đại học sư phạm kỹ thuật thủ đức được ký vào ngày nào?,60
ngày ký quyết định thành lập cơ sở đào tạo sư phạm kỹ thuật thủ đức là bao giờ?,quyết định thành lập trường đại học sư phạm kỹ thuật thủ đức được ký vào ngày nào?,60
sự kiện thành lập trường đại học sư phạm kỹ thuật thủ đức được ghi nhận vào ngày nào?,quyết định thành lập trường đại học sư phạm kỹ thuật thủ đức được ký vào ngày nào?,60
những yếu tố nền tảng nào đã giúp hình thành nên trường đại học sư phạm kỹ thuật thủ đức năm 1976?,cơ sở để thành lập trường đại học sư phạm kỹ thuật thủ đức vào năm 1976 là gì?,61
tại sao trường đại học sư phạm kỹ thuật thủ đức lại được thành lập vào thời điểm năm 1976?,cơ sở để thành lập trường đại học sư phạm kỹ thuật thủ đức vào năm 1976 là gì?,61
hãy nêu rõ điều kiện tiên quyết cho việc khai trương trường đại học sư phạm kỹ thuật thủ đức năm 1976.,cơ sở để thành lập trường đại học sư phạm kỹ thuật thủ đức vào năm 1976 là gì?,61
"năm 1976, cái gì đã là tiền đề để mở ra trường đại học sư phạm kỹ thuật thủ đức?",cơ sở để thành lập trường đại học sư phạm kỹ thuật thủ đức vào năm 1976 là gì?,61
vị trí của người đã ban hành quyết định thành lập trường đại học sư phạm kỹ thuật thủ đức vào năm 1976 là ai?,ai là người ký quyết định thành lập trường đại học sư phạm kỹ thuật thủ đức năm 1976?,62
"trong năm 1976, ai là chủ thể ký tên trên quyết định thành lập trường đại học sư phạm kỹ thuật thuộc quận thủ đức?",ai là người ký quyết định thành lập trường đại học sư phạm kỹ thuật thủ đức năm 1976?,62
quyết định thành lập cơ sở giáo dục cao đẳng kỹ thuật thủ đức năm 1976 được ký bởi nhân vật nào?,ai là người ký quyết định thành lập trường đại học sư phạm kỹ thuật thủ đức năm 1976?,62
hãy nêu tên người chịu trách nhiệm ký quyết định thành lập trường sư phạm kỹ thuật thủ đức vào năm 1976.,ai là người ký quyết định thành lập trường đại học sư phạm kỹ thuật thủ đức năm 1976?,62
trường đã trải qua biến cố gì đáng chú ý trong năm 1984?,sự kiện quan trọng nào diễn ra đối với trường vào năm 1984?,63
"năm 1984, vấn đề gì nổi bật đã xảy ra liên quan đến nhà trường?",sự kiện quan trọng nào diễn ra đối với trường vào năm 1984?,63
hãy kể về một sự việc quan trọng diễn ra tại trường vào năm 1984.,sự kiện quan trọng nào diễn ra đối với trường vào năm 1984?,63
điều gì xảy ra với trường vào năm 1984 được coi là trọng đại?,sự kiện quan trọng nào diễn ra đối với trường vào năm 1984?,63
năm nào cơ quan quản lý đã thực hiện việc hợp nhất trường công nghiệp cấp ii thủ đức với trường đại học sư phạm kỹ thuật tp.hcm?,trường trung học công nghiệp thủ đức được sáp nhập vào trường đại học sư phạm kỹ thuật thành phố hồ chí minh vào năm nào?,64
thời điểm sáp nhập trường đại học sư phạm kỹ thuật thành phố hồ chí minh và cơ sở đào tạo nghề nghiệp tại quận thủ đức là lúc nào?,trường trung học công nghiệp thủ đức được sáp nhập vào trường đại học sư phạm kỹ thuật thành phố hồ chí minh vào năm nào?,64
"vào năm mấy, hai đơn vị gồm trường công nghiệp thủ đức và trường đại học sư phạm kỹ thuật thành phố được quy nhất thành một?",trường trung học công nghiệp thủ đức được sáp nhập vào trường đại học sư phạm kỹ thuật thành phố hồ chí minh vào năm nào?,64
cơ sở giáo dục nghề nghiệp thủ đức đã trở thành bộ phận của trường đại học sư phạm kỹ thuật tp.hcm từ năm nào?,trường trung học công nghiệp thủ đức được sáp nhập vào trường đại học sư phạm kỹ thuật thành phố hồ chí minh vào năm nào?,64
đơn vị nào đã hợp nhất vào trường đại học sư phạm kỹ thuật thành phố hồ chí minh vào thời điểm năm 1991?,"năm 1991, đơn vị nào được sáp nhập vào trường đại học sư phạm kỹ thuật thành phố hồ chí minh?",65
"vào năm 1991, cơ quan nào đã trở thành một phần của trường đại học sư phạm kỹ thuật tp.hcm?","năm 1991, đơn vị nào được sáp nhập vào trường đại học sư phạm kỹ thuật thành phố hồ chí minh?",65
ai là đơn vị bị sáp nhập để gia nhập trường đại học sư phạm kỹ thuật thành phố hồ chí minh vào năm 1991?,"năm 1991, đơn vị nào được sáp nhập vào trường đại học sư phạm kỹ thuật thành phố hồ chí minh?",65
tên của đơn vị được kết hợp vào trường đại học sư phạm kỹ thuật thành phố hồ chí minh trong năm 1991 là gì?,"năm 1991, đơn vị nào được sáp nhập vào trường đại học sư phạm kỹ thuật thành phố hồ chí minh?",65
thời điểm trường đại học sư phạm kỹ thuật tp.hcm chuyển sang trực thuộc đại học quốc gia là bao giờ?,trường đại học sư phạm kỹ thuật thành phố hồ chí minh bắt đầu trực thuộc đại học quốc gia từ thời gian nào?,66
đại học quốc gia đã tiếp nhận trường sư phạm kỹ thuật thành phố hồ chí minh làm đơn vị trực thuộc từ khi nào?,trường đại học sư phạm kỹ thuật thành phố hồ chí minh bắt đầu trực thuộc đại học quốc gia từ thời gian nào?,66
việc trường sư phạm kỹ thuật thành phố hồ chí minh thuộc quyền quản lý của đại học quốc gia khởi đầu vào năm nào?,trường đại học sư phạm kỹ thuật thành phố hồ chí minh bắt đầu trực thuộc đại học quốc gia từ thời gian nào?,66
khi nào thì đơn vị sư phạm kỹ thuật của thành phố hồ chí minh được sáp nhập trực tiếp vào hệ thống đại học quốc gia?,trường đại học sư phạm kỹ thuật thành phố hồ chí minh bắt đầu trực thuộc đại học quốc gia từ thời gian nào?,66
ngày ra mắt quyết định số 118/2000/qđ-ttgt là khi nào?,quyết định số 118/2000/qđ-ttg được ban hành vào ngày nào?,67
thời điểm tổng thống ban hành văn bản 118/2000/qđ-ttgt diễn ra vào lúc nào?,quyết định số 118/2000/qđ-ttg được ban hành vào ngày nào?,67
văn bản số 118/2000/qđ-ttgt được chính thức công bố vào ngày gì?,quyết định số 118/2000/qđ-ttg được ban hành vào ngày nào?,67
khi nào thì quyết định số 118/2000/qđ-ttgt bắt đầu có hiệu lực ban hành?,quyết định số 118/2000/qđ-ttg được ban hành vào ngày nào?,67
đương đơn nào trực tiếp quản lý trường đại học sư phạm kỹ thuật thành phố hồ chí minh theo văn bản số 118/2000/qđ-ttgw?,"theo quyết định số 118/2000/qđ-ttg, trường đại học sư phạm kỹ thuật thành phố hồ chí minh trực thuộc đơn vị nào?",68
"căn cứ vào quyết định số 118/2000/qđ-ttgw, cơ quan cấp trên của nhà trường đại học sư phạm kỹ thuật tp.hcm là gì?","theo quyết định số 118/2000/qđ-ttg, trường đại học sư phạm kỹ thuật thành phố hồ chí minh trực thuộc đơn vị nào?",68
nhà trường đại học sư phạm kỹ thuật thành phố hồ chí minh được giao quản lý bởi đơn vị nào theo chỉ thị số 118/2000/qđ-ttgw?,"theo quyết định số 118/2000/qđ-ttg, trường đại học sư phạm kỹ thuật thành phố hồ chí minh trực thuộc đơn vị nào?",68
"theo quyết định số 118/2000/qđ-ttgw, tổ chức nào đứng đầu trường đại học sư phạm kỹ thuật tp.hcm?","theo quyết định số 118/2000/qđ-ttg, trường đại học sư phạm kỹ thuật thành phố hồ chí minh trực thuộc đơn vị nào?",68
năm nào đơn vị này được thành lập khi tách ra khỏi trường đại học quốc gia?,trường đại học sư phạm kỹ thuật thành phố hồ chí minh được tách khỏi đại học quốc gia vào năm nào?,69
khi nào nhà trường kỹ thuật sư phạm tại tp.hcm trở thành một cơ sở độc lập?,trường đại học sư phạm kỹ thuật thành phố hồ chí minh được tách khỏi đại học quốc gia vào năm nào?,69
thời điểm trường sư phạm công nghệ tp.hcm rời khỏi đại học quốc gia là lúc nào?,trường đại học sư phạm kỹ thuật thành phố hồ chí minh được tách khỏi đại học quốc gia vào năm nào?,69
đơn vị đào tạo kỹ thuật sư phạm thành phố hồ chí minh đã được phân lập từ đâu và năm nào?,trường đại học sư phạm kỹ thuật thành phố hồ chí minh được tách khỏi đại học quốc gia vào năm nào?,69
chức năng cốt lõi của trường đại học sư phạm kỹ thuật thành phố hồ chí minh trong việc cung ứng nhân lực là như thế nào?,sứ mệnh của trường đại học sư phạm kỹ thuật thành phố hồ chí minh về nguồn nhân lực là gì?,70
trường đại học sư phạm kỹ thuật tp.hcm đóng vai trò gì trong khía cạnh đào tạo và cung ứng nguồn lao động?,sứ mệnh của trường đại học sư phạm kỹ thuật thành phố hồ chí minh về nguồn nhân lực là gì?,70
mục tiêu định hướng của cơ sở đào tạo sư phạm kỹ thuật tại thành phố hồ chí minh đối với vấn đề nhân lực là ra sao?,sứ mệnh của trường đại học sư phạm kỹ thuật thành phố hồ chí minh về nguồn nhân lực là gì?,70
việc phát triển nguồn nhân lực được trường đại học sư phạm kỹ thuật tp.hcm đặt mục tiêu đạt được điều gì?,sứ mệnh của trường đại học sư phạm kỹ thuật thành phố hồ chí minh về nguồn nhân lực là gì?,70
bằng phương thức gì mà cơ sở giáo dục này cung cấp kiến thức cho toàn nhân loại?,trường đóng góp tri thức cho nhân loại thông qua hoạt động nào?,71
hoạt động nào giúp nơi đây truyền đạt tri thức đến cộng đồng quốc tế?,trường đóng góp tri thức cho nhân loại thông qua hoạt động nào?,71
thông qua hình thức nào mà trường học đưa hiểu biết ra cho thế giới?,trường đóng góp tri thức cho nhân loại thông qua hoạt động nào?,71
"để chia sẻ kiến thức với nhân loại, nhà trường thực hiện hoạt động gì?",trường đóng góp tri thức cho nhân loại thông qua hoạt động nào?,71
trường đang tiến hành các nghiên cứu khoa học với mục tiêu gì?,mục đích của các nghiên cứu khoa học tại trường là gì?,72
các đề tài nghiên cứu tại trường được thực hiện nhằm hướng đến điều nào?,mục đích của các nghiên cứu khoa học tại trường là gì?,72
mục đích đằng sau việc triển khai nghiên cứu khoa học trong nhà trường là gì?,mục đích của các nghiên cứu khoa học tại trường là gì?,72
tại sao trường lại tổ chức các hoạt động nghiên cứu khoa học như vậy?,mục đích của các nghiên cứu khoa học tại trường là gì?,72
"trong sứ mệnh của mình, trường học đã thể hiện trách nhiệm với cộng đồng ra sao?",trách nhiệm của trường đối với cộng đồng được thể hiện như thế nào trong sứ mệnh?,73
sứ mệnh của nhà trường phản ánh vai trò đối với xã hội như thế nào?,trách nhiệm của trường đối với cộng đồng được thể hiện như thế nào trong sứ mệnh?,73
trách nhiệm với dân cư được diễn đạt trong sứ mệnh của trường ra sao?,trách nhiệm của trường đối với cộng đồng được thể hiện như thế nào trong sứ mệnh?,73
"theo sứ mệnh, nhà trường thể hiện nghĩa vụ với cộng đồng cụ thể thế nào?",trách nhiệm của trường đối với cộng đồng được thể hiện như thế nào trong sứ mệnh?,73
trường đại học sư phạm kỹ thuật thành phố hồ chí minh đang hướng tới mục tiêu phát triển như thế nào?,tầm nhìn của trường đại học sư phạm kỹ thuật thành phố hồ chí minh là gì?,74
mục đích giáo dục mà trường đại học sư phạm kỹ thuật tp.hcm đề ra là gì?,tầm nhìn của trường đại học sư phạm kỹ thuật thành phố hồ chí minh là gì?,74
định hướng phát triển của cơ sở đào tạo sư phạm kỹ thuật tại thành phố hồ chí minh ra sao?,tầm nhìn của trường đại học sư phạm kỹ thuật thành phố hồ chí minh là gì?,74
trường đhcn kỹ thuật sư phạm tp.hcm đặt ra tầm nhìn tương lai cụ thể là gì?,tầm nhìn của trường đại học sư phạm kỹ thuật thành phố hồ chí minh là gì?,74
thành phố hồ chí minh có những thành tố gì cấu thành nên tư tưởng đào tạo tại trường đại học sư phạm kỹ thuật?,triết lý giáo dục của trường đại học sư phạm kỹ thuật thành phố hồ chí minh gồm những yếu tố nào?,75
những nội dung nào được xem là cốt lõi trong tư duy giáo dục của nhà trường này tại tp. hồ chí minh?,triết lý giáo dục của trường đại học sư phạm kỹ thuật thành phố hồ chí minh gồm những yếu tố nào?,75
bạn hãy liệt kê các khía cạnh chính tạo nên quan điểm dạy học của trường đại học sư phạm kỹ thuật tp.hcm đi.,triết lý giáo dục của trường đại học sư phạm kỹ thuật thành phố hồ chí minh gồm những yếu tố nào?,75
trường đại học sư phạm kỹ thuật thành phố hồ chí minh vận hành dựa trên những nguyên lý nào?,triết lý giáo dục của trường đại học sư phạm kỹ thuật thành phố hồ chí minh gồm những yếu tố nào?,75
những giá trị nền tảng nào của trường đh sư phạm kỹ thuật tp.hcm đang được tôn vinh và phát huy?,trường đại học sư phạm kỹ thuật thành phố hồ chí minh tôn vinh và phát huy giá trị cốt lõi nào?,76
"tại trường sư phạm kỹ thuật thành phố hồ chí minh, giá trị cốt lõi nào nhận được sự đề cao và lan tỏa?",trường đại học sư phạm kỹ thuật thành phố hồ chí minh tôn vinh và phát huy giá trị cốt lõi nào?,76
"cơ quan nào là trường đh sư phạm kỹ thuật tp.hcm, và họ đang làm sáng rõ giá trị chủ đạo gì?",trường đại học sư phạm kỹ thuật thành phố hồ chí minh tôn vinh và phát huy giá trị cốt lõi nào?,76
nội dung trọng tâm nào của văn hóa trường đh sư phạm kỹ thuật tp.hcm được khai thác và đề cao?,trường đại học sư phạm kỹ thuật thành phố hồ chí minh tôn vinh và phát huy giá trị cốt lõi nào?,76
những giá trị truyền thống nào mà nhà trường đang tập trung bảo tồn và phát triển?,giá trị truyền thống nào được trường chú trọng gìn giữ và phát huy?,77
"theo các bạn, lĩnh vực nào của di sản văn hóa được đơn vị giáo dục ưu tiên duy trì?",giá trị truyền thống nào được trường chú trọng gìn giữ và phát huy?,77
"bên cạnh các hoạt động khác, giá trị lịch sử nào được giáo viên và học sinh cùng nhau gìn giữ mạnh mẽ nhất?",giá trị truyền thống nào được trường chú trọng gìn giữ và phát huy?,77
"trong số những nét đẹp văn hóa xưa, cái nào được trường học xem trọng để không để mai một?",giá trị truyền thống nào được trường chú trọng gìn giữ và phát huy?,77
cơ quan này đóng góp ra sao cho sự khéo léo và óc tưởng tượng của con người?,trường thực hiện vai trò gì đối với tài năng và tính sáng tạo?,78
ở khía cạnh nào mà đơn vị ấy hỗ trợ phát triển kỹ năng và khả năng sáng tạo?,trường thực hiện vai trò gì đối với tài năng và tính sáng tạo?,78
chức năng của tổ chức này trong việc bồi dưỡng tài năng và trí tưởng tượng là gì?,trường thực hiện vai trò gì đối với tài năng và tính sáng tạo?,78
sự đóng góp của nhà trường đối với năng lực và tính cách sáng tạo diễn ra như thế nào?,trường thực hiện vai trò gì đối với tài năng và tính sáng tạo?,78
"trong quá trình đào tạo, bên trường ưu tiên phát triển kỹ năng nào?","trong đào tạo, trường chú trọng vào những yếu tố kỹ năng nào?",79
những khía cạnh về kỹ năng nào mà trường đề cao nhất khi huấn luyện sinh viên?,"trong đào tạo, trường chú trọng vào những yếu tố kỹ năng nào?",79
"khi tổ chức đào tạo, trường tập trung vào các năng lực gì?","trong đào tạo, trường chú trọng vào những yếu tố kỹ năng nào?",79
"trong chương trình học, phần kỹ năng nào được trường xem trọng hơn cả?","trong đào tạo, trường chú trọng vào những yếu tố kỹ năng nào?",79
nhà trường quan tâm thế nào đến quyền lợi của học sinh và dân cư xung quanh?,trường có thái độ như thế nào đối với lợi ích của người học và cộng đồng?,80
vấn đề lợi ích chung của cộng đồng cũng như người học được lãnh đạo trường xem xét ra sao?,trường có thái độ như thế nào đối với lợi ích của người học và cộng đồng?,80
mức độ ưu tiên dành cho thành viên trong cộng đồng và học trò của trường là gì?,trường có thái độ như thế nào đối với lợi ích của người học và cộng đồng?,80
ban giám hiệu nhìn nhận về những nhu cầu của người học và xã hội như thế nào?,trường có thái độ như thế nào đối với lợi ích của người học và cộng đồng?,80
những giá trị nền tảng định hướng mô hình cộng đồng mà nhà trường muốn kiến tạo là gì?,trường hướng tới xây dựng mô hình xã hội nào trong giá trị cốt lõi?,81
"dựa trên cốt lõi tư tưởng, mô hình xã hội nào được đơn vị này ấp ủ xây dựng?",trường hướng tới xây dựng mô hình xã hội nào trong giá trị cốt lõi?,81
mục tiêu xã hội mà trường hướng đến trong bộ giá trị chủ chốt là điểm gì?,trường hướng tới xây dựng mô hình xã hội nào trong giá trị cốt lõi?,81
"trong hệ giá trị then chốt, nhà trường nhắm đến việc kiến tạo loại hình cộng đồng nào?",trường hướng tới xây dựng mô hình xã hội nào trong giá trị cốt lõi?,81
các hoạt động tại nhà trường ưu tiên những khía cạnh gì?,những yếu tố nào được đề cao trong các hoạt động của trường?,82
"trong sinh hoạt của ngôi trường, giá trị nào được xem trọng nhất?",những yếu tố nào được đề cao trong các hoạt động của trường?,82
trường học tập trung phát triển hay đề bài những yếu tố nào?,những yếu tố nào được đề cao trong các hoạt động của trường?,82
những nội dung nào mà trường dành sự chú ý lớn nhất trong hoạt động?,những yếu tố nào được đề cao trong các hoạt động của trường?,82
những quy tắc nền tảng nào chi phối các mối quan hệ cộng tác của nhà trường?,các hoạt động hợp tác của trường dựa trên các nguyên tắc nào?,83
cơ sở lý luận cho sự phối hợp giữa các bên trong trường được xây dựng như thế nào?,các hoạt động hợp tác của trường dựa trên các nguyên tắc nào?,83
"khi tiến hành hợp tác, trường tuân theo những định hướng gì?",các hoạt động hợp tác của trường dựa trên các nguyên tắc nào?,83
các mối liên kết hợp tác của đơn vị này vận hành dựa trên những chuẩn mực nào?,các hoạt động hợp tác của trường dựa trên các nguyên tắc nào?,83
những hoạt động nào được nhà trường ưu tiên phát triển trong bối cảnh văn hóa chất lượng hiện nay?,văn hóa chất lượng của trường tập trung vào việc nâng cao các hoạt động nào?,84
văn hóa chất lượng của đơn vị mình hướng tới việc cải thiện hoạt động gì?,văn hóa chất lượng của trường tập trung vào việc nâng cao các hoạt động nào?,84
trường đang tập trung nguồn lực để nâng tầm hoạt động nào trong hệ thống văn hóa chất lượng?,văn hóa chất lượng của trường tập trung vào việc nâng cao các hoạt động nào?,84
hoạt động nào là trọng tâm mà văn hóa chất lượng của trường nhằm mục đích phát triển?,văn hóa chất lượng của trường tập trung vào việc nâng cao các hoạt động nào?,84
"kết thúc quá trình phát triển văn hóa chất lượng ở trường học, chúng ta hướng đến đích gì?",mục tiêu cuối cùng của văn hóa chất lượng tại trường là gì?,85
kết quả mong muốn mà nền văn hóa chất lượng trong nhà trường phấn đấu đạt được là gì?,mục tiêu cuối cùng của văn hóa chất lượng tại trường là gì?,85
mục đích tối hậu của việc xây dựng văn hóa chất lượng tại đơn vị trường là ra sao?,mục tiêu cuối cùng của văn hóa chất lượng tại trường là gì?,85
bản chất của văn hóa chất lượng ở trường học định hướng tới kết quả nào?,mục tiêu cuối cùng của văn hóa chất lượng tại trường là gì?,85
những yêu cầu nào mà quá trình phát triển năng lực cho người học hướng tới việc đáp ứng?,năng lực của người học được phát triển nhằm đáp ứng nhu cầu gì?,86
mục đích của việc trau dồi năng lực người học là để phục vụ cho nhu cầu gì?,năng lực của người học được phát triển nhằm đáp ứng nhu cầu gì?,86
nhu cầu cụ thể nào được giải quyết thông qua việc nâng cao năng lực của người học?,năng lực của người học được phát triển nhằm đáp ứng nhu cầu gì?,86
"khi phát triển năng lực cho người học, chúng ta đang muốn thỏa mãn điều gì?",năng lực của người học được phát triển nhằm đáp ứng nhu cầu gì?,86
đơn vị đào tạo giáo viên kỹ thuật tại tp.hcm đã được trao bằng khen hạng nhì của nhà nước vào thời điểm nào?,trường đại học sư phạm kỹ thuật thành phố hồ chí minh nhận huân chương độc lập hạng nhì vào năm nào?,87
thời điểm nào trường dạy nghề kỹ thuật sài gòn vinh dự nhận được huân chương hạng nhì độc lập?,trường đại học sư phạm kỹ thuật thành phố hồ chí minh nhận huân chương độc lập hạng nhì vào năm nào?,87
khi nào cơ sở giáo dục sư phạm kỹ thuật ở thành phố hồ chí minh nhận được phần thưởng độc lập cấp hai?,trường đại học sư phạm kỹ thuật thành phố hồ chí minh nhận huân chương độc lập hạng nhì vào năm nào?,87
năm nào đơn vị đào tạo giáo viên kỹ thuật tại thành phố hồ chí minh được tặng huân chương hạng nhì?,trường đại học sư phạm kỹ thuật thành phố hồ chí minh nhận huân chương độc lập hạng nhì vào năm nào?,87
vào thời điểm nào mà nhà trường được trao huân chương độc lập hạng ba?,năm nào trường nhận được huân chương độc lập hạng ba?,88
thời gian cụ thể nào chứng kiến việc trường vinh dự nhận bằng khen cấp quốc gia hạng ba?,năm nào trường nhận được huân chương độc lập hạng ba?,88
khi nào thì đơn vị giáo dục này được phong tặng huân chương độc lập hạng ba?,năm nào trường nhận được huân chương độc lập hạng ba?,88
sự kiện nào diễn ra trong những năm tháng để trường có được huân chương độc lập hạng ba?,năm nào trường nhận được huân chương độc lập hạng ba?,88
trường nhận huân chương xuất sắc nhất vào thời điểm nào vậy?,huân chương lao động hạng nhất được trao tặng cho trường vào năm nào?,89
năm nào đơn vị này vinh dự đón nhận giải thưởng cao quý nhất?,huân chương lao động hạng nhất được trao tặng cho trường vào năm nào?,89
thời gian trao tặng giải thưởng cao nhất cho nhà trường là khi nào?,huân chương lao động hạng nhất được trao tặng cho trường vào năm nào?,89
huân chương đặc biệt nhất được cấp cho trường vào năm mấy?,huân chương lao động hạng nhất được trao tặng cho trường vào năm nào?,89
khi nào thì trường được trao tặng huân chương lao động hạng nhì?,trường nhận huân chương lao động hạng nhì vào thời gian nào?,90
thời điểm nào chứng kiến việc nhà trường vinh dự nhận huân chương hạng nhì về lao động?,trường nhận huân chương lao động hạng nhì vào thời gian nào?,90
huân chương lao động hạng nhì của trường được trao vào lúc nào?,trường nhận huân chương lao động hạng nhì vào thời gian nào?,90
nhà trường đón nhận huân chương lao động cấp hạng nhì vào năm nào hay tháng nào?,trường nhận huân chương lao động hạng nhì vào thời gian nào?,90
trường ấy nhận huân chương hạng ba vào năm nào?,huân chương lao động hạng ba được trao cho trường vào năm nào?,91
năm nào trường được ban tặng danh hiệu huân chương lao động hạng ba?,huân chương lao động hạng ba được trao cho trường vào năm nào?,91
thời điểm huân chương lao động hạng ba được trao cho nhà trường là năm bao nhiêu?,huân chương lao động hạng ba được trao cho trường vào năm nào?,91
danh hiệu huân chương thứ ba của nhà trường được cấp vào năm nào?,huân chương lao động hạng ba được trao cho trường vào năm nào?,91
trường đã thu về được bao nhiêu hạng huân chương độc lập rồi?,có bao nhiêu cấp bậc huân chương độc lập mà trường đã đạt được?,92
số lượng các cấp huân chương độc lập mà đơn vị này vinh dự đạt được là bao nhiêu?,có bao nhiêu cấp bậc huân chương độc lập mà trường đã đạt được?,92
huân chương độc lập đạt được của trường hiện đang bao gồm những cấp nào?,có bao nhiêu cấp bậc huân chương độc lập mà trường đã đạt được?,92
có thể cho tôi biết mức độ các huân chương độc lập mà trường đã gặt hái không?,có bao nhiêu cấp bậc huân chương độc lập mà trường đã đạt được?,92
trường đã vinh dự nhận những huân chương lao động nào vậy?,liệt kê các loại huân chương lao động trường đã nhận được?,93
loại huân chương lao động mà trường đã được trao gồm những cái gì?,liệt kê các loại huân chương lao động trường đã nhận được?,93
hãy chỉ ra danh sách các huân chương lao động mà đơn vị này đã tiếp nhận.,liệt kê các loại huân chương lao động trường đã nhận được?,93
những huân chương lao động nào đã được nhà trường vinh danh và nhận thưởng?,liệt kê các loại huân chương lao động trường đã nhận được?,93
trường thuộc bộ giáo dục và đào tạo bị ai ra quyết định?,văn bản nào quyết định việc trường trực thuộc bộ giáo dục và đào tạo?,94
cơ quan nào nắm quyền phê duyệt cho các trường trực thuộc ngành giáo dục?,văn bản nào quyết định việc trường trực thuộc bộ giáo dục và đào tạo?,94
ai là người ban hành quyết định về việc thành lập hay quản lý trường trong bộ?,văn bản nào quyết định việc trường trực thuộc bộ giáo dục và đào tạo?,94
quyết định cho trường nằm trong thẩm quyền của bộ phận nào tại bộ giáo dục?,văn bản nào quyết định việc trường trực thuộc bộ giáo dục và đào tạo?,94
"kể từ năm 1984, nhà trường mang tên chính thức là gì?",tên đầy đủ của trường được xác định từ năm 1984 là gì?,95
"năm 1984, cái tên thực sự của cơ quan giáo dục này được gọi là gì?",tên đầy đủ của trường được xác định từ năm 1984 là gì?,95
tên gọi trọn vẹn mà trường sử dụng từ năm 1984 ra sao?,tên đầy đủ của trường được xác định từ năm 1984 là gì?,95
"sau năm 1984, tổ chức này đã lấy tên đầy đủ là gì?",tên đầy đủ của trường được xác định từ năm 1984 là gì?,95
trường học này kỳ vọng đóng góp như thế nào cho cộng đồng quốc tế?,sứ mệnh của trường đề cập đến việc đóng góp điều gì cho nhân loại?,96
mục tiêu cốt lõi của nơi đây hướng tới việc mang lại lợi ích gì cho toàn nhân loại?,sứ mệnh của trường đề cập đến việc đóng góp điều gì cho nhân loại?,96
"việc trở thành một phần của nhân loại, trường chúng ta định hướng cống hiến điều gì?",sứ mệnh của trường đề cập đến việc đóng góp điều gì cho nhân loại?,96
đóng góp cụ thể của cơ sở giáo dục này đối với con người trên thế giới là gì?,sứ mệnh của trường đề cập đến việc đóng góp điều gì cho nhân loại?,96
trường đã định hướng quy mô và các ngành nghề cần phát triển ra sao qua tầm nhìn của mình?,tầm nhìn của trường xác định mục tiêu phát triển về quy mô ngành nghề như thế nào?,97
mục tiêu phát triển về mặt quy mô và loại hình đào tạo được trường đặt ra trong tầm nhìn như thế nào?,tầm nhìn của trường xác định mục tiêu phát triển về quy mô ngành nghề như thế nào?,97
tầm nhìn của đơn vị này quy định cụ thể những ngành nghề nào sẽ mở rộng quy mô phát triển?,tầm nhìn của trường xác định mục tiêu phát triển về quy mô ngành nghề như thế nào?,97
"theo tầm nhìn đã đề ra, trường dự kiến sẽ phát triển quy mô cho những lĩnh vực nghề nghiệp nào?",tầm nhìn của trường xác định mục tiêu phát triển về quy mô ngành nghề như thế nào?,97
trường đang bao gồm bao nhiêu phần tử then chốt trong giá trị cốt lõi của mình?,giá trị cốt lõi của trường có bao nhiêu nội dung chính?,98
số lượng chủ đề chính cấu thành nên giá trị nền tảng của cơ sở giáo dục này là bao nhiêu?,giá trị cốt lõi của trường có bao nhiêu nội dung chính?,98
giá trị then chốt mà trường đề ra được chia thành bao nhiêu mục tiêu trọng tâm?,giá trị cốt lõi của trường có bao nhiêu nội dung chính?,98
bao nhiêu yếu tố chủ đạo định hình bản sắc và giá trị của nhà trường?,giá trị cốt lõi của trường có bao nhiêu nội dung chính?,98
giá trị cốt lõi đã định hình phương thức hỗ trợ và phát triển năng lực như thế nào?,việc nâng đỡ tài năng được thực hiện một cách như thế nào theo giá trị cốt lõi?,99
"dựa trên các nguyên tắc nền tảng, chúng ta đã chăm lo cho tài năng ra sao?",việc nâng đỡ tài năng được thực hiện một cách như thế nào theo giá trị cốt lõi?,99
"theo tinh thần cốt lõi, hành động ươm dưỡng khả năng được triển khai thế nào?",việc nâng đỡ tài năng được thực hiện một cách như thế nào theo giá trị cốt lõi?,99
"làm thế nào để việc phát huy nhân tài được thực hiện, căn cứ vào những giá trị then chốt?",việc nâng đỡ tài năng được thực hiện một cách như thế nào theo giá trị cốt lõi?,99
bên nào mà nhà trường xem lợi ích là thứ quan trọng nhất?,đối tượng nào được trường tôn trọng lợi ích hàng đầu?,100
ai là nhóm đối tượng mà trường ưu tiên bảo vệ quyền lợi trên hết?,đối tượng nào được trường tôn trọng lợi ích hàng đầu?,100
nhóm người nào mà ở trường họ được đặt lợi ích lên hàng đầu?,đối tượng nào được trường tôn trọng lợi ích hàng đầu?,100
ai là chủ thể mà nhà trường coi trọng quyền lợi hơn bất cứ điều gì?,đối tượng nào được trường tôn trọng lợi ích hàng đầu?,100
điểm mấu chốt gì cần được ưu tiên hàng đầu để duy trì kết quả tốt trong mọi công việc của nhà trường?,yếu tố nào được đề cao để đảm bảo hiệu quả trong mọi hoạt động của trường?,101
cái gì là yếu tố then chốt cần được xem trọng nhằm đạt được hiệu quả cho toàn bộ hoạt động của cơ sở giáo dục?,yếu tố nào được đề cao để đảm bảo hiệu quả trong mọi hoạt động của trường?,101
"để mọi hoạt động tại trường vận hành hiệu quả, chúng ta cần tập trung vào khía cạnh nào?",yếu tố nào được đề cao để đảm bảo hiệu quả trong mọi hoạt động của trường?,101
yếu tố nào cần được đặt lên hàng đầu giúp công tác của nhà trường đạt hiệu suất cao nhất?,yếu tố nào được đề cao để đảm bảo hiệu quả trong mọi hoạt động của trường?,101
những hoạt động nào của trường phản ánh mục tiêu hội nhập quốc tế trong các giá trị nền tảng?,trường hướng tới hội nhập quốc tế thông qua các hoạt động nào trong giá trị cốt lõi?,102
tại sao các giá trị cốt lõi lại đề cập đến việc kết nối quốc tế thông qua những hành động cụ thể nào?,trường hướng tới hội nhập quốc tế thông qua các hoạt động nào trong giá trị cốt lõi?,102
trường đang triển khai hoạt động nào để hiện thực hóa tinh thần hội nhập quốc tế trong bộ giá trị?,trường hướng tới hội nhập quốc tế thông qua các hoạt động nào trong giá trị cốt lõi?,102
hãy chỉ ra các hoạt động nào giúp nhà trường tiến gần hơn đến hội nhập quốc tế dựa trên giá trị cốt lõi.,trường hướng tới hội nhập quốc tế thông qua các hoạt động nào trong giá trị cốt lõi?,102
những thị trường nhận được nguồn lao động từ nhà trường là những đâu?,trường cung cấp nguồn nhân lực cho những thị trường nào?,103
đơn vị này sẽ bồi dưỡng nhân sự cho các thị trường nào?,trường cung cấp nguồn nhân lực cho những thị trường nào?,103
ai là những nơi tiếp nhận sinh viên mà nhà trường đào tạo?,trường cung cấp nguồn nhân lực cho những thị trường nào?,103
những khu vực nào sẽ được cung cấp nhân lực bởi nơi đây?,trường cung cấp nguồn nhân lực cho những thị trường nào?,103
mục đích của các hoạt động nghiên cứu khoa học tại trường là để phục vụ điều gì cho nhân loại?,hoạt động nghiên cứu khoa học của trường nhắm đến mục tiêu gì cho nhân loại?,104
những đóng góp nghiên cứu của nhà trường hướng tới lợi ích gì của cộng đồng toàn cầu?,hoạt động nghiên cứu khoa học của trường nhắm đến mục tiêu gì cho nhân loại?,104
trường muốn thông qua công tác nghiên cứu khoa học để giải quyết vấn đề gì cho loài người?,hoạt động nghiên cứu khoa học của trường nhắm đến mục tiêu gì cho nhân loại?,104
kết quả nghiên cứu khoa học của nơi này nhằm đóng góp ra sao vào tương lai của nhân loại?,hoạt động nghiên cứu khoa học của trường nhắm đến mục tiêu gì cho nhân loại?,104
yếu tố nào được trường xem trọng nhằm xây dựng sự bền vững cho tương lai?,tầm nhìn của trường nhấn mạnh yếu tố nào để phát triển lâu dài?,105
"để đảm bảo phát triển trong dài hạn, nhà trường đang tập trung vào khía cạnh gì?",tầm nhìn của trường nhấn mạnh yếu tố nào để phát triển lâu dài?,105
khía cạnh trọng tâm nào mà chiến lược của cơ quan giáo dục này đề cao cho tương lai?,tầm nhìn của trường nhấn mạnh yếu tố nào để phát triển lâu dài?,105
"theo định hướng phát triển bền vững, trường học ưu tiên yếu tố gì nhất?",tầm nhìn của trường nhấn mạnh yếu tố nào để phát triển lâu dài?,105
"trong các huân chương độc lập mà trường đã trao, phần thưởng nào có giá trị lớn nhất?",thành tích cao nhất trong các huân chương độc lập trường đã nhận là gì?,106
huân chương độc lập nào mà trường từng nhận được được đánh giá là xuất sắc hơn cả?,thành tích cao nhất trong các huân chương độc lập trường đã nhận là gì?,106
"khi nhìn vào danh sách huân chương độc lập của trường, cái nào là tấm huy chương danh giá nhất?",thành tích cao nhất trong các huân chương độc lập trường đã nhận là gì?,106
trường đã vinh dự nhận được huân chương độc lập nào có thành tích vượt trội nhất?,thành tích cao nhất trong các huân chương độc lập trường đã nhận là gì?,106
danh sách khen thưởng của trường có thành tích nào xuất hiện đầu tiên không?,thành tích sớm nhất trong danh sách khen thưởng của trường là gì?,107
ở vị trí số một trong danh sách khen thưởng của trường là thành tích gì?,thành tích sớm nhất trong danh sách khen thưởng của trường là gì?,107
thành tích nào trong danh sách khen thưởng của trường được ghi nhận sớm nhất?,thành tích sớm nhất trong danh sách khen thưởng của trường là gì?,107
hãy chỉ ra thành tích đầu tiên có mặt trong danh sách khen thưởng của trường.,thành tích sớm nhất trong danh sách khen thưởng của trường là gì?,107
hiện tại ai đang đảm nhiệm vị trí chủ tịch hội đồng trường của trường hcmute?,chủ tịch hội đồng trường hcmute hiện nay là ai?,108
vị trí chủ tịch hội đồng trường của hcmute bây giờ thuộc về ai?,chủ tịch hội đồng trường hcmute hiện nay là ai?,108
ai là người đứng đầu hội đồng trường hiện nay tại trường hcmute?,chủ tịch hội đồng trường hcmute hiện nay là ai?,108
tên của chủ tịch hội đồng trường hcmute hiện tại là gì?,chủ tịch hội đồng trường hcmute hiện nay là ai?,108
vị trí bí thư đảng ủy của trường hiện do ai đảm nhiệm?,ai hiện đang giữ chức vụ bí thư đảng ủy nhà trường?,109
người đang giữ vai trò chủ tịch đảng bộ nhà trường là ai?,ai hiện đang giữ chức vụ bí thư đảng ủy nhà trường?,109
ai được giao nhiệm vụ làm bí thư đảng ủy cho cơ sở giáo dục này?,ai hiện đang giữ chức vụ bí thư đảng ủy nhà trường?,109
chức danh bí thư của đảng ủy trường thuộc về vị lãnh đạo nào lúc này?,ai hiện đang giữ chức vụ bí thư đảng ủy nhà trường?,109
số điện thoại hay địa chỉ mail để liên lạc với tiến sĩ trương thị hiền là gì?,email liên hệ của tiến sĩ trương thị hiền là gì?,110
"làm sao để liên hệ trực tiếp với tiến sĩ hiền, xin cho biết kênh thông tin của bà.",email liên hệ của tiến sĩ trương thị hiền là gì?,110
ai là người phụ trách email của tiến sĩ trương thị hiền và nó là địa chỉ nào?,email liên hệ của tiến sĩ trương thị hiền là gì?,110
hãy chỉ cho tôi phương thức liên lạc qua thư điện tử của tiến sĩ trương thị hiền.,email liên hệ của tiến sĩ trương thị hiền là gì?,110
chức danh học hàm và học vị chính xác của ông lê hiếu giang khi làm hiệu trưởng là như thế nào?,học hàm và học vị đầy đủ của hiệu trưởng lê hiếu giang là gì?,111
vị trí học hàm cùng học vị mà lê hiếu giang nắm giữ khi giữ chức hiệu trưởng được gọi là gì?,học hàm và học vị đầy đủ của hiệu trưởng lê hiếu giang là gì?,111
bạn có thể cho biết học hàm và học vị hoàn chỉnh của người hiệu trưởng lê hiếu giang không?,học hàm và học vị đầy đủ của hiệu trưởng lê hiếu giang là gì?,111
làm rõ học hàm cũng như học vị của lê hiếu giang trong vai trò hiệu trưởng xem sao.,học hàm và học vị đầy đủ của hiệu trưởng lê hiếu giang là gì?,111
ai đang đảm nhiệm vai trò phó bí thư đảng ủy trường?,ai là người giữ chức vụ phó bí thư đảng ủy nhà trường?,112
người nào được giao nhiệm vụ làm phó bí thư đảng bộ nhà trường?,ai là người giữ chức vụ phó bí thư đảng ủy nhà trường?,112
chức vụ phó bí thư đảng ủy của trường hiện do ai phụ trách?,ai là người giữ chức vụ phó bí thư đảng ủy nhà trường?,112
ai là ứng viên hiện giữ chức phó bí thư trong đảng ủy nhà trường?,ai là người giữ chức vụ phó bí thư đảng ủy nhà trường?,112
nội dung email chính thức từ hiệu trưởng lê hiếu giang là như thế nào?,email chính thức của hiệu trưởng lê hiếu giang là gì?,113
ai là người gửi email chính thức cho trường và nội dung cụ thể là gì?,email chính thức của hiệu trưởng lê hiếu giang là gì?,113
làm thế nào để biết được bức thư điện tử chính thức của ông lê hiếu giang?,email chính thức của hiệu trưởng lê hiếu giang là gì?,113
thư điện tử chính thức do hiệu trưởng lê hiếu giang soạn thảo mang thông tin gì?,email chính thức của hiệu trưởng lê hiếu giang là gì?,113
hiện nay những người đang đảm nhiệm vai trò phó hiệu trưởng tại đơn vị này gồm có những ai?,danh sách các phó hiệu trưởng hiện nay của trường gồm những ai?,114
ai là những vị phó hiệu trưởng đang công tác trong trường vào thời điểm này?,danh sách các phó hiệu trưởng hiện nay của trường gồm những ai?,114
bạn có thể nêu tên các phó hiệu trưởng hiện đang giữ chức vụ tại nhà trường không?,danh sách các phó hiệu trưởng hiện nay của trường gồm những ai?,114
những ai là thành phần lãnh đạo cấp phó hiệu trưởng đang làm việc tại đây hiện nay?,danh sách các phó hiệu trưởng hiện nay của trường gồm những ai?,114
"chức danh chính trị của ông quách thanh hải, hiện đang giữ vị trí phó hiệu trưởng, cụ thể là gì?",chức vụ đảng của phó hiệu trưởng quách thanh hải là gì?,115
ông quách thanh hải người đứng thứ hai tại trường có chức vụ trong đảng như thế nào?,chức vụ đảng của phó hiệu trưởng quách thanh hải là gì?,115
"với vai trò phó hiệu trưởng, quách thanh hải đang đảm nhiệm chức danh đảng ra sao?",chức vụ đảng của phó hiệu trưởng quách thanh hải là gì?,115
"chức vụ đảng mà ông quách thanh hải, phó hiệu trưởng hiện tại, đang nắm giữ là gì?",chức vụ đảng của phó hiệu trưởng quách thanh hải là gì?,115
"số điện thoại liên lạc của ông quách thanh hải, phó hiệu trưởng, là bao nhiêu?",email liên hệ của phó hiệu trưởng quách thanh hải là gì?,116
làm thế nào để liên hệ với phó hiệu trưởng quách thanh hải qua đường bưu điện?,email liên hệ của phó hiệu trưởng quách thanh hải là gì?,116
"hãy cho biết địa chỉ email dùng để liên hệ với ông quách thanh hải, người giữ chức phó hiệu trưởng.",email liên hệ của phó hiệu trưởng quách thanh hải là gì?,116
tôi cần địa chỉ thư điện tử của vị phó hiệu trưởng có tên quách thanh hải.,email liên hệ của phó hiệu trưởng quách thanh hải là gì?,116
chức danh và cấp bậc học thuật của phó hiệu trưởng châu đình thành ra sao?,học hàm và học vị của phó hiệu trưởng châu đình thành là gì?,117
cấp hàm và vị trí học vấn hiện có của vị phó hiệu trưởng châu đình thành là gì?,học hàm và học vị của phó hiệu trưởng châu đình thành là gì?,117
"đối với phó hiệu trưởng châu đình thành, người ta gọi chức vụ và học hàm của anh ấy như thế nào?",học hàm và học vị của phó hiệu trưởng châu đình thành là gì?,117
học vị và hàm danh mà phó hiệu trưởng châu đình thành đang nắm giữ là gì?,học hàm và học vị của phó hiệu trưởng châu đình thành là gì?,117
phó hiệu trưởng châu đình thành đang đảm nhiệm cương vị nào trong tổ chức đảng?,chức vụ trong đảng của phó hiệu trưởng châu đình thành là gì?,118
chức danh đảng viên của vị phó hiệu trưởng châu đình thành được xác định như thế nào?,chức vụ trong đảng của phó hiệu trưởng châu đình thành là gì?,118
vị lãnh đạo đảng của phó hiệu trưởng châu đình thành là chức vụ gì?,chức vụ trong đảng của phó hiệu trưởng châu đình thành là gì?,118
"trong hàng ngũ đảng, phó hiệu trưởng châu đình thành giữ vai trò gì?",chức vụ trong đảng của phó hiệu trưởng châu đình thành là gì?,118
số điện thoại hay địa chỉ thư điện tử để liên lạc với thầy phó hiệu trưởng châu đình thành là bao nhiêu?,email liên hệ của phó hiệu trưởng châu đình thành là gì?,119
"bạn có thể cho tôi biết cách thức kết nối với ông châu đình thành, phó hiệu trưởng không?",email liên hệ của phó hiệu trưởng châu đình thành là gì?,119
làm thế nào để tôi gửi tin nhắn hoặc mail cho vị lãnh đạo này?,email liên hệ của phó hiệu trưởng châu đình thành là gì?,119
"địa chỉ liên lạc của người đứng thứ hai trong ban giám hiệu, cụ thể là thầy châu đình thành, thế nào?",email liên hệ của phó hiệu trưởng châu đình thành là gì?,119
vị trí nào trong ban chỉ huy nhà trường thuộc về những người có học hàm phó giáo sư?,những thành viên nào trong ban lãnh đạo trường có học hàm phó giáo sư?,120
"bên trong đội ngũ lãnh đạo của ngôi trường, ai là những vị nắm giữ học hàm phó giáo sư?",những thành viên nào trong ban lãnh đạo trường có học hàm phó giáo sư?,120
những vị lãnh đạo nào của cơ sở giáo dục này đang sở hữu học hàm phó giáo sư?,những thành viên nào trong ban lãnh đạo trường có học hàm phó giáo sư?,120
ai trong số các thành viên thuộc ban quản lý trường đã đạt được học hàm phó giáo sư?,những thành viên nào trong ban lãnh đạo trường có học hàm phó giáo sư?,120
những vị trí then chốt mà tiến sĩ trương thị hiền đang nắm giữ trong trường là gì?,tiến sĩ trương thị hiền đảm nhận những vai trò quan trọng nào tại trường?,121
trường đã giao phó cho tiến sĩ trương thị hiền những trọng trách nào?,tiến sĩ trương thị hiền đảm nhận những vai trò quan trọng nào tại trường?,121
nhiệm vụ trọng điểm nào của nhà trường được tiến sĩ trương thị hiền đảm nhiệm?,tiến sĩ trương thị hiền đảm nhận những vai trò quan trọng nào tại trường?,121
chức danh hay vai trò chính thức nào mà tiến sĩ trương thị hiền hiện đang giữ tại cơ sở này?,tiến sĩ trương thị hiền đảm nhận những vai trò quan trọng nào tại trường?,121
"học sinh viên cần thực hiện những nghĩa vụ gì đối với các chủ trương, định hướng của đảng cùng chính sách, luật pháp của nhà nước?","sinh viên có nhiệm vụ gì đối với chủ trương, đường lối của đảng và chính sách, pháp luật của nhà nước?",122
"với đường lối của đảng và hệ thống chính sách, pháp luật của nhà nước, trách nhiệm của sinh viên là gì?","sinh viên có nhiệm vụ gì đối với chủ trương, đường lối của đảng và chính sách, pháp luật của nhà nước?",122
"sinh viên cần phải làm gì để phù hợp với chủ trương, đường lối của đảng và chính sách, pháp luật do nhà nước ban hành?","sinh viên có nhiệm vụ gì đối với chủ trương, đường lối của đảng và chính sách, pháp luật của nhà nước?",122
"các quy định, đường lối của đảng cùng chính sách, luật pháp của nhà nước đòi hỏi sinh viên phải gánh vác nhiệm vụ như thế nào?","sinh viên có nhiệm vụ gì đối với chủ trương, đường lối của đảng và chính sách, pháp luật của nhà nước?",122
những quy tắc gì mà sinh viên cần tuân thủ theo?,sinh viên phải chấp hành các quy định nào của nhà trường?,123
bộ quy định nào của trường đòi hỏi sinh viên phải thực hiện?,sinh viên phải chấp hành các quy định nào của nhà trường?,123
sinh viên cần thực hiện đúng những nội quy nào từ phía nhà trường?,sinh viên phải chấp hành các quy định nào của nhà trường?,123
"theo yêu cầu của cơ quan giáo dục, học sinh phải làm gì?",sinh viên phải chấp hành các quy định nào của nhà trường?,123
học sinh cần thực hiện những công việc gì để học và rèn luyện?,nhiệm vụ của sinh viên trong việc học tập và rèn luyện là gì?,124
sinh viên phải làm gì trong quá trình học cũng như rèn luyện bản thân?,nhiệm vụ của sinh viên trong việc học tập và rèn luyện là gì?,124
những trách nhiệm nào mà người học cần đảm nhận khi đi học và tu dưỡng?,nhiệm vụ của sinh viên trong việc học tập và rèn luyện là gì?,124
"để vừa học vừa rèn luyện, sinh viên cần thực hiện những việc gì?",nhiệm vụ của sinh viên trong việc học tập và rèn luyện là gì?,124
nhà trường có quy định cụ thể gì về tinh thần tự học và tìm tòi khoa học của học sinh không?,thái độ của sinh viên đối với việc tự học và nghiên cứu khoa học được quy định như thế nào?,125
các quy định liên quan đến thái độ của sinh viên trong vấn đề tự thân rèn luyện và nghiên cứu được nêu như thế nào?,thái độ của sinh viên đối với việc tự học và nghiên cứu khoa học được quy định như thế nào?,125
việc học hỏi bằng chính mình cùng công tác nghiên cứu khoa học của sinh viên được định hướng ra sao theo quy định?,thái độ của sinh viên đối với việc tự học và nghiên cứu khoa học được quy định như thế nào?,125
quy chế quản lý thái độ của học viên đối với quá trình tự nghiên cứu và tìm tòi khoa học được thiết lập thế nào?,thái độ của sinh viên đối với việc tự học và nghiên cứu khoa học được quy định như thế nào?,125
làm thế nào để sinh viên tu dưỡng phẩm chất và sinh hoạt hàng ngày?,sinh viên có nhiệm vụ rèn luyện đạo đức và lối sống như thế nào?,126
sinh viên cần thực hành đạo đức cũng như nếp sống ra sao?,sinh viên có nhiệm vụ rèn luyện đạo đức và lối sống như thế nào?,126
hãy chỉ rõ cách thức sinh viên nên bồi dưỡng lối sống và đạo đức.,sinh viên có nhiệm vụ rèn luyện đạo đức và lối sống như thế nào?,126
việc rèn luyện nhân cách và sinh hoạt của sinh viên cần được tiến hành thế nào?,sinh viên có nhiệm vụ rèn luyện đạo đức và lối sống như thế nào?,126
sinh viên nhìn nhận thế nào về vai trò của giáo viên cùng lãnh đạo nhà trường?,thái độ của sinh viên đối với nhà giáo và cán bộ quản lý trong trường như thế nào?,127
các bạn học cảm thấy thế nào trước thái độ của người dạy và những người quản lý?,thái độ của sinh viên đối với nhà giáo và cán bộ quản lý trong trường như thế nào?,127
mối quan hệ giữa sinh viên với giảng viên và bộ phận hành chính hiện đang ở mức độ ra sao?,thái độ của sinh viên đối với nhà giáo và cán bộ quản lý trong trường như thế nào?,127
bạn hãy mô tả xem sinh viên có đánh giá thế nào về cách cư xử của thầy cô và ban giám hiệu?,thái độ của sinh viên đối với nhà giáo và cán bộ quản lý trong trường như thế nào?,127
những gì sinh viên cần thực hiện với bạn học khi đang học tập là gì?,trách nhiệm của sinh viên đối với bạn bè trong quá trình học tập là gì?,128
"khi cùng nhau học, sinh viên phải gánh vác bổn phận gì đối với đồng môn?",trách nhiệm của sinh viên đối với bạn bè trong quá trình học tập là gì?,128
nhiệm vụ của sinh viên hướng tới bạn bè trong thời gian theo học như thế nào?,trách nhiệm của sinh viên đối với bạn bè trong quá trình học tập là gì?,128
"trong lúc học hành, sinh viên có bổn phận gì đối với các bạn cùng lớp?",trách nhiệm của sinh viên đối với bạn bè trong quá trình học tập là gì?,128
nếp sống văn hóa mà sinh viên cần tuân thủ là gì?,sinh viên cần thực hiện nếp sống văn hóa như thế nào?,129
làm sao để sinh viên có thể duy trì được nếp sống văn hóa?,sinh viên cần thực hiện nếp sống văn hóa như thế nào?,129
sinh viên nên hành động ra sao để đáp ứng chuẩn mực văn hóa?,sinh viên cần thực hiện nếp sống văn hóa như thế nào?,129
việc thực hiện nếp sống văn hóa đòi hỏi sinh viên phải làm gì?,sinh viên cần thực hiện nếp sống văn hóa như thế nào?,129
học viên cần phải làm gì để bảo vệ tài sản của trường mình?,trách nhiệm của sinh viên đối với tài sản của nhà trường là gì?,130
việc giữ gìn đồ đạc của cơ quan giáo dục thuộc về ai và như thế nào?,trách nhiệm của sinh viên đối với tài sản của nhà trường là gì?,130
sinh viên có bổn phận gì liên quan đến các tài sản của nhà trường không?,trách nhiệm của sinh viên đối với tài sản của nhà trường là gì?,130
phần việc nào của sinh viên đối với vật dụng thuộc sở hữu trường là quan trọng nhất?,trách nhiệm của sinh viên đối với tài sản của nhà trường là gì?,130
"để khơi dậy và phát huy tốt truyền thống của mái trường, bạn nghĩ sinh viên cần phải làm những gì?",sinh viên cần làm gì để phát huy truyền thống của nhà trường?,131
những việc làm nào của sinh viên được cho là sẽ góp phần làm sáng tỏ và phát huy những giá trị truyền thống của nhà trường?,sinh viên cần làm gì để phát huy truyền thống của nhà trường?,131
nhà trường muốn truyền thống được tôn vinh và phát huy mạnh mẽ thì sinh viên cần nỗ lực điều gì?,sinh viên cần làm gì để phát huy truyền thống của nhà trường?,131
"theo bạn, hành động cụ thể nào của sinh viên sẽ giúp phát huy tối đa tinh thần truyền thống của đơn vị mình?",sinh viên cần làm gì để phát huy truyền thống của nhà trường?,131
nội dung về kỳ kiểm tra sức khỏe bắt đầu học kỳ dành cho sinh viên thì cụ thể như thế nào?,quy định về việc khám sức khỏe đầu khóa đối với sinh viên là gì?,132
sinh viên cần phải làm gì theo quy định liên quan đến đợt khám y tế đầu năm học?,quy định về việc khám sức khỏe đầu khóa đối với sinh viên là gì?,132
những yêu cầu nào được đặt ra cho sinh viên trong vấn đề xét nghiệm sức khỏe khi mới nhập học?,quy định về việc khám sức khỏe đầu khóa đối với sinh viên là gì?,132
điều khoản về kỳ kiểm tra thể chất đầu khóa dành cho các bạn sinh viên thì ra sao?,quy định về việc khám sức khỏe đầu khóa đối với sinh viên là gì?,132
"trong suốt quá trình theo học, sinh viên có cần thực hiện việc kiểm tra sức khỏe định kỳ hay không?",sinh viên có phải khám sức khỏe định kỳ trong quá trình học tập không?,133
việc kiểm tra sức khỏe định kỳ là bắt buộc đối với sinh viên trong thời gian đi học hay không?,sinh viên có phải khám sức khỏe định kỳ trong quá trình học tập không?,133
sinh viên có phải trải qua quy trình xét nghiệm sức khỏe thường xuyên trong khi đang học không?,sinh viên có phải khám sức khỏe định kỳ trong quá trình học tập không?,133
"trong giai đoạn đào tạo, liệu sinh viên có buộc phải làm xét nghiệm sức khỏe định kỳ chưa?",sinh viên có phải khám sức khỏe định kỳ trong quá trình học tập không?,133
sinh viên cần đóng góp khoản tiền nào cho trường đại học?,nghĩa vụ tài chính của sinh viên đối với nhà trường bao gồm những gì?,134
những khoản chi phí gì mà học sinh phải chịu trả cho cơ sở giáo dục?,nghĩa vụ tài chính của sinh viên đối với nhà trường bao gồm những gì?,134
nhà trường yêu cầu sinh viên thanh toán những loại phí gì?,nghĩa vụ tài chính của sinh viên đối với nhà trường bao gồm những gì?,134
phần đóng góp tài chính của người học dành cho ngôi trường gồm những khoản nào?,nghĩa vụ tài chính của sinh viên đối với nhà trường bao gồm những gì?,134
học trò có bắt buộc phải góp sức làm việc thiện nguyện hay không?,sinh viên có phải tham gia lao động công ích không?,135
"bên cạnh việc học, sinh viên còn cần tham gia các hoạt động xã hội không?",sinh viên có phải tham gia lao động công ích không?,135
làm việc vì cộng đồng là điều kiện bắt buộc đối với sinh viên chăng?,sinh viên có phải tham gia lao động công ích không?,135
sinh viên có nằm trong diện phải tham gia lao động phục vụ công ích?,sinh viên có phải tham gia lao động công ích không?,135
liệu học trò có cần phải đăng ký làm việc thiện trong cộng đồng hay không?,sinh viên có phải tham gia các hoạt động tình nguyện không?,136
các sinh viên có bắt buộc phải hỗ trợ xã hội qua những hoạt động tình nguyện không?,sinh viên có phải tham gia các hoạt động tình nguyện không?,136
việc tham gia các chương trình cống hiến có nằm trong quy định bắt buộc với sinh viên không?,sinh viên có phải tham gia các hoạt động tình nguyện không?,136
bạn thấy sinh viên có phải đóng góp cho cộng đồng bằng cách tình nguyện hay không?,sinh viên có phải tham gia các hoạt động tình nguyện không?,136
những quy định cụ thể về việc sinh viên phải tham gia các hoạt động xã hội là gì?,trách nhiệm tham gia hoạt động xã hội của sinh viên được quy định như thế nào?,137
pháp luật đã định nghĩa ra sao về nghĩa vụ đóng góp của sinh viên vào đời sống cộng đồng?,trách nhiệm tham gia hoạt động xã hội của sinh viên được quy định như thế nào?,137
sinh viên cần tuân thủ những quy tắc nào khi tham gia các hoạt động xã hội?,trách nhiệm tham gia hoạt động xã hội của sinh viên được quy định như thế nào?,137
"theo quy định hiện hành, sinh viên phải thực hiện nghĩa vụ xã hội ra sao?",trách nhiệm tham gia hoạt động xã hội của sinh viên được quy định như thế nào?,137
"khi nhận được học bổng từ ngân sách nhà nước, học sinh sinh viên cần phải làm những gì?",nghĩa vụ của sinh viên khi được hưởng học bổng do nhà nước cấp là gì?,138
những trách nhiệm mà bạn trẻ phải gánh vác sau khi được trao học bổng do quốc gia tài trợ là như thế nào?,nghĩa vụ của sinh viên khi được hưởng học bổng do nhà nước cấp là gì?,138
"được hưởng chế độ hỗ trợ tài chính của nhà nước, sinh viên phải tuân thủ những quy định gì?",nghĩa vụ của sinh viên khi được hưởng học bổng do nhà nước cấp là gì?,138
học bổng cấp từ chính phủ đặt ra yêu cầu gì đối với những người được lựa chọn?,nghĩa vụ của sinh viên khi được hưởng học bổng do nhà nước cấp là gì?,138
"theo thỏa thuận với chính phủ, sinh viên nhận được kinh phí học tập từ nước ngoài cần thực hiện những nghĩa vụ gì?",sinh viên được nước ngoài tài trợ chi phí đào tạo theo hiệp định với nhà nước có nghĩa vụ gì?,139
"khi được hỗ trợ đào tạo bằng nguồn vốn ngoại dưới điều ước song phương, học viên phải làm gì?",sinh viên được nước ngoài tài trợ chi phí đào tạo theo hiệp định với nhà nước có nghĩa vụ gì?,139
sinh viên hưởng chế độ tài trợ quốc tế theo hiệp định cần tuân thủ những điều khoản nào?,sinh viên được nước ngoài tài trợ chi phí đào tạo theo hiệp định với nhà nước có nghĩa vụ gì?,139
điều kiện bắt buộc đối với người được nước ngoài chi trả học phí theo hiệp định là gì?,sinh viên được nước ngoài tài trợ chi phí đào tạo theo hiệp định với nhà nước có nghĩa vụ gì?,139
nếu sinh viên nhận học bổng công không nghe lời phân công công tác thì sẽ ra sao?,điều gì xảy ra nếu sinh viên hưởng học bổng nhà nước không chấp hành sự điều động làm việc?,140
trường hợp bạn trẻ được hỗ trợ tài chính của nhà nước lại từ chối lệnh công tác thì hậu quả là gì?,điều gì xảy ra nếu sinh viên hưởng học bổng nhà nước không chấp hành sự điều động làm việc?,140
khi người được trao gói hỗ trợ từ ngân sách không tuân thủ chỉ đạo đi làm sẽ thế nào?,điều gì xảy ra nếu sinh viên hưởng học bổng nhà nước không chấp hành sự điều động làm việc?,140
việc sinh viên có học bổng nhà nước từ chối lệnh điều chuyển nhân sự sẽ dẫn đến điều gì?,điều gì xảy ra nếu sinh viên hưởng học bổng nhà nước không chấp hành sự điều động làm việc?,140
sinh viên cần làm gì để ngăn chặn tình trạng gian lận trong học tập?,trách nhiệm của sinh viên trong việc phòng chống gian lận học tập là gì?,141
việc sinh viên phải gánh vác trong nỗ lực chống gian lận thi cử là ra sao?,trách nhiệm của sinh viên trong việc phòng chống gian lận học tập là gì?,141
làm thế nào để học sinh ngăn ngừa hành vi làm giả trong quá trình học?,trách nhiệm của sinh viên trong việc phòng chống gian lận học tập là gì?,141
nhiệm vụ cụ thể của người học nhằm hạn chế gian lận ở đâu?,trách nhiệm của sinh viên trong việc phòng chống gian lận học tập là gì?,141
"khi bắt gặp tình trạng gian lận trong phòng thi, sinh viên nên xử lý như thế nào?",sinh viên cần làm gì khi phát hiện hành vi gian lận trong thi cử?,142
hành động đúng đắn của người học là gì nếu chứng kiến việc làm sai trong lúc làm bài?,sinh viên cần làm gì khi phát hiện hành vi gian lận trong thi cử?,142
"nếu ai đó thấy vụ việc gian lận xảy ra trong giờ kiểm tra, họ cần phản ứng ra sao?",sinh viên cần làm gì khi phát hiện hành vi gian lận trong thi cử?,142
"với vai trò là sinh viên, làm sao để ứng xử khi phát hiện đồng bạn vi phạm quy chế thi?",sinh viên cần làm gì khi phát hiện hành vi gian lận trong thi cử?,142
sinh viên có được yêu cầu phải tố cáo những hành động trái pháp luật của các nhân viên trường hay không?,sinh viên có nhiệm vụ báo cáo hành vi vi phạm pháp luật của cán bộ trường không?,143
việc khai báo các vi phạm pháp luật từ phía cán bộ thuộc quyền trách nhiệm của sinh viên không?,sinh viên có nhiệm vụ báo cáo hành vi vi phạm pháp luật của cán bộ trường không?,143
sinh viên có cần phải lên tiếng khi phát hiện cán bộ nhà trường phạm luật hay chưa?,sinh viên có nhiệm vụ báo cáo hành vi vi phạm pháp luật của cán bộ trường không?,143
ai là người phải khai báo về những hành vi vi phạm pháp luật của người quản lý tại trường: sinh viên hay ai khác?,sinh viên có nhiệm vụ báo cáo hành vi vi phạm pháp luật của cán bộ trường không?,143
sinh viên cần làm gì để góp phần bảo đảm an ninh trật tự tại trường?,trách nhiệm của sinh viên đối với an ninh trật tự trong trường học là gì?,144
"đối với công tác giữ gìn an ninh trật tự trong nhà trường, sinh viên phải đóng vai trò ra sao?",trách nhiệm của sinh viên đối với an ninh trật tự trong trường học là gì?,144
những nghĩa vụ nào mà sinh viên cần thực hiện liên quan đến việc duy trì an ninh trật tự ở trường?,trách nhiệm của sinh viên đối với an ninh trật tự trong trường học là gì?,144
"để an ninh trật tự trong môi trường giáo dục được ổn định, sinh viên cần gánh vác phần việc gì?",trách nhiệm của sinh viên đối với an ninh trật tự trong trường học là gì?,144
trách nhiệm của sinh viên trong vấn đề an toàn đường phố là gì?,sinh viên có trách nhiệm gì đối với an toàn giao thông?,145
"đối với giao thông an toàn, sinh viên cần phải làm những gì?",sinh viên có trách nhiệm gì đối với an toàn giao thông?,145
những nghĩa vụ nào mà người học phải gánh vác khi tham gia giao thông?,sinh viên có trách nhiệm gì đối với an toàn giao thông?,145
sinh viên cần tuân thủ hay thực hiện điều gì để đảm bảo an toàn khi đi lại?,sinh viên có trách nhiệm gì đối với an toàn giao thông?,145
học sinh có bắt buộc phải phối hợp ngăn chặn các hành vi xấu trong đời sống không?,sinh viên có phải tham gia phòng chống tệ nạn xã hội không?,146
việc tham gia đẩy lùi tệ nạn xã hội có nằm trong nghĩa vụ của bạn sinh viên hay chưa?,sinh viên có phải tham gia phòng chống tệ nạn xã hội không?,146
bạn có cần phải chung tay phòng tránh những thói hư tật xấu mà không?,sinh viên có phải tham gia phòng chống tệ nạn xã hội không?,146
học trò có cần hỗ trợ xã hội hạn chế tệ nạn hay không?,sinh viên có phải tham gia phòng chống tệ nạn xã hội không?,146
sinh viên cần làm gì thêm ngoài những quy định đã nêu?,"ngoài các quy định cụ thể, sinh viên còn phải thực hiện nhiệm vụ nào khác?",147
"bên cạnh các quy định riêng biệt, nhiệm vụ còn lại của sinh viên là gì?","ngoài các quy định cụ thể, sinh viên còn phải thực hiện nhiệm vụ nào khác?",147
"ngoài những yêu cầu cụ thể, sinh viên phải hoàn thành thêm công việc gì?","ngoài các quy định cụ thể, sinh viên còn phải thực hiện nhiệm vụ nào khác?",147
nhiệm vụ bổ sung nào sinh viên cần đảm nhận ngoài các quy định hiện hành?,"ngoài các quy định cụ thể, sinh viên còn phải thực hiện nhiệm vụ nào khác?",147
để được nhập học đúng ngành mình đăng ký thì cần chuẩn bị những điều kiện gì?,điều kiện để sinh viên được nhận vào học đúng ngành đã đăng ký là gì?,148
"muốn theo đuổi ngành đã chọn, sinh viên cần đáp ứng tiêu chí nào?",điều kiện để sinh viên được nhận vào học đúng ngành đã đăng ký là gì?,148
những yêu cầu gì để sinh viên có thể học ngay đúng ngành muốn đăng ký?,điều kiện để sinh viên được nhận vào học đúng ngành đã đăng ký là gì?,148
sinh viên cần làm gì để đảm bảo được ghi danh vào đúng ngành đã chọn?,điều kiện để sinh viên được nhận vào học đúng ngành đã đăng ký là gì?,148
làm thế nào để pháp luật bảo đảm quyền được tôn trọng và đối xử công bằng cho sinh viên?,quyền lợi về sự tôn trọng và bình đẳng của sinh viên được quy định như thế nào?,149
sinh viên được quy định như thế nào về mặt hưởng ứng sự bình đẳng và lòng kính trọng?,quyền lợi về sự tôn trọng và bình đẳng của sinh viên được quy định như thế nào?,149
các quy định liên quan đến tư cách ngang hàng và sự tôn trọng dành cho sinh viên ra sao?,quyền lợi về sự tôn trọng và bình đẳng của sinh viên được quy định như thế nào?,149
hệ thống quy tắc đối với quyền lợi công bằng và được trọng vọng của sinh viên được xây dựng thế nào?,quyền lợi về sự tôn trọng và bình đẳng của sinh viên được quy định như thế nào?,149
liệu những học sinh có được phép biết thông tin riêng tư liên quan đến việc học của mình hay không?,sinh viên có quyền được cung cấp thông tin cá nhân về học tập không?,150
thông tin cá nhân về mặt học thuật của sinh viên có được cấp phát cho chính họ không?,sinh viên có quyền được cung cấp thông tin cá nhân về học tập không?,150
bạn có thể chia sẻ dữ liệu cá nhân thuộc lĩnh vực học tập cho sinh viên được không?,sinh viên có quyền được cung cấp thông tin cá nhân về học tập không?,150
quyền tiếp cận thông tin nội bộ về quá trình học tập của sinh viên có được đảm bảo?,sinh viên có quyền được cung cấp thông tin cá nhân về học tập không?,150
liêng sở học tập liệu có bổn phận thông báo nội quy và chế độ tới các bạn sinh viên hay không?,"nhà trường có trách nhiệm phổ biến nội quy, quy chế cho sinh viên không?",151
việc tuyên truyền các quy định nhà trường cho sinh viên có thuộc trách nhiệm của đơn vị giáo dục này không?,"nhà trường có trách nhiệm phổ biến nội quy, quy chế cho sinh viên không?",151
liêng học viện cần phải phổ biến các quy định nội bộ cho sinh viên chưa?,"nhà trường có trách nhiệm phổ biến nội quy, quy chế cho sinh viên không?",151
có đúng là nhà trường phải giới thiệu quy chế và nội quy cho sinh viên hay không?,"nhà trường có trách nhiệm phổ biến nội quy, quy chế cho sinh viên không?",151
người học có thể tiếp cận thông tin liên quan đến các chính sách và quy định từ phía nhà nước hay không?,"sinh viên có quyền được biết về các chế độ, chính sách của nhà nước không?",152
"liêên quan đến những điều luật và chế độ của chính phủ, sinh viên có được phép tìm hiểu rõ chưa?","sinh viên có quyền được biết về các chế độ, chính sách của nhà nước không?",152
"về mặt quyền lợi, các bạn trẻ có thể nắm bắt được nội dung các văn bản nhà nước đưa ra không?","sinh viên có quyền được biết về các chế độ, chính sách của nhà nước không?",152
"thông tin về những chính sách cũng như quy chế của chính quyền có sẵn sàng để học sinh, sinh viên biết đến chứ?","sinh viên có quyền được biết về các chế độ, chính sách của nhà nước không?",152
liệu học trò có được phép vào dùng kho sách của nhà trường hay không?,sinh viên có quyền sử dụng hệ thống thư viện của trường không?,153
bên mình có cho sinh viên ra vào mượn tài liệu tại thư viện không vậy?,sinh viên có quyền sử dụng hệ thống thư viện của trường không?,153
quyền lợi của học viên có bao gồm việc tiếp cận hệ thống tàng trữ sách của cơ quan này?,sinh viên có quyền sử dụng hệ thống thư viện của trường không?,153
nhà trường có mở cửa cho các bạn học được sử dụng không gian đọc sách hay chưa?,sinh viên có quyền sử dụng hệ thống thư viện của trường không?,153
những dụng cụ và trang bị nào tại nhà trường mà sinh viên được phép dùng?,sinh viên được sử dụng các trang thiết bị nào của trường?,154
sinh viên có quyền tiếp cận hay sử dụng những thiết bị gì của trường không?,sinh viên được sử dụng các trang thiết bị nào của trường?,154
loại thiết bị hay phương tiện nào của cơ quan giáo dục này dành cho học sinh?,sinh viên được sử dụng các trang thiết bị nào của trường?,154
trong khuôn viên trường có những gì sinh viên được tận dụng?,sinh viên được sử dụng các trang thiết bị nào của trường?,154
"khoa học nghiên cứu, sinh viên được phép tham gia như thế nào?",quyền tham gia nghiên cứu khoa học của sinh viên là gì?,155
nội dung quyền hạn của sinh viên trong lĩnh vực nghiên cứu khoa học ra sao?,quyền tham gia nghiên cứu khoa học của sinh viên là gì?,155
sinh viên có thể tham gia vào công việc nghiên cứu khoa học ở mức độ nào?,quyền tham gia nghiên cứu khoa học của sinh viên là gì?,155
khái niệm về quyền được tham gia các dự án nghiên cứu của sinh viên là gì?,quyền tham gia nghiên cứu khoa học của sinh viên là gì?,155
học sinh có quyền đăng ký dự thi vào các giải olympic chuyên ngành hay không?,sinh viên có được tham gia các kỳ thi olympic môn học không?,156
liệu chúng em có được phép tham gia vào những kỳ thi học thuật cấp cao này?,sinh viên có được tham gia các kỳ thi olympic môn học không?,156
những kỳ thi olympic thuộc lĩnh vực chuyên môn có mở rộng cửa cho học viên không?,sinh viên có được tham gia các kỳ thi olympic môn học không?,156
có cho phép sinh viên gia nhập các cuộc thi olympic về kiến thức hay không?,sinh viên có được tham gia các kỳ thi olympic môn học không?,156
những quy định cụ thể cho sinh viên trong lĩnh vực y tế là gì?,quyền lợi về chăm sóc sức khỏe của sinh viên được quy định thế nào?,157
chế độ bảo đảm sức khỏe dành cho học sinh đại học được định hướng ra sao?,quyền lợi về chăm sóc sức khỏe của sinh viên được quy định thế nào?,157
pháp luật quy định về hỗ trợ sức khỏe cho sinh viên như thế nào?,quyền lợi về chăm sóc sức khỏe của sinh viên được quy định thế nào?,157
các quyền lợi y tế dành cho sinh viên được xếp đặt thế nào?,quyền lợi về chăm sóc sức khỏe của sinh viên được quy định thế nào?,157
người học có được phép nộp hồ sơ xin nhập học tại các quốc gia bên ngoài không?,sinh viên có quyền dự tuyển đi học ở nước ngoài không?,158
liệu những bạn trẻ có thể đăng ký tham gia chương trình đào tạo ở nước ngoài được hay chưa?,sinh viên có quyền dự tuyển đi học ở nước ngoài không?,158
việc sinh viên nộp đơn xét tuyển ra nước ngoài có bị cấm hay không?,sinh viên có quyền dự tuyển đi học ở nước ngoài không?,158
có chính sách nào cho phép người đi học đăng ký vào các trường bên ngoài đất nước mình không?,sinh viên có quyền dự tuyển đi học ở nước ngoài không?,158
liệu sinh viên có được phép tiếp tục học lên các bậc cao hơn hay không?,sinh viên có được quyền học chuyển tiếp lên các trình độ cao hơn không?,159
có cho phép sinh viên chuyển tiếp sang những trình độ đào tạo nâng cao không?,sinh viên có được quyền học chuyển tiếp lên các trình độ cao hơn không?,159
sinh viên có thể được nâng cấp lên các cấp học cao hơn theo quy định không?,sinh viên có được quyền học chuyển tiếp lên các trình độ cao hơn không?,159
có ai được quyền tham gia tiếp tục học tập ở các bậc cao hơn không?,sinh viên có được quyền học chuyển tiếp lên các trình độ cao hơn không?,159
học sinh được phép trở thành thành viên trong đảng cộng sản việt nam hay không?,sinh viên có quyền tham gia vào tổ chức đảng cộng sản việt nam không?,160
liệu người đang theo học có cơ hội gia nhập đảng này hay không?,sinh viên có quyền tham gia vào tổ chức đảng cộng sản việt nam không?,160
vấn đề sinh viên được phép tham gia vào tổ chức của đảng có được chấp nhận không?,sinh viên có quyền tham gia vào tổ chức đảng cộng sản việt nam không?,160
có tồn tại quyền hạn cho học sinh để tham gia vào đảng cộng sản việt nam hay không?,sinh viên có quyền tham gia vào tổ chức đảng cộng sản việt nam không?,160
sinh viên có quyền gì trong việc tham gia đoàn tncs hồ chí minh?,quyền tham gia đoàn tncs hồ chí minh của sinh viên là gì?,161
nội dung quyền lợi của sinh viên khi tham gia đoàn tncs hồ chí minh là như thế nào?,quyền tham gia đoàn tncs hồ chí minh của sinh viên là gì?,161
sinh viên được hưởng những quyền gì liên quan đến hoạt động trong đoàn tncs hồ chí minh?,quyền tham gia đoàn tncs hồ chí minh của sinh viên là gì?,161
"khi tham gia đoàn tncs hồ chí minh, sinh viên có những quyền hạn gì?",quyền tham gia đoàn tncs hồ chí minh của sinh viên là gì?,161
sinh viên có quyền gia nhập tổ chức sinh viên việt nam hay không?,sinh viên có được tham gia hội sinh viên việt nam không?,162
có cho phép sinh viên trở thành thành viên trong hội sinh viên việt nam không?,sinh viên có được tham gia hội sinh viên việt nam không?,162
hội sinh viên việt nam có mở cửa cho sinh viên tham gia hay chưa?,sinh viên có được tham gia hội sinh viên việt nam không?,162
liệu sinh viên có được phép là thành viên của hội sinh viên việt nam không?,sinh viên có được tham gia hội sinh viên việt nam không?,162
liệu học sinh có được phép gia nhập vào những nhóm tự quản hay không?,sinh viên có quyền tham gia các tổ chức tự quản không?,163
bạn có tin rằng sinh viên được phép kết hợp với các tổ chức tự trị của trường?,sinh viên có quyền tham gia các tổ chức tự quản không?,163
mức độ tham gia của sinh viên vào các nhóm tự quản có được công nhận là hợp lệ không?,sinh viên có quyền tham gia các tổ chức tự quản không?,163
có đúng là sinh viên có thể trở thành thành viên của các tổ chức tự quản hay không?,sinh viên có quyền tham gia các tổ chức tự quản không?,163
hoạt động bên ngoài nhà trường mà sinh viên được tham gia thì như thế nào?,quyền tham gia các hoạt động xã hội ngoài trường của sinh viên như thế nào?,164
mức độ sinh viên được tham gia vào các sự kiện xã hội bên ngoài cơ sở giáo dục ra sao?,quyền tham gia các hoạt động xã hội ngoài trường của sinh viên như thế nào?,164
cơ chế để sinh viên tham gia các hoạt động cộng đồng ngoài phạm vi trường học là gì?,quyền tham gia các hoạt động xã hội ngoài trường của sinh viên như thế nào?,164
sinh viên có được tham gia những hoạt động xã hội bên ngoài trường theo cách nào?,quyền tham gia các hoạt động xã hội ngoài trường của sinh viên như thế nào?,164
nhà trường có cho phép học sinh được tham gia các sự kiện văn hóa nghệ thuật hay không?,"sinh viên có được tham gia các hoạt động văn hóa, văn nghệ trong trường không?",165
học sinh có cơ hội được hòa mình vào các hoạt động sân khấu và biểu diễn văn nghệ ở trường không?,"sinh viên có được tham gia các hoạt động văn hóa, văn nghệ trong trường không?",165
có được phép học sinh tham gia các buổi lễ và hoạt động vui văn nghệ tại cơ sở giáo dục này chưa?,"sinh viên có được tham gia các hoạt động văn hóa, văn nghệ trong trường không?",165
các hoạt động văn hóa nghệ thuật trong trường có mở cửa cho học sinh tham gia không vậy?,"sinh viên có được tham gia các hoạt động văn hóa, văn nghệ trong trường không?",165
học trò có được tham gia vào những hoạt động thể chất hay không?,sinh viên có quyền tham gia các hoạt động thể thao không?,166
các sinh viên có thể gia nhập các sự kiện vận động ngoài trời không vậy?,sinh viên có quyền tham gia các hoạt động thể thao không?,166
việc tham gia thi đấu thể thao có nằm trong quyền lợi của học sinh không?,sinh viên có quyền tham gia các hoạt động thể thao không?,166
có cho phép học viên được chơi thể dục trong khuôn viên trường không?,sinh viên có quyền tham gia các hoạt động thể thao không?,166
những gì sinh viên có thể dùng trong lĩnh vực hỗ trợ xã hội?,các dịch vụ công tác xã hội nào sinh viên được phép sử dụng?,167
phần nào của dịch vụ cộng đồng dành cho sinh viên được phép khai thác?,các dịch vụ công tác xã hội nào sinh viên được phép sử dụng?,167
sinh viên được tiếp cận những khoản dịch vụ xã hội cụ thể nào?,các dịch vụ công tác xã hội nào sinh viên được phép sử dụng?,167
có những tiện ích xã hội nào nằm trong quyền lợi sử dụng của sinh viên?,các dịch vụ công tác xã hội nào sinh viên được phép sử dụng?,167
những học sinh thuộc diện khó khăn nhận được sự giúp đỡ qua kênh gì?,sinh viên có hoàn cảnh đặc biệt được hỗ trợ thông qua dịch vụ nào?,168
loại dịch vụ nào dành riêng cho các bạn trẻ gặp hoàn cảnh bất lợi?,sinh viên có hoàn cảnh đặc biệt được hỗ trợ thông qua dịch vụ nào?,168
cơ chế hỗ trợ nào được áp dụng cho đối tượng sinh viên đặc biệt?,sinh viên có hoàn cảnh đặc biệt được hỗ trợ thông qua dịch vụ nào?,168
bạn trẻ trong hoàn cảnh khó khăn được tiếp cận dịch vụ gì?,sinh viên có hoàn cảnh đặc biệt được hỗ trợ thông qua dịch vụ nào?,168
sinh viên được phép tạm dừng việc theo học hay không?,sinh viên có quyền nghỉ học tạm thời không?,169
việc tạm rời trường có nằm trong quyền hạn của người học không?,sinh viên có quyền nghỉ học tạm thời không?,169
có quy định cho phép học viên dừng đi học một thời gian ngắn không?,sinh viên có quyền nghỉ học tạm thời không?,169
người học có thể xin phép nghỉ học tạm thời được chưa?,sinh viên có quyền nghỉ học tạm thời không?,169
sinh viên bị tạm dừng việc học thì theo quy định thế nào?,quy định về việc tạm ngừng học của sinh viên là gì?,170
nội dung quy định liên quan đến việc sinh viên nghỉ học tạm thời ra sao?,quy định về việc tạm ngừng học của sinh viên là gì?,170
quy tắc xử lý đối với trường hợp sinh viên phải tạm ngừng học là gì?,quy định về việc tạm ngừng học của sinh viên là gì?,170
"theo quy định, sinh viên bị tạm dừng học thì được giải quyết như thế nào?",quy định về việc tạm ngừng học của sinh viên là gì?,170
việc sinh viên được linh hoạt chọn tốc độ học tập nhanh hay chậm là như thế nào?,sinh viên có được học theo tiến độ nhanh hoặc chậm không?,171
có cho phép học viên điều chỉnh nhịp độ tiếp thu bài theo khả năng riêng của mình không?,sinh viên có được học theo tiến độ nhanh hoặc chậm không?,171
liệu chương trình có mở rộng cơ hội để người học tiến bộ tùy ý nhanh hay chậm không?,sinh viên có được học theo tiến độ nhanh hoặc chậm không?,171
sinh viên có quyền tự quyết định tốc độ hoàn thành lộ trình học tập của bản thân hay không?,sinh viên có được học theo tiến độ nhanh hoặc chậm không?,171
có thể tham gia đồng thời hai khóa học hay không bạn?,sinh viên có được học cùng lúc hai chương trình không?,172
liệu sinh viên được phép theo học song song hai chương trình khác nhau chưa?,sinh viên có được học cùng lúc hai chương trình không?,172
làm sao để biết có thể học cả hai chương trình cùng một lúc không?,sinh viên có được học cùng lúc hai chương trình không?,172
việc theo học hai chương trình song song có được chấp nhận hay không?,sinh viên có được học cùng lúc hai chương trình không?,172
liệu người học có được phép chuyển đổi cơ sở đào tạo hay không?,sinh viên có quyền chuyển trường không?,173
vấn đề sinh viên thay đổi nơi theo học có hợp lệ không?,sinh viên có quyền chuyển trường không?,173
có thể cho biết học sinh được phép di chuyển sang trường khác không?,sinh viên có quyền chuyển trường không?,173
quyền lợi của người theo học có bao gồm việc chuyển trường không?,sinh viên có quyền chuyển trường không?,173
"điều kiện nghỉ phép trong dịp lễ, tết của sinh viên ra sao?","quyền lợi về nghỉ lễ, tết của sinh viên như thế nào?",174
sinh viên được hưởng quyền lợi gì vào các ngày lễ và tết?,"quyền lợi về nghỉ lễ, tết của sinh viên như thế nào?",174
trường quy định thế nào về việc nghỉ tết và các lễ lớn dành cho sinh viên?,"quyền lợi về nghỉ lễ, tết của sinh viên như thế nào?",174
"chế độ nghỉ ngơi trong các dịp lễ, tết của sinh viên được sắp xếp như thế nào?","quyền lợi về nghỉ lễ, tết của sinh viên như thế nào?",174
học sinh có được cấp học bổng động viên hay không?,sinh viên có được nhận học bổng khuyến khích học tập không?,175
có chính sách hỗ trợ tài chính nào dành cho người học hay không?,sinh viên có được nhận học bổng khuyến khích học tập không?,175
liệu người theo học có đủ điều kiện nhận tiền thưởng khuyến khích không?,sinh viên có được nhận học bổng khuyến khích học tập không?,175
việc cấp học bổng khích lệ có áp dụng cho sinh viên hay không?,sinh viên có được nhận học bổng khuyến khích học tập không?,175
các tổ chức quốc tế cấp học bổng thì sinh viên được hưởng quyền lợi ra sao?,quyền lợi của sinh viên đối với học bổng từ các tổ chức ngoài nước là gì?,176
sinh viên nhận hỗ trợ từ bên nước ngoài thì được hưởng những gì?,quyền lợi của sinh viên đối với học bổng từ các tổ chức ngoài nước là gì?,176
những quyền lợi dành cho sinh viên khi nhận học bổng nước ngoài là gì?,quyền lợi của sinh viên đối với học bổng từ các tổ chức ngoài nước là gì?,176
học bổng do các đơn vị nước ngoài tài trợ thì sinh viên được gì?,quyền lợi của sinh viên đối với học bổng từ các tổ chức ngoài nước là gì?,176
tiện ích giao thông công cộng mang lại những quyền lợi nào cho sinh viên?,sinh viên được hưởng ưu đãi gì khi sử dụng phương tiện giao thông công cộng?,177
"khi đi xe buýt hay tàu điện, nhà nước hỗ trợ sinh viên điều gì?",sinh viên được hưởng ưu đãi gì khi sử dụng phương tiện giao thông công cộng?,177
sinh viên có thể nhận được những chính sách gì khi chọn phương tiện công cộng?,sinh viên được hưởng ưu đãi gì khi sử dụng phương tiện giao thông công cộng?,177
những khoản trợ giá nào dành cho bạn trẻ khi sử dụng hệ thống vận tải chung?,sinh viên được hưởng ưu đãi gì khi sử dụng phương tiện giao thông công cộng?,177
liệu học trò có được hưởng ưu đãi về giá cho vé vào cửa tại các bảo tàng hay di sản văn hóa không?,"sinh viên có được giảm giá vé tham quan bảo tàng, di tích lịch sử không?",178
có chính sách giảm tiền vé dành riêng cho sinh viên khi tham quan những địa điểm lịch sử và bảo tàng hay không?,"sinh viên có được giảm giá vé tham quan bảo tàng, di tích lịch sử không?",178
vé tham quan bảo tàng cùng các di tích lịch sử có áp dụng mức giá ưu đãi cho sinh viên hay là không?,"sinh viên có được giảm giá vé tham quan bảo tàng, di tích lịch sử không?",178
sinh viên có được phép mua vé với giá thấp hơn khi đến các khu di tích và bảo tàng không?,"sinh viên có được giảm giá vé tham quan bảo tàng, di tích lịch sử không?",178
những gì sinh viên được hưởng khi đi tham quan các khu vui chơi?,quyền lợi của sinh viên trong việc tham quan các điểm giải trí là gì?,179
các điểm du lịch giải trí mang lại quyền lợi gì cho học sinh?,quyền lợi của sinh viên trong việc tham quan các điểm giải trí là gì?,179
việc tham quan các nơi vui chơi giải trí đem lại lợi ích gì cho sinh viên?,quyền lợi của sinh viên trong việc tham quan các điểm giải trí là gì?,179
sinh viên nhận được những ưu đãi hay quyền lợi nào khi đến các địa điểm giải trí?,quyền lợi của sinh viên trong việc tham quan các điểm giải trí là gì?,179
sinh viên được phép đưa ra nhận xét về các hoạt động giảng dạy tại trường hay không?,sinh viên có quyền góp ý cho hoạt động giáo dục của trường không?,180
liệu học sinh có thể tham gia ý kiến vào chương trình đào tạo của nhà trường được không?,sinh viên có quyền góp ý cho hoạt động giáo dục của trường không?,180
trường có chấp nhận lắng nghe những đóng góp của sinh viên trong công tác giáo dục hay không?,sinh viên có quyền góp ý cho hoạt động giáo dục của trường không?,180
việc sinh viên kiến nghị về phương pháp dạy và học của cơ quan này có được xem xét không?,sinh viên có quyền góp ý cho hoạt động giáo dục của trường không?,180
nội dung cụ thể của chức năng kiểm tra điều kiện chất lượng đào tạo dành cho sinh viên là gì?,quyền giám sát các điều kiện đảm bảo chất lượng giáo dục của sinh viên là gì?,181
làm thế nào để định nghĩa về vai trò giám định môi trường đáp ứng tiêu chuẩn giáo dục của người học?,quyền giám sát các điều kiện đảm bảo chất lượng giáo dục của sinh viên là gì?,181
khái niệm chỉ việc theo dõi và đánh giá các yếu tố đảm bảo chất lượng cho sinh viên là gì?,quyền giám sát các điều kiện đảm bảo chất lượng giáo dục của sinh viên là gì?,181
việc xác định bản chất của cơ chế giám sát điều kiện chất lượng trong đào tạo sinh viên được hiểu như thế nào?,quyền giám sát các điều kiện đảm bảo chất lượng giáo dục của sinh viên là gì?,181
làm thế nào để học sinh đưa ra các phương án cải thiện môi trường giáo dục của mình?,sinh viên có thể kiến nghị giải pháp phát triển nhà trường thông qua hình thức nào?,182
học trò có thể sử dụng kênh nào để trình bày ý tưởng nâng cao chất lượng trường lớp?,sinh viên có thể kiến nghị giải pháp phát triển nhà trường thông qua hình thức nào?,182
phương tiện hay con đường nào phù hợp để sinh viên đề xuất các giải pháp phát triển cơ sở đào tạo?,sinh viên có thể kiến nghị giải pháp phát triển nhà trường thông qua hình thức nào?,182
"để xây dựng đề án phát triển nhà trường, bạn nghĩ học sinh nên chọn hình thức giao tiếp ra sao?",sinh viên có thể kiến nghị giải pháp phát triển nhà trường thông qua hình thức nào?,182
ai là nơi sinh viên có thể gửi đơn phản ánh khi gặp vấn đề ảnh hưởng đến quyền lợi hợp pháp của mình?,sinh viên có quyền khiếu nại lên ai về các vấn đề liên quan đến lợi ích chính đáng?,183
vấn đề gì liên quan đến lợi ích chính đáng mà sinh viên có thể trình bày với cơ quan chức năng?,sinh viên có quyền khiếu nại lên ai về các vấn đề liên quan đến lợi ích chính đáng?,183
"khi có tranh chấp về quyền lợi chính đáng, đối tượng nào mà sinh viên được phép liên hệ để tố cáo?",sinh viên có quyền khiếu nại lên ai về các vấn đề liên quan đến lợi ích chính đáng?,183
sinh viên sẽ gửi đơn phản ánh về những vấn đề tác động đến quyền lợi hợp pháp của bản thân cho ai?,sinh viên có quyền khiếu nại lên ai về các vấn đề liên quan đến lợi ích chính đáng?,183
liệu các bạn học có thể nêu lên ý nguyện riêng của mình với ban lãnh đạo nhà trường được không?,sinh viên có quyền đề đạt nguyện vọng cá nhân với nhà trường không?,184
nhà trường có chấp nhận lắng nghe và tôn trọng mong muốn cá nhân của sinh viên hay chưa?,sinh viên có quyền đề đạt nguyện vọng cá nhân với nhà trường không?,184
bạn nghĩ sao về việc được bày tỏ nguyện vọng riêng giữa sinh viên và phía nhà quản lý?,sinh viên có quyền đề đạt nguyện vọng cá nhân với nhà trường không?,184
có chăng quyền lợi được đưa ra những điều mình muốn là dành cho mỗi người học sinh?,sinh viên có quyền đề đạt nguyện vọng cá nhân với nhà trường không?,184
ký túc xá sinh viên mang lại những quyền lợi nào?,quyền lợi của sinh viên đối với việc ở ký túc xá là gì?,185
sinh viên được hưởng những điều gì khi thuê phòng trọ trong trường?,quyền lợi của sinh viên đối với việc ở ký túc xá là gì?,185
những tiện ích dành cho học sinh viên ở khu vực nhà ở có gì?,quyền lợi của sinh viên đối với việc ở ký túc xá là gì?,185
khi sinh viên thuê phòng ở nội trú thì nhận được những gì?,quyền lợi của sinh viên đối với việc ở ký túc xá là gì?,185
những loại chứng từ nào sẽ được trao cho sinh viên ngay sau khi hoàn thành khóa học?,sinh viên sau khi tốt nghiệp được cấp những giấy tờ gì?,186
khi nào thì người học nhận được bộ hồ sơ hành chính sau khi kết thúc chương trình đào tạo?,sinh viên sau khi tốt nghiệp được cấp những giấy tờ gì?,186
bộ phận nào chịu trách nhiệm cấp phát văn bản liên quan đến bằng cấp cho tân cử nhân?,sinh viên sau khi tốt nghiệp được cấp những giấy tờ gì?,186
sinh viên sẽ nhận những giấy tờ gì sau khi vượt qua kỳ thi cuối cùng?,sinh viên sau khi tốt nghiệp được cấp những giấy tờ gì?,186
sinh viên tốt nghiệp được nhà trường hỗ trợ làm những gì về mặt giấy tờ hành chính?,nhà trường giải quyết các thủ tục hành chính nào cho sinh viên tốt nghiệp?,187
"những công việc liên quan đến hồ sơ, thủ tục nào mà nhà trường lo cho sinh viên ra trường?",nhà trường giải quyết các thủ tục hành chính nào cho sinh viên tốt nghiệp?,187
"khi sinh viên hoàn thành chương trình, những vấn đề hành chính nào được bên nhà trường xử lý giúp?",nhà trường giải quyết các thủ tục hành chính nào cho sinh viên tốt nghiệp?,187
nhà trường sẽ thay sinh viên tốt nghiệp giải quyết phần nào trong các giấy tờ cần thiết?,nhà trường giải quyết các thủ tục hành chính nào cho sinh viên tốt nghiệp?,187
dựa vào văn bản nào để quy định những việc sinh viên không được phép làm?,các hành vi sinh viên không được làm được quy định dựa trên các văn bản nào?,188
những hành động sinh viên bị cấm thực hiện được định rõ trong tài liệu pháp lý nào?,các hành vi sinh viên không được làm được quy định dựa trên các văn bản nào?,188
quy định nào về các văn bản đã cấm sinh viên tiến hành các hành vi nhất định?,các hành vi sinh viên không được làm được quy định dựa trên các văn bản nào?,188
văn bản nào là căn cứ để giới hạn những gì sinh viên không thể làm được?,các hành vi sinh viên không được làm được quy định dựa trên các văn bản nào?,188
liệu học sinh có quyền xúc phạm nhân phẩm của người lao động trong trường hay không?,"sinh viên có được xúc phạm danh dự của cán bộ, nhân viên trường không?",189
việc xúc phạm danh tiếng của cán bộ và nhân viên trường là hành động được phép đối với sinh viên không?,"sinh viên có được xúc phạm danh dự của cán bộ, nhân viên trường không?",189
sinh viên có thể bị coi là phạm lỗi nếu mắng chửi nhân viên hay lãnh đạo nhà trường?,"sinh viên có được xúc phạm danh dự của cán bộ, nhân viên trường không?",189
có được để học sinh làm tổn hại uy tín của những người làm việc tại trường không?,"sinh viên có được xúc phạm danh dự của cán bộ, nhân viên trường không?",189
làm thế nào để hiểu rõ các quy tắc liên quan đến hành vi gây tổn hại cơ thể cho bạn bè trong lớp?,quy định về việc xâm phạm thân thể người học khác là gì?,190
những điều luật nào cấm việc tấn công hay làm đau người học khác được áp dụng?,quy định về việc xâm phạm thân thể người học khác là gì?,190
nội dung cụ thể của văn bản hướng dẫn xử lý khi ai đó bị hại về thể xác bởi đồng môn là gì?,quy định về việc xâm phạm thân thể người học khác là gì?,190
định nghĩa về hành vi gây thương tích cho người học cùng trang bị như thế nào trong quy chế?,quy định về việc xâm phạm thân thể người học khác là gì?,190
có để học trò được gian lận trong khi làm bài hay học không?,sinh viên có được gian lận trong học tập và kiểm tra không?,191
làm sao cho phép sinh viên gian lận trong quá trình học và thi?,sinh viên có được gian lận trong học tập và kiểm tra không?,191
việc cho phép sinh viên làm ăn bẩn trong lúc học liệu có được chấp nhận không?,sinh viên có được gian lận trong học tập và kiểm tra không?,191
học sinh có thể được tha hồ gian lận khi thi hay học không?,sinh viên có được gian lận trong học tập và kiểm tra không?,191
việc gian dối khi tuyển sinh có bị ngăn chặn không?,gian lận trong tuyển sinh có bị cấm không?,192
hành vi lừa lọc trong hồ sơ nhập học sẽ bị xử lý như thế nào?,gian lận trong tuyển sinh có bị cấm không?,192
có quy định cấm việc làm gian dối trong quá trình tuyển chọn sinh viên không?,gian lận trong tuyển sinh có bị cấm không?,192
tình trạng bịa đặt thông tin để vào học có bị cấm tuyệt đối hay không?,gian lận trong tuyển sinh có bị cấm không?,192
"trong giờ học, học sinh có được phép hút thuốc lá không?",sinh viên có được hút thuốc trong giờ học không?,193
giờ học này có cho phép các bạn sinh viên hút thuốc được không?,sinh viên có được hút thuốc trong giờ học không?,193
"khi đang thực hiện tiết học, việc hút thuốc là được không?",sinh viên có được hút thuốc trong giờ học không?,193
có ai được phép hút thuốc trong thời gian lớp học diễn ra không?,sinh viên có được hút thuốc trong giờ học không?,193
các em sinh viên được phép sử dụng rượu bia ra sao theo quy chế hiện hành?,"quy định về việc uống rượu, bia của sinh viên như thế nào?",194
chế độ quản lý liên quan đến việc dùng đồ có cồn đối với sinh viên trông thế nào?,"quy định về việc uống rượu, bia của sinh viên như thế nào?",194
"theo các văn bản quy phạm, sinh viên phải tuân thủ nguyên tắc gì khi uống rượu bia?","quy định về việc uống rượu, bia của sinh viên như thế nào?",194
mức độ hạn chế của quy định đối với việc dùng rượu bia của học sinh đại học ra sao?,"quy định về việc uống rượu, bia của sinh viên như thế nào?",194
liệu học sinh được phép làm xáo trộn kỷ luật tại cơ sở giáo dục hay không?,sinh viên có được gây rối trật tự trong trường không?,195
vấn đề học viên được tạo nên sự hỗn loạn trong khuôn viên trường có được chấp nhận?,sinh viên có được gây rối trật tự trong trường không?,195
có tồn tại quy định cấm sinh viên gây rối trật tự nơi học tập không?,sinh viên có được gây rối trật tự trong trường không?,195
hành động quấy rối an ninh của học viên tại trường có được phép thực hiện?,sinh viên có được gây rối trật tự trong trường không?,195
sinh viên cần tuân theo những quy tắc nào khi có hành động làm ảnh hưởng đến trật tự chung tại nơi công cộng?,quy định về hành vi gây rối trật tự nơi công cộng đối với sinh viên là gì?,196
hành vi của sinh viên gây mất an ninh trật tự ở nơi công cộng thì bị xử lý như thế nào theo quy định?,quy định về hành vi gây rối trật tự nơi công cộng đối với sinh viên là gì?,196
"theo quy định hiện hành, sinh viên được phép làm gì và không được làm gì khi tham gia các hoạt động tại không gian công cộng?",quy định về hành vi gây rối trật tự nơi công cộng đối với sinh viên là gì?,196
những giới hạn về hành vi nào áp dụng đối với sinh viên khi họ làm xáo trộn kỷ cương ở nơi mọi người chung sống?,quy định về hành vi gây rối trật tự nơi công cộng đối với sinh viên là gì?,196
học trò có thể dính dáng tới những thói hư tật xấu trong xã hội hay không?,sinh viên có được tham gia các tệ nạn xã hội không?,197
những tệ nạn xã hội có cho phép sinh viên được tham gia cùng không?,sinh viên có được tham gia các tệ nạn xã hội không?,197
có bao gồm sinh viên trong số những người được phép tham gia các hoạt động phi pháp không?,sinh viên có được tham gia các tệ nạn xã hội không?,197
sinh viên có quyền trở thành một phần của các tệ nạn xã hội chăng?,sinh viên có được tham gia các tệ nạn xã hội không?,197
liệu sinh viên có quyền tham gia những việc làm trái với pháp luật hay không?,sinh viên có được tổ chức các hoạt động vi phạm pháp luật không?,198
các hoạt động mang tính chất vi phạm pháp luật có thể được tổ chức bởi sinh viên được phép không?,sinh viên có được tổ chức các hoạt động vi phạm pháp luật không?,198
có cho phép sinh viên đứng ra thực hiện các hành vi xâm phạm đến quy định pháp lý không?,sinh viên có được tổ chức các hoạt động vi phạm pháp luật không?,198
những hoạt động nào đó nếu sinh viên làm ra thì có bị coi là vi phạm luật và được chấp nhận không?,sinh viên có được tổ chức các hoạt động vi phạm pháp luật không?,198
những hành động trái pháp luật khác của sinh viên sẽ bị xử lý ra sao?,các hành vi vi phạm pháp luật khác của sinh viên bị xử lý như thế nào?,199
sinh viên có những vi phạm luật nào ngoài ra và hậu quả là gì?,các hành vi vi phạm pháp luật khác của sinh viên bị xử lý như thế nào?,199
các hành vi khác mà sinh viên làm sai luật sẽ chịu hình phạt thế nào?,các hành vi vi phạm pháp luật khác của sinh viên bị xử lý như thế nào?,199
xử lý thế nào đối với những việc sinh viên làm trái luật khác?,các hành vi vi phạm pháp luật khác của sinh viên bị xử lý như thế nào?,199
sinh viên cần làm gì khi phát hiện bạn bè vi phạm quy định trường?,trách nhiệm báo cáo của sinh viên khi phát hiện vi phạm nội quy là gì?,200
hành động đúng đắn của học sinh khi bắt gặp tình trạng không tuân thủ nội quy là như thế nào?,trách nhiệm báo cáo của sinh viên khi phát hiện vi phạm nội quy là gì?,200
"khi thấy đồng môn vi phạm quy tắc, sinh viên phải thực hiện nghĩa vụ gì?",trách nhiệm báo cáo của sinh viên khi phát hiện vi phạm nội quy là gì?,200
việc phải làm khi sinh viên phát hiện có người khác không tuân thủ quy chế là gì?,trách nhiệm báo cáo của sinh viên khi phát hiện vi phạm nội quy là gì?,200
học sinh có quyền chọn thay đổi chuyên ngành theo ý muốn riêng của mình hay chưa?,sinh viên có được tự ý chuyển đổi ngành học không?,201
có cho phép sinh viên tự quyết định chuyển sang học ngành khác không?,sinh viên có được tự ý chuyển đổi ngành học không?,201
việc thay đổi ngành học theo sở thích cá nhân có được nhà trường đồng ý ngay hay không?,sinh viên có được tự ý chuyển đổi ngành học không?,201
sinh viên được phép tự mình chuyển đổi lĩnh vực đào tạo mà không cần ai bảo hộ không?,sinh viên có được tự ý chuyển đổi ngành học không?,201
đối tượng sinh viên nào được dùng cho cấu trúc đào tạo có trong tài liệu này?,cấu trúc chương trình đào tạo trong tài liệu được áp dụng cho đối tượng sinh viên từ khóa nào?,202
loại sinh viên nào là mục tiêu của khung chương trình học tập trong văn bản?,cấu trúc chương trình đào tạo trong tài liệu được áp dụng cho đối tượng sinh viên từ khóa nào?,202
"trong tài liệu, cấu trúc đào tạo được hướng tới nhóm sinh viên nào?",cấu trúc chương trình đào tạo trong tài liệu được áp dụng cho đối tượng sinh viên từ khóa nào?,202
nhóm sinh viên nào phù hợp với cách thức tổ chức khóa học được nêu trong tài liệu?,cấu trúc chương trình đào tạo trong tài liệu được áp dụng cho đối tượng sinh viên từ khóa nào?,202
tài liệu pháp lý nào đã nêu rõ về lịch trình cũng như nội dung đào tạo?,chương trình đào tạo và thời gian học tập được trích dẫn từ văn bản pháp lý nào?,203
nguồn văn bản quy định cho việc học tập và chương trình huấn luyện là gì?,chương trình đào tạo và thời gian học tập được trích dẫn từ văn bản pháp lý nào?,203
nội dung về thời gian khóa học và kế hoạch đào tạo được ghi nhận ở đâu trong các văn bản?,chương trình đào tạo và thời gian học tập được trích dẫn từ văn bản pháp lý nào?,203
ai là chủ thể ban hành quy định về thời lượng cũng như chương trình giảng dạy?,chương trình đào tạo và thời gian học tập được trích dẫn từ văn bản pháp lý nào?,203
chương trình đào tạo kiến trúc sư cần bao nhiêu tín chỉ theo quy định?,tổng số tín chỉ yêu cầu đối với chương trình đào tạo kiến trúc sư là bao nhiêu?,204
số lượng tín chỉ bắt buộc cho việc trở thành kiến trúc sư là bao nhiêu?,tổng số tín chỉ yêu cầu đối với chương trình đào tạo kiến trúc sư là bao nhiêu?,204
"để hoàn tất khóa học kiến trúc sư, sinh viên phải tích lũy bao nhiêu tín chỉ?",tổng số tín chỉ yêu cầu đối với chương trình đào tạo kiến trúc sư là bao nhiêu?,204
yêu cầu về tổng điểm tín chỉ cho ngành kiến trúc sư được tính như thế nào?,tổng số tín chỉ yêu cầu đối với chương trình đào tạo kiến trúc sư là bao nhiêu?,204
chương trình đào tạo kiến trúc sư quy định bao nhiêu đơn vị tín chỉ cho phần kiến thức đại cương?,khối kiến thức giáo dục đại cương của chương trình kiến trúc sư bao gồm bao nhiêu tín chỉ?,205
tổng số tín chỉ cần học trong khối nội dung chung của ngành kiến trúc là bao nhiêu?,khối kiến thức giáo dục đại cương của chương trình kiến trúc sư bao gồm bao nhiêu tín chỉ?,205
khối kiến thức nền tảng dành cho sinh viên kiến trúc được phân bổ bao nhiêu tín chỉ?,khối kiến thức giáo dục đại cương của chương trình kiến trúc sư bao gồm bao nhiêu tín chỉ?,205
phần học liệu đại cương trong chương trình đào tạo kiến trúc sư có tổng cộng bao nhiêu đơn vị?,khối kiến thức giáo dục đại cương của chương trình kiến trúc sư bao gồm bao nhiêu tín chỉ?,205
chương trình đào tạo kiến trúc sư có bao nhiêu đơn vị học trình dành riêng cho phần kiến thức chuyên ngành?,khối kiến thức giáo dục chuyên nghiệp của chương trình kiến trúc sư bao gồm bao nhiêu tín chỉ?,206
tổng số tín chỉ thuộc về mảng kiến thức chuyên sâu trong lộ trình kiến trúc sư là bao nhiêu?,khối kiến thức giáo dục chuyên nghiệp của chương trình kiến trúc sư bao gồm bao nhiêu tín chỉ?,206
"đối với khối kiến thức chuyên môn của ngành kiến trúc sư, số lượng tín chỉ được quy định là bao nhiêu?",khối kiến thức giáo dục chuyên nghiệp của chương trình kiến trúc sư bao gồm bao nhiêu tín chỉ?,206
phần kiến thức chuyên ngành trong chương trình đào tạo kiến trúc sư chiếm bao nhiêu tín chỉ?,khối kiến thức giáo dục chuyên nghiệp của chương trình kiến trúc sư bao gồm bao nhiêu tín chỉ?,206
chương trình đào tạo kỹ sư cần bao nhiêu tín chỉ theo quy định?,tổng số tín chỉ yêu cầu đối với chương trình đào tạo kỹ sư là bao nhiêu?,207
số lượng tín chỉ bắt buộc cho việc tốt nghiệp ngành kỹ sư là bao nhiêu?,tổng số tín chỉ yêu cầu đối với chương trình đào tạo kỹ sư là bao nhiêu?,207
làm sao để biết tổng số tín chỉ mà chương trình kỹ sư yêu cầu?,tổng số tín chỉ yêu cầu đối với chương trình đào tạo kỹ sư là bao nhiêu?,207
"đối với khóa đào tạo kỹ sư, tổng tín chỉ cần đạt là bao nhiêu?",tổng số tín chỉ yêu cầu đối với chương trình đào tạo kỹ sư là bao nhiêu?,207
chương trình đào tạo kỹ sư yêu cầu bao nhiêu tín chỉ cho các môn học đại cương?,khối kiến thức giáo dục đại cương của chương trình kỹ sư nằm trong khoảng bao nhiêu tín chỉ?,208
số lượng đơn vị học chung dành cho khối kiến thức cơ bản của ngành kỹ sư là bao nhiêu?,khối kiến thức giáo dục đại cương của chương trình kỹ sư nằm trong khoảng bao nhiêu tín chỉ?,208
tổng tín chỉ cần hoàn thành cho phần kiến thức nền tảng trong chương trình kỹ sư được quy định ở mức nào?,khối kiến thức giáo dục đại cương của chương trình kỹ sư nằm trong khoảng bao nhiêu tín chỉ?,208
khối lượng kiến thức chung bắt buộc sinh viên kỹ sư phải học tương đương với bao nhiêu tín chỉ?,khối kiến thức giáo dục đại cương của chương trình kỹ sư nằm trong khoảng bao nhiêu tín chỉ?,208
số tín chỉ dành cho khối kiến thức chuyên nghiệp của chương trình đào tạo kỹ sư thường nằm ở mức độ nào?,khối kiến thức giáo dục chuyên nghiệp của chương trình kỹ sư nằm trong khoảng bao nhiêu tín chỉ?,209
chương trình đào tạo kỹ sư quy định khối kiến thức chuyên môn chiếm bao nhiêu đơn vị tín chỉ?,khối kiến thức giáo dục chuyên nghiệp của chương trình kỹ sư nằm trong khoảng bao nhiêu tín chỉ?,209
mức độ tín chỉ cho phần kiến thức chuyên ngành trong lộ trình kỹ sư được xác định như thế nào?,khối kiến thức giáo dục chuyên nghiệp của chương trình kỹ sư nằm trong khoảng bao nhiêu tín chỉ?,209
khối học phần chuyên sâu thuộc chương trình kỹ sư tương ứng với con số tín chỉ cụ thể là bao nhiêu?,khối kiến thức giáo dục chuyên nghiệp của chương trình kỹ sư nằm trong khoảng bao nhiêu tín chỉ?,209
chương trình cử nhân kinh tế cần bao nhiêu tín chỉ để tốt nghiệp?,tổng số tín chỉ yêu cầu đối với chương trình cử nhân kinh tế là bao nhiêu?,210
mức độ tín chỉ bắt buộc dành cho sinh viên ngành kinh tế là con số nào?,tổng số tín chỉ yêu cầu đối với chương trình cử nhân kinh tế là bao nhiêu?,210
làm thế nào để biết tổng số tín chỉ quy định cho bằng cử nhân kinh tế?,tổng số tín chỉ yêu cầu đối với chương trình cử nhân kinh tế là bao nhiêu?,210
"đối với ngành kinh tế, yêu cầu về tín chỉ để hoàn thành chương trình là bao nhiêu?",tổng số tín chỉ yêu cầu đối với chương trình cử nhân kinh tế là bao nhiêu?,210
chương trình cử nhân ngành kinh tế yêu cầu học bao nhiêu tín chỉ các môn giáo dục đại cương?,số lượng tín chỉ giáo dục đại cương cho chương trình cử nhân kinh tế là bao nhiêu?,211
tổng số tín chỉ dành cho phần kiến thức nền tảng là bao nhiêu trong hệ đào tạo cử nhân kinh tế?,số lượng tín chỉ giáo dục đại cương cho chương trình cử nhân kinh tế là bao nhiêu?,211
"đối với sinh viên kinh tế, khối lượng tín chỉ bắt buộc ở các học phần đại cương được quy định là bao nhiêu?",số lượng tín chỉ giáo dục đại cương cho chương trình cử nhân kinh tế là bao nhiêu?,211
làm thế nào để biết số tín chỉ cần học thuộc nhóm môn cơ sở cho người theo đuổi cử nhân kinh tế?,số lượng tín chỉ giáo dục đại cương cho chương trình cử nhân kinh tế là bao nhiêu?,211
chương trình cử nhân ngành kinh tế được quy định bao nhiêu tín chỉ cho phần học chuyên môn?,số lượng tín chỉ giáo dục chuyên nghiệp cho chương trình cử nhân kinh tế là bao nhiêu?,212
đối với khóa đào tạo cử nhân kinh tế thì khối lượng tín chỉ thuộc lĩnh vực chuyên ngành là bao nhiêu?,số lượng tín chỉ giáo dục chuyên nghiệp cho chương trình cử nhân kinh tế là bao nhiêu?,212
phần tín chỉ dành cho môn học chuyên nghiệp trong chương trình cử nhân kinh tế có bao nhiêu giờ?,số lượng tín chỉ giáo dục chuyên nghiệp cho chương trình cử nhân kinh tế là bao nhiêu?,212
mức tín chỉ cần thiết cho các nội dung chuyên ngành của chương trình cử nhân kinh tế là bao nhiêu?,số lượng tín chỉ giáo dục chuyên nghiệp cho chương trình cử nhân kinh tế là bao nhiêu?,212
những chương trình đại học phi kinh tế còn bao nhiêu tín chỉ?,tổng số tín chỉ của các chương trình cử nhân khác (ngoài khối kinh tế) là bao nhiêu?,213
số lượng đơn vị học tập của các ngành cử nhân khác ngoài khối kinh tế là bao nhiêu?,tổng số tín chỉ của các chương trình cử nhân khác (ngoài khối kinh tế) là bao nhiêu?,213
"ngoài lĩnh vực kinh tế, tổng tín chỉ các chương trình cử nhân còn lại ra sao?",tổng số tín chỉ của các chương trình cử nhân khác (ngoài khối kinh tế) là bao nhiêu?,213
các ngành cử nhân không thuộc nhóm kinh tế có tổng cộng bao nhiêu điểm tín chỉ?,tổng số tín chỉ của các chương trình cử nhân khác (ngoài khối kinh tế) là bao nhiêu?,213
"ngoài những môn học chung, các ngành cử nhân còn được cấp bao nhiêu tín chỉ?",khối kiến thức giáo dục đại cương của các chương trình cử nhân khác kt có bao nhiêu tín chỉ?,214
số tín chỉ dành riêng cho khối kiến thức đại cương trong chương trình cử nhân là bao nhiêu?,khối kiến thức giáo dục đại cương của các chương trình cử nhân khác kt có bao nhiêu tín chỉ?,214
"bên cạnh các nội dung bắt buộc khác, chương trình cử nhân phân bổ bao nhiêu tín chỉ cho phần kiến thức đại cương?",khối kiến thức giáo dục đại cương của các chương trình cử nhân khác kt có bao nhiêu tín chỉ?,214
mức tín chỉ được dành cho giáo dục đại cương của các ngành cử nhân còn lại là bao nhiêu?,khối kiến thức giáo dục đại cương của các chương trình cử nhân khác kt có bao nhiêu tín chỉ?,214
"so với các chương trình cử nhân khác, phần kiến thức giáo dục chuyên nghiệp bao gồm bao nhiêu đơn vị tín chỉ?",khối kiến thức giáo dục chuyên nghiệp của các chương trình cử nhân khác kt có bao nhiêu tín chỉ?,215
mức độ tín chỉ dành cho kiến thức chuyên ngành trong chương trình cử nhân vượt trội hơn so với các ngành khác là bao nhiêu?,khối kiến thức giáo dục chuyên nghiệp của các chương trình cử nhân khác kt có bao nhiêu tín chỉ?,215
khác biệt về số lượng tín chỉ cho khối kiến thức chuyên nghiệp giữa chương trình này và các chương trình cử nhân khác là bao nhiêu?,khối kiến thức giáo dục chuyên nghiệp của các chương trình cử nhân khác kt có bao nhiêu tín chỉ?,215
"trong khi các chương trình cử nhân khác học gì, thì khối kiến thức chuyên nghiệp của chúng ta lại có bao nhiêu tín chỉ?",khối kiến thức giáo dục chuyên nghiệp của các chương trình cử nhân khác kt có bao nhiêu tín chỉ?,215
vấn đề cốt lõi mà nền tảng giáo dục đại học hướng tới là gì?,mục tiêu chính của khối kiến thức giáo dục đại cương là gì?,216
bản chất của chương trình đào tạo chung trong bậc đại học nằm ở đâu?,mục tiêu chính của khối kiến thức giáo dục đại cương là gì?,216
trọng tâm của khối môn học đại cương được xác định ra sao?,mục tiêu chính của khối kiến thức giáo dục đại cương là gì?,216
điểm mấu chốt của phần kiến thức phổ thông dành cho sinh viên là gì?,mục tiêu chính của khối kiến thức giáo dục đại cương là gì?,216
những nhóm kiến thức nào được cấu thành nên khối kiến thức giáo dục chuyên nghiệp?,khối kiến thức giáo dục chuyên nghiệp bao gồm những nhóm kiến thức nào?,217
cấu trúc của khối kiến thức giáo dục chuyên nghiệp gồm những phần nào?,khối kiến thức giáo dục chuyên nghiệp bao gồm những nhóm kiến thức nào?,217
giáo dục chuyên nghiệp bao hàm những loại kiến thức nhóm nào?,khối kiến thức giáo dục chuyên nghiệp bao gồm những nhóm kiến thức nào?,217
hãy liệt kê các nhóm kiến thức tạo nên nền tảng giáo dục chuyên nghiệp.,khối kiến thức giáo dục chuyên nghiệp bao gồm những nhóm kiến thức nào?,217
những gì mà hệ thống kiến thức đào tạo chuyên ngành hướng tới ở người học?,mục đích của khối kiến thức giáo dục chuyên nghiệp đối với người học là gì?,218
việc xây dựng nền tảng tri thức chuyên môn nhằm giải quyết vấn đề gì cho người được đào tạo?,mục đích của khối kiến thức giáo dục chuyên nghiệp đối với người học là gì?,218
chức năng cốt lõi của khối kiến thức nghề nghiệp đối với đối tượng tiếp thu là gì?,mục đích của khối kiến thức giáo dục chuyên nghiệp đối với người học là gì?,218
người học sẽ nhận được lợi ích gì từ bộ môn kiến thức chuyên sâu này?,mục đích của khối kiến thức giáo dục chuyên nghiệp đối với người học là gì?,218
chương trình đại học chính quy dành cho khóa học thiết kế quy định thời gian đào tạo kéo dài bao lâu theo kế hoạch?,thời gian đào tạo theo kế hoạch (khóa học thiết kế) của chương trình cử nhân chính quy là bao lâu?,219
"dựa trên kế hoạch đào tạo, khóa học thiết kế trong chương trình cử nhân chính quy sẽ mất bao nhiêu thời gian để hoàn thành?",thời gian đào tạo theo kế hoạch (khóa học thiết kế) của chương trình cử nhân chính quy là bao lâu?,219
kế hoạch đào tạo của chương trình cử nhân chính quy dành cho ngành thiết kế quy định thời gian học tập là bao lâu?,thời gian đào tạo theo kế hoạch (khóa học thiết kế) của chương trình cử nhân chính quy là bao lâu?,219
thời gian đào tạo được lên kế hoạch cho chương trình cử nhân chính quy thuộc khối thiết kế dài bao nhiêu?,thời gian đào tạo theo kế hoạch (khóa học thiết kế) của chương trình cử nhân chính quy là bao lâu?,219
một chương trình đại học chính quy lâu nhất có thể kéo dài bao lâu?,thời gian hoàn thành tối đa cho chương trình cử nhân chính quy là bao nhiêu năm?,220
đợt xét tốt nghiệp cuối cùng cho sinh viên chính quy diễn ra sau bao nhiêu năm?,thời gian hoàn thành tối đa cho chương trình cử nhân chính quy là bao nhiêu năm?,220
nhà trường cho phép học viên chính quy theo học trong thời hạn bao lâu?,thời gian hoàn thành tối đa cho chương trình cử nhân chính quy là bao nhiêu năm?,220
thời điểm kết thúc sớm nhất của khóa cử nhân chính quy là khi nào?,thời gian hoàn thành tối đa cho chương trình cử nhân chính quy là bao nhiêu năm?,220
chương trình đại học chính quy yêu cầu sinh viên phải tích lũy tối thiểu bao nhiêu tín chỉ mới được cấp bằng?,tổng số tín chỉ tối thiểu cần đạt để tốt nghiệp chương trình cử nhân chính quy là bao nhiêu?,221
"để hoàn tất khóa học cử nhân truyền thống, lượng tín chỉ thấp nhất cần tích lũy là con số nào?",tổng số tín chỉ tối thiểu cần đạt để tốt nghiệp chương trình cử nhân chính quy là bao nhiêu?,221
quy định về số lượng tín chỉ bắt buộc để ra trường của ngành cử nhân chính quy là bao nhiêu?,tổng số tín chỉ tối thiểu cần đạt để tốt nghiệp chương trình cử nhân chính quy là bao nhiêu?,221
cần đạt được ngưỡng tín chỉ bao nhiêu để sinh viên tốt nghiệp hệ cử nhân phổ thông?,tổng số tín chỉ tối thiểu cần đạt để tốt nghiệp chương trình cử nhân chính quy là bao nhiêu?,221
chu trình đào tạo cho kỹ sư theo đúng khung chương trình chính thức kéo dài bao lâu?,thời gian đào tạo theo thiết kế của chương trình kỹ sư chính quy là bao lâu?,222
"để trở thành kỹ sư theo lộ trình chuẩn, khoảng thời gian học tập cần thiết là bao nhiêu?",thời gian đào tạo theo thiết kế của chương trình kỹ sư chính quy là bao lâu?,222
chương trình đào tạo kỹ sư chính quy được thiết kế bao lâu để hoàn tất?,thời gian đào tạo theo thiết kế của chương trình kỹ sư chính quy là bao lâu?,222
tổng thời gian dành cho việc học làm kỹ sư theo quy chuẩn hiện hành là bao nhiêu?,thời gian đào tạo theo thiết kế của chương trình kỹ sư chính quy là bao lâu?,222
sinh viên theo học chương trình kỹ sư chính quy cần bao nhiêu năm để tốt nghiệp sớm nhất?,thời gian tối đa để sinh viên hoàn thành chương trình kỹ sư chính quy là bao lâu?,223
giới hạn thời gian cho việc học xong bằng kỹ sư chính quy đối với sinh viên là bao nhiêu?,thời gian tối đa để sinh viên hoàn thành chương trình kỹ sư chính quy là bao lâu?,223
"để hoàn tất chương trình đào tạo kỹ sư chính quy, sinh viên cần trải qua bao lâu?",thời gian tối đa để sinh viên hoàn thành chương trình kỹ sư chính quy là bao lâu?,223
bao lâu là khoảng thời gian dài nhất cho phép sinh viên học xong chương trình kỹ sư chính quy?,thời gian tối đa để sinh viên hoàn thành chương trình kỹ sư chính quy là bao lâu?,223
chương trình đào tạo kỹ sư chính quy cần bao nhiêu tín chỉ tối thiểu mới được xem là đủ?,tổng số tín chỉ tối thiểu yêu cầu đối với chương trình kỹ sư chính quy là bao nhiêu?,224
mức tín chỉ ít nhất mà sinh viên kỹ sư chính quy phải hoàn thành là bao nhiêu?,tổng số tín chỉ tối thiểu yêu cầu đối với chương trình kỹ sư chính quy là bao nhiêu?,224
"để tốt nghiệp kỹ sư chính quy, bạn cần tích lũy tối thiểu bao nhiêu đơn vị tín chỉ?",tổng số tín chỉ tối thiểu yêu cầu đối với chương trình kỹ sư chính quy là bao nhiêu?,224
số tín chỉ thấp nhất quy định cho chương trình kỹ sư thường xuyên là bao nhiêu?,tổng số tín chỉ tối thiểu yêu cầu đối với chương trình kỹ sư chính quy là bao nhiêu?,224
kế hoạch đào tạo cho cử nhân ngành kiến trúc chính quy quy định thời gian học là bao lâu?,thời gian đào tạo theo thiết kế của chương trình kiến trúc sư chính quy là bao nhiêu năm?,225
chương trình kiến trúc sư chính quy được thiết kế với độ dài đào tạo bằng bao nhiêu năm?,thời gian đào tạo theo thiết kế của chương trình kiến trúc sư chính quy là bao nhiêu năm?,225
theo quy định của chương trình đào tạo kiến trúc sư chính quy thì cần bao nhiêu năm để hoàn thành?,thời gian đào tạo theo thiết kế của chương trình kiến trúc sư chính quy là bao nhiêu năm?,225
bao nhiêu năm là thời gian dự kiến để đào tạo theo thiết kế của chương trình kiến trúc sư chính quy?,thời gian đào tạo theo thiết kế của chương trình kiến trúc sư chính quy là bao nhiêu năm?,225
chương trình đào tạo kiến trúc sư chính thức cho phép sinh viên hoàn tất học tập sớm nhất trong bao lâu?,thời gian hoàn thành tối đa được phép cho chương trình kiến trúc sư chính quy là bao lâu?,226
giới hạn thời gian tối thượng mà chương trình kiến trúc sư chuẩn mực cho phép là bao nhiêu?,thời gian hoàn thành tối đa được phép cho chương trình kiến trúc sư chính quy là bao lâu?,226
học viên đăng ký chương trình kiến trúc sư chính quy cần bao lâu để hoàn thành nhiệm vụ?,thời gian hoàn thành tối đa được phép cho chương trình kiến trúc sư chính quy là bao lâu?,226
"đối với khóa đào tạo kiến trúc sư chính thống, khoảng thời gian cao nhất được chấp nhận là bao nhiêu?",thời gian hoàn thành tối đa được phép cho chương trình kiến trúc sư chính quy là bao lâu?,226
"để tốt nghiệp hệ đào tạo kiến trúc sư chính quy, người học phải tích lũy ít nhất bao nhiêu tín chỉ?",tổng số tín chỉ tối thiểu cần có để hoàn thành chương trình kiến trúc sư chính quy là bao nhiêu?,227
chương trình kiến trúc sư chuẩn cần bao nhiêu đơn vị học tín chỉ là mức tối thiểu để ra trường?,tổng số tín chỉ tối thiểu cần có để hoàn thành chương trình kiến trúc sư chính quy là bao nhiêu?,227
làm thế nào để xác định ngưỡng tín chỉ thấp nhất bắt buộc cho sinh viên ngành kiến trúc theo học chính quy?,tổng số tín chỉ tối thiểu cần có để hoàn thành chương trình kiến trúc sư chính quy là bao nhiêu?,227
số lượng tín chỉ ít nhất mà bạn phải đạt được trong suốt quá trình học kiến trúc hệ chính quy là bao nhiêu?,tổng số tín chỉ tối thiểu cần có để hoàn thành chương trình kiến trúc sư chính quy là bao nhiêu?,227
chương trình văn bằng 2 chính quy cần bao nhiêu thời gian để hoàn thành khóa học thiết kế?,thời gian đào tạo thiết kế đối với chương trình văn bằng 2 chính quy là bao lâu?,228
khoá văn bằng 2 chính quy ngành thiết kế kéo dài bao lâu mới tốt nghiệp được?,thời gian đào tạo thiết kế đối với chương trình văn bằng 2 chính quy là bao lâu?,228
"để lấy bằng văn bằng 2 chính quy về lĩnh vực thiết kế, sinh viên phải dành bao nhiều năm?",thời gian đào tạo thiết kế đối với chương trình văn bằng 2 chính quy là bao lâu?,228
thời hạn đào tạo cho ngành thiết kế trong hệ chính quy văn bằng 2 là bao nhiêu?,thời gian đào tạo thiết kế đối với chương trình văn bằng 2 chính quy là bao lâu?,228
chương trình đại học thứ hai theo hình thức chính quy được quy định là hoàn thành trong thời hạn bao lâu nhất?,thời gian hoàn thành tối đa cho chương trình văn bằng 2 chính quy là bao nhiêu năm?,229
giới hạn về số năm để tốt nghiệp chương trình bậc hai chính thức là bao nhiêu thời gian?,thời gian hoàn thành tối đa cho chương trình văn bằng 2 chính quy là bao nhiêu năm?,229
phải mất tối đa bao nhiêu năm để hoàn tất lộ trình văn bằng cấp hai theo chương trình thường quy?,thời gian hoàn thành tối đa cho chương trình văn bằng 2 chính quy là bao nhiêu năm?,229
khung thời gian cao nhất cho việc học xong chương trình văn bằng hai chính quy được tính bằng mấy năm?,thời gian hoàn thành tối đa cho chương trình văn bằng 2 chính quy là bao nhiêu năm?,229
chương trình văn bằng 2 chính quy đòi hỏi tối thiểu bao nhiêu tín chỉ?,tổng số tín chỉ tối thiểu yêu cầu đối với chương trình văn bằng 2 chính quy là bao nhiêu?,230
yêu cầu về số lượng tín chỉ tối thiểu cho bằng 2 chính quy là bao nhiêu?,tổng số tín chỉ tối thiểu yêu cầu đối với chương trình văn bằng 2 chính quy là bao nhiêu?,230
"đối với chương trình văn bằng 2 chính quy, cần tích lũy ít nhất bao nhiêu tín chỉ?",tổng số tín chỉ tối thiểu yêu cầu đối với chương trình văn bằng 2 chính quy là bao nhiêu?,230
làm sao biết được tổng tín chỉ tối thiểu cần có cho văn bằng 2 chính quy?,tổng số tín chỉ tối thiểu yêu cầu đối với chương trình văn bằng 2 chính quy là bao nhiêu?,230
chương trình học của trường được xây dựng dựa trên những nhóm kiến thức trọng yếu nào?,cấu trúc chương trình đào tạo tại trường bao gồm những khối kiến thức lớn nào?,231
những mảng kiến thức cốt lõi nào cấu thành nên khung chương trình đào tạo tại cơ sở này?,cấu trúc chương trình đào tạo tại trường bao gồm những khối kiến thức lớn nào?,231
"khi xem xét kế hoạch đào tạo, người ta sẽ thấy các khối nội dung chính gồm những gì?",cấu trúc chương trình đào tạo tại trường bao gồm những khối kiến thức lớn nào?,231
chương trình giảng dạy tại trường chia thành bao nhiêu và là những chuyên đề lớn nào?,cấu trúc chương trình đào tạo tại trường bao gồm những khối kiến thức lớn nào?,231
tiết một sẽ bắt đầu và kết thúc vào lúc nào?,thời gian bắt đầu và kết thúc của tiết 1 là khi nào?,232
giờ ra vào của buổi học đầu tiên là mấy giờ?,thời gian bắt đầu và kết thúc của tiết 1 là khi nào?,232
làm sao để biết thời điểm khởi đầu và chấm dứt môn đầu tiên?,thời gian bắt đầu và kết thúc của tiết 1 là khi nào?,232
khi nào thì buổi học số một diễn ra?,thời gian bắt đầu và kết thúc của tiết 1 là khi nào?,232
tiết hai sẽ khởi đầu và kết thúc lúc mấy giờ?,thời gian bắt đầu và kết thúc của tiết 2 là khi nào?,233
giờ bắt đầu cũng như lúc kết thúc của phần hai là bao nhiêu?,thời gian bắt đầu và kết thúc của tiết 2 là khi nào?,233
khi nào diễn ra khoảng thời gian cho phần thứ hai?,thời gian bắt đầu và kết thúc của tiết 2 là khi nào?,233
bạn có thể cho biết khung giờ của tiết hai không?,thời gian bắt đầu và kết thúc của tiết 2 là khi nào?,233
tiết 3 sẽ diễn ra trong khung giờ cụ thể nào?,thời gian bắt đầu và kết thúc của tiết 3 là khi nào?,234
giờ khởi đầu và kết thúc cho phần thứ ba là bao nhiêu?,thời gian bắt đầu và kết thúc của tiết 3 là khi nào?,234
bạn có thể cho mình biết khoảng thời gian của buổi học số 3 không?,thời gian bắt đầu và kết thúc của tiết 3 là khi nào?,234
thời điểm bắt đầu và chấm dứt của tiết thứ ba nằm ở đâu?,thời gian bắt đầu và kết thúc của tiết 3 là khi nào?,234
khoảng thời gian nghỉ ngơi giữa bài thứ ba và bài thứ tư sẽ dài bao nhiêu?,thời gian nghỉ giải lao giữa tiết 3 và tiết 4 kéo dài bao lâu?,235
"tiết mục số ba xong rồi, giờ phút nghỉ trưa giữa chừng kéo dài chừng bao lâu vậy?",thời gian nghỉ giải lao giữa tiết 3 và tiết 4 kéo dài bao lâu?,235
"từ lúc kết thúc bài ba đến khi bắt đầu bài tư, khoảng thời gian trống ấy dài thế nào?",thời gian nghỉ giải lao giữa tiết 3 và tiết 4 kéo dài bao lâu?,235
giờ giải lao giữa hai tiết học nối tiếp nhau (bài ba và bài tư) kéo dài ra sao?,thời gian nghỉ giải lao giữa tiết 3 và tiết 4 kéo dài bao lâu?,235
giờ ra vào của buổi học thứ tư là mấy giờ?,thời gian bắt đầu và kết thúc của tiết 4 là khi nào?,236
tiết số 4 khởi đầu và kết thúc lúc nào?,thời gian bắt đầu và kết thúc của tiết 4 là khi nào?,236
khi nào buổi học thứ tư chính thức bắt đầu và kết thúc?,thời gian bắt đầu và kết thúc của tiết 4 là khi nào?,236
giờ khởi điểm cũng như giờ kết thúc của lớp 4 là lúc nào?,thời gian bắt đầu và kết thúc của tiết 4 là khi nào?,236
giờ bắt đầu và kết thúc của bài số năm nằm ở khoảng nào?,thời gian bắt đầu và kết thúc của tiết 5 là khi nào?,237
tiết thứ năm được lên lịch diễn ra vào lúc mấy giờ đến mấy giờ?,thời gian bắt đầu và kết thúc của tiết 5 là khi nào?,237
bạn có thể cho tôi biết khung giờ của phần 5 là bao nhiêu không?,thời gian bắt đầu và kết thúc của tiết 5 là khi nào?,237
thời điểm khởi đầu cũng như kết thúc của chương trình này là lúc nào vậy?,thời gian bắt đầu và kết thúc của tiết 5 là khi nào?,237
giờ khởi đầu và chấm dứt của buổi số 6 diễn ra lúc mấy giờ?,thời gian bắt đầu và kết thúc của tiết 6 là khi nào?,238
tiết thứ sáu sẽ bắt đầu và kết thúc vào thời điểm nào?,thời gian bắt đầu và kết thúc của tiết 6 là khi nào?,238
hãy cho biết khoảng thời gian cho buổi học thứ sáu bắt đầu và dừng lại là lúc nào.,thời gian bắt đầu và kết thúc của tiết 6 là khi nào?,238
"khi nào thì buổi số sáu diễn ra, tính từ lúc mở đầu cho đến lúc kết thúc?",thời gian bắt đầu và kết thúc của tiết 6 là khi nào?,238
tiết bảy sẽ diễn ra trong khung giờ nào?,thời gian bắt đầu và kết thúc của tiết 7 là khi nào?,239
khi nào bắt đầu và kết thúc buổi học thứ bảy?,thời gian bắt đầu và kết thúc của tiết 7 là khi nào?,239
giờ khởi đầu cũng như kết thúc của bài số bảy là lúc mấy giờ?,thời gian bắt đầu và kết thúc của tiết 7 là khi nào?,239
khoảng thời gian cho tiết bảy trải dài từ lúc nào đến lúc nào?,thời gian bắt đầu và kết thúc của tiết 7 là khi nào?,239
tiết 8 diễn ra trong khung giờ nào?,thời gian bắt đầu và kết thúc của tiết 8 là khi nào?,240
lúc nào bắt đầu và kết thúc cho tiết thứ tám?,thời gian bắt đầu và kết thúc của tiết 8 là khi nào?,240
giờ khởi đầu và chấm dứt của buổi học số 8 là bao nhiêu?,thời gian bắt đầu và kết thúc của tiết 8 là khi nào?,240
tiết 8 sẽ được tổ chức vào khung thời gian nào?,thời gian bắt đầu và kết thúc của tiết 8 là khi nào?,240
tiết 9 bắt đầu và kết thúc vào lúc mấy giờ?,thời gian bắt đầu và kết thúc của tiết 9 là khi nào?,241
giờ mở đầu cũng như giờ kết thúc của buổi học số 9 là bao nhiêu?,thời gian bắt đầu và kết thúc của tiết 9 là khi nào?,241
khoảng thời gian cho phần thứ 9 khởi động và dừng lại diễn ra vào lúc nào?,thời gian bắt đầu và kết thúc của tiết 9 là khi nào?,241
bạn có thể cho mình biết khung giờ bắt đầu và chấm dứt của tiết học số 9 được không?,thời gian bắt đầu và kết thúc của tiết 9 là khi nào?,241
khoảng thời gian giữa tiết thứ chín và tiết thứ mười được nghỉ bao nhiêu phút?,thời gian nghỉ giải lao giữa tiết 9 và tiết 10 kéo dài bao lâu?,242
"từ lúc kết thúc tiết 9 đến khi bắt đầu tiết 10, khoảng nghỉ được tính như thế nào?",thời gian nghỉ giải lao giữa tiết 9 và tiết 10 kéo dài bao lâu?,242
phần thư giãn nối tiếp giữa buổi học số 9 và buổi học số 10 có độ dài là bao nhiêu?,thời gian nghỉ giải lao giữa tiết 9 và tiết 10 kéo dài bao lâu?,242
"sau khi tiết 9 kết thúc, chúng ta còn bao lâu thì đến tiết 10?",thời gian nghỉ giải lao giữa tiết 9 và tiết 10 kéo dài bao lâu?,242
giờ khởi đầu và kết thúc cho buổi học số 10 là lúc mấy giờ?,thời gian bắt đầu và kết thúc của tiết 10 là khi nào?,243
tiết thứ mười bắt đầu và dừng vào thời điểm nào?,thời gian bắt đầu và kết thúc của tiết 10 là khi nào?,243
"khi nào diễn ra khoảng thời gian cho lớp 10, từ lúc mở đầu đến lúc kết thúc?",thời gian bắt đầu và kết thúc của tiết 10 là khi nào?,243
giờ ra vào của buổi học số 10 được quy định như thế nào?,thời gian bắt đầu và kết thúc của tiết 10 là khi nào?,243
tiết mười mốt khởi động và kết thúc vào lúc mấy giờ vậy?,thời gian bắt đầu và kết thúc của tiết 11 là khi nào?,244
giờ bắt đầu cũng như kết thúc của buổi học số mười mốt là bao giờ?,thời gian bắt đầu và kết thúc của tiết 11 là khi nào?,244
khoảng thời gian giữa giờ mở đầu và giờ đóng cửa của chương trình thứ mười mốt ra sao?,thời gian bắt đầu và kết thúc của tiết 11 là khi nào?,244
khi nào diễn ra phần khởi đầu lẫn phần kết thúc của bài giảng số mười mốt?,thời gian bắt đầu và kết thúc của tiết 11 là khi nào?,244
tiết thứ mười hai khởi đầu và kết thúc vào lúc mấy giờ?,thời gian bắt đầu và kết thúc của tiết 12 là khi nào?,245
giờ bắt đầu cũng như thời điểm kết thúc của bài học số 12 là bao nhiêu?,thời gian bắt đầu và kết thúc của tiết 12 là khi nào?,245
khi nào buổi học số 12 diễn ra từ lúc mở đầu đến lúc kết thúc?,thời gian bắt đầu và kết thúc của tiết 12 là khi nào?,245
hãy cho biết khung giờ khởi đầu và chấm dứt của tiết 12.,thời gian bắt đầu và kết thúc của tiết 12 là khi nào?,245
"khoảng điểm 10 từ 9,0 đến 10 sẽ được quy đổi thành thang điểm 4 ra sao?","quy đổi điểm chữ và thang điểm 4 cho khoảng điểm 10 từ 9,0 đến 10 là gì?",246
"làm thế nào để chuyển đổi giá trị 9,0 đến 10 trong thang điểm 10 về thang điểm 4?","quy đổi điểm chữ và thang điểm 4 cho khoảng điểm 10 từ 9,0 đến 10 là gì?",246
"thang điểm 4 ứng với mức điểm 10 từ 9,0 trở lên là bao nhiêu?","quy đổi điểm chữ và thang điểm 4 cho khoảng điểm 10 từ 9,0 đến 10 là gì?",246
"mức điểm 9,0 cho đến 10 trong thang điểm 10 tương ứng với chỉ số bao nhiêu trên thang 4?","quy đổi điểm chữ và thang điểm 4 cho khoảng điểm 10 từ 9,0 đến 10 là gì?",246
"mức điểm từ 8,5 trở lên đến 8,9 thì sẽ được tính toán ra sao?","khoảng điểm 10 từ 8,5 đến 8,9 được quy đổi như thế nào?",247
"làm thế nào để quy đổi những con số điểm nằm trong khoảng 8,5 đến 8,9?","khoảng điểm 10 từ 8,5 đến 8,9 được quy đổi như thế nào?",247
"đối với các giá trị điểm số giữa 8,5 và 8,9 thì công thức chuyển đổi là gì?","khoảng điểm 10 từ 8,5 đến 8,9 được quy đổi như thế nào?",247
"hãy cho biết cách quy đổi cho các mức điểm dao động từ 8,5 đến 8,9.","khoảng điểm 10 từ 8,5 đến 8,9 được quy đổi như thế nào?",247
"vậy từ mức điểm 8,0 đến 8,4 sẽ tương đương bao nhiêu điểm chữ và bậc thang điểm 4?","khoảng điểm 10 từ 8,0 đến 8,4 tương ứng với điểm chữ và thang điểm 4 nào?",248
"cho tôi biết thang điểm 4 và điểm chữ tương ứng với khoảng giá trị từ 8,0 tới 8,4 là gì?","khoảng điểm 10 từ 8,0 đến 8,4 tương ứng với điểm chữ và thang điểm 4 nào?",248
"mức điểm nào trong thang điểm 4 và điểm chữ sẽ khớp với con số nằm giữa 8,0 và 8,4?","khoảng điểm 10 từ 8,0 đến 8,4 tương ứng với điểm chữ và thang điểm 4 nào?",248
"khi điểm rơi vào khoảng 8,0 đến 8,4 thì nó bằng bao nhiêu điểm chữ và xếp vào thang điểm 4 nào?","khoảng điểm 10 từ 8,0 đến 8,4 tương ứng với điểm chữ và thang điểm 4 nào?",248
điểm của chữ b nằm ở vị trí nào trong thang điểm 4 và khoảng 10?,điểm chữ b tương ứng với khoảng điểm 10 và thang điểm 4 nào?,249
"với thang đo 4, chữ b sẽ khớp vào giá trị điểm 10 như thế nào?",điểm chữ b tương ứng với khoảng điểm 10 và thang điểm 4 nào?,249
khoảng điểm 10 và thang 4 ứng với ký hiệu b ra sao?,điểm chữ b tương ứng với khoảng điểm 10 và thang điểm 4 nào?,249
chữ b tương đương với mức điểm 10 trên thang 4 ở đâu?,điểm chữ b tương ứng với khoảng điểm 10 và thang điểm 4 nào?,249
"làm thế nào để chuyển đổi từ thang 4 sang điểm 10 cho các mức điểm chữ từ 6,5 đến 6,9?","quy đổi thang điểm 4 và điểm chữ cho khoảng điểm 10 từ 6,5 đến 6,9 là bao nhiêu?",250
"khi đổi thang điểm 4 về thang 10, các điểm chữ nằm trong khoảng 6,5–6,9 tương đương bao nhiêu?","quy đổi thang điểm 4 và điểm chữ cho khoảng điểm 10 từ 6,5 đến 6,9 là bao nhiêu?",250
"điểm 10 tương ứng là bao nhiêu nếu quy đổi từ thang 4, với điểm chữ từ 6,5 cho đến 6,9?","quy đổi thang điểm 4 và điểm chữ cho khoảng điểm 10 từ 6,5 đến 6,9 là bao nhiêu?",250
"kết quả khi đổi từ thang 4 sang thang 10 của các mức điểm chữ từ 6,5 đến 6,9 là bao nhiêu?","quy đổi thang điểm 4 và điểm chữ cho khoảng điểm 10 từ 6,5 đến 6,9 là bao nhiêu?",250
chữ cái c đại diện cho số 10 và mức điểm 4 thì sao?,điểm chữ c tương ứng với khoảng điểm 10 và thang điểm 4 nào?,251
khoảng giá trị 10 cùng bậc 4 liên kết với ký tự c như thế nào?,điểm chữ c tương ứng với khoảng điểm 10 và thang điểm 4 nào?,251
"cái nào tương ứng với c, tức là 10 điểm và thang 4?",điểm chữ c tương ứng với khoảng điểm 10 và thang điểm 4 nào?,251
tại sao điểm c lại khớp với con số 10 và hạng 4?,điểm chữ c tương ứng với khoảng điểm 10 và thang điểm 4 nào?,251
"làm thế nào để chuyển đổi các mức điểm từ 5,0 đến 5,4 thành điểm chữ và thang điểm 4?","khoảng điểm 10 từ 5,0 đến 5,4 được quy đổi sang điểm chữ và thang điểm 4 như thế nào?",252
"quy trình biến đổi khoảng điểm 5,0 - 5,4 sang hệ thống điểm chữ và thang 4 diễn ra ra sao?","khoảng điểm 10 từ 5,0 đến 5,4 được quy đổi sang điểm chữ và thang điểm 4 như thế nào?",252
"để biết được điểm chữ và thang điểm 4 tương ứng với khoảng 5,0 đến 5,4 thì cần làm gì?","khoảng điểm 10 từ 5,0 đến 5,4 được quy đổi sang điểm chữ và thang điểm 4 như thế nào?",252
"cách tính điểm chữ cùng thang 4 cho các bài thi có điểm từ 5,0 tới 5,4 là như thế nào?","khoảng điểm 10 từ 5,0 đến 5,4 được quy đổi sang điểm chữ và thang điểm 4 như thế nào?",252
"làm thế nào để chuyển đổi các mức điểm từ 4,0 đến 4,9 thành điểm chữ cùng thang điểm 4?","khoảng điểm 10 từ 4,0 đến 4,9 được quy đổi sang điểm chữ và thang điểm 4 như thế nào?",253
"quy trình biến điểm số nằm trong khoảng 4,0 - 4,9 thành điểm chuẩn và thang 4 diễn ra ra sao?","khoảng điểm 10 từ 4,0 đến 4,9 được quy đổi sang điểm chữ và thang điểm 4 như thế nào?",253
"điểm từ 4,0 đến 4,9 sẽ được đổi sang điểm chữ và thang 4 bằng cách nào?","khoảng điểm 10 từ 4,0 đến 4,9 được quy đổi sang điểm chữ và thang điểm 4 như thế nào?",253
"cách thức quy đổi khoảng điểm 4,0 đến 4,9 ra điểm chữ và thang 4 là gì?","khoảng điểm 10 từ 4,0 đến 4,9 được quy đổi sang điểm chữ và thang điểm 4 như thế nào?",253
"phương thức chuyển đổi từ điểm 10 dưới 4,0 sang thang điểm 4 và điểm chữ diễn ra ra sao?","điểm 10 dưới 4,0 được quy đổi thành điểm chữ và thang điểm 4 như thế nào?",254
"khi nào một kết quả dưới 4,0 trên thang 10 sẽ được quy về điểm chữ và thang 4?","điểm 10 dưới 4,0 được quy đổi thành điểm chữ và thang điểm 4 như thế nào?",254
"quy trình biến đổi các số nhỏ hơn 4,0 từ thang 10 về thang điểm 4 và điểm a-z được thực hiện thế nào?","điểm 10 dưới 4,0 được quy đổi thành điểm chữ và thang điểm 4 như thế nào?",254
"để có điểm chữ và thang 4, các giá trị dưới 4,0 trên thang 10 cần được xử lý ra sao?","điểm 10 dưới 4,0 được quy đổi thành điểm chữ và thang điểm 4 như thế nào?",254
"dựa vào bảng quy đổi, những con số điểm nào sẽ được xếp vào nhóm ""đạt""?","những mức điểm chữ nào được phân loại là ""đạt"" theo bảng quy đổi?",255
theo bảng quy đổi thì những mức điểm chữ nào được coi là đã qua?,"những mức điểm chữ nào được phân loại là ""đạt"" theo bảng quy đổi?",255
bảng quy đổi đã phân loại những kết quả điểm số nào là đạt chưa?,"những mức điểm chữ nào được phân loại là ""đạt"" theo bảng quy đổi?",255
những con số điểm nào được ghi nhận là đạt theo chuẩn trong bảng quy đổi?,"những mức điểm chữ nào được phân loại là ""đạt"" theo bảng quy đổi?",255
"theo bảng quy đổi phổ thông, những điểm chữ nào sẽ bị xếp vào nhóm ""không đạt""?","những mức điểm chữ nào được phân loại là ""không đạt"" theo bảng quy đổi chung?",256
loại điểm số chữ cái nào trong bảng quy đổi chung được xem là thất bại?,"những mức điểm chữ nào được phân loại là ""không đạt"" theo bảng quy đổi chung?",256
"dựa vào bảng quy đổi chung, đâu là các mức điểm chữ bị xếp hạng là ""không đạt""?","những mức điểm chữ nào được phân loại là ""không đạt"" theo bảng quy đổi chung?",256
"trong bảng quy đổi chung, những con số điểm chữ nào không vượt qua được mức ""đạt""?","những mức điểm chữ nào được phân loại là ""không đạt"" theo bảng quy đổi chung?",256
những điểm nổi bật nào trong quy tắc phân loại dành cho các học phần trong khoảng thời gian từ học kỳ 1 năm 2021-2022 cho đến học kỳ 1 năm 2022-2023?,quy định phân loại đối với các học phần từ học kỳ 1/2021-2022 đến học kỳ 1/2022-2023 có gì đặc biệt?,257
"trong giai đoạn chạy từ học kỳ đầu năm 2021-2022 đến học kỳ đầu năm 2022-2023, văn bản phân loại đã có những phần nào khác thường?",quy định phân loại đối với các học phần từ học kỳ 1/2021-2022 đến học kỳ 1/2022-2023 có gì đặc biệt?,257
"so với các kỳ trước, phần quy định về phân loại đối với học sinh trong thời gian từ học kỳ 1/2021-2022 đến học kỳ 1/2022-2023 có điểm gì riêng biệt?",quy định phân loại đối với các học phần từ học kỳ 1/2021-2022 đến học kỳ 1/2022-2023 có gì đặc biệt?,257
bạn có thể liệt kê những khác biệt đặc trưng trong nội dung phân loại dành cho các đơn vị kiến thức từ học kỳ 1 năm 2021-2022 đến học kỳ 1 năm 2022-2023 không?,quy định phân loại đối với các học phần từ học kỳ 1/2021-2022 đến học kỳ 1/2022-2023 có gì đặc biệt?,257
"khi nào một học sinh có điểm d sẽ được xếp vào nhóm ""đạt""?","một sinh viên đạt điểm chữ d sẽ được phân loại là ""đạt"" khi nào?",258
điều kiện để một bạn sinh viên nhận điểm d vẫn được công nhận là đạt là gì?,"một sinh viên đạt điểm chữ d sẽ được phân loại là ""đạt"" khi nào?",258
trường hợp nào thì người học có kết quả d vẫn thuộc diện đạt?,"một sinh viên đạt điểm chữ d sẽ được phân loại là ""đạt"" khi nào?",258
điểm d của sinh viên khi nào được coi là đạt theo quy định?,"một sinh viên đạt điểm chữ d sẽ được phân loại là ""đạt"" khi nào?",258
"trên thang đo 4 điểm, chữ cái nào đại diện cho mức 0,0?","điểm chữ nào tương ứng với mức 0,0 trên thang điểm 4?",259
"mức 0,0 sẽ được ký hiệu bằng ký tự nào trong hệ thống 4 điểm?","điểm chữ nào tương ứng với mức 0,0 trên thang điểm 4?",259
"chữ nào tương đương với giá trị 0,0 nếu thang điểm tối đa là 4?","điểm chữ nào tương ứng với mức 0,0 trên thang điểm 4?",259
"trong quy ước thang điểm 4, ký hiệu nào chỉ mức 0,0?","điểm chữ nào tương ứng với mức 0,0 trên thang điểm 4?",259
"mức điểm cao nhất trong thang 4 là 4,0, vậy nó tương đương với khoảng nào từ 10?","thang điểm 4 đạt mức tối đa là 4,0 tương ứng với khoảng điểm 10 nào?",260
"nếu thang điểm 4 có giới hạn tối đa là 4,0 thì khoảng giá trị 10 sẽ nằm ở đâu?","thang điểm 4 đạt mức tối đa là 4,0 tương ứng với khoảng điểm 10 nào?",260
"khoảng điểm 10 tương ứng với giá trị nào khi thang đo chỉ có 4 mức và tối đa là 4,0?","thang điểm 4 đạt mức tối đa là 4,0 tương ứng với khoảng điểm 10 nào?",260
"với thang 4 điểm mà giới hạn trên là 4,0, thì mức 10 nằm trong khoảng nào?","thang điểm 4 đạt mức tối đa là 4,0 tương ứng với khoảng điểm 10 nào?",260
tiêu chuẩn tính toán điểm trung bình học kỳ được áp dụng cụ thể thế nào?,công thức tính điểm trung bình học kỳ (đtbhk) được quy định như thế nào?,261
cách xác định điểm trung bình cho một học kỳ có quy định ra sao?,công thức tính điểm trung bình học kỳ (đtbhk) được quy định như thế nào?,261
nhà trường quy định phương thức nào để ra điểm trung bình học kỳ?,công thức tính điểm trung bình học kỳ (đtbhk) được quy định như thế nào?,261
mức điểm trung bình học kỳ được tính toán dựa trên những yếu tố gì?,công thức tính điểm trung bình học kỳ (đtbhk) được quy định như thế nào?,261
làm thế nào để mô tả khái niệm về lớp học phần?,lớp học phần được định nghĩa như thế nào?,262
khái niệm của lớp học phần được hình thành ra sao?,lớp học phần được định nghĩa như thế nào?,262
nội dung lớp học phần được hiểu thế nào trong bối cảnh giáo dục?,lớp học phần được định nghĩa như thế nào?,262
định nghĩa về lớp học phần được các chuyên gia đưa ra như thế nào?,lớp học phần được định nghĩa như thế nào?,262
yếu tố nào đặt ra giới hạn cho con số sinh viên cao nhất trong một lớp học phần?,số lượng sinh viên tối đa của một lớp học phần bị giới hạn bởi yếu tố nào?,263
tiêu chí gì quyết định mức trần về số lượng người tham gia của một môn học?,số lượng sinh viên tối đa của một lớp học phần bị giới hạn bởi yếu tố nào?,263
cái gì đang khống chế số lượng học viên lớn nhất có thể trong một lớp?,số lượng sinh viên tối đa của một lớp học phần bị giới hạn bởi yếu tố nào?,263
yếu tố nào chi phối giới hạn tối đa của nhóm học sinh trong một phần học?,số lượng sinh viên tối đa của một lớp học phần bị giới hạn bởi yếu tố nào?,263
những hậu quả sẽ ra sao nếu số sinh viên đăng ký không đạt ngưỡng quy định?,điều gì xảy ra nếu số lượng sinh viên đăng ký thấp hơn mức tối thiểu quy định?,264
làm thế nào khi lượng người nộp đơn thấp hơn giới hạn tối thiểu?,điều gì xảy ra nếu số lượng sinh viên đăng ký thấp hơn mức tối thiểu quy định?,264
tình huống sẽ thế nào nếu số lượng thí sinh ghi danh dưới mức yêu cầu?,điều gì xảy ra nếu số lượng sinh viên đăng ký thấp hơn mức tối thiểu quy định?,264
sẽ xảy ra điều gì nếu mức độ đăng ký của sinh viên kém hơn quy chuẩn?,điều gì xảy ra nếu số lượng sinh viên đăng ký thấp hơn mức tối thiểu quy định?,264
trung bình mỗi môn đại cương cũng như chính trị có bao nhiêu sinh viên đăng ký?,số lượng sinh viên trung bình cho các môn đại cương và chính trị là bao nhiêu?,265
mức độ tuyển sinh bình quân cho các nội dung chung và chính trị là con số bao nhiêu?,số lượng sinh viên trung bình cho các môn đại cương và chính trị là bao nhiêu?,265
số học viên tham gia vào những môn học đại cương và chính trị thường nằm ở mức nào?,số lượng sinh viên trung bình cho các môn đại cương và chính trị là bao nhiêu?,265
hai nhóm môn đại cương lẫn chính trị thì trung bình có bao nhiêu người học mỗi môn?,số lượng sinh viên trung bình cho các môn đại cương và chính trị là bao nhiêu?,265
quy định cho việc tổ chức học phần ở giảng đường về mặt số lượng sinh viên ra sao?,quy định về số lượng sinh viên đối với các học phần tổ chức tại giảng đường như thế nào?,266
đối với các môn học diễn ra tại giảng đường thì giới hạn số lượng sinh viên được quy định thế nào?,quy định về số lượng sinh viên đối với các học phần tổ chức tại giảng đường như thế nào?,266
số lượng sinh viên được phép tham gia các học phần tại giảng đường theo quy định như thế nào?,quy định về số lượng sinh viên đối với các học phần tổ chức tại giảng đường như thế nào?,266
tiêu chuẩn về con số sinh viên khi tổ chức học phần trong giảng đường được áp dụng ra sao?,quy định về số lượng sinh viên đối với các học phần tổ chức tại giảng đường như thế nào?,266
trung bình mỗi môn cơ sở ngành có bao nhiêu sinh viên đăng ký?,số lượng sinh viên trung bình cho các môn cơ sở ngành là bao nhiêu?,267
số lượng học sinh tham gia các lớp học nền tảng trung bình đạt con số bao nhiêu?,số lượng sinh viên trung bình cho các môn cơ sở ngành là bao nhiêu?,267
"đối với các môn học cơ bản của ngành, mức độ đông đảo sinh viên tham gia thường là bao nhiêu?",số lượng sinh viên trung bình cho các môn cơ sở ngành là bao nhiêu?,267
có thể cho biết con số sinh viên trung bình theo từng môn cơ sở ngành không?,số lượng sinh viên trung bình cho các môn cơ sở ngành là bao nhiêu?,267
trung bình mỗi môn chuyên ngành cùng ngoại ngữ có bao nhiêu người học?,số lượng sinh viên trung bình cho các môn chuyên ngành và ngoại ngữ là bao nhiêu?,268
con số sinh viên cho từng môn thuộc chuyên môn và ngoại ngữ là bao nhiêu?,số lượng sinh viên trung bình cho các môn chuyên ngành và ngoại ngữ là bao nhiêu?,268
trung bình bao nhiêu người tham gia học các môn chuyên ngành lẫn ngoại ngữ?,số lượng sinh viên trung bình cho các môn chuyên ngành và ngoại ngữ là bao nhiêu?,268
số lượng người đăng ký học mỗi môn chuyên ngành và ngoại ngữ trung bình ra sao?,số lượng sinh viên trung bình cho các môn chuyên ngành và ngoại ngữ là bao nhiêu?,268
tối thiểu cần bao nhiêu sinh viên thì nhà trường mới tổ chức được các tiết dạy môn đại cương và chính trị?,số lượng sinh viên tối thiểu để tổ chức lớp cho các môn đại cương và chính trị là bao nhiêu?,269
"để lớp học các môn cơ sở cùng chính trị có thể diễn ra, số lượng bạn tham dự phải đạt mức nào là ít nhất?",số lượng sinh viên tối thiểu để tổ chức lớp cho các môn đại cương và chính trị là bao nhiêu?,269
mức sinh viên tối thấp để tiến hành giảng dạy bộ môn đại cương và chính trị là bao nhiêu?,số lượng sinh viên tối thiểu để tổ chức lớp cho các môn đại cương và chính trị là bao nhiêu?,269
bao nhiêu học viên trở lên thì coi như đủ điều kiện để tổ chức lớp cho môn chính trị lẫn các môn đại cương?,số lượng sinh viên tối thiểu để tổ chức lớp cho các môn đại cương và chính trị là bao nhiêu?,269
"đối với các môn học chuyên sâu, con số tối thiểu cần có sinh viên để bắt đầu giảng dạy là bao nhiêu?",mức sinh viên tối thiểu để mở lớp cho các môn chuyên ngành hẹp là bao nhiêu?,270
cần bao nhiêu người đăng ký cho các lớp chuyên ngành hẹp thì nhà trường mới tổ chức được?,mức sinh viên tối thiểu để mở lớp cho các môn chuyên ngành hẹp là bao nhiêu?,270
số lượng sinh viên thấp nhất đủ điều kiện để khai giảng các môn hẹp là bao nhiêu em?,mức sinh viên tối thiểu để mở lớp cho các môn chuyên ngành hẹp là bao nhiêu?,270
"để mở các lớp môn chuyên ngành hẹp, yêu cầu về số lượng học viên tối thiểu là bao nhiêu?",mức sinh viên tối thiểu để mở lớp cho các môn chuyên ngành hẹp là bao nhiêu?,270
"đối với các môn học phổ thông (loại trừ đại cương hay chuyên sâu), cần có tối thiểu bao nhiêu sinh viên thì mới tổ chức được lớp?",số lượng sinh viên tối thiểu để tổ chức lớp cho các môn học thông thường (không phải đại cương hay chuyên ngành hẹp) là bao nhiêu?,271
làm thế nào để xác định mức sinh viên tối thiểu cần thiết nhằm khai giảng các môn thường (không tính môn nền tảng hay hẹp)?,số lượng sinh viên tối thiểu để tổ chức lớp cho các môn học thông thường (không phải đại cương hay chuyên ngành hẹp) là bao nhiêu?,271
"số học sinh ít nhất cho việc mở lớp các môn bình thường (loại trừ đại cương, chuyên ngành hẹp) là con số bao nhiêu?",số lượng sinh viên tối thiểu để tổ chức lớp cho các môn học thông thường (không phải đại cương hay chuyên ngành hẹp) là bao nhiêu?,271
mức độ cần thiết về số lượng sinh viên để tổ chức các môn học thường quy (bỏ qua loại đại cương và chuyên sâu) là bao nhiêu?,số lượng sinh viên tối thiểu để tổ chức lớp cho các môn học thông thường (không phải đại cương hay chuyên ngành hẹp) là bao nhiêu?,271
những quy tắc nào áp dụng khi tổ chức đào tạo cho các ngành có quy mô sinh viên dưới 30 người?,quy định mở lớp đối với các ngành có tổng số sinh viên ít hơn 30 là gì?,272
nội dung định hướng về việc khai giảng các chuyên ngành với lượng sinh viên chưa đầy ba mươi là thế nào?,quy định mở lớp đối với các ngành có tổng số sinh viên ít hơn 30 là gì?,272
làm rõ các tiêu chuẩn quản lý đối với những ngành mà tổng số học viên thấp hơn mức 30?,quy định mở lớp đối với các ngành có tổng số sinh viên ít hơn 30 là gì?,272
việc tổ chức lớp học cho các ngành có sĩ số dưới 30 người phải tuân thủ quy định ra sao?,quy định mở lớp đối với các ngành có tổng số sinh viên ít hơn 30 là gì?,272
tổ chức nào có thẩm quyền đánh giá và phê duyệt việc tổ chức khai giảng trong những trường hợp ngoại lệ?,đơn vị nào chịu trách nhiệm xem xét mở lớp trong các trường hợp đặc biệt?,273
cơ quan nào sẽ thẩm định để quyết định mở lớp khi xảy ra tình huống đặc thù?,đơn vị nào chịu trách nhiệm xem xét mở lớp trong các trường hợp đặc biệt?,273
ai là đơn vị được giao nhiệm vụ rà soát và cho phép tổ chức học tập trong các tình huống bất thường?,đơn vị nào chịu trách nhiệm xem xét mở lớp trong các trường hợp đặc biệt?,273
bên nào có quyền xem xét và phê chuẩn việc khai giảng trong những trường hợp đặc biệt?,đơn vị nào chịu trách nhiệm xem xét mở lớp trong các trường hợp đặc biệt?,273
mỗi tổ có bao nhiêu thành viên tham gia đợt thực tập giáo dục quốc phòng?,số lượng sinh viên mỗi nhóm đối với thực tập giáo dục quốc phòng là bao nhiêu?,274
số học sinh được phân công vào phần thực hành quốc phòng tại mỗi nhóm là bao nhiêu?,số lượng sinh viên mỗi nhóm đối với thực tập giáo dục quốc phòng là bao nhiêu?,274
"đối với nội dung giáo dục quốc phòng, mỗi nhóm sẽ có bao nhiêu người tham gia?",số lượng sinh viên mỗi nhóm đối với thực tập giáo dục quốc phòng là bao nhiêu?,274
làm sao để biết số lượng người thực tập quốc phòng trong từng tổ?,số lượng sinh viên mỗi nhóm đối với thực tập giáo dục quốc phòng là bao nhiêu?,274
mức độ cho phép về số thành viên trong mỗi đội cho lớp thể dục là bao nhiêu?,quy định về số lượng sinh viên mỗi nhóm cho môn giáo dục thể chất là bao nhiêu?,275
giáo viên cần phân chia bao nhiêu học sinh cho một nhóm trong môn thể thao?,quy định về số lượng sinh viên mỗi nhóm cho môn giáo dục thể chất là bao nhiêu?,275
quy tắc về số lượng người tham gia mỗi đội trong giờ tập luyện thể chất ra sao?,quy định về số lượng sinh viên mỗi nhóm cho môn giáo dục thể chất là bao nhiêu?,275
tiêu chuẩn về số học sinh được xếp vào từng nhóm cho môn giáo dục thể chất thế nào?,quy định về số lượng sinh viên mỗi nhóm cho môn giáo dục thể chất là bao nhiêu?,275
mỗi đội thực hiện thực tập hay thí nghiệm xưởng cho các môn đại cương thì được phân bổ bao nhiêu bạn?,số lượng sinh viên mỗi nhóm cho thực tập hoặc thí nghiệm xưởng các môn đại cương là bao nhiêu?,276
các nhóm tham gia hoạt động thực tập hay thí nghiệm xưởng ở các môn chung cần có số thành viên là bao nhiêu?,số lượng sinh viên mỗi nhóm cho thực tập hoặc thí nghiệm xưởng các môn đại cương là bao nhiêu?,276
"đối với phần thực tập hay thí nghiệm xưởng các môn đại cương, mỗi tổ cần bao nhiêu sinh viên?",số lượng sinh viên mỗi nhóm cho thực tập hoặc thí nghiệm xưởng các môn đại cương là bao nhiêu?,276
số lượng bạn bè được giao cho từng nhóm để làm thực tập hoặc thí nghiệm xưởng ở các môn cơ bản là bao nhiêu?,số lượng sinh viên mỗi nhóm cho thực tập hoặc thí nghiệm xưởng các môn đại cương là bao nhiêu?,276
mỗi nhóm sẽ phân bổ bao nhiêu người để đi thực hành hoặc làm thí nghiệm cho các môn chuyên ngành?,số lượng sinh viên mỗi nhóm cho thực tập hoặc thí nghiệm xưởng các môn chuyên ngành là bao nhiêu?,277
con số sinh viên được giao thực tập hay làm việc trong xưởng cho từng nhóm chuyên ngành là bao nhiêu?,số lượng sinh viên mỗi nhóm cho thực tập hoặc thí nghiệm xưởng các môn chuyên ngành là bao nhiêu?,277
"đối với mỗi nhóm chuyên ngành, số lượng học sinh tham gia thực tập hoặc thí nghiệm xưởng được tính như thế nào?",số lượng sinh viên mỗi nhóm cho thực tập hoặc thí nghiệm xưởng các môn chuyên ngành là bao nhiêu?,277
chúng ta cần bao nhiêu bạn cho mỗi tổ để tiến hành các buổi thực hành hay thí nghiệm môn chuyên ngành?,số lượng sinh viên mỗi nhóm cho thực tập hoặc thí nghiệm xưởng các môn chuyên ngành là bao nhiêu?,277
con số quy định về số thành viên trong nhóm thực hành xưởng dành cho sinh viên lớp chính quy chất lượng cao là bao nhiêu?,quy định sĩ số nhóm thực tập xưởng đối với lớp chính quy chất lượng cao là bao nhiêu?,278
lớp chính quy chất lượng cao cần có bao nhiêu bạn trong một nhóm đi làm việc tại xưởng theo quy định?,quy định sĩ số nhóm thực tập xưởng đối với lớp chính quy chất lượng cao là bao nhiêu?,278
theo quy định thì nhóm thực hành xưởng của sinh viên lớp chất lượng cao được phép có tối đa bao nhiêu người?,quy định sĩ số nhóm thực tập xưởng đối với lớp chính quy chất lượng cao là bao nhiêu?,278
số lượng thành viên trong đội nhóm thực tập xưởng của lớp chính quy chất lượng cao bị giới hạn ở mức nào?,quy định sĩ số nhóm thực tập xưởng đối với lớp chính quy chất lượng cao là bao nhiêu?,278
mức độ đông đủ tối thiểu cần thiết cho buổi tập huấn quốc phòng là bao nhiêu?,số lượng sinh viên tối thiểu để tổ chức lớp thực tập giáo dục quốc phòng là bao nhiêu?,279
bao nhiêu học sinh trở lên thì mới đủ điều kiện để mở môn thực hành quốc phòng?,số lượng sinh viên tối thiểu để tổ chức lớp thực tập giáo dục quốc phòng là bao nhiêu?,279
"để tổ chức được buổi học quốc phòng, chúng ta cần có ít nhất bao nhiêu sinh viên?",số lượng sinh viên tối thiểu để tổ chức lớp thực tập giáo dục quốc phòng là bao nhiêu?,279
số người tham gia ít nhất cho lớp thực tập quốc phòng là con số nào?,số lượng sinh viên tối thiểu để tổ chức lớp thực tập giáo dục quốc phòng là bao nhiêu?,279
có cần bao nhiêu học sinh tối thiểu thì mới được tổ chức buổi tập thực hành giáo dục thể chất?,số lượng sinh viên tối thiểu để tổ chức lớp thực hành giáo dục thể chất là bao nhiêu?,280
tiêu chuẩn về con số học sinh ít nhất để mở lớp tập luyện giáo dục thể chất là bao nhiêu?,số lượng sinh viên tối thiểu để tổ chức lớp thực hành giáo dục thể chất là bao nhiêu?,280
"muốn tổ chức buổi thực hành thể chất, chúng ta cần ít nhất bao nhiêu bạn sinh viên tham gia?",số lượng sinh viên tối thiểu để tổ chức lớp thực hành giáo dục thể chất là bao nhiêu?,280
số người học sinh tối thiểu cần thiết cho một buổi dạy thực hành môn giáo dục thể chất là bao nhiêu?,số lượng sinh viên tối thiểu để tổ chức lớp thực hành giáo dục thể chất là bao nhiêu?,280
các môn học đại cương và cơ sở ngành cần có tối thiểu bao nhiêu sinh viên trong lớp thực hành xưởng?,số lượng sinh viên tối thiểu cho lớp thực tập xưởng các môn đại cương và cơ sở ngành là bao nhiêu?,281
mức sinh viên tối thiểu để thành lập lớp thực tập xưởng cho bộ môn đại cương và cơ sở ngành là bao nhiêu?,số lượng sinh viên tối thiểu cho lớp thực tập xưởng các môn đại cương và cơ sở ngành là bao nhiêu?,281
"với các môn đại cương và cơ sở ngành, con số sinh viên ít nhất cho lớp xưởng thực tập được quy định như thế nào?",số lượng sinh viên tối thiểu cho lớp thực tập xưởng các môn đại cương và cơ sở ngành là bao nhiêu?,281
"để tổ chức lớp thực tập xưởng ở các môn cơ sở ngành và đại cương, cần có tối thiểu bao nhiêu học viên?",số lượng sinh viên tối thiểu cho lớp thực tập xưởng các môn đại cương và cơ sở ngành là bao nhiêu?,281
dưới con số ít nhất bao nhiêu sinh viên mới đủ để thành lập một lớp thực tập xưởng các môn chuyên ngành?,số lượng sinh viên tối thiểu cho lớp thực tập xưởng các môn chuyên ngành là bao nhiêu?,282
giới hạn thấp nhất về số lượng sinh viên tham gia thực tập xưởng chuyên môn được quy định như thế nào?,số lượng sinh viên tối thiểu cho lớp thực tập xưởng các môn chuyên ngành là bao nhiêu?,282
"đối với các môn chuyên ngành, số sinh viên tối thiểu cần có trong lớp thực tập xưởng là bao nhiêu người?",số lượng sinh viên tối thiểu cho lớp thực tập xưởng các môn chuyên ngành là bao nhiêu?,282
"để tổ chức thực tập xưởng cho các môn chuyên ngành, cần đảm bảo tối thiểu bao nhiêu bạn sinh viên?",số lượng sinh viên tối thiểu cho lớp thực tập xưởng các môn chuyên ngành là bao nhiêu?,282
chương trình chất lượng cao yêu cầu số lượng học viên thấp nhất để tổ chức khóa thực tập xưởng là bao nhiêu?,sĩ số tối thiểu để tổ chức lớp thực tập xưởng cho chương trình chất lượng cao là bao nhiêu?,283
làm thế nào để biết được con số ít nhất cần thiết nhằm triển khai lớp thực hành sản xuất trong khuôn khổ đào tạo chất lượng cao?,sĩ số tối thiểu để tổ chức lớp thực tập xưởng cho chương trình chất lượng cao là bao nhiêu?,283
mức ngưỡng tối giản về thành phần tham gia cần thiết cho buổi thực tập xưởng thuộc dự án chất lượng cao là bao nhiêu người?,sĩ số tối thiểu để tổ chức lớp thực tập xưởng cho chương trình chất lượng cao là bao nhiêu?,283
để khởi động được lớp thực hành xưởng trong chương trình đào tạo chất lượng cao thì cần có tối thiểu bao nhiêu sinh viên?,sĩ số tối thiểu để tổ chức lớp thực tập xưởng cho chương trình chất lượng cao là bao nhiêu?,283
"đối với việc thực tập sư phạm, nhà trường có đặt ra mức sàn về số lượng sinh viên hay không?",có quy định số lượng sinh viên tối thiểu đối với thực tập sư phạm không?,284
việc tuyển chọn sinh viên tham gia thực tập giảng dạy có được quy định một con số tối thiểu cụ thể không?,có quy định số lượng sinh viên tối thiểu đối với thực tập sư phạm không?,284
"trong chương trình thực tập sư phạm, liệu có tiêu chí về số lượng người tham gia tối thiểu được áp dụng?",có quy định số lượng sinh viên tối thiểu đối với thực tập sư phạm không?,284
mức quy định về số lượng sinh viên bắt buộc phải có cho đợt thực tập sư phạm là bao nhiêu?,có quy định số lượng sinh viên tối thiểu đối với thực tập sư phạm không?,284
"khi học sinh chưa kịp hoàn thành kế hoạch và còn thiếu môn, cần làm gì để được phép mở lớp?",sinh viên trễ tiến độ và nợ ít học phần được hỗ trợ mở lớp như thế nào?,285
"nếu bị chậm tiến độ và nợ điểm, sinh viên sẽ được hỗ trợ đăng ký học lại như thế nào?",sinh viên trễ tiến độ và nợ ít học phần được hỗ trợ mở lớp như thế nào?,285
"đối với trường hợp trễ hạn và thiếu môn, quy trình để được tổ chức lớp bổ sung ra sao?",sinh viên trễ tiến độ và nợ ít học phần được hỗ trợ mở lớp như thế nào?,285
làm thế nào để sinh viên chưa kịp làm bài và nợ môn được cấp cơ hội học lại?,sinh viên trễ tiến độ và nợ ít học phần được hỗ trợ mở lớp như thế nào?,285
những gì sẽ xảy ra nếu không giảm số lượng học phần đã chọn mà không tuân thủ quy định?,hậu quả của việc không đi học học phần đã đăng ký mà không rút bớt theo quy định là gì?,286
việc bỏ qua quy trình rút đăng ký học phần sẽ dẫn đến tình trạng gì?,hậu quả của việc không đi học học phần đã đăng ký mà không rút bớt theo quy định là gì?,286
làm thế nào để biết kết quả của hành động không hủy bớt học phần theo đúng luật?,hậu quả của việc không đi học học phần đã đăng ký mà không rút bớt theo quy định là gì?,286
nếu không cắt giảm số học phần đã đăng ký mà không theo quy tắc thì ra sao?,hậu quả của việc không đi học học phần đã đăng ký mà không rút bớt theo quy định là gì?,286
giai đoạn nào cho phép sinh viên giảm tải môn học trực tuyến mà không cần chi trả thêm học phí?,sinh viên được rút bớt học phần qua mạng và không phải đóng học phí trong khoảng thời gian nào?,287
trong bao lâu thì học phí được miễn cho những người sinh viên giảm số lượng bài giảng qua mạng?,sinh viên được rút bớt học phần qua mạng và không phải đóng học phí trong khoảng thời gian nào?,287
khoảng thời gian nào mà sinh viên có thể lựa chọn bớt môn học online và không bị thu tiền?,sinh viên được rút bớt học phần qua mạng và không phải đóng học phí trong khoảng thời gian nào?,287
bao lâu nữa thì chính sách cho phép giảm môn học online và miễn phí cho sinh viên có hiệu lực?,sinh viên được rút bớt học phần qua mạng và không phải đóng học phí trong khoảng thời gian nào?,287
khi nào được phép giảm học phần trong khoảng thời gian sau đợt điều chỉnh đăng ký nếu có đủ điều kiện?,thời gian cho phép rút bớt học phần sau giai đoạn điều chỉnh đăng ký là khi nào?,288
khoảng thời gian nào cho phép sinh viên cắt giảm số tín chỉ sau khi hoàn tất việc chỉnh sửa hồ sơ đăng ký?,thời gian cho phép rút bớt học phần sau giai đoạn điều chỉnh đăng ký là khi nào?,288
việc được giảm bớt môn học sau giai đoạn cân chỉnh đăng ký sẽ diễn ra vào lúc nào nếu thời gian cho phép?,thời gian cho phép rút bớt học phần sau giai đoạn điều chỉnh đăng ký là khi nào?,288
"nếu đã qua đợt chỉnh sửa đăng ký, thời điểm nào mà bạn có thể đăng ký giảm số lượng học phần được cho phép?",thời gian cho phép rút bớt học phần sau giai đoạn điều chỉnh đăng ký là khi nào?,288
"học kỳ đang diễn ra đã đến tuần thứ năm, nếu sinh viên muốn giảm số tín chỉ đăng ký thì phải tuân theo quy tắc nào về khoản chi phí?",quy định về học phí khi sinh viên rút bớt học phần vào tuần thứ 5 của học kỳ là gì?,289
khi nào trong học kỳ (cụ thể là tuần 5) mà sinh viên đăng ký giảm khối lượng học tập thì cơ sở đào tạo sẽ áp dụng chính sách tính phí ra sao?,quy định về học phí khi sinh viên rút bớt học phần vào tuần thứ 5 của học kỳ là gì?,289
"tại thời điểm tuần thứ năm của học kỳ, nếu sinh viên có nhu cầu giảm số lượng môn học thì khoản tiền phải đóng được tính thế nào theo quy định?",quy định về học phí khi sinh viên rút bớt học phần vào tuần thứ 5 của học kỳ là gì?,289
chính sách về khoản tiền học tập khi sinh viên cắt giảm tín chỉ vào giữa học kỳ (tuần 5) được quy định cụ thể như thế nào?,quy định về học phí khi sinh viên rút bớt học phần vào tuần thứ 5 của học kỳ là gì?,289
dưới hoàn cảnh nào mà sinh viên buộc phải ôn lại những môn học bắt buộc?,sinh viên phải học lại học phần bắt buộc trong điều kiện nào?,290
khi nào thì học sinh phải quay lại nghiên cứu các chương trình bắt buộc?,sinh viên phải học lại học phần bắt buộc trong điều kiện nào?,290
những trường hợp nào khiến sinh viên cần phải học bổ sung các môn bắt buộc?,sinh viên phải học lại học phần bắt buộc trong điều kiện nào?,290
khi nào sinh viên lại phải tiếp tục tu dưỡng những kiến thức bắt buộc?,sinh viên phải học lại học phần bắt buộc trong điều kiện nào?,290
"nếu một học sinh đạt điểm môn tự chọn thấp hơn 5,0 thì cần xử lý như thế nào?","sinh viên có điểm học phần tự chọn dưới 5,0 thì phải làm gì?",291
"hành động cần thực hiện khi điểm của sinh viên ở các môn tự chọn chưa đủ 5,0 là gì?","sinh viên có điểm học phần tự chọn dưới 5,0 thì phải làm gì?",291
"khi nào sinh viên phải đối mặt với việc điểm tự chọn dưới mức 5,0?","sinh viên có điểm học phần tự chọn dưới 5,0 thì phải làm gì?",291
"làm sao để biết kết quả của môn tự chọn dưới 5,0 sẽ ảnh hưởng thế nào đến sinh viên?","sinh viên có điểm học phần tự chọn dưới 5,0 thì phải làm gì?",291
phương thức tính điểm cuối cùng cho một môn đã học lại là gì?,điểm chính thức của học phần được tính như thế nào sau khi học lại?,292
làm thế nào để xác định điểm số chính thức của các môn đã được học lại?,điểm chính thức của học phần được tính như thế nào sau khi học lại?,292
khi nào thì một môn học lại sẽ có điểm chính thức được công bố và tính như thế nào?,điểm chính thức của học phần được tính như thế nào sau khi học lại?,292
quy trình ấn định điểm cho những môn phải học lại diễn ra ra sao?,điểm chính thức của học phần được tính như thế nào sau khi học lại?,292
"nếu điểm học phần đã được lấy, liệu học sinh có thể đăng ký học lại môn đó hay không?",sinh viên đã đạt điểm học phần có được đăng ký học lại không?,293
những ai đã đậu môn học này thì vẫn còn quyền đăng ký học lại không?,sinh viên đã đạt điểm học phần có được đăng ký học lại không?,293
việc đạt điểm môn học có ngăn cản sinh viên đăng ký học lại hay không?,sinh viên đã đạt điểm học phần có được đăng ký học lại không?,293
sinh viên có quyền đăng ký học lại sau khi đã hoàn thành môn học chưa?,sinh viên đã đạt điểm học phần có được đăng ký học lại không?,293
"sau khi ôn tập nhiều vòng nhằm nâng cao kết quả, nhà trường sẽ căn cứ vào thành tích ở phần nào để chấm môn?","khi học lại nhiều lần để cải thiện, điểm nào sẽ được lấy để đánh giá học phần?",294
"những nội dung nào được đưa vào làm tiêu chuẩn xét cho học phần, nếu như sinh viên đã luyện tập đi lại nhiều lần?","khi học lại nhiều lần để cải thiện, điểm nào sẽ được lấy để đánh giá học phần?",294
"phần nào sẽ được dùng làm cơ sở tính điểm, bất kể bạn đã cố gắng cải thiện qua bao nhiêu lần học tập?","khi học lại nhiều lần để cải thiện, điểm nào sẽ được lấy để đánh giá học phần?",294
"để nâng cao thành tích bằng cách học tập thường xuyên, sinh viên cần chuẩn bị tài liệu ở đâu để được xem xét cho học phần?","khi học lại nhiều lần để cải thiện, điểm nào sẽ được lấy để đánh giá học phần?",294
"khi sinh viên phải nghỉ học vì lý do ốm đau, họ cần làm những gì?",thủ tục cần thực hiện khi sinh viên nghỉ ốm trong quá trình học là gì?,295
quy trình xử lý đối với trường hợp học trò bị bệnh và vắng mặt trong giờ học ra sao?,thủ tục cần thực hiện khi sinh viên nghỉ ốm trong quá trình học là gì?,295
việc sinh viên tạm dừng việc đi học do sức khỏe yếu cần phải thực hiện thủ tục gì?,thủ tục cần thực hiện khi sinh viên nghỉ ốm trong quá trình học là gì?,295
"nếu người học bị ốm và không thể đến lớp, họ cần nộp đơn hay làm giấy tờ gì?",thủ tục cần thực hiện khi sinh viên nghỉ ốm trong quá trình học là gì?,295
"nếu phải nghỉ học đúng lúc có bài kiểm tra, bạn phải làm thế nào?",sinh viên cần làm gì nếu nghỉ ốm đúng vào đợt thi?,296
"khi bị ốm vào thời điểm có kỳ thi, sinh viên cần xử lý ra sao?",sinh viên cần làm gì nếu nghỉ ốm đúng vào đợt thi?,296
làm sao để đối phó nếu tình trạng bệnh kéo dài trùng với buổi thi?,sinh viên cần làm gì nếu nghỉ ốm đúng vào đợt thi?,296
"với ai đó đang nằm viện lúc kỳ thi diễn ra, hành động tiếp theo là gì?",sinh viên cần làm gì nếu nghỉ ốm đúng vào đợt thi?,296
học kỳ này thì bộ phận nào lo việc sửa đổi danh sách các bạn đăng ký môn?,đơn vị nào chịu trách nhiệm cập nhật danh sách sinh viên đăng ký môn học mỗi học kỳ?,297
ai là người làm nhiệm vụ cập nhật danh sách sinh viên đã chọn môn trong từng học kỳ?,đơn vị nào chịu trách nhiệm cập nhật danh sách sinh viên đăng ký môn học mỗi học kỳ?,297
đơn vị nào đảm nhận công tác chỉnh sửa lại danh sách đăng ký môn của sinh viên mỗi kỳ?,đơn vị nào chịu trách nhiệm cập nhật danh sách sinh viên đăng ký môn học mỗi học kỳ?,297
"trong mỗi học kỳ, cơ quan gì thực hiện việc thay đổi danh sách các bạn đăng ký học?",đơn vị nào chịu trách nhiệm cập nhật danh sách sinh viên đăng ký môn học mỗi học kỳ?,297
sinh viên khi mãn hạn học tập thì có thể làm thủ tục đăng ký học phần được không?,sinh viên đã hết thời gian đào tạo có được đăng ký học phần không?,298
"vậy sau khi hoàn tất chương trình đào tạo, liệu anh/chị có còn quyền tham gia đăng ký các môn không?",sinh viên đã hết thời gian đào tạo có được đăng ký học phần không?,298
trường hợp học viên đã xong thời gian quy định thì vẫn được phép đăng ký học mới hay là không?,sinh viên đã hết thời gian đào tạo có được đăng ký học phần không?,298
việc đăng ký học phần của sinh viên có bị hủy bỏ khi hết hạn đào tạo hay không?,sinh viên đã hết thời gian đào tạo có được đăng ký học phần không?,298
những sinh viên nào đã phải ngừng học thì phải làm thế nào để tiếp tục đăng ký môn học của mình?,sinh viên tạm dừng học cần làm gì để được đăng ký học phần trở lại?,299
"nếu tạm nghỉ học, sinh viên cần thực hiện quy trình gì nhằm được ghi danh lại vào các môn?",sinh viên tạm dừng học cần làm gì để được đăng ký học phần trở lại?,299
ai đã ngừng việc học thì phải làm gì để hoàn tất thủ tục đăng ký học phần trở lại?,sinh viên tạm dừng học cần làm gì để được đăng ký học phần trở lại?,299
làm sao để một bạn sinh viên tạm dừng chương trình học có thể được cho phép đăng ký lại môn học?,sinh viên tạm dừng học cần làm gì để được đăng ký học phần trở lại?,299
việc thu tiền học phí liệu có tác động gì đến quá trình chọn đăng ký các môn không?,tình trạng học phí có ảnh hưởng đến việc đăng ký môn học không?,300
có phải áp lực về khoản chi trả cho lớp học khiến bạn ngại chọn môn hay không?,tình trạng học phí có ảnh hưởng đến việc đăng ký môn học không?,300
những thay đổi trong chính sách đóng tiền có làm chậm trễ việc ghi danh vào các đơn vị học tập chưa?,tình trạng học phí có ảnh hưởng đến việc đăng ký môn học không?,300
bạn có lo lắng việc phải nộp chi phí sẽ ảnh hưởng đến quyết định tham gia các buổi học không?,tình trạng học phí có ảnh hưởng đến việc đăng ký môn học không?,300
đơn vị quản lý thường gửi thông tin cho việc ghi danh vào môn học trước khoảng thời gian bao nhiêu?,thông báo về đăng ký học phần được ban hành trước bao lâu?,301
khi nào sẽ được phát đi tin tức liên quan đến việc nhập học các môn học?,thông báo về đăng ký học phần được ban hành trước bao lâu?,301
khoảng thời gian từ nay đến khi nhận được công bố về việc đăng ký môn học là bao lâu?,thông báo về đăng ký học phần được ban hành trước bao lâu?,301
việc công bố danh sách các môn có thể đăng ký thường được tiến hành trước bao nhiêu thời điểm?,thông báo về đăng ký học phần được ban hành trước bao lâu?,301
một học phần được đánh giá qua những hình thức nào?,các hình thức đánh giá thành phần trong một học phần gồm những gì?,302
những phương thức nào được sử dụng để kiểm tra thành phần trong một học phần?,các hình thức đánh giá thành phần trong một học phần gồm những gì?,302
nội dung của một học phần bao gồm các hình thức đánh giá ra sao?,các hình thức đánh giá thành phần trong một học phần gồm những gì?,302
người ta dùng những cách thức gì để xếp loại thành phần của một học phần?,các hình thức đánh giá thành phần trong một học phần gồm những gì?,302
mức điểm thành phần tối thiểu để đạt chuẩn cho một môn học bình thường là bao nhiêu?,một học phần thông thường phải có tối thiểu bao nhiêu điểm thành phần?,303
một đơn vị học tập thông thường cần có ít nhất bao nhiêu điểm từng phần?,một học phần thông thường phải có tối thiểu bao nhiêu điểm thành phần?,303
"đối với các môn học phổ biến, ngưỡng điểm thành phần thấp nhất là bao nhiêu?",một học phần thông thường phải có tối thiểu bao nhiêu điểm thành phần?,303
"khi xét một học phần bình thường, điểm số thành phần cần đạt ít nhất là bao nhiêu?",một học phần thông thường phải có tối thiểu bao nhiêu điểm thành phần?,303
quy trình đó được tạo nên bởi bao nhiêu vòng kiểm tra?,điểm quá trình được hình thành từ bao nhiêu lần đánh giá?,304
có bao nhiêu lần đánh giá đã góp phần hình thành nên tiến trình này?,điểm quá trình được hình thành từ bao nhiêu lần đánh giá?,304
tiến trình hiện hữu nhờ vào bao nhiêu lượt chấm điểm?,điểm quá trình được hình thành từ bao nhiêu lần đánh giá?,304
bao nhiêu lần thẩm định đã kiến tạo nên quy trình được đề cập?,điểm quá trình được hình thành từ bao nhiêu lần đánh giá?,304
học phần dưới 2 tín chỉ cần được kiểm tra bao nhiêu lần theo quy định?,quy định về số lần đánh giá đối với học phần có khối lượng nhỏ hơn 2 tín chỉ là gì?,305
"theo quy định, đối với khối lượng nhỏ hơn 2 tín chỉ thì số lần đánh giá ra sao?",quy định về số lần đánh giá đối với học phần có khối lượng nhỏ hơn 2 tín chỉ là gì?,305
số lần thực hiện kiểm định đối với môn học dưới 2 tín chỉ được quy định thế nào?,quy định về số lần đánh giá đối với học phần có khối lượng nhỏ hơn 2 tín chỉ là gì?,305
"đối với các học phần nhẹ dưới 2 tín chỉ, quy định về tần suất đánh giá là gì?",quy định về số lần đánh giá đối với học phần có khối lượng nhỏ hơn 2 tín chỉ là gì?,305
thang điểm cho từng phần được quy định ra sao và số điểm cuối cùng có được làm tròn không?,điểm thành phần được tính theo thang điểm mấy và làm tròn như thế nào?,306
hệ thống tính toán cho mỗi thành phần dựa trên mức điểm nào và quy tắc làm tròn cụ thể là gì?,điểm thành phần được tính theo thang điểm mấy và làm tròn như thế nào?,306
mức điểm của từng hạng mục được xác định thế nào và kết quả có được điều chỉnh khi làm tròn không?,điểm thành phần được tính theo thang điểm mấy và làm tròn như thế nào?,306
mỗi phần được gán bao nhiêu điểm và quy trình làm tròn được thực hiện ra sao?,điểm thành phần được tính theo thang điểm mấy và làm tròn như thế nào?,306
nơi nào đã đề ra các tiêu chí chấm điểm cũng như hệ số của từng môn học?,phương pháp và trọng số đánh giá của học phần được quy định ở đâu?,307
việc phân định giá trị cũng như cách thức thẩm định cho mỗi đơn vị kiến thức được đặt ra như thế nào?,phương pháp và trọng số đánh giá của học phần được quy định ở đâu?,307
cơ quan hay bộ phận nào chịu trách nhiệm ban hành quy định về phương thức và hệ trọng của các môn?,phương pháp và trọng số đánh giá của học phần được quy định ở đâu?,307
ở đâu đã quy định rõ ràng về mức độ cũng như cách tiến hành việc đánh giá cho từng phần học?,phương pháp và trọng số đánh giá của học phần được quy định ở đâu?,307
sinh viên cần biết giảng viên đảm nhận những nghĩa vụ nào liên quan đến điểm số giữa kỳ?,giảng viên có trách nhiệm gì đối với điểm quá trình của sinh viên?,308
trách nhiệm của thầy cô trong việc chấm điểm các bài tập thường xuyên được mô tả như thế nào?,giảng viên có trách nhiệm gì đối với điểm quá trình của sinh viên?,308
nội dung mà giảng viên phải thực hiện đối với thành tích học tập thường xuyên của sinh viên là gì?,giảng viên có trách nhiệm gì đối với điểm quá trình của sinh viên?,308
giảng viên cần lưu tâm những yếu tố gì khi đánh giá quá trình học tập của sinh viên?,giảng viên có trách nhiệm gì đối với điểm quá trình của sinh viên?,308
có thể giữ lại kết quả điểm hay được phép phúc khảo không?,điểm quá trình có được bảo lưu hay phúc khảo không?,309
điểm số vừa có được sẽ được lưu trữ hay có cơ hội sửa lại?,điểm quá trình có được bảo lưu hay phúc khảo không?,309
làm sao để biết điểm đó được ghi nhận hay có thể xin phúc khảo?,điểm quá trình có được bảo lưu hay phúc khảo không?,309
kết quả điểm này sẽ bị lưu nguyên hay được xét lại không?,điểm quá trình có được bảo lưu hay phúc khảo không?,309
việc xử lý như thế nào đối với học sinh đi học muộn hoặc bỏ lỡ kỳ thi giữa kỳ mà không có lý do?,hình phạt đối với sinh viên vắng mặt không lý do trong buổi kiểm tra quá trình là gì?,310
hệ quả sẽ là gì nếu một sinh viên thiếu mặt tại buổi đánh giá kiến thức giữa học mà không nêu được lý do?,hình phạt đối với sinh viên vắng mặt không lý do trong buổi kiểm tra quá trình là gì?,310
quy định cụ thể dành cho các bạn sinh viên vắng mặt không giải trình được khi thực hiện bài kiểm tra thường xuyên là gì?,hình phạt đối với sinh viên vắng mặt không lý do trong buổi kiểm tra quá trình là gì?,310
làm sao để biết mức phạt đối với người tham gia thi giữa khóa không xuất hiện tại chỗ mà không có lý do chính đáng?,hình phạt đối với sinh viên vắng mặt không lý do trong buổi kiểm tra quá trình là gì?,310
làm gì với trường hợp học viên không có mặt trong giờ kiểm tra trung gian nhưng lại có lý do?,sinh viên vắng mặt có lý do trong buổi kiểm tra quá trình được xử lý như thế nào?,311
"khi sinh viên bỏ lỡ buổi đánh giá tiến độ vì một nguyên nhân gì đó, quy trình xử lý ra sao?",sinh viên vắng mặt có lý do trong buổi kiểm tra quá trình được xử lý như thế nào?,311
"nếu có lý do hợp lệ cho việc không đến lớp trong kỳ kiểm tra thường xuyên, thì sẽ xử lý thế nào?",sinh viên vắng mặt có lý do trong buổi kiểm tra quá trình được xử lý như thế nào?,311
vấn đề về những học viên vắng mặt có căn cứ trong đợt thi giữa kỳ được giải quyết như thế nào?,sinh viên vắng mặt có lý do trong buổi kiểm tra quá trình được xử lý như thế nào?,311
những gì có thể là phương thức chấm điểm khi một học phần kết thúc?,các hình thức đánh giá kết thúc học phần có thể bao gồm những gì?,312
loại hình nào thường được sử dụng để kết thúc quá trình học của một môn?,các hình thức đánh giá kết thúc học phần có thể bao gồm những gì?,312
"khi học phần nào đó đã xong, thì những hình thức kiểm tra nào sẽ được áp dụng?",các hình thức đánh giá kết thúc học phần có thể bao gồm những gì?,312
việc chấm dứt một môn học có thể diễn ra qua các biện pháp nào?,các hình thức đánh giá kết thúc học phần có thể bao gồm những gì?,312
phần trăm điểm thấp nhất của bài kiểm tra cuối cùng là con số nào?,tỷ trọng tối thiểu của điểm đánh giá cuối kỳ là bao nhiêu?,313
điểm số ít nhất mà kỳ thi cuối học kỳ đóng góp vào tổng điểm ra sao?,tỷ trọng tối thiểu của điểm đánh giá cuối kỳ là bao nhiêu?,313
con số điểm nhỏ nhất cho phép ở bài kiểm tra cuối kỳ là bao nhiêu?,tỷ trọng tối thiểu của điểm đánh giá cuối kỳ là bao nhiêu?,313
tỷ lệ điểm ít nhất của bài thi kết thúc học phần được tính như thế nào?,tỷ trọng tối thiểu của điểm đánh giá cuối kỳ là bao nhiêu?,313
nhà em có tổ chức lại kỳ thi cho những môn chưa đạt điểm qua không?,nhà trường có tổ chức kỳ thi lại cho các học phần không?,314
có chăng trường sẽ cho thi lại các học phần nào đó hay không?,nhà trường có tổ chức kỳ thi lại cho các học phần không?,314
các học phần nào chưa qua có được tổ chức thi bù hay không?,nhà trường có tổ chức kỳ thi lại cho các học phần không?,314
nhà trường có lên lịch thi lại cho sinh viên không?,nhà trường có tổ chức kỳ thi lại cho các học phần không?,314
thời điểm công bố kết thúc học phần cho sinh viên là khi nào?,lịch thi kết thúc học phần được công bố cho sinh viên trước bao lâu?,315
sinh viên sẽ nhận được thông báo về việc kết thúc học phần bao sớm?,lịch thi kết thúc học phần được công bố cho sinh viên trước bao lâu?,315
nhà trường thông báo kết quả học phần xong trước bao lâu với sinh viên?,lịch thi kết thúc học phần được công bố cho sinh viên trước bao lâu?,315
khoảng thời gian từ khi ra thông báo đến khi học phần kết thúc là bao lâu?,lịch thi kết thúc học phần được công bố cho sinh viên trước bao lâu?,315
phần môn nào cho phép giảng viên sắp xếp thi bằng hình thức nhóm?,những học phần nào giảng viên có thể tự tổ chức thi theo nhóm?,316
có những chủ đề học tập nào mà giáo viên được quyền tổ chức kiểm tra tập thể?,những học phần nào giảng viên có thể tự tổ chức thi theo nhóm?,316
giảng viên có thể tự lập kế hoạch thi nhóm cho những nội dung nào?,những học phần nào giảng viên có thể tự tổ chức thi theo nhóm?,316
những bài học nào được phép để giáo viên thực hiện kỳ thi dạng nhóm?,những học phần nào giảng viên có thể tự tổ chức thi theo nhóm?,316
kết quả tính điểm của môn học này được quy tròn như thế nào?,điểm học phần tổng kết được làm tròn đến mức nào?,317
mức độ làm tròn cho điểm tổng kết của môn học là bao nhiêu?,điểm học phần tổng kết được làm tròn đến mức nào?,317
việc quy tròn điểm trung kết cho các học phần được thực hiện ra sao?,điểm học phần tổng kết được làm tròn đến mức nào?,317
các thành phần trong điểm tổng kết sẽ được làm tròn đến đâu?,điểm học phần tổng kết được làm tròn đến mức nào?,317
hệ thống trực tuyến sẽ chuyển đổi số điểm sang những mức điểm chuẩn nào?,hệ thống quản lý trực tuyến quy đổi điểm sang các thang điểm nào?,318
"theo hệ thống quản lý online, điểm số được quy đổi ra các thang điểm cụ thể ra sao?",hệ thống quản lý trực tuyến quy đổi điểm sang các thang điểm nào?,318
những thang điểm nào là kết quả sau khi hệ thống trực tuyến thực hiện việc quy đổi số điểm?,hệ thống quản lý trực tuyến quy đổi điểm sang các thang điểm nào?,318
hệ thống online quy đổi điểm thành các mức điểm chuẩn như thế nào?,hệ thống quản lý trực tuyến quy đổi điểm sang các thang điểm nào?,318
mục đích của việc dùng điểm chữ và điểm thang 4 là gì?,điểm thang 4 và điểm chữ được sử dụng nhằm mục đích gì?,319
hai chỉ số điểm chữ cùng điểm thang 4 phục vụ mục tiêu nào?,điểm thang 4 và điểm chữ được sử dụng nhằm mục đích gì?,319
tại sao lại áp dụng điểm thang 4 và điểm chữ trong trường hợp này?,điểm thang 4 và điểm chữ được sử dụng nhằm mục đích gì?,319
chức năng của điểm thang 4 lẫn điểm chữ được thể hiện qua việc gì?,điểm thang 4 và điểm chữ được sử dụng nhằm mục đích gì?,319
khi nào điểm cuối kỳ của sinh viên được dùng làm điểm học phần thay vì áp dụng hệ trọng số?,trường hợp nào sinh viên bị lấy điểm cuối kỳ làm điểm học phần thay vì tính theo trọng số?,320
trường hợp nào điểm kết thúc kỳ được chọn làm điểm môn học mà không tính theo tỉ lệ phần trăm?,trường hợp nào sinh viên bị lấy điểm cuối kỳ làm điểm học phần thay vì tính theo trọng số?,320
trong những tình huống nào điểm cuối khóa sẽ ghi nhận là điểm học phần thay vì dùng trọng số?,trường hợp nào sinh viên bị lấy điểm cuối kỳ làm điểm học phần thay vì tính theo trọng số?,320
điểm cuối kỳ trở thành điểm học phần thay vì dùng trọng số thì thường xảy ra khi nào?,trường hợp nào sinh viên bị lấy điểm cuối kỳ làm điểm học phần thay vì tính theo trọng số?,320
"những môn học nào sẽ nhận được điểm ""p""?","điểm ""p"" được áp dụng cho những học phần nào?",321
"học phần nào được cấp điểm ""p""?","điểm ""p"" được áp dụng cho những học phần nào?",321
"loại điểm ""p"" này dành cho các học phần gì?","điểm ""p"" được áp dụng cho những học phần nào?",321
"bạn có thể cho biết những học phần nào mang điểm ""p"" không?","điểm ""p"" được áp dụng cho những học phần nào?",321
liệu kết quả của điểm p có được đưa vào thành tích chung môn hay không?,điểm p có được tính vào điểm trung bình học tập không?,322
điểm p có góp phần tính ra điểm số trung bình của học sinh không?,điểm p có được tính vào điểm trung bình học tập không?,322
kết quả làm bài của điểm p có được xem xét khi tổng hợp điểm trung bình hay không?,điểm p có được tính vào điểm trung bình học tập không?,322
có tính điểm p vào điểm số bình quân hay không?,điểm p có được tính vào điểm trung bình học tập không?,322
"trong bảng điểm, chữ ""i"" biểu thị điều gì?","điểm ""i"" có ý nghĩa gì trong bảng điểm?",323
"ý nghĩa thực sự của ký tự ""i"" ở trong bảng điểm là gì?","điểm ""i"" có ý nghĩa gì trong bảng điểm?",323
"chữ ""i"" mang hàm nghĩa như thế nào khi xuất hiện trên bảng điểm?","điểm ""i"" có ý nghĩa gì trong bảng điểm?",323
"tại sao bảng điểm lại sử dụng ký hiệu ""i""?","điểm ""i"" có ý nghĩa gì trong bảng điểm?",323
"thời điểm nào sinh viên sẽ nhận được điểm số ""x""?","khi nào sinh viên nhận điểm ""x""?",324
"khi nào mà sinh viên bị chấm điểm là ""x""?","khi nào sinh viên nhận điểm ""x""?",324
"điểm ""x"" sẽ được trao cho sinh viên vào lúc nào?","khi nào sinh viên nhận điểm ""x""?",324
"sinh viên có thể nhận kết quả ""x"" ở thời điểm nào?","khi nào sinh viên nhận điểm ""x""?",324
"trường hợp nào sẽ được áp dụng điểm ""r""?","điểm ""r"" được dùng cho trường hợp nào?",325
"điểm ""r"" được gán cho những tình huống gì?","điểm ""r"" được dùng cho trường hợp nào?",325
"khi nào điểm ""r"" xuất hiện trong hệ thống?","điểm ""r"" được dùng cho trường hợp nào?",325
"những trường hợp cụ thể nào nhận được điểm ""r""?","điểm ""r"" được dùng cho trường hợp nào?",325
làm thế nào để xác định nghĩa của những kiến thức đã thu thập trước đó?,học phần đã tích lũy được định nghĩa như thế nào?,326
cách tính điểm số hay hiểu thế nào về khối lượng bài học đã hoàn thành?,học phần đã tích lũy được định nghĩa như thế nào?,326
những nội dung đã nắm vững được mô tả ra sao trong hệ thống?,học phần đã tích lũy được định nghĩa như thế nào?,326
ý nghĩa của phần trình bày mà bạn đã tích lũy được được giải thích thế nào?,học phần đã tích lũy được định nghĩa như thế nào?,326
phương pháp tính toán số đơn vị tín hiệu đã tích lũy là gì?,số tín chỉ tích lũy được tính như thế nào?,327
làm sao để xác định tổng điểm tín chỉ mà bạn đã hoàn thành?,số tín chỉ tích lũy được tính như thế nào?,327
quy định về việc cộng dồn số tín chỉ được thực hiện như thế nào?,số tín chỉ tích lũy được tính như thế nào?,327
cơ sở tính toán cho tổng số tín hiệu đã có hiện tại ra sao?,số tín chỉ tích lũy được tính như thế nào?,327
dựa trên những môn học nào mà thành tích trung bình đầu kỳ được tổng hợp?,điểm trung bình học kỳ (đtbhk) được tính dựa trên những học phần nào?,328
những học phần nào đóng góp vào chỉ số điểm số trung bình của sinh viên trong kỳ này?,điểm trung bình học kỳ (đtbhk) được tính dựa trên những học phần nào?,328
"để xác định điểm trung bình học kỳ, ta cần tính toán từ những đơn vị kiến thức nào?",điểm trung bình học kỳ (đtbhk) được tính dựa trên những học phần nào?,328
bộ môn nào là cơ sở để xây dựng nên kết quả điểm trung bình cho học kỳ?,điểm trung bình học kỳ (đtbhk) được tính dựa trên những học phần nào?,328
lý do cần tính điểm trung bình học kỳ là nhằm vào mục tiêu nào?,mục đích của việc tính điểm trung bình học kỳ là gì?,329
người ta thực hiện việc tính điểm tổng kết học kỳ để đạt được điều gì?,mục đích của việc tính điểm trung bình học kỳ là gì?,329
kết quả của phép tính điểm cuối kỳ hướng tới mục đích chính là gì?,mục đích của việc tính điểm trung bình học kỳ là gì?,329
giá trị cốt lõi đằng sau hành động lập điểm trung bình trong học kỳ là gì?,mục đích của việc tính điểm trung bình học kỳ là gì?,329
vậy những điểm của học kỳ phụ sẽ được tính toán ra sao?,kết quả học tập trong học kỳ phụ được xử lý như thế nào?,330
cách thức xét xử lý cho thành tích học kỳ phụ là gì?,kết quả học tập trong học kỳ phụ được xử lý như thế nào?,330
phần kết quả bổ sung trong kỳ có quy định xử lý thế nào không?,kết quả học tập trong học kỳ phụ được xử lý như thế nào?,330
học kỳ phụ sẽ được đánh giá và chốt điểm như thế nào?,kết quả học tập trong học kỳ phụ được xử lý như thế nào?,330
"khi nào thì điểm kiểm tra của một môn được lấy vào tính điểm trung bình học kỳ, nếu sinh viên đã thi nhiều lần trong cùng kỳ hoặc các kỳ phụ liên tiếp?","nếu học một môn nhiều lần trong cùng một kỳ hoặc kỳ phụ liền kề, điểm nào được dùng để tính đtbhk?",331
"để xác định điểm trung bình học kỳ cho một môn, liệu hệ thống sẽ ưu tiên điểm nào khi có nhiều lần thi trong cùng kỳ hoặc kỳ phụ kế tiếp nhau?","nếu học một môn nhiều lần trong cùng một kỳ hoặc kỳ phụ liền kề, điểm nào được dùng để tính đtbhk?",331
"trong trường hợp thi một số môn nhiều lần thuộc cùng kỳ hoặc các kỳ phụ liền kề, tiêu chí để chọn điểm nào vào đtbhk là gì?","nếu học một môn nhiều lần trong cùng một kỳ hoặc kỳ phụ liền kề, điểm nào được dùng để tính đtbhk?",331
điểm số của một môn học sẽ được dùng để tính trung bình học kỳ như thế nào nếu người học đã tham gia thi nhiều lần trong cùng kỳ hoặc kỳ phụ tiếp nối?,"nếu học một môn nhiều lần trong cùng một kỳ hoặc kỳ phụ liền kề, điểm nào được dùng để tính đtbhk?",331
những kỳ học có ảnh hưởng đến điểm trung bình năm học là những kỳ nào?,điểm trung bình năm học (đtbnh) bao gồm kết quả của các học kỳ nào?,332
kết quả của bao nhiêu kỳ học được tính vào thành phần điểm trung bình năm học?,điểm trung bình năm học (đtbnh) bao gồm kết quả của các học kỳ nào?,332
các kỳ học nào đóng góp vào con số điểm trung bình năm học?,điểm trung bình năm học (đtbnh) bao gồm kết quả của các học kỳ nào?,332
điểm trung bình năm học được hình thành từ những kết quả học tập ở các kỳ nào?,điểm trung bình năm học (đtbnh) bao gồm kết quả của các học kỳ nào?,332
sự khác biệt giữa điểm trung bình tích lũy và điểm trung bình học kỳ nằm ở đâu?,điểm trung bình tích lũy (đtbtl) khác điểm trung bình học kỳ ở điểm nào?,333
điểm trung bình học kỳ và điểm trung bình tích lũy có điểm chung hay điểm khác nhau ra sao?,điểm trung bình tích lũy (đtbtl) khác điểm trung bình học kỳ ở điểm nào?,333
làm thế nào để phân biệt giữa chỉ số trung bình qua các kỳ và chỉ số trung bình trong một kỳ?,điểm trung bình tích lũy (đtbtl) khác điểm trung bình học kỳ ở điểm nào?,333
giữa khái niệm điểm trung bình từng kỳ và điểm trung bình tổng hợp có sự khác biệt gì?,điểm trung bình tích lũy (đtbtl) khác điểm trung bình học kỳ ở điểm nào?,333
mục đích của chỉ số gpa được tính toán ra sao?,vai trò của điểm trung bình tích lũy là gì?,334
chức năng của điểm tích lũy trong học tập là gì?,vai trò của điểm trung bình tích lũy là gì?,334
ý nghĩa của con số điểm trung bình tổng hợp như thế nào?,vai trò của điểm trung bình tích lũy là gì?,334
làm sao để hiểu rõ vai trò của điểm số tích lũy?,vai trò của điểm trung bình tích lũy là gì?,334
"những bạn nào có trung bình điểm nằm trong khoảng 3,6 đến 4,0 sẽ thuộc hạng học lực nào?","sinh viên có điểm trung bình từ 3,6 đến 4,0 được xếp loại học lực gì?",335
"với mức điểm trung bình dao động từ 3,6 lên đến 4,0 thì xếp vào loại học lực gì?","sinh viên có điểm trung bình từ 3,6 đến 4,0 được xếp loại học lực gì?",335
"loại học lực tương ứng với điểm số trung bình từ 3,6 đến 4,0 là loại nào?","sinh viên có điểm trung bình từ 3,6 đến 4,0 được xếp loại học lực gì?",335
"bạn đạt mức điểm trung bình từ 3,6 đến 4,0 thì sẽ được xếp vào hạng học lực ra sao?","sinh viên có điểm trung bình từ 3,6 đến 4,0 được xếp loại học lực gì?",335
làm thế nào để một sinh viên được công nhận là học lực xuất sắc dựa trên điểm số trung bình cần có?,mức điểm trung bình để sinh viên được xếp loại học lực giỏi là bao nhiêu?,336
số điểm trung bình tối thiểu để xếp loại thành đạt trong học tập là bao nhiêu?,mức điểm trung bình để sinh viên được xếp loại học lực giỏi là bao nhiêu?,336
"để được phong danh hiệu học sinh giỏi, sinh viên cần đạt mức trung bình bao nhiêu?",mức điểm trung bình để sinh viên được xếp loại học lực giỏi là bao nhiêu?,336
quy định điểm số trung bình cho sinh viên đạt học lực khá giỏi như thế nào?,mức điểm trung bình để sinh viên được xếp loại học lực giỏi là bao nhiêu?,336
điểm trung bình tương ứng với học lực khá là bao nhiêu?,xếp loại học lực khá tương ứng với mức điểm trung bình nào?,337
mức điểm để xếp loại khá ra sao?,xếp loại học lực khá tương ứng với mức điểm trung bình nào?,337
điểm số cần thiết cho học lực khá là gì?,xếp loại học lực khá tương ứng với mức điểm trung bình nào?,337
học lực khá tương đương với trung bình bao nhiêu điểm?,xếp loại học lực khá tương ứng với mức điểm trung bình nào?,337
"sinh viên nào có kết quả học tập trung bình chưa đầy 1,0 sẽ được xếp vào loại học lực nào?","sinh viên có điểm trung bình dưới 1,0 bị xếp loại học lực gì?",338
"mức học lực tương ứng dành cho sinh viên đạt điểm trung bình thấp hơn 1,0 là gì?","sinh viên có điểm trung bình dưới 1,0 bị xếp loại học lực gì?",338
"khi điểm trung bình của sinh viên dưới 1,0 thì sẽ thuộc nhóm xếp loại học lực ra sao?","sinh viên có điểm trung bình dưới 1,0 bị xếp loại học lực gì?",338
"loại học lực được phân định cho những sinh viên có chỉ số trung bình dưới mức 1,0 là gì?","sinh viên có điểm trung bình dưới 1,0 bị xếp loại học lực gì?",338
năm đào tạo nào được xếp hạng cao hơn cả?,việc xếp hạng năm đào tạo dựa trên tiêu chí nào?,339
dựa vào đâu mà người ta phân loại thứ hạng của năm học vừa rồi?,việc xếp hạng năm đào tạo dựa trên tiêu chí nào?,339
tiêu chuẩn đánh giá để định vị thứ tự các khóa đào tạo là gì?,việc xếp hạng năm đào tạo dựa trên tiêu chí nào?,339
yếu tố nào quyết định vị thế trong bảng xếp hạng năm nay?,việc xếp hạng năm đào tạo dựa trên tiêu chí nào?,339
số tín chỉ cần thiết để sinh viên có thể xếp hạng vào năm thứ hai là bao nhiêu?,sinh viên cần tích lũy bao nhiêu tín chỉ để được xếp hạng năm thứ hai?,340
làm thế nào để biết lượng tín chỉ đủ điều kiện cho sinh viên được xếp hạng năm thứ hai?,sinh viên cần tích lũy bao nhiêu tín chỉ để được xếp hạng năm thứ hai?,340
tiêu chí xếp hạng năm thứ hai yêu cầu sinh viên phải tích lũy bao nhiêu tín chỉ?,sinh viên cần tích lũy bao nhiêu tín chỉ để được xếp hạng năm thứ hai?,340
mức độ tín chỉ cần đạt để sinh viên được công nhận xếp hạng năm thứ hai là bao nhiêu?,sinh viên cần tích lũy bao nhiêu tín chỉ để được xếp hạng năm thứ hai?,340
"để đạt được danh hiệu sinh viên năm cuối, bạn phải tích lũy bao nhiêu tín chỉ?","để được xếp hạng sinh viên năm thứ tư, số tín chỉ tích lũy cần đạt là bao nhiêu?",341
số lượng tín chỉ cần thiết để xếp hạng cho sinh viên khóa 4 là bao nhiêu?,"để được xếp hạng sinh viên năm thứ tư, số tín chỉ tích lũy cần đạt là bao nhiêu?",341
bạn cần tích lũy đến mức tín chỉ nào mới được công nhận là sinh viên năm thứ tư?,"để được xếp hạng sinh viên năm thứ tư, số tín chỉ tích lũy cần đạt là bao nhiêu?",341
tiêu chuẩn về tổng tín chỉ để sinh viên năm cuối được xếp hạng là bao nhiêu?,"để được xếp hạng sinh viên năm thứ tư, số tín chỉ tích lũy cần đạt là bao nhiêu?",341
thời điểm nào trường sẽ công bố thứ hạng cho sinh viên năm học thứ năm?,khi nào sinh viên được xếp hạng năm đào tạo thứ năm?,342
sinh viên năm cuối có thể nhận kết quả xếp hạng vào lúc nào?,khi nào sinh viên được xếp hạng năm đào tạo thứ năm?,342
khi nào nhà trường xếp loại thứ hạng cho sinh viên khóa thứ năm?,khi nào sinh viên được xếp hạng năm đào tạo thứ năm?,342
thời gian nào sinh viên năm học cuối cùng sẽ được chia hạng?,khi nào sinh viên được xếp hạng năm đào tạo thứ năm?,342
vào thời điểm nào mà sinh viên năm đầu tiên sẽ nhận được cảnh báo về kết quả học tập?,sinh viên học kỳ đầu khóa học bị cảnh báo học tập khi nào?,343
khi nào các bạn sinh viên của khóa mới sẽ bị đưa ra lời nhắc nhở nếu học không tốt?,sinh viên học kỳ đầu khóa học bị cảnh báo học tập khi nào?,343
thời điểm xuất hiện cảnh báo dành cho sinh viên mới vào học là lúc nào vậy?,sinh viên học kỳ đầu khóa học bị cảnh báo học tập khi nào?,343
sinh viên mới nhập học sẽ bị ghi nhận cảnh báo học lực vào dịp nào trong năm?,sinh viên học kỳ đầu khóa học bị cảnh báo học tập khi nào?,343
"từ học kỳ thứ hai trở đi, sinh viên phải đối mặt với những tiêu chuẩn cảnh báo nào?",điều kiện cảnh báo học tập đối với sinh viên từ học kỳ thứ hai trở đi là gì?,344
những quy định về cảnh báo dành cho sinh viên bắt đầu từ kỳ học thứ hai ra sao?,điều kiện cảnh báo học tập đối với sinh viên từ học kỳ thứ hai trở đi là gì?,344
sinh viên từ kỳ hai trở đi sẽ bị cảnh báo nếu đáp ứng điều kiện gì?,điều kiện cảnh báo học tập đối với sinh viên từ học kỳ thứ hai trở đi là gì?,344
hệ thống cảnh báo đối với sinh viên từ học kỳ thứ hai trở đi được quy định như thế nào?,điều kiện cảnh báo học tập đối với sinh viên từ học kỳ thứ hai trở đi là gì?,344
số đơn vị tín chỉ mà sinh viên vượt quá khiến họ phải chịu áp lực học tập trong kỳ là bao nhiêu?,sinh viên bị thử thách học tập nếu số tín chỉ không đạt trong kỳ vượt quá bao nhiêu?,345
khi nào thì sinh viên đối mặt với những khó khăn về mặt học tập do số tín chỉ không hoàn thành vượt mức cho phép?,sinh viên bị thử thách học tập nếu số tín chỉ không đạt trong kỳ vượt quá bao nhiêu?,345
mức chênh lệch tín chỉ nào sẽ dẫn đến việc sinh viên bị thử thách trong kỳ này?,sinh viên bị thử thách học tập nếu số tín chỉ không đạt trong kỳ vượt quá bao nhiêu?,345
giới hạn tín chỉ bao nhiêu thì sinh viên sẽ gặp trở ngại về học tập nếu không đạt được?,sinh viên bị thử thách học tập nếu số tín chỉ không đạt trong kỳ vượt quá bao nhiêu?,345
giới hạn số điểm tín chỉ bị treo nợ tối đa cho phép từ lúc bắt đầu khóa học trước khi phải trải qua kỳ thi thử thách là bao nhiêu?,mức nợ đọng tín chỉ tối đa từ đầu khóa để không bị thử thách học tập là bao nhiêu?,346
"từ ngày nhập học, sinh viên có thể tích lũy tối đa bao nhiêu tín chỉ chưa thanh toán mà không cần đối mặt với bài kiểm tra thử thách?",mức nợ đọng tín chỉ tối đa từ đầu khóa để không bị thử thách học tập là bao nhiêu?,346
con số tín chỉ tối đa bị tạm hoãn đóng góp từ khởi đầu chương trình mà vẫn không bị áp dụng kỳ thi thử thách là bao nhiêu?,mức nợ đọng tín chỉ tối đa từ đầu khóa để không bị thử thách học tập là bao nhiêu?,346
"mức trần cho số tín chỉ nợ đọng tính từ đầu khóa, giúp sinh viên tránh được bài kiểm tra thử thách, là bao nhiêu điểm?",mức nợ đọng tín chỉ tối đa từ đầu khóa để không bị thử thách học tập là bao nhiêu?,346
khi nào thì sinh viên mới vào trường sẽ chịu áp lực về điểm số nếu chỉ số trung bình chung chưa đạt mức yêu cầu?,sinh viên năm thứ nhất bị thử thách học tập khi điểm trung bình tích lũy (đtbtl) dưới bao nhiêu?,347
mức điểm trung bình tích lũy ở ngưỡng nào khiến sinh viên khóa đầu tiên phải đối mặt với những khó khăn trong việc học?,sinh viên năm thứ nhất bị thử thách học tập khi điểm trung bình tích lũy (đtbtl) dưới bao nhiêu?,347
sinh viên năm nhất sẽ gặp rắc rối gì về mặt chuyên môn nếu tổng điểm trung bình của họ nằm dưới một con số cụ thể?,sinh viên năm thứ nhất bị thử thách học tập khi điểm trung bình tích lũy (đtbtl) dưới bao nhiêu?,347
điều kiện điểm số trung bình nào là ranh giới khiến tân sinh viên phải đương đầu với thách thức trong quá trình học tập?,sinh viên năm thứ nhất bị thử thách học tập khi điểm trung bình tích lũy (đtbtl) dưới bao nhiêu?,347
học sinh khóa hai cần đạt điểm trung bình tối thiểu bao nhiêu mới được miễn kỳ thi học tập?,mức đtbtl tối thiểu để sinh viên năm thứ hai không bị thử thách học tập là bao nhiêu?,348
"để tránh bị xét thách thức, sinh viên năm hai phải có điểm trung bình từ bao nhiêu trở lên?",mức đtbtl tối thiểu để sinh viên năm thứ hai không bị thử thách học tập là bao nhiêu?,348
điểm trung bình thấp nhất cho sinh viên năm hai nhằm loại bỏ hình thức thử thách học tập là bao nhiêu?,mức đtbtl tối thiểu để sinh viên năm thứ hai không bị thử thách học tập là bao nhiêu?,348
giới hạn điểm trung bình tối thiểu để sinh viên năm hai không phải trải qua thử thách học tập là bao nhiêu?,mức đtbtl tối thiểu để sinh viên năm thứ hai không bị thử thách học tập là bao nhiêu?,348
những tân cử nhân năm học ba sẽ đối diện với thử thách nào khi chỉ số trung bình cộng môn học của họ không đạt ngưỡng quy định?,sinh viên trình độ năm thứ ba bị thử thách học tập nếu đtbtl dưới mức nào?,349
sinh viên đang ở năm cuối sẽ phải chứng minh năng lực ra sao nếu điểm trung bình học tập của họ chưa đủ yêu cầu?,sinh viên trình độ năm thứ ba bị thử thách học tập nếu đtbtl dưới mức nào?,349
ai là đối tượng cần vượt qua bài kiểm tra năng lực nếu chỉ số điểm trung bình tổng hợp năm thứ ba chưa đạt tiêu chuẩn?,sinh viên trình độ năm thứ ba bị thử thách học tập nếu đtbtl dưới mức nào?,349
"khi chỉ số điểm trung bình môn học của sinh viên năm ba không đạt mức quy định, họ sẽ phải đối mặt với những thách thức gì?",sinh viên trình độ năm thứ ba bị thử thách học tập nếu đtbtl dưới mức nào?,349
"từ năm thứ tư trở lên, con số điểm trung bình tối thiểu để được cấp học bổng là bao nhiêu?","đối với sinh viên năm thứ tư trở đi, mức đtbtl gây thử thách học tập là bao nhiêu?",350
bạn có thể cho biết ngưỡng điểm trung bình cần thiết cho sinh viên từ năm học thứ tư trở đi để nhận hỗ trợ tài chính?,"đối với sinh viên năm thứ tư trở đi, mức đtbtl gây thử thách học tập là bao nhiêu?",350
"đối với sinh viên từ năm tư trở đi, mức điểm trung bình tối thiểu yêu cầu là bao nhiêu?","đối với sinh viên năm thứ tư trở đi, mức đtbtl gây thử thách học tập là bao nhiêu?",350
sinh viên từ năm thứ tư trở lên cần đạt bao nhiêu điểm trung bình tối thiểu mới đủ điều kiện?,"đối với sinh viên năm thứ tư trở đi, mức đtbtl gây thử thách học tập là bao nhiêu?",350
những kênh nào sẽ được dùng để thông báo kết quả cảnh báo cũng như thử thách học tập của nhà trường?,nhà trường thông báo kết quả cảnh báo và thử thách học tập qua các kênh nào?,351
thông báo về kết quả cảnh báo và thử thách học tập của nhà trường sẽ được công bố trên những phương tiện gì?,nhà trường thông báo kết quả cảnh báo và thử thách học tập qua các kênh nào?,351
ở đâu mà chúng ta có thể nhận được thông tin kết quả cảnh báo và thử thách học tập từ phía nhà trường?,nhà trường thông báo kết quả cảnh báo và thử thách học tập qua các kênh nào?,351
kết quả của các đợt cảnh báo và thử thách học tập từ nhà trường sẽ được phổ biến qua các đường dẫn nào?,nhà trường thông báo kết quả cảnh báo và thử thách học tập qua các kênh nào?,351
học sinh sẽ bị đuổi khỏi trường nếu nhận bao nhiêu lời khiển trách liên tiếp?,sinh viên bị buộc thôi học nếu có bao nhiêu lần cảnh báo học tập liên tiếp?,352
số lượng cảnh cáo cần phải gặp nhau liên tục để buộc sinh viên phải rời lớp là bao nhiêu?,sinh viên bị buộc thôi học nếu có bao nhiêu lần cảnh báo học tập liên tiếp?,352
phải có bao nhiêu lần nhận cảnh báo nối tiếp nhau thì sinh viên mới bị buộc phải rời khỏi trường?,sinh viên bị buộc thôi học nếu có bao nhiêu lần cảnh báo học tập liên tiếp?,352
"khi nào sinh viên buộc phải nghỉ học, tức là khi họ nhận được bao nhiêu lời khiển trách liên tiếp?",sinh viên bị buộc thôi học nếu có bao nhiêu lần cảnh báo học tập liên tiếp?,352
sinh viên bị phát hiện thi thay cho nhau hoặc nhờ người khác làm bài lần đầu sẽ chịu hình phạt ra sao?,hình thức xử lý đối với sinh viên thi hộ hoặc nhờ người thi hộ lần thứ nhất là gì?,353
"khi ai đó lần đầu tiên làm bài thay cho bạn hoặc nhờ người khác thi, nhà trường sẽ áp dụng biện pháp kỷ luật gì?",hình thức xử lý đối với sinh viên thi hộ hoặc nhờ người thi hộ lần thứ nhất là gì?,353
biện pháp xử lý dành cho trường hợp sinh viên làm bài hộ hay nhờ người khác thi lần đầu tiên là như thế nào?,hình thức xử lý đối với sinh viên thi hộ hoặc nhờ người thi hộ lần thứ nhất là gì?,353
"nếu bị phát hiện tham gia thi hộ hoặc nhờ người khác thi lần đầu, sinh viên sẽ phải đối mặt với hậu quả gì?",hình thức xử lý đối với sinh viên thi hộ hoặc nhờ người thi hộ lần thứ nhất là gì?,353
"lần thứ hai giúp thi hộ, người học sẽ phải chịu hình phạt ra sao?",sinh viên vi phạm việc thi hộ lần thứ hai sẽ bị xử lý như thế nào?,354
"đối với trường hợp thi hộ lần hai, mức xử lý dành cho sinh viên như thế nào?",sinh viên vi phạm việc thi hộ lần thứ hai sẽ bị xử lý như thế nào?,354
"khi bị phát hiện vi phạm bằng cách làm bài thay cho người khác lần nữa, hậu quả là gì?",sinh viên vi phạm việc thi hộ lần thứ hai sẽ bị xử lý như thế nào?,354
"nếu sinh viên tham gia thi hộ thêm một lần nữa, quy trình xử lý sẽ thế nào?",sinh viên vi phạm việc thi hộ lần thứ hai sẽ bị xử lý như thế nào?,354
việc nộp bằng cấp hay hồ sơ giả để ghi danh sẽ dẫn đến những hệ lụy gì?,hậu quả của việc sử dụng hồ sơ hoặc văn bằng giả để nhập học là gì?,355
làm sao để biết hậu quả khi dùng giấy tờ giả mạo nhằm vào học?,hậu quả của việc sử dụng hồ sơ hoặc văn bằng giả để nhập học là gì?,355
nhập học bằng cách sử dụng văn bản không thật sẽ gây ra điều gì cho bạn?,hậu quả của việc sử dụng hồ sơ hoặc văn bằng giả để nhập học là gì?,355
những gì sẽ xảy ra nếu bạn cố tình dùng hồ sơ làm giả để đăng ký học?,hậu quả của việc sử dụng hồ sơ hoặc văn bằng giả để nhập học là gì?,355
"nếu học viên bỏ qua việc ghi danh các môn trong kỳ học, hậu quả sẽ ra sao?",sinh viên không đăng ký học phần trong một học kỳ sẽ bị xử lý như thế nào?,356
hệ thống sẽ hành xử thế nào đối với người học chưa thực hiện thủ tục đăng ký môn học?,sinh viên không đăng ký học phần trong một học kỳ sẽ bị xử lý như thế nào?,356
quả xử phạt dành cho những ai quên ghi tên vào các môn học trong một kỳ là gì?,sinh viên không đăng ký học phần trong một học kỳ sẽ bị xử lý như thế nào?,356
việc không ghi danh các môn học sẽ dẫn đến những biện pháp gì đối với sinh viên?,sinh viên không đăng ký học phần trong một học kỳ sẽ bị xử lý như thế nào?,356
khi nào sinh viên chưa đăng ký học phần sẽ bị buộc phải rời khỏi trường ngay lập tức?,trường hợp nào sinh viên không đăng ký học phần bị buộc thôi học ngay?,357
trường hợp cụ thể nào khiến sinh viên chưa ghi tên học bị tước học vụ tức thì?,trường hợp nào sinh viên không đăng ký học phần bị buộc thôi học ngay?,357
làm sao một sinh viên chưa đăng ký môn học lại bị xử lý buộc thôi học ngay trong trường?,trường hợp nào sinh viên không đăng ký học phần bị buộc thôi học ngay?,357
việc sinh viên chưa đăng ký học phần sẽ dẫn đến bị buộc thôi học ngay trong trường hợp nào?,trường hợp nào sinh viên không đăng ký học phần bị buộc thôi học ngay?,357
khi nào diễn ra cuộc họp của hội đồng xem xét việc bắt buộc sinh viên phải thôi học?,hội đồng xét buộc thôi học sinh viên họp vào thời điểm nào?,358
thời điểm hội đồng quyết định xử lý sinh viên buộc phải rời trường là lúc nào vậy?,hội đồng xét buộc thôi học sinh viên họp vào thời điểm nào?,358
vào giờ nào thì hội đồng thảo luận về vấn đề bắt sinh viên thôi học?,hội đồng xét buộc thôi học sinh viên họp vào thời điểm nào?,358
ban giám khảo có họp vào lúc nào để xem xét lệnh buộc thôi học cho sinh viên?,hội đồng xét buộc thôi học sinh viên họp vào thời điểm nào?,358
tiêu chí về điểm trung bình tổng hợp cần đạt để có thể nhận bằng tốt nghiệp là gì?,điều kiện về điểm trung bình tích lũy để được xét tốt nghiệp là gì?,359
làm thế nào để xác định mức điểm trung bình tối thiểu cho phép tốt nghiệp?,điều kiện về điểm trung bình tích lũy để được xét tốt nghiệp là gì?,359
yêu cầu về chỉ số trung bình môn nào thì mới đủ điều kiện xét cấp bằng?,điều kiện về điểm trung bình tích lũy để được xét tốt nghiệp là gì?,359
nhà trường quy định điểm trung bình tích lũy cần đạt ngưỡng bao nhiêu cho phép ra trường?,điều kiện về điểm trung bình tích lũy để được xét tốt nghiệp là gì?,359
những tiêu chuẩn về điểm rèn luyện nào mà sinh viên phải đạt được mới được trao bằng tốt nghiệp?,sinh viên cần đạt yêu cầu gì về điểm rèn luyện để được công nhận tốt nghiệp?,360
"để được công nhận tốt nghiệp, sinh viên cần đạt những chỉ số nào về phần điểm rèn luyện?",sinh viên cần đạt yêu cầu gì về điểm rèn luyện để được công nhận tốt nghiệp?,360
yêu cầu về điểm số rèn luyện cho sinh viên để có thể tốt nghiệp là như thế nào?,sinh viên cần đạt yêu cầu gì về điểm rèn luyện để được công nhận tốt nghiệp?,360
sinh viên phải hoàn thành những điều kiện gì liên quan đến điểm rèn luyện để được cấp bằng?,sinh viên cần đạt yêu cầu gì về điểm rèn luyện để được công nhận tốt nghiệp?,360
"bên cạnh việc học, sinh viên cần đáp ứng những yêu cầu bắt buộc nào về mặt xã hội để có thể tốt nghiệp?","ngoài học tập, sinh viên phải hoàn thành thêm nội dung bắt buộc nào về mặt xã hội để tốt nghiệp?",361
"để hoàn tất chương trình tốt nghiệp, sinh viên phải thực hiện thêm nội dung bắt buộc nào ngoài giờ học?","ngoài học tập, sinh viên phải hoàn thành thêm nội dung bắt buộc nào về mặt xã hội để tốt nghiệp?",361
những tiêu chuẩn bắt buộc nào liên quan đến khía cạnh xã hội mà sinh viên cần đạt được ngoài quá trình học tập?,"ngoài học tập, sinh viên phải hoàn thành thêm nội dung bắt buộc nào về mặt xã hội để tốt nghiệp?",361
"ngoài việc đi học, sinh viên cần bổ sung những phần bắt buộc gì về mặt cộng đồng để đủ điều kiện tốt nghiệp?","ngoài học tập, sinh viên phải hoàn thành thêm nội dung bắt buộc nào về mặt xã hội để tốt nghiệp?",361
sinh viên các ngành phi ngoại ngữ cần đạt những tiêu chuẩn ngôn ngữ nào theo quy định hiện hành?,quy định chuẩn đầu ra ngoại ngữ đối với sinh viên không chuyên ngữ là gì?,362
nội dung quy định về chuẩn đầu ra ngoại ngữ dành cho sinh viên không chuyên nói thế nào?,quy định chuẩn đầu ra ngoại ngữ đối với sinh viên không chuyên ngữ là gì?,362
những yêu cầu gì về ngoại ngữ mà quy định đặt ra cho sinh viên không theo ngành ngôn ngữ?,quy định chuẩn đầu ra ngoại ngữ đối với sinh viên không chuyên ngữ là gì?,362
quy định hiện hành quy định cụ thể những gì về chuẩn đầu ra tiếng nước ngoài của sinh viên phi chuyên ngành?,quy định chuẩn đầu ra ngoại ngữ đối với sinh viên không chuyên ngữ là gì?,362
những tiêu chuẩn về ngoại ngữ cần đạt được của sinh viên chuyên ngành sư phạm tiếng anh và ngôn ngữ anh là gì?,chuẩn đầu ra ngoại ngữ đối với sinh viên ngành sư phạm tiếng anh và ngôn ngữ anh là gì?,363
sinh viên theo đuổi ngành sư phạm tiếng anh cũng như ngôn ngữ anh phải hoàn thành những chỉ số đầu ra về ngoại ngữ như thế nào?,chuẩn đầu ra ngoại ngữ đối với sinh viên ngành sư phạm tiếng anh và ngôn ngữ anh là gì?,363
hãy nêu rõ các yêu cầu về năng lực ngoại ngữ dành cho sinh viên ngành sư phạm và ngôn ngữ anh.,chuẩn đầu ra ngoại ngữ đối với sinh viên ngành sư phạm tiếng anh và ngôn ngữ anh là gì?,363
"đối với sinh viên ngành sư phạm tiếng anh và ngôn ngữ anh, mức độ thành thạo ngoại ngữ cần đạt là bao nhiêu?",chuẩn đầu ra ngoại ngữ đối với sinh viên ngành sư phạm tiếng anh và ngôn ngữ anh là gì?,363
những yêu cầu thêm nào sinh viên chất lượng cao phải đáp ứng để có bằng tốt nghiệp?,điều kiện bổ sung về nghiên cứu khoa học đối với sinh viên lớp chất lượng cao để tốt nghiệp là gì?,364
"để hoàn thành khóa học, sinh viên lớp ưu tú cần bổ sung gì vào hồ sơ nghiên cứu?",điều kiện bổ sung về nghiên cứu khoa học đối với sinh viên lớp chất lượng cao để tốt nghiệp là gì?,364
"ngoài các tiêu chuẩn cơ bản, sinh viên xuất sắc cần đạt được điều kiện nghiên cứu gì để nhận bằng?",điều kiện bổ sung về nghiên cứu khoa học đối với sinh viên lớp chất lượng cao để tốt nghiệp là gì?,364
yêu cầu nghiên cứu nào là bắt buộc với học sinh lớp nâng cao nhằm mục đích tốt nghiệp?,điều kiện bổ sung về nghiên cứu khoa học đối với sinh viên lớp chất lượng cao để tốt nghiệp là gì?,364
"trong cả năm học, có những kỳ xét tốt nghiệp nào diễn ra?",một năm học có bao nhiêu đợt xét tốt nghiệp?,365
tổng số đợt xét sinh viên tốt nghiệp trong một năm là bao nhiêu?,một năm học có bao nhiêu đợt xét tốt nghiệp?,365
một năm học thường bao gồm mấy kỳ xét tốt nghiệp?,một năm học có bao nhiêu đợt xét tốt nghiệp?,365
số lần tiến hành xét tốt nghiệp trong một năm học là bao nhiêu?,một năm học có bao nhiêu đợt xét tốt nghiệp?,365
quyết định công nhận tốt nghiệp được ban hành thì thời gian chờ lấy bằng là bao lâu?,thời hạn cấp bằng tốt nghiệp cho sinh viên sau khi có quyết định công nhận là bao lâu?,366
"sau khi có văn bản xác nhận tốt nghiệp, sinh viên phải đợi bao lâu để nhận bằng?",thời hạn cấp bằng tốt nghiệp cho sinh viên sau khi có quyết định công nhận là bao lâu?,366
thời gian từ ngày ra quyết định công nhận cho đến khi sinh viên nhận được bằng là bao nhiêu?,thời hạn cấp bằng tốt nghiệp cho sinh viên sau khi có quyết định công nhận là bao lâu?,366
bằng tốt nghiệp sẽ được cấp cho sinh viên sau khi có quyết định công nhận trong khoảng thời gian bao lâu?,thời hạn cấp bằng tốt nghiệp cho sinh viên sau khi có quyết định công nhận là bao lâu?,366
những tiêu chuẩn nào dùng để quyết định loại bằng cấp nhận được?,hạng tốt nghiệp được xác định dựa trên tiêu chí nào?,367
làm sao mà người ta phân loại được hạng bằng dựa vào đâu?,hạng tốt nghiệp được xác định dựa trên tiêu chí nào?,367
việc ấn định thứ hạng bằng cấp phụ thuộc vào những yếu tố gì?,hạng tốt nghiệp được xác định dựa trên tiêu chí nào?,367
"để định ra hạng tốt nghiệp, người ta căn cứ vào các mốc đánh giá nào?",hạng tốt nghiệp được xác định dựa trên tiêu chí nào?,367
trong hoàn cảnh nào một học sinh đạt điểm trung bình môn loại xuất sắc nhưng lại bị xếp hạng tốt nghiệp thành loại giỏi?,trường hợp nào sinh viên có đtbtl loại xuất sắc nhưng bị giảm hạng tốt nghiệp xuống loại giỏi?,368
khi nào thì sinh viên có điểm tổng trung bình môn ở mức xuất sắc nhưng kết quả tốt nghiệp lại bị giảm xuống thành loại giỏi?,trường hợp nào sinh viên có đtbtl loại xuất sắc nhưng bị giảm hạng tốt nghiệp xuống loại giỏi?,368
điều gì xảy ra khi bạn học đạt trung bình môn loại xuất sắc mà vẫn bị xếp hạng tốt nghiệp là loại giỏi?,trường hợp nào sinh viên có đtbtl loại xuất sắc nhưng bị giảm hạng tốt nghiệp xuống loại giỏi?,368
"ở trường hợp nào, dù điểm trung bình các môn ở mức xuất sắc, sinh viên vẫn bị xếp loại tốt nghiệp thành loại giỏi?",trường hợp nào sinh viên có đtbtl loại xuất sắc nhưng bị giảm hạng tốt nghiệp xuống loại giỏi?,368
"nếu học viên đã hết hạn đăng ký nhưng vẫn còn thiếu điểm ngoại ngữ, liệu trường có cho phép tốt nghiệp sau này không?",sinh viên hết thời gian học nhưng nợ chuẩn ngoại ngữ có được xét tốt nghiệp sau này không?,369
việc thiếu chuẩn ngoại ngữ khi hết thời gian đào tạo sẽ ảnh hưởng thế nào đến cơ hội nhận bằng tốt nghiệp về sau?,sinh viên hết thời gian học nhưng nợ chuẩn ngoại ngữ có được xét tốt nghiệp sau này không?,369
có khả năng xét duyệt tốt nghiệp muộn cho những sinh viên chưa đủ tiêu chuẩn ngoại ngữ sau khi kết thúc khóa học không?,sinh viên hết thời gian học nhưng nợ chuẩn ngoại ngữ có được xét tốt nghiệp sau này không?,369
"sau khi mãn hạn đào tạo mà vẫn còn nợ ngoại ngữ, liệu có được phép nhận bằng không?",sinh viên hết thời gian học nhưng nợ chuẩn ngoại ngữ có được xét tốt nghiệp sau này không?,369
thời gian được nhà trường duy trì kết quả cho sinh viên chưa tốt nghiệp là bao lâu?,kết quả học tập của sinh viên không tốt nghiệp được bảo lưu trong bao lâu?,370
bao lâu thì kết quả điểm số của sinh viên chưa ra trường còn được giữ nguyên?,kết quả học tập của sinh viên không tốt nghiệp được bảo lưu trong bao lâu?,370
sinh viên chưa lấy được bằng sẽ được bảo lưu học lực trong khoảng thời gian mấy?,kết quả học tập của sinh viên không tốt nghiệp được bảo lưu trong bao lâu?,370
kết quả thi của sinh viên chưa tốt nghiệp được ghi nhận bao dài thời gian?,kết quả học tập của sinh viên không tốt nghiệp được bảo lưu trong bao lâu?,370
"nếu học viên đã mãn hạn chương trình đào tạo theo quy định, họ có thể chuyển sang mô hình học tập gì?",sinh viên hết thời gian học chính quy có thể chuyển sang hình thức học nào?,371
"khi kết thúc thời gian theo học chính khóa, sinh viên được phép chuyển sang hình thức nào?",sinh viên hết thời gian học chính quy có thể chuyển sang hình thức học nào?,371
"sau khi hoàn tất lộ trình giảng dạy chính thức, học viên có thể chuyển sang hình thức nào?",sinh viên hết thời gian học chính quy có thể chuyển sang hình thức học nào?,371
ai là người sẽ chuyển sang phương thức học tập khác khi hết hạn theo quy định chính quy?,sinh viên hết thời gian học chính quy có thể chuyển sang hình thức học nào?,371
khi nào thì sinh viên có thể được cấp giấy hoãn học và giữ nguyên điểm?,sinh viên được xin nghỉ học tạm thời và bảo lưu kết quả trong trường hợp nào?,372
trường hợp nào cho phép học viên tạm dừng việc học mà vẫn bảo lưu thành tích?,sinh viên được xin nghỉ học tạm thời và bảo lưu kết quả trong trường hợp nào?,372
điều kiện để được xin phép nghỉ tạm và giữ kết quả học tập là gì?,sinh viên được xin nghỉ học tạm thời và bảo lưu kết quả trong trường hợp nào?,372
trong những tình huống nào mà việc nghỉ ngắn hạn và lưu giữ điểm vẫn được chấp nhận?,sinh viên được xin nghỉ học tạm thời và bảo lưu kết quả trong trường hợp nào?,372
những lý do nào khiến sinh viên được phép tạm ngừng việc học để giải quyết chuyện riêng?,điều kiện để sinh viên xin nghỉ học tạm thời vì nhu cầu cá nhân là gì?,373
khi nào một học viên có thể tạm rời lớp vì lý do cá nhân và cần chuẩn bị gì?,điều kiện để sinh viên xin nghỉ học tạm thời vì nhu cầu cá nhân là gì?,373
quy trình hay điều kiện gì cần đáp ứng để sinh viên được cho phép nghỉ học một thời gian ngắn vì nhu cầu riêng?,điều kiện để sinh viên xin nghỉ học tạm thời vì nhu cầu cá nhân là gì?,373
sinh viên cần làm gì hoặc đáp ứng tiêu chuẩn gì mới được chấp nhận việc tạm ngừng học do vấn đề cá nhân?,điều kiện để sinh viên xin nghỉ học tạm thời vì nhu cầu cá nhân là gì?,373
những khoảng thời gian tạm dừng việc đi học để đáp ứng nhu cầu riêng tư có được coi là một phần của thời gian chính thức theo chương trình đào tạo hay không?,thời gian nghỉ học vì nhu cầu cá nhân có được tính vào thời gian học chính thức không?,374
có nên xem xét các giai đoạn nghỉ ngơi nhằm phục vụ nhu cầu cá nhân vào trong tổng thời lượng học tập quy định không?,thời gian nghỉ học vì nhu cầu cá nhân có được tính vào thời gian học chính thức không?,374
việc ngừng việc tham gia lớp học vì lý do riêng của sinh viên có được tính toán vào thời gian học tập chính thức của họ hay chưa?,thời gian nghỉ học vì nhu cầu cá nhân có được tính vào thời gian học chính thức không?,374
những khoảng trống trong lộ trình học tập xuất phát từ nhu cầu bản thân có được đưa vào tổng thời gian học tập chính thức hay không?,thời gian nghỉ học vì nhu cầu cá nhân có được tính vào thời gian học chính thức không?,374
thời điểm cần gửi hồ sơ đề nghị tạm ngừng học tập được quy định vào lúc nào?,thời hạn nộp đơn xin nghỉ học tạm thời là khi nào?,375
khi nào thì phải thực hiện thủ tục xin phép dừng việc học trong thời gian ngắn?,thời hạn nộp đơn xin nghỉ học tạm thời là khi nào?,375
thời gian bắt buộc để hoàn thành đơn từ xin tạm nghỉ học là lúc nào?,thời hạn nộp đơn xin nghỉ học tạm thời là khi nào?,375
việc nộp bản đề nghị tạm rời khỏi lớp cần diễn ra vào thời điểm nào?,thời hạn nộp đơn xin nghỉ học tạm thời là khi nào?,375
khi nào cần gửi hồ sơ cho những bạn đã tạm nghỉ học và giờ muốn quay lại?,sinh viên muốn trở lại học sau thời gian tạm dừng phải nộp đơn khi nào?,376
"đối với người đăng ký tiếp tục chương trình sau quãng thời gian dừng học, thời điểm nộp đơn là lúc nào?",sinh viên muốn trở lại học sau thời gian tạm dừng phải nộp đơn khi nào?,376
những học sinh dự kiến quay trở lại sau kỳ nghỉ buộc phải làm gì và khi nào cần thực hiện việc này?,sinh viên muốn trở lại học sau thời gian tạm dừng phải nộp đơn khi nào?,376
làm sao để biết thời hạn nộp đơn xin nhập lại của các bạn từng tạm ngừng việc theo học?,sinh viên muốn trở lại học sau thời gian tạm dừng phải nộp đơn khi nào?,376
"nếu học sinh muốn tiếp tục khóa học sau khi đã bỏ dở, cần thực hiện thủ tục gì?",sinh viên tự ý thôi học muốn quay lại trường thì phải làm gì?,377
làm thế nào để một người đang tự nguyện nghỉ học có thể quay trở lại trường?,sinh viên tự ý thôi học muốn quay lại trường thì phải làm gì?,377
trường có quy định gì cho những ai muốn trở lại lớp sau khi đã quyết định thôi học không?,sinh viên tự ý thôi học muốn quay lại trường thì phải làm gì?,377
"đối với học viên đã rời bỏ trường mà nay muốn quay lại, cần chuẩn bị hồ sơ ra sao?",sinh viên tự ý thôi học muốn quay lại trường thì phải làm gì?,377
cơ quan nào sẽ nhận hồ từ học viên muốn thôi học?,đơn vị nào tiếp nhận đơn xin thôi học của sinh viên?,378
ai là nơi tiếp nhận đơn xin nghỉ học của sinh viên?,đơn vị nào tiếp nhận đơn xin thôi học của sinh viên?,378
hồ sơ xin thôi học của bạn sẽ được giao cho bộ phận nào?,đơn vị nào tiếp nhận đơn xin thôi học của sinh viên?,378
sinh viên nộp đơn rời trường thì bộ phận nào nhận?,đơn vị nào tiếp nhận đơn xin thôi học của sinh viên?,378
trường hợp nào sinh viên sẽ được chuyển ngành?,sinh viên được xem xét chuyển ngành khi nào?,379
thời điểm nào cho phép sinh viên được chuyển đổi ngành học?,sinh viên được xem xét chuyển ngành khi nào?,379
khi nào người học có thể đăng ký chuyển ngành?,sinh viên được xem xét chuyển ngành khi nào?,379
những điều kiện gì để sinh viên được chuyển ngành?,sinh viên được xem xét chuyển ngành khi nào?,379
số tín chỉ cần có để thoát khỏi nhãn sinh viên năm nhất khi chuyển trường là bao nhiêu?,điều kiện về số tín chỉ để không bị xem là sinh viên năm nhất khi xin chuyển trường?,380
làm thế nào để không bị tính là năm nhất khi nộp hồ sơ chuyển trường liên quan đến tín chỉ?,điều kiện về số tín chỉ để không bị xem là sinh viên năm nhất khi xin chuyển trường?,380
mức tín chỉ nào giúp tránh việc bị coi là sinh viên khóa đầu tiên khi xin chuyển?,điều kiện về số tín chỉ để không bị xem là sinh viên năm nhất khi xin chuyển trường?,380
cần đạt bao nhiêu tín chỉ thì mới không bị xem là năm nhất trong hồ sơ chuyển trường?,điều kiện về số tín chỉ để không bị xem là sinh viên năm nhất khi xin chuyển trường?,380
vậy nếu muốn chuyển trường mà vẫn giữ danh hiệu sinh viên năm cuối thì cần bao nhiêu tín chỉ?,điều kiện về số tín chỉ để không bị xem là sinh viên năm cuối khi xin chuyển trường?,381
làm sao để xin chuyển cơ sở mà không bị tính là đã sang năm cuối học tập?,điều kiện về số tín chỉ để không bị xem là sinh viên năm cuối khi xin chuyển trường?,381
tiêu chuẩn số đơn vị tín dụng cần đáp ứng nhằm tránh bị xếp vào nhóm sinh viên năm cuối khi nộp đơn chuyển lớp là gì?,điều kiện về số tín chỉ để không bị xem là sinh viên năm cuối khi xin chuyển trường?,381
"để được nhận chuyển trường mà vẫn còn năm cuối, sinh viên cần tích lũy bao nhiêu tín chỉ?",điều kiện về số tín chỉ để không bị xem là sinh viên năm cuối khi xin chuyển trường?,381
khi nào cần nộp hồ sơ để xin chuyển ngành hoặc đổi hình thức đào tạo?,thời hạn nộp đơn xin chuyển ngành hoặc chuyển hình thức học là khi nào?,382
điểm đến hạn nộp đơn xin chuyển hướng ngành hay chuyển loại hình học tập là bao giờ?,thời hạn nộp đơn xin chuyển ngành hoặc chuyển hình thức học là khi nào?,382
thời điểm nào để làm thủ tục chuyển ngành hoặc chuyển cách thức học?,thời hạn nộp đơn xin chuyển ngành hoặc chuyển hình thức học là khi nào?,382
làm thế nào xác định ngày chót nộp hồ sơ xin chuyển ngành hoặc chuyển hình thức học?,thời hạn nộp đơn xin chuyển ngành hoặc chuyển hình thức học là khi nào?,382
khi nào cần nộp đơn xin chuyển trường với người học từ cơ sở đào tạo khác?,sinh viên trường khác muốn chuyển đến phải nộp đơn khi nào?,383
nếu là sinh viên của một trường khác muốn đến học tại đây thì thời hạn nộp hồ sơ là bao lâu?,sinh viên trường khác muốn chuyển đến phải nộp đơn khi nào?,383
"đối với tân sinh viên đến từ nơi khác muốn chuyển trường, đơn đăng ký cần được gửi trước khi nào?",sinh viên trường khác muốn chuyển đến phải nộp đơn khi nào?,383
người học muốn di chuyển từ một cơ sở giáo dục khác cần trình bày đơn chuyển trường vào lúc nào?,sinh viên trường khác muốn chuyển đến phải nộp đơn khi nào?,383
khi nào sớm nhất để ghi danh cho khóa học tiếp theo của sinh viên?,sinh viên được đăng ký học chương trình thứ hai sớm nhất là khi nào?,384
thời điểm sớm nhất mà sinh viên có thể đăng ký chương trình học thứ hai là lúc nào?,sinh viên được đăng ký học chương trình thứ hai sớm nhất là khi nào?,384
sinh viên bắt đầu được phép đăng ký học phần thứ hai từ khi nào?,sinh viên được đăng ký học chương trình thứ hai sớm nhất là khi nào?,384
khoảng thời gian sớm nhất để sinh viên ký tên vào khóa học sau là gì?,sinh viên được đăng ký học chương trình thứ hai sớm nhất là khi nào?,384
những yêu cầu về thành tích học tập cần có khi muốn đăng ký tham gia song song hai chương trình là gì?,điều kiện về học lực để đăng ký học cùng lúc hai chương trình là gì?,385
"để được phép học cùng lúc hai khóa, người đăng ký cần đáp ứng tiêu chuẩn điểm số ra sao?",điều kiện về học lực để đăng ký học cùng lúc hai chương trình là gì?,385
quy định về mặt bằng điểm số cho việc ghi danh vào hai chương trình học đồng thời được xác định thế nào?,điều kiện về học lực để đăng ký học cùng lúc hai chương trình là gì?,385
"muốn tham gia học hành song song hai hệ thống, điều kiện liên quan đến kết quả học tập là gì?",điều kiện về học lực để đăng ký học cùng lúc hai chương trình là gì?,385
sinh viên cần chấm dứt việc theo học khóa thứ hai vào thời điểm nào?,khi nào sinh viên phải dừng học chương trình thứ hai?,386
khi nào thì học viên buộc phải ngưng chương trình học hai?,khi nào sinh viên phải dừng học chương trình thứ hai?,386
thời điểm nào sinh viên phải dừng lại với chương trình số hai?,khi nào sinh viên phải dừng học chương trình thứ hai?,386
việc sinh viên bắt buộc phải bỏ chương trình thứ hai diễn ra lúc nào?,khi nào sinh viên phải dừng học chương trình thứ hai?,386
hai dự án kia cần bao nhiêu thời gian mới làm xong được?,thời gian tối đa để hoàn thành cả hai chương trình là bao lâu?,387
bao lâu thì cả hai khóa học sẽ kết thúc đồng thời?,thời gian tối đa để hoàn thành cả hai chương trình là bao lâu?,387
khoảng thời gian cao nhất để hoàn tất cả hai phần chương trình là bao nhiêu?,thời gian tối đa để hoàn thành cả hai chương trình là bao lâu?,387
làm hết cả hai nội dung này cần bao nhiêu lâu nhất?,thời gian tối đa để hoàn thành cả hai chương trình là bao lâu?,387
chương trình học thứ hai của sinh viên sẽ được công nhận tốt nghiệp vào thời điểm nào?,sinh viên được xét tốt nghiệp chương trình thứ hai khi nào?,388
khi nào thì sinh viên có cơ hội xét nhận bằng tốt nghiệp cho học phần thứ hai?,sinh viên được xét tốt nghiệp chương trình thứ hai khi nào?,388
thời gian ra quyết định xét tốt nghiệp cho lần học thứ hai của sinh viên là lúc nào?,sinh viên được xét tốt nghiệp chương trình thứ hai khi nào?,388
sinh viên sẽ biết được kết quả xét tốt nghiệp ở kỳ thứ hai vào dịp gì?,sinh viên được xét tốt nghiệp chương trình thứ hai khi nào?,388
chương trình thứ hai do đơn vị nào làm thủ tục nhập liệu?,đơn vị nào tiếp nhận đăng ký học chương trình thứ hai?,389
hãy chỉ ra nơi nhận hồ sơ cho lớp học lần thứ hai.,đơn vị nào tiếp nhận đăng ký học chương trình thứ hai?,389
ai là người chịu trách nhiệm tiếp nhận đơn đăng ký cho khóa học số 2?,đơn vị nào tiếp nhận đăng ký học chương trình thứ hai?,389
đơn vị nào có chức năng ghi danh cho chương trình học thứ hai?,đơn vị nào tiếp nhận đăng ký học chương trình thứ hai?,389
chương trình thứ hai bắt đầu nhận hồ sơ từ thời gian nào?,thời điểm đăng ký học chương trình thứ hai là khi nào?,390
khi nào nhà trường tiến hành tiếp nhận đơn xin tham gia khóa học hai?,thời điểm đăng ký học chương trình thứ hai là khi nào?,390
thời hạn để nộp đơn ghi tên vào lớp thứ hai là bao giờ?,thời điểm đăng ký học chương trình thứ hai là khi nào?,390
hãy cho biết mốc thời gian mở cửa đăng ký cho khóa học số hai.,thời điểm đăng ký học chương trình thứ hai là khi nào?,390
"nếu điểm số chưa đến 5,0, liệu tôi có phải học lại môn tự chọn không?","có bắt buộc học lại học phần tự chọn nếu bị điểm dưới 5,0 không?",391
việc phải học lại phần tự chọn có là điều bắt buộc khi bị điểm dưới 5 điểm không?,"có bắt buộc học lại học phần tự chọn nếu bị điểm dưới 5,0 không?",391
"ở ngưỡng dưới 5,0, học phần tự chọn có thuộc dạng môn bắt buộc ôn lại hay không?","có bắt buộc học lại học phần tự chọn nếu bị điểm dưới 5,0 không?",391
"khi điểm thấp hơn 5,0, làm sao để biết có cần phải học lại môn tự chọn hay không?","có bắt buộc học lại học phần tự chọn nếu bị điểm dưới 5,0 không?",391
tài liệu quy định hiện tại nào đề cập đến chính sách miễn giảm học phí?,"văn bản pháp lý nào quy định về chính sách miễn, giảm học phí hiện hành?",392
"chính sách miễn, giảm học phí đang được áp dụng được ghi nhận trong văn bản nào?","văn bản pháp lý nào quy định về chính sách miễn, giảm học phí hiện hành?",392
ai là chủ thể ban hành quy định về việc miễn giảm học phí hiện nay?,"văn bản pháp lý nào quy định về chính sách miễn, giảm học phí hiện hành?",392
hiện nay có văn bản nào nêu rõ các chính sách hỗ trợ học phí chưa?,"văn bản pháp lý nào quy định về chính sách miễn, giảm học phí hiện hành?",392
những học sinh mang danh hiệu có công với cách mạng sẽ nhận được những chính sách nào?,sinh viên thuộc diện người có công với cách mạng được hưởng chế độ gì?,393
học viên nào được ghi nhận là có công sẽ được nhà nước ưu đãi ra sao?,sinh viên thuộc diện người có công với cách mạng được hưởng chế độ gì?,393
chế độ đãi ngộ dành cho con em liệt sĩ hay thương binh sẽ bao gồm những gì?,sinh viên thuộc diện người có công với cách mạng được hưởng chế độ gì?,393
quyền lợi đặc biệt mà người có công và thân nhân họ được hưởng gồm những nội dung gì?,sinh viên thuộc diện người có công với cách mạng được hưởng chế độ gì?,393
người khuyết tật theo học tại trường có được giảm tiền học không?,sinh viên là người khuyết tật có được miễn học phí không?,394
có chính sách miễn giảm học phí dành riêng cho học sinh khuyết tật hay không?,sinh viên là người khuyết tật có được miễn học phí không?,394
học sinh mang khuyết tật có thể được xóa nợ học phí được không?,sinh viên là người khuyết tật có được miễn học phí không?,394
bên nhà trường có miễn tiền học cho những bạn sinh viên có tật bẩm sinh không?,sinh viên là người khuyết tật có được miễn học phí không?,394
"những người đang theo học chương trình cử nhân, độ tuổi từ 16 đến 22 và được nhà nước hỗ trợ có miễn tiền đóng học không?",sinh viên từ 16 đến 22 tuổi đang học văn bằng thứ nhất thuộc đối tượng bảo trợ xã hội có được miễn học phí không?,395
"học viên trong độ tuổi 16-22, là sinh viên đại học và thuộc diện được trợ giúp xã hội có được giảm hoặc miễn phí học tập hay không?",sinh viên từ 16 đến 22 tuổi đang học văn bằng thứ nhất thuộc đối tượng bảo trợ xã hội có được miễn học phí không?,395
"đối với nhóm sinh viên văn bằng 1 từ 16 đến 22 tuổi đang nhận trợ cấp xã hội, học phí có được miễn trừ không?",sinh viên từ 16 đến 22 tuổi đang học văn bằng thứ nhất thuộc đối tượng bảo trợ xã hội có được miễn học phí không?,395
"có chính sách miễn phí cho sinh viên đang học đại học, độ tuổi dưới 23 và thuộc đối tượng được bảo trợ xã hội không?",sinh viên từ 16 đến 22 tuổi đang học văn bằng thứ nhất thuộc đối tượng bảo trợ xã hội có được miễn học phí không?,395
những học sinh từ các dân tộc ít người sinh sống trong hộ nghèo hay cận nghèo thì có được miễn giảm tiền học không?,sinh viên dân tộc thiểu số thuộc hộ nghèo hoặc hộ cận nghèo có được miễn học phí không?,396
"đối với bạn trẻ là con em các dân tộc vùng khó khăn thuộc nhóm hộ nghèo hoặc cận nghèo, nhà trường có chính sách miễn học phí hay không?",sinh viên dân tộc thiểu số thuộc hộ nghèo hoặc hộ cận nghèo có được miễn học phí không?,396
việc học sinh từ các dân tộc thiểu số đang sống trong hộ có kinh tế thấp có được hưởng chế độ miễn tiền học tập hay không?,sinh viên dân tộc thiểu số thuộc hộ nghèo hoặc hộ cận nghèo có được miễn học phí không?,396
con em các dân tộc ít người thuộc hộ cận nghèo hoặc nghèo thì có được miễn phí đi học không?,sinh viên dân tộc thiểu số thuộc hộ nghèo hoặc hộ cận nghèo có được miễn học phí không?,396
nhóm nào trong số các dân tộc được hưởng chính sách miễn học phí vì số lượng quá ít?,những dân tộc nào được xếp vào nhóm dân tộc thiểu số rất ít người để được miễn học phí?,397
làm sao để biết những cộng đồng dân cư nào sẽ được miễn tiền học do có ít người?,những dân tộc nào được xếp vào nhóm dân tộc thiểu số rất ít người để được miễn học phí?,397
chính sách miễn học phí dành cho những bộ tộc nào khi họ được xếp vào nhóm rất ít người?,những dân tộc nào được xếp vào nhóm dân tộc thiểu số rất ít người để được miễn học phí?,397
dân tộc nào sẽ được miễn đóng tiền học nhờ danh nghĩa là nhóm dân cư rất nhỏ?,những dân tộc nào được xếp vào nhóm dân tộc thiểu số rất ít người để được miễn học phí?,397
những quy định nào về nơi sinh sống dành riêng cho sinh viên các dân tộc ít người khi xét miễn học phí?,điều kiện về địa bàn cư trú đối với sinh viên dân tộc thiểu số rất ít người để được miễn học phí là gì?,398
sinh viên thuộc các dân tộc thiểu số rất ít người cần đáp ứng tiêu chí địa lý gì mới được hưởng chính sách miễn tiền học?,điều kiện về địa bàn cư trú đối với sinh viên dân tộc thiểu số rất ít người để được miễn học phí là gì?,398
địa bàn cư trú cần phải như thế nào đối với sinh viên người dân tộc ít người để có quyền được miễn phí học tập?,điều kiện về địa bàn cư trú đối với sinh viên dân tộc thiểu số rất ít người để được miễn học phí là gì?,398
tiêu chuẩn liên quan đến nơi ở mà sinh viên các dân tộc ít người phải đáp ứng nhằm được miễn học phí là gì?,điều kiện về địa bàn cư trú đối với sinh viên dân tộc thiểu số rất ít người để được miễn học phí là gì?,398
những người tham gia các dự án hay chương trình ưu tiên do nhà nước triển khai có được miễn giảm học phí hay không?,"sinh viên thuộc các chương trình, đề án đặc biệt của chính phủ có được miễn học phí không?",399
học sinh đang theo học trong các đề án đặc biệt của chính phủ có chính sách miễn phí đào tạo không?,"sinh viên thuộc các chương trình, đề án đặc biệt của chính phủ có được miễn học phí không?",399
có chính sách xóa bỏ học phí dành cho sinh viên nằm trong các chương trình đặc biệt do chính phủ quản lý hay không?,"sinh viên thuộc các chương trình, đề án đặc biệt của chính phủ có được miễn học phí không?",399
các thí sinh thuộc diện được hỗ trợ đặc biệt từ nhà nước có quyền lợi miễn đóng tiền học tập hay không?,"sinh viên thuộc các chương trình, đề án đặc biệt của chính phủ có được miễn học phí không?",399
ai sẽ nhận được ưu đãi học phí cắt giảm tới bảy mươi phần trăm?,đối tượng nào được giảm 70% học phí?,400
nhóm học viên nào có quyền hưởng giảm giá bảy mươi phần trăm cho phí học?,đối tượng nào được giảm 70% học phí?,400
đối tượng nào được miễn giảm bảy mươi phần trăm chi phí đào tạo?,đối tượng nào được giảm 70% học phí?,400
ai là người phù hợp để được chiết khấu bảy mươi phần trăm giá tiền học?,đối tượng nào được giảm 70% học phí?,400
mức giảm học phí dành cho sinh viên khi bố hoặc mẹ gặp tai nạn nghề nghiệp là bao nhiêu?,sinh viên có cha hoặc mẹ bị tai nạn lao động được giảm bao nhiêu học phí?,401
"nếu người thân bị nạn lao động, con cái đang đi học được ưu tiên giảm chi phí học tập bao phần?",sinh viên có cha hoặc mẹ bị tai nạn lao động được giảm bao nhiêu học phí?,401
những bạn nào có bố mẹ bị thương trong công việc thì số tiền đóng học sẽ bị cắt giảm thế nào?,sinh viên có cha hoặc mẹ bị tai nạn lao động được giảm bao nhiêu học phí?,401
"trường hợp một bên hoặc cả hai bậc sinh thành bị tai nạn, học sinh được hỗ trợ giảm học bạ đến mức độ nào?",sinh viên có cha hoặc mẹ bị tai nạn lao động được giảm bao nhiêu học phí?,401
thời hạn áp dụng của chính sách giảm và miễn học phí là bao lâu?,"chính sách miễn, giảm học phí được áp dụng trong bao lâu?",402
mức độ ưu đãi về phí học sẽ kéo dài bao dài thời gian?,"chính sách miễn, giảm học phí được áp dụng trong bao lâu?",402
quy định hỗ trợ kinh phí học tập có hiệu lực đến khi nào?,"chính sách miễn, giảm học phí được áp dụng trong bao lâu?",402
khoảng thời gian nào chính sách cho phép giảm trừ học phí được thi hành?,"chính sách miễn, giảm học phí được áp dụng trong bao lâu?",402
học kỳ nào có chính sách miễn hoặc giảm tiền học cho sinh viên?,"những học kỳ nào được áp dụng chính sách miễn, giảm học phí?",403
trường có áp dụng việc miễn giảm chi phí học tập vào những mùa học cụ thể nào không?,"những học kỳ nào được áp dụng chính sách miễn, giảm học phí?",403
những giai đoạn đào tạo nào được hưởng đặc quyền về tiền bạc trong học phí?,"những học kỳ nào được áp dụng chính sách miễn, giảm học phí?",403
vào khoảng thời gian học nào mà học phí được hỗ trợ giảm nhẹ hoặc miễn toàn bộ?,"những học kỳ nào được áp dụng chính sách miễn, giảm học phí?",403
những đơn vị kiến thức cần ôn lại có chính sách miễn hoặc giảm tiền học tập hay không?,"các học phần học lại có được miễn, giảm học phí không?",404
phần nào trong chương trình phải học lại sẽ được hỗ trợ về khoản phí?,"các học phần học lại có được miễn, giảm học phí không?",404
việc cần nghiên cứu lại có dẫn đến việc giảm hoặc xóa bỏ chi phí đào tạo không?,"các học phần học lại có được miễn, giảm học phí không?",404
mức độ ưu đãi về ngân sách cho các môn lại học là gì?,"các học phần học lại có được miễn, giảm học phí không?",404
những đơn vị đào tạo nào tham gia chương trình nâng cao điểm số sẽ được miễn giảm phần học phí?,học phần học cải thiện điểm có được hưởng chế độ giảm học phí không?,405
việc tham gia khóa huấn luyện để cải thiện thành tích có được giảm tiền đăng ký không?,học phần học cải thiện điểm có được hưởng chế độ giảm học phí không?,405
sinh viên đăng ký lớp học giúp tăng điểm có được hưởng ưu đãi về chi phí hay không?,học phần học cải thiện điểm có được hưởng chế độ giảm học phí không?,405
chế độ hỗ trợ tài chính cho các nhóm tham gia cải thiện điểm số có áp dụng không?,học phần học cải thiện điểm có được hưởng chế độ giảm học phí không?,405
"nếu bạn ghi danh vào những môn học không nằm trong chương trình đào tạo, liệu có được giảm chi phí không?",sinh viên đăng ký học các môn ngoài chương trình đào tạo có được miễn học phí không?,406
việc tham gia các lớp học bổ sung ngoài khung giáo trình có phải miễn tiền hay không?,sinh viên đăng ký học các môn ngoài chương trình đào tạo có được miễn học phí không?,406
sinh viên có được miễn trừ khoản phí cho những môn ngoại khóa không thuộc danh mục đào tạo hay không?,sinh viên đăng ký học các môn ngoài chương trình đào tạo có được miễn học phí không?,406
"làm thế nào nếu muốn theo học thêm các môn không nằm trong kế hoạch đào tạo, có miễn tiền không?",sinh viên đăng ký học các môn ngoài chương trình đào tạo có được miễn học phí không?,406
những môn học nào được giảm hoặc miễn học phí cần đáp ứng những tiêu chuẩn gì?,"các học phần được miễn, giảm học phí phải thỏa mãn điều kiện gì?",407
"để được hưởng chính sách giảm trừ hoặc miễn phí học tập, sinh viên cần đáp ứng điều kiện gì?","các học phần được miễn, giảm học phí phải thỏa mãn điều kiện gì?",407
việc được miễn giảm chi phí học tập đòi hỏi người học phải đáp ứng những yêu cầu nào?,"các học phần được miễn, giảm học phí phải thỏa mãn điều kiện gì?",407
các điều kiện cần thiết để được giảm hoặc miễn tiền học phí là gì?,"các học phần được miễn, giảm học phí phải thỏa mãn điều kiện gì?",407
"mức hỗ trợ tài chính từ ngân sách cho các trường thực hiện chính sách miễn, giảm học phí được quy định như thế nào?","ngân sách nhà nước cấp bù tiền miễn, giảm học phí cho trường theo mức nào?",408
các đơn vị giáo dục sẽ được cấp bù chi phí miễn giảm học phí của nhà nước theo con số cụ thể ra sao?,"ngân sách nhà nước cấp bù tiền miễn, giảm học phí cho trường theo mức nào?",408
"quy định về số tiền miễn, giảm học phí mà ngân sách công hỗ trợ cho nhà trường được tính toán thế nào?","ngân sách nhà nước cấp bù tiền miễn, giảm học phí cho trường theo mức nào?",408
"mức độ bù đắp tài chính từ quỹ nhà nước cho chính sách giảm, miễn học phí tại các cơ sở dạy học được xác định bằng cách nào?","ngân sách nhà nước cấp bù tiền miễn, giảm học phí cho trường theo mức nào?",408
cơ quan quản lý trường đại học sư phạm thành phố hồ chí minh định giải quyết ra sao khoản chênh lệch giữa mức phí học hành thường và định mức trợ cấp của nhà nước?,trường đhspkt tphcm xử lý thế nào về phần chênh lệch giữa mức trần nhà nước cấp và mức học phí đại trà của trường?,409
đơn vị đào tạo giáo dục tại tp.hcm có phương án xử lý gì cho khoảng cách giữa mức thu thường của nhà trường và ngân sách hỗ trợ từ chính phủ?,trường đhspkt tphcm xử lý thế nào về phần chênh lệch giữa mức trần nhà nước cấp và mức học phí đại trà của trường?,409
nhà nước cấp bao nhiêu tiền và trường đhspkt tp.hcm thu bao nhiêu thì khoản chênh lệch đó được tính toán thế nào?,trường đhspkt tphcm xử lý thế nào về phần chênh lệch giữa mức trần nhà nước cấp và mức học phí đại trà của trường?,409
mức học phí bình thường của nhà trường cao hơn hay thấp hơn định mức nhà nước thì phần chênh lệch sẽ được xử lý ra sao?,trường đhspkt tphcm xử lý thế nào về phần chênh lệch giữa mức trần nhà nước cấp và mức học phí đại trà của trường?,409
sinh viên học ngành chất lượng cao được miễn giảm học phí thì còn phải nộp thêm khoản nào không?,"sinh viên hệ chất lượng cao thuộc diện miễn, giảm học phí phải đóng khoản tiền nào?",410
"ngoài chế độ miễn giảm, phần tiền đóng của sinh viên chất lượng cao thuộc diện này là bao nhiêu?","sinh viên hệ chất lượng cao thuộc diện miễn, giảm học phí phải đóng khoản tiền nào?",410
"đối với các bạn hệ chất lượng cao được ưu tiên giảm học phí, khoản tiền nào vẫn phải chi trả?","sinh viên hệ chất lượng cao thuộc diện miễn, giảm học phí phải đóng khoản tiền nào?",410
các khoản phí bắt buộc sinh viên chất lượng cao được miễn giảm học phí cần nộp là gì?,"sinh viên hệ chất lượng cao thuộc diện miễn, giảm học phí phải đóng khoản tiền nào?",410
"khi một học sinh nhận được nhiều chính sách hỗ trợ khác nhau, cần áp dụng mức nào?",nếu sinh viên thuộc đối tượng được hưởng nhiều mức hỗ trợ từ các văn bản khác nhau thì áp dụng mức nào?,411
"nếu đối tượng là sinh viên được hưởng đa dạng các khoản trợ cấp từ nhiều văn bản, thì mức hỗ trợ nào sẽ được ưu tiên?",nếu sinh viên thuộc đối tượng được hưởng nhiều mức hỗ trợ từ các văn bản khác nhau thì áp dụng mức nào?,411
"trường hợp học sinh nằm trong diện thụ hưởng nhiều loại hỗ trợ từ các văn bản khác nhau, làm sao xác định mức áp dụng?",nếu sinh viên thuộc đối tượng được hưởng nhiều mức hỗ trợ từ các văn bản khác nhau thì áp dụng mức nào?,411
"đối với sinh viên có đủ điều kiện nhận nhiều mức hỗ trợ từ các văn bản riêng biệt, thì mức nào cần được thực hiện?",nếu sinh viên thuộc đối tượng được hưởng nhiều mức hỗ trợ từ các văn bản khác nhau thì áp dụng mức nào?,411
những bạn sinh viên được nhận lương trong thời gian theo học có thể được giảm hoặc miễn học phí hay không?,"sinh viên đang hưởng lương khi đi học có được miễn, giảm học phí không?",412
"có chính sách miễn, giảm tiền học cho sinh viên đi học và có thu nhập hay không?","sinh viên đang hưởng lương khi đi học có được miễn, giảm học phí không?",412
sinh viên vừa đi học vừa làm việc và nhận lương có đủ điều kiện để hưởng giảm trừ học phí không?,"sinh viên đang hưởng lương khi đi học có được miễn, giảm học phí không?",412
trường hợp sinh viên đang nhận tiền lương lúc theo học thì có được ưu đãi về học phí không?,"sinh viên đang hưởng lương khi đi học có được miễn, giảm học phí không?",412
nếu một học sinh từng được ưu đãi học phí tại cơ sở giáo dục kia thì khi chuyển sang theo đuổi bằng cấp mới ở trường hiện tại liệu vẫn còn được áp dụng chế độ đó hay không?,sinh viên đã hưởng chính sách miễn giảm ở một trường đại học khác nay học thêm văn bằng khác tại trường có được hưởng tiếp không?,413
"đối với trường hợp người đi học đã nhận được giảm trừ chi phí từ một nơi khác trước đây, nay muốn đăng ký thêm văn bằng tại đơn vị này thì quyền lợi cũ còn được duy trì tiếp tục không?",sinh viên đã hưởng chính sách miễn giảm ở một trường đại học khác nay học thêm văn bằng khác tại trường có được hưởng tiếp không?,413
liệu chính sách hỗ trợ tài chính mà bạn đã từng tiếp nhận tại cơ sở đào tạo trước có vẫn còn hiệu lực khi bạn bắt đầu học thêm bằng cấp mới tại đây không?,sinh viên đã hưởng chính sách miễn giảm ở một trường đại học khác nay học thêm văn bằng khác tại trường có được hưởng tiếp không?,413
"sau khi đã được miễn giảm ở một nơi khác, việc bạn tham gia học thêm bằng cấp mới tại đây thì liệu có còn được hưởng chính sách hỗ trợ tương tự không?",sinh viên đã hưởng chính sách miễn giảm ở một trường đại học khác nay học thêm văn bằng khác tại trường có được hưởng tiếp không?,413
"nếu sinh viên theo đuổi cùng lúc nhiều ngành, chính sách áp dụng sẽ ra sao?",trường hợp sinh viên học đồng thời nhiều ngành tại trường thì hưởng chính sách như thế nào?,414
"khi một học viên đăng ký đồng thời nhiều lĩnh vực, quyền lợi được tính thế nào?",trường hợp sinh viên học đồng thời nhiều ngành tại trường thì hưởng chính sách như thế nào?,414
trường hỗ trợ ra sao cho những bạn vừa học song song nhiều ngành khác nhau?,trường hợp sinh viên học đồng thời nhiều ngành tại trường thì hưởng chính sách như thế nào?,414
việc đăng ký nhiều chuyên ngành tại một lúc thì chế độ ưu đãi sẽ được triển khai như thế nào?,trường hợp sinh viên học đồng thời nhiều ngành tại trường thì hưởng chính sách như thế nào?,414
liệu học sinh sinh viên đang trong tình trạng đình chỉ có quyền được ưu đãi miễn giảm tiền học hay không?,"sinh viên bị kỷ luật đình chỉ học tập có được hưởng miễn, giảm học phí không?",415
những bạn bị xử lý kỷ luật với hình thức đình chỉ có thể hưởng chính sách giảm nhẹ học phí được không?,"sinh viên bị kỷ luật đình chỉ học tập có được hưởng miễn, giảm học phí không?",415
trường hợp bị cấm tham gia học tập thì vẫn có cơ hội xin miễn giảm chi phí đào tạo chăng?,"sinh viên bị kỷ luật đình chỉ học tập có được hưởng miễn, giảm học phí không?",415
"khi sinh viên phải chịu hình phạt đình chỉ, họ còn được xét giảm hay miễn tiền nộp học không?","sinh viên bị kỷ luật đình chỉ học tập có được hưởng miễn, giảm học phí không?",415
học sinh viên bị nghỉ học vì lý do sức khỏe thì sau khi quay lại còn được duy trì chính sách hỗ trợ không?,sinh viên tạm dừng học do ốm đau có được tiếp tục hưởng chính sách khi quay lại không?,416
"khi trở lại trường sau đợt nghỉ dưỡng sức, bạn có thể tiếp tục nhận được các quyền lợi theo quy định hay không?",sinh viên tạm dừng học do ốm đau có được tiếp tục hưởng chính sách khi quay lại không?,416
những bạn trẻ tạm rời giảng đường vì bệnh tật thì khi quay lại có còn được áp dụng chế độ cũ tiếp tục không?,sinh viên tạm dừng học do ốm đau có được tiếp tục hưởng chính sách khi quay lại không?,416
việc tiếp tục nhận các gói hỗ trợ sẽ còn tồn tại cho học sinh viên sau khi hồi phục bệnh và quay lại lớp học không?,sinh viên tạm dừng học do ốm đau có được tiếp tục hưởng chính sách khi quay lại không?,416
"học kỳ này, khung thời gian được chấp nhận để xin miễn giảm tiền học có thể kéo dài tối đa bao lâu?","thời gian xét miễn, giảm học phí tối đa là bao nhiêu tháng trong một năm học?",417
mức độ dài nhất cho việc nộp đơn xin giảm hoặc miễn tiền giảng dạy trong một niên khóa là bao nhiêu?,"thời gian xét miễn, giảm học phí tối đa là bao nhiêu tháng trong một năm học?",417
"trong một năm học, tối đa bao nhiêu tháng người ta có thể được xem xét để được giảm hoặc miễn học phí?","thời gian xét miễn, giảm học phí tối đa là bao nhiêu tháng trong một năm học?",417
giới hạn thời gian ngắn nhất để hoàn tất thủ tục miễn giảm chi phí học tập mỗi năm học là bao lâu?,"thời gian xét miễn, giảm học phí tối đa là bao nhiêu tháng trong một năm học?",417
"trong một năm học, nhà trường thực hiện bao nhiêu lượt xét hỗ trợ học phí?","một năm học nhà trường tổ chức xét miễn, giảm học phí bao nhiêu lần?",418
số lần trường cấp phép miễn hoặc giảm học bổng trong năm học này là bao nhiêu?,"một năm học nhà trường tổ chức xét miễn, giảm học phí bao nhiêu lần?",418
"hàng năm, đơn vị giáo dục triển khai bao nhiêu đợt xem xét giảm chi phí học tập?","một năm học nhà trường tổ chức xét miễn, giảm học phí bao nhiêu lần?",418
"trong suốt năm học, nhà trường tổ chức bao nhiêu kỳ xét hỗ trợ kinh phí đào tạo?","một năm học nhà trường tổ chức xét miễn, giảm học phí bao nhiêu lần?",418
những loại giấy tờ cần chuẩn bị để làm đơn xin ưu đãi học phí cơ bản là gì?,"hồ sơ đề nghị miễn, giảm học phí cơ bản gồm những giấy tờ gì?",419
"khi nộp đơn hưởng quyền lợi giảm trừ tiền học, cần bổ sung hồ sơ gì?","hồ sơ đề nghị miễn, giảm học phí cơ bản gồm những giấy tờ gì?",419
danh mục giấy tờ cần có trong bộ hồ sơ làm thủ tục giảm học phí gồm những gì?,"hồ sơ đề nghị miễn, giảm học phí cơ bản gồm những giấy tờ gì?",419
"làm thế nào để xin miễn giảm học phí cơ bản, cần chuẩn bị những chứng từ nào?","hồ sơ đề nghị miễn, giảm học phí cơ bản gồm những giấy tờ gì?",419
sinh viên được công nhận là người có công với cách mạng cần bổ sung loại giấy tờ nào để xác nhận?,minh chứng cần thiết cho sinh viên thuộc diện người có công với cách mạng là gì?,420
"để được ghi danh vào diện người có công, sinh viên cần nộp bằng chứng cụ thể như thế nào?",minh chứng cần thiết cho sinh viên thuộc diện người có công với cách mạng là gì?,420
văn bản hay tài liệu gì là căn cứ pháp lý cần thiết cho sinh viên thuộc nhóm người có công?,minh chứng cần thiết cho sinh viên thuộc diện người có công với cách mạng là gì?,420
những chứng từ nào bắt buộc sinh viên phải chuẩn bị khi thuộc diện người có công với cách mạng?,minh chứng cần thiết cho sinh viên thuộc diện người có công với cách mạng là gì?,420
những ai bị khuyết tật là sinh viên thì cần chuẩn bị giấy tờ gì cho hồ sơ đăng ký?,sinh viên khuyết tật cần nộp giấy tờ gì để làm hồ sơ?,421
"để làm thủ tục hồ sơ, sinh viên có hạn chế về thể chất phải nộp những loại giấy nào?",sinh viên khuyết tật cần nộp giấy tờ gì để làm hồ sơ?,421
giấy tờ cần thiết cho hồ sơ của sinh viên bị khuyết tật là những gì?,sinh viên khuyết tật cần nộp giấy tờ gì để làm hồ sơ?,421
"khi xây dựng hồ sơ, sinh viên khuyết tật cần mang theo những văn bản gì?",sinh viên khuyết tật cần nộp giấy tờ gì để làm hồ sơ?,421
những giấy tờ cần chuẩn bị để sinh viên từ 16 đến 22 tuổi nhận trợ cấp xã hội là gì?,hồ sơ cho sinh viên 16-22 tuổi hưởng trợ cấp xã hội gồm giấy tờ gì?,422
"để được hưởng trợ cấp xã hội, hồ sơ của học sinh trong độ tuổi 16-22 phải bao gồm những gì?",hồ sơ cho sinh viên 16-22 tuổi hưởng trợ cấp xã hội gồm giấy tờ gì?,422
sinh viên thuộc nhóm 16 đến 22 tuổi cần nộp những loại giấy tờ nào cho đơn xin trợ cấp xã hội?,hồ sơ cho sinh viên 16-22 tuổi hưởng trợ cấp xã hội gồm giấy tờ gì?,422
danh mục giấy tờ cần có trong hồ trợ cấp xã hội dành riêng cho học sinh từ 16 đến 22 tuổi là gì?,hồ sơ cho sinh viên 16-22 tuổi hưởng trợ cấp xã hội gồm giấy tờ gì?,422
những học sinh thuộc dân tộc ít số đang sinh sống trong hoàn cảnh khó khăn phải chuẩn bị giấy tờ xác nhận nào?,sinh viên dân tộc thiểu số hộ nghèo/cận nghèo cần nộp minh chứng gì?,423
"với các bạn trẻ vùng dân tộc thiểu số có thu nhập thấp, loại bằng chứng gì cần được cung cấp?",sinh viên dân tộc thiểu số hộ nghèo/cận nghèo cần nộp minh chứng gì?,423
ai là đối tượng cần nộp hồ sơ chứng minh khi là sinh viên dân tộc thiểu số và gia đình còn túng thiếu?,sinh viên dân tộc thiểu số hộ nghèo/cận nghèo cần nộp minh chứng gì?,423
việc xác minh tình trạng nghèo cho sinh viên vùng dân tộc thiểu số đòi hỏi phải xuất trình tài liệu gì?,sinh viên dân tộc thiểu số hộ nghèo/cận nghèo cần nộp minh chứng gì?,423
những bạn trẻ thuộc cộng đồng các dân tộc ít người phải chứng minh bằng giấy tờ cá nhân khi nào?,sinh viên dân tộc thiểu số rất ít người cần minh chứng gì về thông tin cá nhân?,424
"đối với sinh viên từ các dân tộc thiểu số, thông tin gì của họ cần được xác thực?",sinh viên dân tộc thiểu số rất ít người cần minh chứng gì về thông tin cá nhân?,424
ai là những người phải cung cấp giấy tờ tùy thân giữa nhóm sinh viên gốc dân tộc ít số?,sinh viên dân tộc thiểu số rất ít người cần minh chứng gì về thông tin cá nhân?,424
mức độ yêu cầu về hồ sơ chứng minh cho sinh viên các dân tộc thiểu số ra sao?,sinh viên dân tộc thiểu số rất ít người cần minh chứng gì về thông tin cá nhân?,424
"những người tham gia các dự án, kế hoạch do nhà nước triển khai cần chuẩn bị hồ sơ gì?","đối tượng thuộc chương trình, đề án của chính phủ cần nộp giấy tờ gì?",425
"để trở thành đối tượng được hưởng lợi từ các chính sách của chính phủ, cần cung cấp những giấy tờ nào?","đối tượng thuộc chương trình, đề án của chính phủ cần nộp giấy tờ gì?",425
các bên liên quan đến chương trình ưu đãi của nhà nước phải nộp đơn và giấy tờ ra sao?,"đối tượng thuộc chương trình, đề án của chính phủ cần nộp giấy tờ gì?",425
ai là người tham gia các đề án quốc gia và họ cần mang theo những tài liệu gì để giải trình?,"đối tượng thuộc chương trình, đề án của chính phủ cần nộp giấy tờ gì?",425
"ở khu vực đặc biệt khó khăn, yếu tố nào chứng minh sinh viên dân tộc thiểu số được giảm 70% về điều kiện an cư?",minh chứng cư trú cho sinh viên dân tộc thiểu số ở vùng đặc biệt khó khăn (giảm 70%) là gì?,426
"sinh viên vùng khó khăn dân tộc thiểu số được cắt giảm 70% về giấy tờ nơi ở, thì bằng chứng là gì?",minh chứng cư trú cho sinh viên dân tộc thiểu số ở vùng đặc biệt khó khăn (giảm 70%) là gì?,426
điều gì làm rõ việc sinh viên dân tộc ít số ở vùng khó khăn được giảm 70% về chứng từ sinh sống?,minh chứng cư trú cho sinh viên dân tộc thiểu số ở vùng đặc biệt khó khăn (giảm 70%) là gì?,426
bằng chứng nào xác nhận việc giảm 70% giấy tờ cư trú dành cho sinh viên vùng khó khăn thuộc các dân tộc thiểu số?,minh chứng cư trú cho sinh viên dân tộc thiểu số ở vùng đặc biệt khó khăn (giảm 70%) là gì?,426
những em sinh viên mà bố mẹ từng gặp nạn trong lao động phải chuẩn bị hồ sơ ra sao nhằm được giảm nửa học phí?,sinh viên có cha mẹ bị tai nạn lao động cần nộp giấy tờ gì để được giảm 50% học phí?,427
"để được hỗ trợ giảm 50% tiền học cho những bạn có cha mẹ là nạn nhân tai nạn sản xuất, nhà trường yêu cầu cung cấp chứng từ gì?",sinh viên có cha mẹ bị tai nạn lao động cần nộp giấy tờ gì để được giảm 50% học phí?,427
giấy tờ cần nộp của học sinh có thân nhân bị tai nạn nghề nghiệp để xin giảm học phí một nửa là những gì?,sinh viên có cha mẹ bị tai nạn lao động cần nộp giấy tờ gì để được giảm 50% học phí?,427
các hồ sơ cần thiết cho việc giảm 50% học bổng dành cho con em những người bị tai nạn lao động gồm những loại nào?,sinh viên có cha mẹ bị tai nạn lao động cần nộp giấy tờ gì để được giảm 50% học phí?,427
"địa điểm nào để học sinh, sinh viên đăng ký nhận ưu đãi về chi phí đào tạo?","sinh viên nộp hồ sơ miễn, giảm học phí ở đâu?",428
người đang theo học cần đến cơ quan nào để làm thủ tục xin hỗ trợ tiền học?,"sinh viên nộp hồ sơ miễn, giảm học phí ở đâu?",428
làm thế nào để những người theo học có thể xin được giảm hoặc miễn học bổng?,"sinh viên nộp hồ sơ miễn, giảm học phí ở đâu?",428
cơ quan nào chịu trách nhiệm tiếp nhận đơn xin hỗ trợ tài chính cho việc học?,"sinh viên nộp hồ sơ miễn, giảm học phí ở đâu?",428
thời điểm nào thì cần nộp đơn xin miễn giảm học phí?,"thời hạn nộp hồ sơ miễn, giảm học phí là khi nào?",429
khi nào là khoảng thời gian để đăng ký làm hồ sơ về việc giảm học phí?,"thời hạn nộp hồ sơ miễn, giảm học phí là khi nào?",429
"ai sẽ nhận được hồ sơ xin miễn, giảm học phí và vào lúc nào?","thời hạn nộp hồ sơ miễn, giảm học phí là khi nào?",429
giai đoạn nào được phép nộp các giấy tờ liên quan đến việc miễn giảm tiền học?,"thời hạn nộp hồ sơ miễn, giảm học phí là khi nào?",429
ai là người phải chịu trách nhiệm trong quy trình này đối với ban chủ nhiệm khoa hoặc viện?,trách nhiệm của ban chủ nhiệm khoa/viện trong quy trình này là gì?,430
ban chủ nhiệm khoa/viện cần làm gì trong quy trình hiện hành?,trách nhiệm của ban chủ nhiệm khoa/viện trong quy trình này là gì?,430
vai trò của ban chủ nhiệm khoa/viene trong quy trình này được quy định như thế nào?,trách nhiệm của ban chủ nhiệm khoa/viện trong quy trình này là gì?,430
quy trình này yêu cầu ban chủ nhiệm khoa/viện phải thực hiện nhiệm vụ gì?,trách nhiệm của ban chủ nhiệm khoa/viện trong quy trình này là gì?,430
hồ sơ khoa hay viện được chuyển về phòng chức năng mất bao lâu thì xong?,thời gian để khoa/viện chuyển hồ sơ về phòng chức năng là bao lâu?,431
khoảng thời gian cần thiết để bộ hồ sơ di chuyển về phòng chuyên môn là bao nhiêu?,thời gian để khoa/viện chuyển hồ sơ về phòng chức năng là bao lâu?,431
phòng chức năng nhận được hồ sơ từ khoa/viện sau khi bao lâu?,thời gian để khoa/viện chuyển hồ sơ về phòng chức năng là bao lâu?,431
thời hạn chuyển giao hồ sơ từ khoa/viện về phòng chức năng dài bao nhiêu?,thời gian để khoa/viện chuyển hồ sơ về phòng chức năng là bao lâu?,431
bộ phận nào có trách nhiệm rà soát hồ sơ và đề nghị ông hiệu trưởng phê duyệt?,đơn vị nào thực hiện thẩm định lại hồ sơ và trình hiệu trưởng ký quyết định?,432
ai sẽ tiến hành xem xét lại tài liệu và làm thủ tục ký quyết định cho hiệu trưởng?,đơn vị nào thực hiện thẩm định lại hồ sơ và trình hiệu trưởng ký quyết định?,432
tổ chức nào đảm nhận việc thẩm định hồ sơ để chuyển sang giai đoạn hiệu trưởng ký?,đơn vị nào thực hiện thẩm định lại hồ sơ và trình hiệu trưởng ký quyết định?,432
việc kiểm tra lại hồ sơ do đâu đảm nhận và ai là người trình ký cho hiệu trưởng?,đơn vị nào thực hiện thẩm định lại hồ sơ và trình hiệu trưởng ký quyết định?,432
phần mềm quản lý sinh viên được đơn vị nào tiến hành gán các hệ số giảm hoặc miễn phí?,"việc gán hệ số miễn, giảm vào phần mềm quản lý sinh viên do đơn vị nào thực hiện?",433
"ai là bên chịu trách nhiệm cập nhật các con số miễn, giảm vào chương trình điều hành sinh viên?","việc gán hệ số miễn, giảm vào phần mềm quản lý sinh viên do đơn vị nào thực hiện?",433
đơn vị thực hiện thao tác gán mức giảm hoặc miễn phí cho hệ thống quản lý sinh viên là ai?,"việc gán hệ số miễn, giảm vào phần mềm quản lý sinh viên do đơn vị nào thực hiện?",433
có cơ quan nào đảm nhận việc ghi nhận các hệ số ưu đãi vào phần mềm dành cho sinh viên không?,"việc gán hệ số miễn, giảm vào phần mềm quản lý sinh viên do đơn vị nào thực hiện?",433
quyết định đã được thông qua thì học phí sẽ được giảm trừ ra sao cho sinh viên?,"sau khi có quyết định, sinh viên sẽ được trừ học phí như thế nào?",434
khi nào và theo quy trình gì để sinh viên được giảm học phí sau khi ra quyết định?,"sau khi có quyết định, sinh viên sẽ được trừ học phí như thế nào?",434
mức độ khấu trừ học phí cho sinh viên sẽ như thế nào sau khi có kết quả?,"sau khi có quyết định, sinh viên sẽ được trừ học phí như thế nào?",434
quy định về việc giảm học phí dành cho sinh viên sau khi có quyết định là gì?,"sau khi có quyết định, sinh viên sẽ được trừ học phí như thế nào?",434
những văn bản đính kèm trong hồ sơ liệu có bắt buộc phải công chứng hay không?,các giấy tờ minh chứng trong hồ sơ có cần công chứng không?,435
hồ sơ này có cần thực hiện thủ tục công chứng đối với các giấy tờ chứng minh không?,các giấy tờ minh chứng trong hồ sơ có cần công chứng không?,435
"đối với các giấy tờ chứng minh trong hồ sơ, chúng ta có cần phải làm công chứng gấp không?",các giấy tờ minh chứng trong hồ sơ có cần công chứng không?,435
liệu các giấy tờ chứng minh đi kèm hồ sơ này có cần phải qua cơ quan công chứng không?,các giấy tờ minh chứng trong hồ sơ có cần công chứng không?,435
liệu nhà trường có quy định hỗ trợ sinh viên nghỉ học do lý do riêng biệt?,có áp dụng chính sách cho sinh viên tạm dừng học vì lý do cá nhân không?,436
tôi muốn biết xem liệu trường có phương án đặc thù dành cho bạn học phải tạm gác việc học vì chuyện cá nhân hay không?,có áp dụng chính sách cho sinh viên tạm dừng học vì lý do cá nhân không?,436
sinh viên buộc phải ngừng đi học vì hoàn cảnh riêng thì được cấp chính sách đặc biệt hay chưa?,có áp dụng chính sách cho sinh viên tạm dừng học vì lý do cá nhân không?,436
có chính sách nào cho phép sinh viên tạm nghỉ vì lý do đời tư được áp dụng không?,có áp dụng chính sách cho sinh viên tạm dừng học vì lý do cá nhân không?,436
"tại trường đhspktphcm, con số học phí được xem xét để hỗ trợ miễn giảm là bao nhiêu?",mức học phí làm căn cứ miễn giảm tại trường đhspkt tphcm là mức nào?,437
mức học phí cụ thể nào được dùng làm cơ sở để cấp tiền trợ cấp tại trường đhspktphcm?,mức học phí làm căn cứ miễn giảm tại trường đhspkt tphcm là mức nào?,437
"để được hưởng chính sách miễn giảm, trường đhspktphcm quy định mức đóng nào?",mức học phí làm căn cứ miễn giảm tại trường đhspkt tphcm là mức nào?,437
trường đhspktphcm xem xét miễn giảm dựa trên chuẩn mực kinh phí đào tạo nào?,mức học phí làm căn cứ miễn giảm tại trường đhspkt tphcm là mức nào?,437
người đang theo đuổi bằng cấp thứ hai có áp dụng được chính sách này cho mình hay không?,sinh viên học văn bằng thứ hai có được hưởng chính sách này không?,438
liệu những sinh viên đang học thêm một bằng nữa có thuộc đối tượng được hưởng ưu đãi này không?,sinh viên học văn bằng thứ hai có được hưởng chính sách này không?,438
chính sách này có bao gồm những người đang học lấy bằng thứ hai hay không?,sinh viên học văn bằng thứ hai có được hưởng chính sách này không?,438
những bạn sinh viên đang theo học văn bằng cấp hai có được áp dụng chính sách nêu trên không?,sinh viên học văn bằng thứ hai có được hưởng chính sách này không?,438
"đối với học sinh nhận ưu đãi 70% và cũng là người khuyết tật, chính sách sẽ ưu đãi bao nhiêu phần trăm?",nếu sinh viên thuộc diện giảm 70% nhưng đồng thời là người khuyết tật thì hưởng mức nào?,439
nếu bạn vừa đủ điều kiện giảm 70% vừa là người khuyết tật thì mức hỗ trợ thực tế sẽ ra sao?,nếu sinh viên thuộc diện giảm 70% nhưng đồng thời là người khuyết tật thì hưởng mức nào?,439
người bị khuyết tật mà đồng thời được giảm 70% trong học phí sẽ được áp dụng mức hỗ trợ nào?,nếu sinh viên thuộc diện giảm 70% nhưng đồng thời là người khuyết tật thì hưởng mức nào?,439
"khi sinh viên thuộc diện giảm 70% và là người khuyết tật, họ sẽ nhận được suất giảm mới là bao nhiêu?",nếu sinh viên thuộc diện giảm 70% nhưng đồng thời là người khuyết tật thì hưởng mức nào?,439
liệu có cần nộp hồ sơ lại vào mỗi kỳ theo quy định xét duyệt hay không?,quy trình xét duyệt có yêu cầu sinh viên phải nộp lại hồ sơ mỗi học kỳ không?,440
quy định xét duyệt có bắt buộc sinh viên phải đưa hồ sơ mới mỗi học kỳ không?,quy trình xét duyệt có yêu cầu sinh viên phải nộp lại hồ sơ mỗi học kỳ không?,440
"mỗi học kỳ, việc nộp hồ sơ lại là bắt buộc trong quy trình xét duyệt không?",quy trình xét duyệt có yêu cầu sinh viên phải nộp lại hồ sơ mỗi học kỳ không?,440
"theo quy trình xét duyệt, sinh viên có phải nộp lại hồ sơ hàng kỳ hay không?",quy trình xét duyệt có yêu cầu sinh viên phải nộp lại hồ sơ mỗi học kỳ không?,440
địa điểm nào sẽ cập nhật thông tin về mức giảm giá cuối cùng để sinh viên tiện theo dõi?,kết quả miễn giảm cuối cùng được ghi nhận ở đâu để sinh viên theo dõi?,441
sinh viên có thể truy cập ở đâu để biết con số giảm giá cuối cùng được ghi nhận?,kết quả miễn giảm cuối cùng được ghi nhận ở đâu để sinh viên theo dõi?,441
làm thế nào để sinh viên biết được nơi chứa kết quả giảm giá tối hậu?,kết quả miễn giảm cuối cùng được ghi nhận ở đâu để sinh viên theo dõi?,441
vị trí nào dành riêng để đăng tải kết quả giảm giá cuối cùng nhằm mục đích sinh viên theo dõi?,kết quả miễn giảm cuối cùng được ghi nhận ở đâu để sinh viên theo dõi?,441
những sinh viên thuộc nhóm nào có quyền nhận hỗ trợ từ nhà nước?,đối tượng sinh viên nào được hưởng chính sách trợ cấp xã hội?,442
"ai là người có thể được xét nhận khoản trợ cấp xã hội trong số các học sinh, sinh viên?",đối tượng sinh viên nào được hưởng chính sách trợ cấp xã hội?,442
chính sách hỗ trợ xã hội dành cho đối tượng sinh viên cụ thể nào?,đối tượng sinh viên nào được hưởng chính sách trợ cấp xã hội?,442
nhóm sinh viên nào đủ điều kiện để hưởng chế độ trợ cấp của cộng đồng?,đối tượng sinh viên nào được hưởng chính sách trợ cấp xã hội?,442
sinh viên vùng dân tộc ít người cần đáp ứng tiêu chí hộ khẩu nào thì mới được hưởng trợ cấp xã hội?,điều kiện về hộ khẩu đối với sinh viên dân tộc thiểu số để nhận trợ cấp xã hội là gì?,443
"về mặt giấy tờ cư trú, sinh viên thuộc các dân tộc thiểu số phải có điều kiện gì để nhận trợ cấp?",điều kiện về hộ khẩu đối với sinh viên dân tộc thiểu số để nhận trợ cấp xã hội là gì?,443
"để được cấp trợ cấp xã hội, hộ khẩu của sinh viên người dân tộc ít người cần đáp ứng yêu cầu ra sao?",điều kiện về hộ khẩu đối với sinh viên dân tộc thiểu số để nhận trợ cấp xã hội là gì?,443
tiêu chuẩn liên quan đến đăng ký hộ khẩu dành cho sinh viên người dân tộc thiểu số khi xin trợ cấp là gì?,điều kiện về hộ khẩu đối với sinh viên dân tộc thiểu số để nhận trợ cấp xã hội là gì?,443
điều kiện nào phải có của sinh viên mất cha mẹ mà chưa được nuôi dưỡng để nhận được chế độ trợ cấp?,sinh viên mồ côi cần đáp ứng điều kiện gì để được hưởng trợ cấp xã hội?,444
khi nào một học sinh thiếu thốn tình thương sẽ được nhà nước chi trả khoản tiền hỗ trợ?,sinh viên mồ côi cần đáp ứng điều kiện gì để được hưởng trợ cấp xã hội?,444
sinh viên chưa có cha mẹ cần chuẩn bị những hồ sơ gì thì mới đủ tiêu chuẩn nhận trợ cấp?,sinh viên mồ côi cần đáp ứng điều kiện gì để được hưởng trợ cấp xã hội?,444
làm sao để một bạn học sinh mồ côi được hưởng quyền lợi về kinh tế từ cộng đồng?,sinh viên mồ côi cần đáp ứng điều kiện gì để được hưởng trợ cấp xã hội?,444
những người khuyết tật đang học có yêu cầu gì nữa mới được nhận trợ cấp?,sinh viên khuyết tật cần thêm điều kiện gì để nhận trợ cấp xã hội?,445
"để được hỗ trợ tài chính, sinh viên khuyết tật cần đáp ứng thêm điều kiện nào?",sinh viên khuyết tật cần thêm điều kiện gì để nhận trợ cấp xã hội?,445
"bên cạnh những tiêu chuẩn cơ bản, trường hợp nào sinh viên khuyết tật sẽ nhận trợ cấp?",sinh viên khuyết tật cần thêm điều kiện gì để nhận trợ cấp xã hội?,445
"ngoài ra, sinh viên bị khuyết tật cần có gì thêm mới đủ điều kiện nhận hỗ trợ xã hội?",sinh viên khuyết tật cần thêm điều kiện gì để nhận trợ cấp xã hội?,445
những tiêu chuẩn về học tập dành cho sinh viên thuộc hộ nghèo hay cận nghèo nhằm mục đích nhận hỗ trợ xã hội là gì?,"điều kiện xếp loại học tập đối với sinh viên hộ nghèo, cận nghèo để nhận trợ cấp xã hội là gì?",446
sinh viên có hoàn cảnh khó khăn muốn được cấp trợ cấp xã hội cần đáp ứng những yêu cầu nào về thành tích học tập?,"điều kiện xếp loại học tập đối với sinh viên hộ nghèo, cận nghèo để nhận trợ cấp xã hội là gì?",446
"để nhận tiền trợ cấp từ nhà nước, sinh viên thuộc hộ nghèo và cận nghèo phải đạt được mức độ học tập ra sao?","điều kiện xếp loại học tập đối với sinh viên hộ nghèo, cận nghèo để nhận trợ cấp xã hội là gì?",446
"mức độ thành tích học tập cần thiết cho sinh viên trong các hộ nghèo, cận nghèo để được xét hỗ trợ xã hội như thế nào?","điều kiện xếp loại học tập đối với sinh viên hộ nghèo, cận nghèo để nhận trợ cấp xã hội là gì?",446
sinh viên các dân tộc thiểu số đang sống ở vùng khó khăn được nhận bao nhiêu tiền trợ cấp xã hội?,mức trợ cấp xã hội đối với sinh viên dân tộc thiểu số vùng khó khăn là bao nhiêu?,447
số tiền hỗ trợ dành cho học sinh dân tộc vùng sâu vùng xa là bao nhiêu?,mức trợ cấp xã hội đối với sinh viên dân tộc thiểu số vùng khó khăn là bao nhiêu?,447
mức chi phí trợ cấp xã hội cho sinh viên miền núi ít người là con số bao nhiêu?,mức trợ cấp xã hội đối với sinh viên dân tộc thiểu số vùng khó khăn là bao nhiêu?,447
"đối với học sinh dân tộc thiểu số ở vùng khó khăn, họ nhận được bao nhiêu tiền trợ cấp?",mức trợ cấp xã hội đối với sinh viên dân tộc thiểu số vùng khó khăn là bao nhiêu?,447
con số hỗ trợ tài chính dành cho học sinh mồ côi và không có nơi ở là bao nhiêu?,mức trợ cấp xã hội cho sinh viên mồ côi không nơi nương tựa là bao nhiêu?,448
các em sinh viên bị mất cha mẹ và không có chỗ ở sẽ nhận được khoản trợ giúp cụ thể là bao nhiêu?,mức trợ cấp xã hội cho sinh viên mồ côi không nơi nương tựa là bao nhiêu?,448
mức hỗ trợ tiền bạc dành cho những học trò mồ côi không nơi nương tựa hiện đang là bao nhiêu?,mức trợ cấp xã hội cho sinh viên mồ côi không nơi nương tựa là bao nhiêu?,448
khoản tiền trợ giúp dành cho sinh viên mất cả cha lẫn mẹ và không có nơi ở được quy định là bao nhiêu?,mức trợ cấp xã hội cho sinh viên mồ côi không nơi nương tựa là bao nhiêu?,448
sinh viên khuyết tật gặp khó khăn về kinh tế thì nhận được khoản hỗ trợ xã hội bao nhiêu tiền?,mức trợ cấp xã hội cho sinh viên khuyết tật có khó khăn kinh tế là bao nhiêu?,449
mức độ trợ giúp từ phía nhà nước dành cho học sinh khuyết tật trong hoàn cảnh khó khăn là bao nhiêu?,mức trợ cấp xã hội cho sinh viên khuyết tật có khó khăn kinh tế là bao nhiêu?,449
những bạn sinh viên khuyết tật có hoàn cảnh tài chính eo hẹp được cấp bao nhiêu tiền trợ cấp xã hội?,mức trợ cấp xã hội cho sinh viên khuyết tật có khó khăn kinh tế là bao nhiêu?,449
số tiền hỗ trợ xã hội mà học sinh khuyết tật bị khó khăn kinh tế nhận được là bao nhiêu?,mức trợ cấp xã hội cho sinh viên khuyết tật có khó khăn kinh tế là bao nhiêu?,449
sinh viên có hoàn cảnh khó khăn thuộc hộ nghèo hoặc cận nghèo được nhận mức hỗ trợ xã hội là bao nhiêu?,mức trợ cấp xã hội cho sinh viên hộ nghèo/cận nghèo vượt khó là bao nhiêu?,450
"mức độ trợ cấp dành cho học sinh hộ nghèo, cận nghèo gặp khó khăn là con số cụ thể bao nhiêu?",mức trợ cấp xã hội cho sinh viên hộ nghèo/cận nghèo vượt khó là bao nhiêu?,450
"số tiền hỗ trợ xã hội mà chính sách dành cho sinh viên thuộc hộ nghèo, cận nghèo vượt khó hiện đang quy định là bao nhiêu?",mức trợ cấp xã hội cho sinh viên hộ nghèo/cận nghèo vượt khó là bao nhiêu?,450
"đối với học sinh hộ nghèo, cận nghèo gặp trắc trở, phần trợ cấp xã hội được cấp là bao nhiêu tiền?",mức trợ cấp xã hội cho sinh viên hộ nghèo/cận nghèo vượt khó là bao nhiêu?,450
mức hỗ trợ xã hội thường được chi trả ở những kỳ hạn nào?,trợ cấp xã hội được cấp theo định kỳ như thế nào?,451
chế độ trợ giúp cho người khó khăn được phát động định kỳ ra sao?,trợ cấp xã hội được cấp theo định kỳ như thế nào?,451
các khoản tiền trợ cấp dành cho cộng đồng được cấp vào lúc nào trong chu kỳ?,trợ cấp xã hội được cấp theo định kỳ như thế nào?,451
quy trình cấp phát hỗ trợ xã hội diễn ra ở những mốc thời gian nào?,trợ cấp xã hội được cấp theo định kỳ như thế nào?,451
khi nào cần gửi đơn xin hỗ trợ xã hội?,thời hạn nộp hồ sơ đề nghị trợ cấp xã hội là khi nào?,452
thời điểm nhận được giấy tờ để được trợ cấp là bao nhiêu?,thời hạn nộp hồ sơ đề nghị trợ cấp xã hội là khi nào?,452
mình phải nộp hồ sơ xin tiền trợ giúp vào lúc nào?,thời hạn nộp hồ sơ đề nghị trợ cấp xã hội là khi nào?,452
để được cấp hỗ trợ xã hội thì deadline nộp đơn là khi nào?,thời hạn nộp hồ sơ đề nghị trợ cấp xã hội là khi nào?,452
địa điểm nào để học sinh đệ trình đơn xin hỗ trợ xã hội?,sinh viên nộp hồ sơ trợ cấp xã hội tại đâu?,453
bạn có biết cơ quan nào chịu trách nhiệm nhận giấy tờ trợ cấp cho sinh viên không?,sinh viên nộp hồ sơ trợ cấp xã hội tại đâu?,453
hồ sơ xin hỗ trợ xã hội của sinh viên phải được gửi về đâu?,sinh viên nộp hồ sơ trợ cấp xã hội tại đâu?,453
"nếu là người đi học, nơi tiếp nhận đơn xin trợ cấp xã hội ở đâu?",sinh viên nộp hồ sơ trợ cấp xã hội tại đâu?,453
những chứng từ nào cần chuẩn bị cho đơn xin hỗ trợ xã hội?,hồ sơ đề nghị trợ cấp xã hội bao gồm những loại giấy tờ nào?,454
loại giấy tờ gì phải nộp kèm trong hồ sơ làm thủ tục trợ cấp?,hồ sơ đề nghị trợ cấp xã hội bao gồm những loại giấy tờ nào?,454
danh mục tài liệu cần thiết để đề nghị nhận trợ cấp xã hội gồm những gì?,hồ sơ đề nghị trợ cấp xã hội bao gồm những loại giấy tờ nào?,454
"khi làm hồ sơ xin hỗ trợ từ xã hội, người ta cần cung cấp những giấy tờ ra sao?",hồ sơ đề nghị trợ cấp xã hội bao gồm những loại giấy tờ nào?,454
khoa cần bao lâu để xử lý hồ sơ tại ban chủ nhiệm?,thời gian xét duyệt hồ sơ tại ban chủ nhiệm khoa là bao lâu?,455
quy trình xem xét hồ sơ ở ban chủ nhiệm khoa kéo dài bao nhiêu thời gian?,thời gian xét duyệt hồ sơ tại ban chủ nhiệm khoa là bao lâu?,455
ban chủ nhiệm khoa dành bao lâu cho việc thẩm định hồ sơ?,thời gian xét duyệt hồ sơ tại ban chủ nhiệm khoa là bao lâu?,455
thời điểm hoàn tất khâu xét duyệt hồ sơ tại ban chủ nhiệm khoa là khi nào?,thời gian xét duyệt hồ sơ tại ban chủ nhiệm khoa là bao lâu?,455
khoa cần gửi hồ trợ giúp xã hội đến bộ phận nào qua lãnh đạo?,ban chủ nhiệm khoa chuyển hồ sơ trợ cấp xã hội về đơn vị nào?,456
đơn vị tiếp nhận hồ sơ trợ cấp xã hội từ ban quản lý khoa là gì?,ban chủ nhiệm khoa chuyển hồ sơ trợ cấp xã hội về đơn vị nào?,456
ai chịu trách nhiệm nhận hồ trợ cấp xã hội từ phía ban chủ nhiệm khoa?,ban chủ nhiệm khoa chuyển hồ sơ trợ cấp xã hội về đơn vị nào?,456
hãy chỉ rõ nơi nhận hồ sơ trợ giúp xã hội từ ban quản lý khoa.,ban chủ nhiệm khoa chuyển hồ sơ trợ cấp xã hội về đơn vị nào?,456
cơ quan nào sẽ xem xét hồ sơ này và làm thủ tục để hiệu trưởng phê duyệt quyết định trợ giúp xã hội?,đơn vị nào chịu trách nhiệm thẩm định lại hồ sơ và trình hiệu trưởng ký quyết định trợ cấp xã hội?,457
ai là người rà soát lại giấy tờ và thực hiện công việc ký ban hành quyết định trợ cấp cho ban giám hiệu?,đơn vị nào chịu trách nhiệm thẩm định lại hồ sơ và trình hiệu trưởng ký quyết định trợ cấp xã hội?,457
bộ phận nào thẩm định hồ sơ rồi chuyển lên hiệu trưởng để ký duyệt khoản trợ cấp xã hội?,đơn vị nào chịu trách nhiệm thẩm định lại hồ sơ và trình hiệu trưởng ký quyết định trợ cấp xã hội?,457
ai sẽ kiểm tra hồ sơ và thực hiện việc ký quyết định cấp trợ giúp xã hội dưới sự phê chuẩn của hiệu trưởng?,đơn vị nào chịu trách nhiệm thẩm định lại hồ sơ và trình hiệu trưởng ký quyết định trợ cấp xã hội?,457
sinh viên nhận tiền hỗ trợ từ nhà nước qua phương thức nào?,hình thức chi trả tiền trợ cấp xã hội cho sinh viên là gì?,458
nguồn trợ cấp dành cho sinh viên được chuyển khoản ra sao?,hình thức chi trả tiền trợ cấp xã hội cho sinh viên là gì?,458
làm thế nào để sinh viên nhận được khoản tiền trợ cấp xã hội?,hình thức chi trả tiền trợ cấp xã hội cho sinh viên là gì?,458
cơ chế phát tiền trợ cấp cho học sinh sinh viên hiện tại như thế nào?,hình thức chi trả tiền trợ cấp xã hội cho sinh viên là gì?,458
tên tài liệu nào của nhà trường nêu rõ chính sách trợ cấp xã hội?,tên văn bản quy định về chính sách trợ cấp xã hội của nhà trường là gì?,459
tài liệu quy định về chính sách trợ cấp xã hội tại trường mang tên gì?,tên văn bản quy định về chính sách trợ cấp xã hội của nhà trường là gì?,459
nhà trường có văn bản định danh nào cho chính sách hỗ trợ xã hội không?,tên văn bản quy định về chính sách trợ cấp xã hội của nhà trường là gì?,459
chính sách trợ cấp xã hội của trường được ghi trong tài liệu nào?,tên văn bản quy định về chính sách trợ cấp xã hội của nhà trường là gì?,459
nghị định 116 đang hỗ trợ những lĩnh vực đào tạo nào?,những ngành sư phạm nào được hưởng chính sách hỗ trợ theo nghị định 116?,460
lĩnh vực giáo dục nào nằm trong đối tượng nhận trợ cấp theo văn bản số 116?,những ngành sư phạm nào được hưởng chính sách hỗ trợ theo nghị định 116?,460
"theo quy định 116, các chuyên ngành sư phạm nào sẽ được ưu đãi?",những ngành sư phạm nào được hưởng chính sách hỗ trợ theo nghị định 116?,460
đối tượng nào trong ngành giáo dục được hưởng lợi từ chính sách 116?,những ngành sư phạm nào được hưởng chính sách hỗ trợ theo nghị định 116?,460
hệ đào tạo nào cho sinh viên ngành sư phạm được nhà trường chi trả học phí cùng sinh hoạt?,sinh viên sư phạm hệ nào được áp dụng chính sách hỗ trợ học phí và sinh hoạt phí?,461
ai là đối tượng sinh viên ngành giáo dục được hưởng chính sách miễn giảm học phí và trợ cấp sinh hoạt?,sinh viên sư phạm hệ nào được áp dụng chính sách hỗ trợ học phí và sinh hoạt phí?,461
chính sách hỗ trợ tài chính bao gồm học bổng và trợ cấp sinh hoạt dành cho nhóm sinh viên sư phạm nào?,sinh viên sư phạm hệ nào được áp dụng chính sách hỗ trợ học phí và sinh hoạt phí?,461
sinh viên ngành giáo dục thuộc hệ nào có thể được cấp hỗ trợ về chi phí học tập và sinh hoạt?,sinh viên sư phạm hệ nào được áp dụng chính sách hỗ trợ học phí và sinh hoạt phí?,461
những bạn học chuyên ngành sư phạm nhưng chưa ghi danh áp dụng quy định 116 thì có cần trả tiền học không?,sinh viên sư phạm không đăng ký hưởng chính sách theo nghị định 116 có phải đóng học phí không?,462
việc không đăng ký nhận chế độ ưu đãi theo văn bản 116 của sinh viên ngành giáo dục sẽ dẫn đến việc phải đóng học phí hay không?,sinh viên sư phạm không đăng ký hưởng chính sách theo nghị định 116 có phải đóng học phí không?,462
có phải sinh viên giáo dục chưa ký tên hưởng chính sách trong nghị định 116 sẽ bị bắt buộc nộp học phí không?,sinh viên sư phạm không đăng ký hưởng chính sách theo nghị định 116 có phải đóng học phí không?,462
"nếu người học sư phạm bỏ qua thủ tục đăng ký theo quyết định 116, họ có phải thanh toán học phí hay không?",sinh viên sư phạm không đăng ký hưởng chính sách theo nghị định 116 có phải đóng học phí không?,462
"sau khi tốt nghiệp, sinh viên ngành giáo dục có cần trả lại tiền nếu không được hưởng chính sách hỗ trợ hay không?",sinh viên sư phạm không hưởng chính sách hỗ trợ có phải bồi hoàn kinh phí sau khi ra trường không?,463
"đối với bạn trẻ theo nghề dạy học, trường hợp không nhận được gói hỗ trợ thì có buộc phải hoàn lại chi phí không?",sinh viên sư phạm không hưởng chính sách hỗ trợ có phải bồi hoàn kinh phí sau khi ra trường không?,463
việc không được hưởng chế độ ưu đãi của sinh viên sư phạm có dẫn đến nghĩa vụ bồi thường ngân sách sau khi ra trường?,sinh viên sư phạm không hưởng chính sách hỗ trợ có phải bồi hoàn kinh phí sau khi ra trường không?,463
bạn trẻ theo học chương trình đào tạo giáo viên có phải hoàn trả vốn nếu không được cấp gói hỗ trợ sau khi tốt nghiệp chưa?,sinh viên sư phạm không hưởng chính sách hỗ trợ có phải bồi hoàn kinh phí sau khi ra trường không?,463
số tiền nhà nước trợ cấp cho việc đóng học tập của sinh viên ngành sư phạm là bao nhiêu?,mức hỗ trợ tiền đóng học phí cho sinh viên sư phạm là bao nhiêu?,464
mức trợ cấp dành riêng cho sinh viên ngành giáo dục để nộp học phí hiện đang ở con số nào?,mức hỗ trợ tiền đóng học phí cho sinh viên sư phạm là bao nhiêu?,464
sinh viên theo đuổi nghề dạy học được cấp hỗ trợ về khoản học phí bao nhiêu tiền?,mức hỗ trợ tiền đóng học phí cho sinh viên sư phạm là bao nhiêu?,464
ai là người chịu trách nhiệm chi trả và số lượng tiền hỗ trợ cho sinh viên sư phạm là bao nhiêu?,mức hỗ trợ tiền đóng học phí cho sinh viên sư phạm là bao nhiêu?,464
số tiền trợ cấp chi tiêu hằng tháng dành cho sinh viên ngành sư phạm là bao nhiêu?,mức hỗ trợ chi phí sinh hoạt hàng tháng cho sinh viên sư phạm là bao nhiêu?,465
sinh viên theo học sư phạm được nhà trường hỗ trợ sinh hoạt mỗi tháng bao nhiêu tiền?,mức hỗ trợ chi phí sinh hoạt hàng tháng cho sinh viên sư phạm là bao nhiêu?,465
khoản chi trợ giúp thường xuyên hàng tháng dành riêng cho sinh viên sư phạm có con số cụ thể là bao nhiêu?,mức hỗ trợ chi phí sinh hoạt hàng tháng cho sinh viên sư phạm là bao nhiêu?,465
mức ngân sách hỗ trợ sinh hoạt định kỳ cho sinh viên sư phạm hiện đang ở mức bao nhiêu?,mức hỗ trợ chi phí sinh hoạt hàng tháng cho sinh viên sư phạm là bao nhiêu?,465
khoảng thời gian nào trường hỗ trợ thanh toán học phí cho sinh viên ngành sư phạm?,thời gian hỗ trợ tiền đóng học phí cho sinh viên sư phạm kéo dài bao lâu?,466
mức độ hỗ trợ chi phí học tập dành riêng cho sinh viên sư phạm sẽ kéo dài đến khi nào?,thời gian hỗ trợ tiền đóng học phí cho sinh viên sư phạm kéo dài bao lâu?,466
sinh viên ngành sư phạm được nhận hỗ trợ tiền đóng học phí trong bao lâu?,thời gian hỗ trợ tiền đóng học phí cho sinh viên sư phạm kéo dài bao lâu?,466
thời điểm kết thúc chương trình hỗ trợ học phí cho sinh viên sư phạm là lúc nào?,thời gian hỗ trợ tiền đóng học phí cho sinh viên sư phạm kéo dài bao lâu?,466
mức hỗ trợ chi tiêu hàng tháng dành cho sinh viên ngành sư phạm trong suốt một năm học kéo dài bao lâu vậy?,thời gian hỗ trợ chi phí sinh hoạt cho sinh viên sư phạm trong một năm là bao lâu?,467
"một năm học, chương trình hỗ trợ tiền sinh hoạt cho các bạn học viên đào tạo giáo dục được triển khai trong khoảng thời gian bao dài?",thời gian hỗ trợ chi phí sinh hoạt cho sinh viên sư phạm trong một năm là bao lâu?,467
thời gian nhận trợ cấp sinh hoạt phí dành riêng cho tân giáo viên trong vòng một năm là bao nhiêu?,thời gian hỗ trợ chi phí sinh hoạt cho sinh viên sư phạm trong một năm là bao lâu?,467
sinh viên chuẩn bị làm giáo viên được nhận hỗ trợ chi phí sinh hoạt trong một năm học bao lâu như vậy?,thời gian hỗ trợ chi phí sinh hoạt cho sinh viên sư phạm trong một năm là bao lâu?,467
khi nào cần nộp đơn để được hưởng chế độ ưu đãi dành cho sinh viên sư phạm?,thời hạn nộp hồ sơ đăng ký hưởng chính sách hỗ trợ sinh viên sư phạm là khi nào?,468
thời điểm nào là giới hạn để đăng ký nhận hỗ trợ sinh viên ngành giáo dục?,thời hạn nộp hồ sơ đăng ký hưởng chính sách hỗ trợ sinh viên sư phạm là khi nào?,468
"để tham gia chương trình hỗ trợ, sinh viên sư phạm cần hoàn thành thủ tục hồ sơ vào lúc nào?",thời hạn nộp hồ sơ đăng ký hưởng chính sách hỗ trợ sinh viên sư phạm là khi nào?,468
việc đăng ký nhận chính sách ưu đãi dành cho học viên sư phạm phải được thực hiện trước thời hạn nào?,thời hạn nộp hồ sơ đăng ký hưởng chính sách hỗ trợ sinh viên sư phạm là khi nào?,468
những nội dung nào cần chuẩn bị khi làm hồ sơ xin nhận chính sách hỗ trợ cho sinh viên ngành sư phạm?,hồ sơ đăng ký hưởng chính sách hỗ trợ sinh viên sư phạm gồm những gì?,469
thành phần cấu tạo của bộ hồ sơ để được hưởng chế độ ưu đãi dành riêng cho sinh viên sư phạm là gì?,hồ sơ đăng ký hưởng chính sách hỗ trợ sinh viên sư phạm gồm những gì?,469
"khi nộp đơn xin chính sách hỗ trợ, sinh viên sư phạm cần cung cấp những giấy tờ gì?",hồ sơ đăng ký hưởng chính sách hỗ trợ sinh viên sư phạm gồm những gì?,469
bộ hồ sơ dành cho sinh viên sư phạm muốn nhận trợ cấp bao gồm những phần nào?,hồ sơ đăng ký hưởng chính sách hỗ trợ sinh viên sư phạm gồm những gì?,469
"trong suốt thời gian học, sinh viên ngành sư phạm cần nộp đơn xin hỗ trợ bao nhiêu kỳ?",sinh viên sư phạm phải nộp hồ sơ đăng ký hỗ trợ bao nhiêu lần trong cả khóa học?,470
số lần đăng ký nhận trợ giúp mà sinh viên đào tạo giáo dục phải thực hiện trong toàn khóa là bao nhiêu?,sinh viên sư phạm phải nộp hồ sơ đăng ký hỗ trợ bao nhiêu lần trong cả khóa học?,470
khi nào và bao nhiêu lần sinh viên sư phạm cần gửi hồ sơ để được hỗ trợ trong suốt khóa học?,sinh viên sư phạm phải nộp hồ sơ đăng ký hỗ trợ bao nhiêu lần trong cả khóa học?,470
"với sinh viên ngành sư phạm, bao nhiêu lần họ phải hoàn thành thủ tục đăng ký nhận sự hỗ trợ từ đầu đến cuối khóa?",sinh viên sư phạm phải nộp hồ sơ đăng ký hỗ trợ bao nhiêu lần trong cả khóa học?,470
"nếu một học viên đào tạo giáo dục buộc phải nghỉ và muốn quay trở lại để tiếp tục nhận được sự giúp đỡ, họ cần thực hiện những bước nào?",sinh viên sư phạm cần làm gì khi tạm dừng và quay lại học để tiếp tục nhận hỗ trợ?,471
"khi một bạn trẻ theo học ngành dạy học muốn tạm nghỉ và sau đó quay lại trường để tìm kiếm sự hỗ trợ, điều cần làm là gì?",sinh viên sư phạm cần làm gì khi tạm dừng và quay lại học để tiếp tục nhận hỗ trợ?,471
những hành động thiết yếu nào mà một sinh viên ngành sư phạm cần tiến hành nếu họ định dừng việc học một thời gian rồi trở lại để được hỗ trợ?,sinh viên sư phạm cần làm gì khi tạm dừng và quay lại học để tiếp tục nhận hỗ trợ?,471
làm thế nào để một học giả trong lĩnh vực giáo dục có thể tái nhập học và nhận trợ giúp sau khi đã tạm gác việc học lại?,sinh viên sư phạm cần làm gì khi tạm dừng và quay lại học để tiếp tục nhận hỗ trợ?,471
hồ sơ trợ giúp cho sinh viên sư phạm ở khoa được tiếp nhận như thế nào?,quy trình tiếp nhận hồ sơ hỗ trợ sinh viên sư phạm tại khoa diễn ra thế nào?,472
thủ tục nhận đơn xin hỗ trợ của bộ môn dành cho sinh viên sư phạm diễn ra ra sao?,quy trình tiếp nhận hồ sơ hỗ trợ sinh viên sư phạm tại khoa diễn ra thế nào?,472
khoa thực hiện quy trình tiếp nhận hồ sơ hỗ trợ sinh viên sư phạm bằng cách gì?,quy trình tiếp nhận hồ sơ hỗ trợ sinh viên sư phạm tại khoa diễn ra thế nào?,472
cách thức khoa thu nhận hồ trợ cho sinh viên sư phạm là gì?,quy trình tiếp nhận hồ sơ hỗ trợ sinh viên sư phạm tại khoa diễn ra thế nào?,472
cơ quan nào có thẩm quyền xét duyệt hồ sơ sinh viên sư phạm để được hưởng chế độ hỗ trợ?,đơn vị nào phê duyệt quyết định công nhận sinh viên sư phạm được hưởng chính sách hỗ trợ?,473
ai là đơn vị có trách nhiệm ra quyết định hỗ trợ cho sinh viên ngành sư phạm?,đơn vị nào phê duyệt quyết định công nhận sinh viên sư phạm được hưởng chính sách hỗ trợ?,473
quyết định công nhận sinh viên sư phạm được trợ giúp sẽ do bộ phận nào ban hành?,đơn vị nào phê duyệt quyết định công nhận sinh viên sư phạm được hưởng chính sách hỗ trợ?,473
bên nào có quyền phê chuẩn chính sách trợ cấp dành riêng cho sinh viên sư phạm?,đơn vị nào phê duyệt quyết định công nhận sinh viên sư phạm được hưởng chính sách hỗ trợ?,473
nguồn kinh phí dành riêng cho sinh viên ngành sư phạm để duy trì cuộc sống sẽ được phân bổ ra sao?,tiền hỗ trợ chi phí sinh hoạt cho sinh viên sư phạm được chi trả như thế nào?,474
sinh viên học nghề sẽ nhận được khoản trợ cấp sinh hoạt phí theo phương thức gì?,tiền hỗ trợ chi phí sinh hoạt cho sinh viên sư phạm được chi trả như thế nào?,474
chi tiết về cách thức cấp phát tiền hỗ trợ cho học viên sư phạm như thế nào?,tiền hỗ trợ chi phí sinh hoạt cho sinh viên sư phạm được chi trả như thế nào?,474
khoản tiền giúp đỡ sinh viên sư phạm để trang trải nhu cầu ăn ở được chi trả ra sao?,tiền hỗ trợ chi phí sinh hoạt cho sinh viên sư phạm được chi trả như thế nào?,474
chính phủ đã ban hành văn bản pháp lý nào để hỗ trợ học sinh ngành sư phạm chưa?,nghị định nào của chính phủ quy định về chính sách hỗ trợ cho sinh viên sư phạm?,475
văn bản pháp luật nào từ phía nhà nước có nội dung về việc trợ giúp sinh viên làm giáo dục?,nghị định nào của chính phủ quy định về chính sách hỗ trợ cho sinh viên sư phạm?,475
ai là cơ quan ban hành quy chế giúp đỡ sinh viên ngành sư phạm và đó là nghị định số bao nhiêu?,nghị định nào của chính phủ quy định về chính sách hỗ trợ cho sinh viên sư phạm?,475
quy định hỗ trợ nào dành riêng cho sinh viên đào tạo giáo dục do chính phủ đã ra mắt?,nghị định nào của chính phủ quy định về chính sách hỗ trợ cho sinh viên sư phạm?,475
ai là người nhận được sự hỗ trợ về chi phí học tập theo quyết định số 66?,đối tượng nào được hưởng chính sách hỗ trợ chi phí học tập theo quyết định 66?,476
nhóm đối tượng nào được phép sử dụng chính sách hỗ trợ học phí dựa trên quyết định 66?,đối tượng nào được hưởng chính sách hỗ trợ chi phí học tập theo quyết định 66?,476
"theo quyết định 66, những ai có quyền được trợ giúp kinh phí đào tạo?",đối tượng nào được hưởng chính sách hỗ trợ chi phí học tập theo quyết định 66?,476
chính sách hỗ trợ chi phí theo quyết định 66 dành cho những trường hợp nào?,đối tượng nào được hưởng chính sách hỗ trợ chi phí học tập theo quyết định 66?,476
những học viên theo chương trình liên thông có thể nhận hỗ trợ tài chính theo quyết định 66 được không?,sinh viên hệ liên thông có được hưởng hỗ trợ chi phí học tập theo quyết định 66 không?,477
liệu sinh viên làm hệ liên thông có nằm trong diện được ưu đãi chi phí học hành theo văn bản 66 hay không?,sinh viên hệ liên thông có được hưởng hỗ trợ chi phí học tập theo quyết định 66 không?,477
vấn đề trợ cấp học phí cho học viên hệ liên thông theo quy định 66 có áp dụng không?,sinh viên hệ liên thông có được hưởng hỗ trợ chi phí học tập theo quyết định 66 không?,477
"theo quyết định 66, học viên đăng ký liên thông có được hưởng chính sách hỗ trợ kinh phí hay không?",sinh viên hệ liên thông có được hưởng hỗ trợ chi phí học tập theo quyết định 66 không?,477
người dân tộc thiểu số có thể nhận được trợ cấp học phí khi theo học văn bằng hai không?,sinh viên học văn bằng 2 có được nhận hỗ trợ chi phí học tập cho người dân tộc thiểu số không?,478
đối tượng là con em đồng bào vùng cao có được ưu tiên hỗ trợ tài chính cho khóa học thứ hai hay không?,sinh viên học văn bằng 2 có được nhận hỗ trợ chi phí học tập cho người dân tộc thiểu số không?,478
việc theo đuổi bằng cấp thứ hai của sinh viên dân tộc thiểu số có được cấp ngân sách giúp đỡ về chi phí hay không?,sinh viên học văn bằng 2 có được nhận hỗ trợ chi phí học tập cho người dân tộc thiểu số không?,478
chính sách hỗ trợ kinh phí cho người học văn bằng hai có bao gồm cộng đồng các dân tộc ít người không?,sinh viên học văn bằng 2 có được nhận hỗ trợ chi phí học tập cho người dân tộc thiểu số không?,478
bạn có được quyền nhận hỗ trợ theo quyết định 66 sau khi kết thúc khóa dự bị đại học hay không?,sinh viên sau khi hoàn thành chương trình dự bị đại học có được nhận hỗ trợ theo quyết định 66 không?,479
sinh viên đã tốt nghiệp chương trình chuẩn bị nhập đại học liệu có thể hưởng chính sách hỗ trợ theo quyết định số 66?,sinh viên sau khi hoàn thành chương trình dự bị đại học có được nhận hỗ trợ theo quyết định 66 không?,479
việc hoàn thành xong chương trình dự bị có khiến sinh viên được phép nhận khoản trợ cấp theo quyết định 66 không?,sinh viên sau khi hoàn thành chương trình dự bị đại học có được nhận hỗ trợ theo quyết định 66 không?,479
quyết định 66 có bao gồm hỗ trợ cho những ai vừa dứt khóa học dự bị đại học?,sinh viên sau khi hoàn thành chương trình dự bị đại học có được nhận hỗ trợ theo quyết định 66 không?,479
mức trợ cấp tài chính dành cho con em dân tộc ít người thuộc hộ khó khăn hoặc cận khó khăn hiện được quy định là bao nhiêu?,mức hỗ trợ chi phí học tập cho sinh viên dân tộc thiểu số hộ nghèo/cận nghèo là bao nhiêu?,480
nhà trường đang chi trả hỗ trợ học phí cụ thể bao nhiêu cho sinh viên là người dân tộc thiểu số có hoàn cảnh kinh tế đặc biệt?,mức hỗ trợ chi phí học tập cho sinh viên dân tộc thiểu số hộ nghèo/cận nghèo là bao nhiêu?,480
số tiền hỗ trợ dành riêng cho sinh viên dân tộc ít người trong các gia đình nghèo và cận nghèo hiện tại là bao nhiêu?,mức hỗ trợ chi phí học tập cho sinh viên dân tộc thiểu số hộ nghèo/cận nghèo là bao nhiêu?,480
mức trợ giúp về chi phí đào tạo cho học sinh dân tộc thiểu số có hoàn cảnh khó khăn được tính toán như thế nào?,mức hỗ trợ chi phí học tập cho sinh viên dân tộc thiểu số hộ nghèo/cận nghèo là bao nhiêu?,480
mức độ dài thời gian sinh viên vùng cao được nhận trợ cấp học phí là bao nhiêu?,thời gian hưởng hỗ trợ chi phí học tập cho sinh viên dân tộc thiểu số là bao lâu?,481
"đối với bạn trẻ thuộc các dân tộc ít người, khoản tiền hỗ trợ học tập sẽ kéo dài bao lâu?",thời gian hưởng hỗ trợ chi phí học tập cho sinh viên dân tộc thiểu số là bao lâu?,481
quy định về thời gian nhận ngân sách học bổng dành cho thanh niên vùng dân tộc thiểu số như thế nào?,thời gian hưởng hỗ trợ chi phí học tập cho sinh viên dân tộc thiểu số là bao lâu?,481
khoảng thời gian sinh viên các dân tộc vùng sâu vùng xa được phép hưởng trợ cấp chi phí đào tạo là bao nhiêu?,thời gian hưởng hỗ trợ chi phí học tập cho sinh viên dân tộc thiểu số là bao lâu?,481
"theo quyết định 66, điều khoản về số lượng và phương thức nhận trợ cấp cho việc học là như thế nào?",hình thức và số lần cấp hỗ trợ chi phí học tập theo quyết định 66 là gì?,482
quyết định 66 quy định ra sao về tần suất và hình thức chi trả tiền hỗ trợ sinh viên?,hình thức và số lần cấp hỗ trợ chi phí học tập theo quyết định 66 là gì?,482
làm thế nào để hiểu rõ về số lần và cách thức được cấp kinh phí học tập trong văn bản 66?,hình thức và số lần cấp hỗ trợ chi phí học tập theo quyết định 66 là gì?,482
nội dung của quyết định 66 đã chỉ định cụ thể về bao nhiêu lần và bằng hình thức gì để hỗ trợ chi phí học tập?,hình thức và số lần cấp hỗ trợ chi phí học tập theo quyết định 66 là gì?,482
sinh viên thuộc các dân tộc thiểu số cần nộp đơn xin hỗ trợ tài trợ cho việc học tập vào khoảng thời gian nào?,thời hạn nộp hồ sơ hỗ trợ chi phí học tập cho sinh viên dân tộc thiểu số là khi nào?,483
thời điểm nào thì những bạn sinh viên vùng dân tộc thiểu số được phép nộp hồ sơ để nhận tiền học?,thời hạn nộp hồ sơ hỗ trợ chi phí học tập cho sinh viên dân tộc thiểu số là khi nào?,483
khi nào là khoảng hạn cho việc trình bày giấy tờ đề nghị trợ cấp học bổng dành riêng cho sinh viên thiểu số?,thời hạn nộp hồ sơ hỗ trợ chi phí học tập cho sinh viên dân tộc thiểu số là khi nào?,483
bạn có thể cho biết ngày tháng cụ thể để nộp đơn xin giúp đỡ kinh phí học tập của sinh viên các dân tộc ít người không?,thời hạn nộp hồ sơ hỗ trợ chi phí học tập cho sinh viên dân tộc thiểu số là khi nào?,483
những thành phần nào có trong bộ hồ sơ xin hỗ trợ học phí dành cho sinh viên vùng dân tộc ít người?,hồ sơ xét hỗ trợ chi phí học tập cho sinh viên dân tộc thiểu số gồm những gì?,484
"khi đăng ký nhận tiền hỗ trợ chi phí đi học, sinh viên dân tộc thiểu số cần chuẩn bị những giấy tờ gì?",hồ sơ xét hỗ trợ chi phí học tập cho sinh viên dân tộc thiểu số gồm những gì?,484
nội dung cụ thể của hồ sơ đề nghị hỗ trợ tài chính cho sinh viên dân tộc thiểu số là những gì?,hồ sơ xét hỗ trợ chi phí học tập cho sinh viên dân tộc thiểu số gồm những gì?,484
"để được xét hỗ trợ kinh phí học tập, sinh viên thuộc dân tộc thiểu số phải nộp những văn bản nào?",hồ sơ xét hỗ trợ chi phí học tập cho sinh viên dân tộc thiểu số gồm những gì?,484
"khi chuẩn bị hồ sơ, điểm mấu chốt cần quan tâm ở giấy xác nhận hộ nghèo hay cận nghèo là gì?",giấy xác nhận hộ nghèo/cận nghèo trong hồ sơ cần lưu ý điều gì?,485
"với loại giấy chứng minh thu nhập này, bạn cần lưu ý những điểm trọng yếu nào khi làm việc?",giấy xác nhận hộ nghèo/cận nghèo trong hồ sơ cần lưu ý điều gì?,485
làm sao để hoàn thiện hồ sơ liên quan đến giấy xác nhận hộ nghèo mà không gặp sai sót?,giấy xác nhận hộ nghèo/cận nghèo trong hồ sơ cần lưu ý điều gì?,485
"khi xin giấy xác nhận hộ nghèo hay cận nghèo, vấn đề gì là quan trọng nhất trong hồ sơ?",giấy xác nhận hộ nghèo/cận nghèo trong hồ sơ cần lưu ý điều gì?,485
khoa cần bao nhiêu thời gian để hoàn tất việc xem xét và phê duyệt khoản hỗ trợ tài trợ cho sinh viên?,quy trình xét duyệt hỗ trợ chi phí học tập tại khoa diễn ra trong bao lâu?,486
thời hạn xử lý hồ sơ xin trợ cấp học phí của bộ môn kéo dài chừng bao lâu?,quy trình xét duyệt hỗ trợ chi phí học tập tại khoa diễn ra trong bao lâu?,486
phải mất bao lâu thì đơn đề nghị trợ giúp kinh phí học tập mới được khoa có kết luận?,quy trình xét duyệt hỗ trợ chi phí học tập tại khoa diễn ra trong bao lâu?,486
khoảng bao thời gian để khoa ra quyết định về việc cấp vốn hỗ trợ cho việc đi học?,quy trình xét duyệt hỗ trợ chi phí học tập tại khoa diễn ra trong bao lâu?,486
đơn vị nào là bước kiểm tra cuối cùng đối với danh sách sinh viên người dân tộc được nhận hỗ trợ học tập?,cơ quan nào thẩm định cuối cùng danh sách sinh viên dân tộc thiểu số được hỗ trợ chi phí học tập?,487
ai là bên có thẩm quyền xác nhận hồ sơ sinh viên thiểu số được trợ cấp chi phí đào tạo lần chót?,cơ quan nào thẩm định cuối cùng danh sách sinh viên dân tộc thiểu số được hỗ trợ chi phí học tập?,487
tổ chức nào đóng vai trò phán quyết cuối cùng cho việc cấp tiền hỗ trợ sinh viên vùng cao?,cơ quan nào thẩm định cuối cùng danh sách sinh viên dân tộc thiểu số được hỗ trợ chi phí học tập?,487
cơ quan nào có trách nhiệm chốt danh sách sinh viên dân tộc thiểu số được ưu tiên hỗ trợ kinh phí học?,cơ quan nào thẩm định cuối cùng danh sách sinh viên dân tộc thiểu số được hỗ trợ chi phí học tập?,487
"thủ tướng chính phủ đã ban hành văn bản nào để hỗ trợ kinh phí đi học cho học sinh, sinh viên vùng dân tộc?",quyết định nào của thủ tướng chính phủ quy định về hỗ trợ chi phí học tập cho sv dân tộc thiểu số?,488
việc cấp tiền hỗ trợ cho con em các dân tộc thiểu số đi học được quy định trong nghị quyết nào của vị thủ tướng?,quyết định nào của thủ tướng chính phủ quy định về hỗ trợ chi phí học tập cho sv dân tộc thiểu số?,488
nghị định hay quyết định nào của nhà nước do thủ tướng ký ban hành nhằm trợ cấp cho sinh viên vùng cao?,quyết định nào của thủ tướng chính phủ quy định về hỗ trợ chi phí học tập cho sv dân tộc thiểu số?,488
văn bản pháp lý nào của thủ tướng chính phủ quy định về khoản tiền hỗ trợ học tập dành cho các em dân tộc?,quyết định nào của thủ tướng chính phủ quy định về hỗ trợ chi phí học tập cho sv dân tộc thiểu số?,488
những học viên đào tạo giáo dục liệu có được nhận hỗ trợ nhà nước cùng lúc nếu nằm trong danh mục quy định hay không?,sinh viên sư phạm có thể đồng thời hưởng trợ cấp xã hội nếu thuộc đối tượng quy định không?,489
đối tượng học sinh theo ngành sư phạm có quyền nhận trợ cấp xã hội không khi thuộc nhóm được chỉ định?,sinh viên sư phạm có thể đồng thời hưởng trợ cấp xã hội nếu thuộc đối tượng quy định không?,489
làm sao để biết người học nghề dạy học có thể vừa hưởng trợ cấp vừa đáp ứng điều kiện quy định?,sinh viên sư phạm có thể đồng thời hưởng trợ cấp xã hội nếu thuộc đối tượng quy định không?,489
việc nhận hỗ trợ xã hội của sinh viên ngành giáo dục có được phép đồng thời nếu họ là người được quy định hay chưa?,sinh viên sư phạm có thể đồng thời hưởng trợ cấp xã hội nếu thuộc đối tượng quy định không?,489
phương thức gì được dùng để chuyển các khoản trợ cấp cho sinh viên?,việc chi trả mọi khoản hỗ trợ cho sinh viên đều thực hiện qua hình thức nào?,490
sinh viên nhận hỗ trợ bằng hình thức nào trong mọi trường hợp?,việc chi trả mọi khoản hỗ trợ cho sinh viên đều thực hiện qua hình thức nào?,490
toàn bộ số tiền hỗ trợ dành cho sinh viên đều được giải ngân ra sao?,việc chi trả mọi khoản hỗ trợ cho sinh viên đều thực hiện qua hình thức nào?,490
làm thế nào để thực hiện việc chuyển trả các khoản giúp đỡ cho sinh viên?,việc chi trả mọi khoản hỗ trợ cho sinh viên đều thực hiện qua hình thức nào?,490
địa điểm để sinh viên làm thủ tục xin trợ cấp học tập theo quyết định 66 là ở đâu?,sinh viên nộp hồ sơ hỗ trợ chi phí học tập (qđ 66) tại đâu?,491
"theo quy định 66, hồ đơn xin hỗ trợ kinh phí đào tạo mà sinh viên cần nộp thì phải gửi tại cơ quan nào?",sinh viên nộp hồ sơ hỗ trợ chi phí học tập (qđ 66) tại đâu?,491
sinh viên cần tìm đâu để hoàn tất việc đăng ký nhận tiền hỗ trợ học tập dựa trên qđ 66?,sinh viên nộp hồ sơ hỗ trợ chi phí học tập (qđ 66) tại đâu?,491
cơ quan nào chịu trách nhiệm tiếp nhận hồ sơ xin trợ cấp học của sinh viên theo hướng dẫn tại quyết định 66?,sinh viên nộp hồ sơ hỗ trợ chi phí học tập (qđ 66) tại đâu?,491
những yếu tố nào quyết định sinh viên thuộc nhóm dân tộc ít người có thể nhận đồng thời cả tiền trợ cấp xã hội lẫn khoản hỗ trợ kinh phí học tập?,điều kiện để sinh viên dân tộc thiểu số được hưởng cả trợ cấp xã hội và hỗ trợ chi phí học tập là gì?,492
làm thế nào để một bạn học người dân tộc thiểu số vừa được cấp trợ cấp xã hội vừa được hỗ trợ chi phí đi học?,điều kiện để sinh viên dân tộc thiểu số được hưởng cả trợ cấp xã hội và hỗ trợ chi phí học tập là gì?,492
tiêu chuẩn gì cần đáp ứng để sinh viên ít người tộc được hưởng hai loại hỗ trợ là trợ cấp xã hội và hỗ trợ học phí cùng lúc?,điều kiện để sinh viên dân tộc thiểu số được hưởng cả trợ cấp xã hội và hỗ trợ chi phí học tập là gì?,492
sinh viên người dân tộc thiểu số cần có những điều kiện gì để nhận trọn vẹn cả hỗ trợ chi phí học tập lẫn trợ cấp xã hội?,điều kiện để sinh viên dân tộc thiểu số được hưởng cả trợ cấp xã hội và hỗ trợ chi phí học tập là gì?,492
người có hoàn cảnh khó khăn về thể chất nhưng gia đình đủ ăn thì có nhận được hỗ trợ xã hội hay không?,sinh viên khuyết tật nhưng không nghèo có được hưởng trợ cấp xã hội không?,493
liệu học sinh bị khiếm khuyết mà không cùng cảnh nghèo khổ vẫn được cấp cứu trợ hay không?,sinh viên khuyết tật nhưng không nghèo có được hưởng trợ cấp xã hội không?,493
trường hợp sinh viên bị tật nhưng không thiếu thốn về kinh tế thì có thuộc diện nhận trợ giúp không?,sinh viên khuyết tật nhưng không nghèo có được hưởng trợ cấp xã hội không?,493
những bạn học sinh bị hạn chế về sức khỏe mà vẫn có điều kiện sống đầy đủ thì có được ưu tiên hỗ trợ đặc biệt không?,sinh viên khuyết tật nhưng không nghèo có được hưởng trợ cấp xã hội không?,493
bạn những sinh viên đã mất cha mẹ có bắt buộc phải đạt mức khá trong danh sách xếp loại mới được hỗ trợ 100 ngàn không?,sinh viên mồ côi có cần xếp loại học tập khá để nhận trợ cấp 100.000đ không?,494
điều kiện để nhận khoản trợ cấp 100.000đ đối với các bạn mồ côi là phải xếp loại khá hay không?,sinh viên mồ côi có cần xếp loại học tập khá để nhận trợ cấp 100.000đ không?,494
những em học sinh thiếu thốn cha mẹ có cần đạt thành tích khá mới đủ điều kiện nhận 100 nghìn hay không?,sinh viên mồ côi có cần xếp loại học tập khá để nhận trợ cấp 100.000đ không?,494
việc xếp loại khá có thực sự là yêu cầu cần thiết để các bạn mồ côi nhận được 100.000đ hỗ trợ không?,sinh viên mồ côi có cần xếp loại học tập khá để nhận trợ cấp 100.000đ không?,494
loại trợ cấp nào có quy định thời gian nộp hồ sơ là 45 ngày?,thời hạn 45 ngày nộp hồ sơ áp dụng cho loại trợ cấp nào?,495
"trong các khoản trợ cấp, đâu là loại yêu cầu ứng viên phải hoàn thành thủ tục trong vòng 45 ngày?",thời hạn 45 ngày nộp hồ sơ áp dụng cho loại trợ cấp nào?,495
ai là đối tượng nhận được trợ cấp khi bắt buộc phải gửi đơn trong kỳ 45 ngày?,thời hạn 45 ngày nộp hồ sơ áp dụng cho loại trợ cấp nào?,495
loại tiền hỗ trợ nào quy định thời gian xử lý hồ sơ chỉ trong 45 ngày?,thời hạn 45 ngày nộp hồ sơ áp dụng cho loại trợ cấp nào?,495
những khoản trợ cấp nào có quy trình nộp giấy tờ trong vòng một tháng?,thời hạn 30 ngày nộp hồ sơ áp dụng cho những loại hỗ trợ nào?,496
loại hỗ trợ nào sẽ được xem xét hồ sơ trong thời gian 30 ngày?,thời hạn 30 ngày nộp hồ sơ áp dụng cho những loại hỗ trợ nào?,496
30 ngày là thời gian quy định để nộp đơn cho những dự án hỗ trợ nào?,thời hạn 30 ngày nộp hồ sơ áp dụng cho những loại hỗ trợ nào?,496
ai là những đối tượng nhận được hỗ trợ khi yêu cầu phải nộp hồ sơ trong 30 ngày?,thời hạn 30 ngày nộp hồ sơ áp dụng cho những loại hỗ trợ nào?,496
những bạn sinh viên thuộc hộ cận nghèo nhưng điểm trung bình chỉ ở mức khá thì có được cấp hỗ trợ xã hội hay không?,sinh viên hộ cận nghèo có học lực trung bình có được nhận trợ cấp xã hội không?,497
học sinh đại học có gia đình cận nghèo mà thành tích học tập ở mức trung bình có đủ điều kiện nhận trợ cấp nhà nước không?,sinh viên hộ cận nghèo có học lực trung bình có được nhận trợ cấp xã hội không?,497
trường hợp sinh viên hộ cận nghèo với kết quả học tập bình thường thì có thuộc đối tượng được trợ giúp xã hội hay chưa?,sinh viên hộ cận nghèo có học lực trung bình có được nhận trợ cấp xã hội không?,497
"đối với bạn trẻ đang đi học, gia đình cận nghèo và điểm số ở mức khá, liệu có được nhận hỗ trợ từ cộng đồng không?",sinh viên hộ cận nghèo có học lực trung bình có được nhận trợ cấp xã hội không?,497
"tại sao sinh viên ngành sư phạm lại nhận được khoản tiền hỗ trợ 3,63 triệu?","mục đích của khoản hỗ trợ 3,63 triệu đồng cho sinh viên sư phạm là gì?",498
"mục tiêu của quỹ 3,63 triệu dành riêng cho sinh viên giáo dục là gì?","mục đích của khoản hỗ trợ 3,63 triệu đồng cho sinh viên sư phạm là gì?",498
"khoản trợ cấp 3,63 triệu đồng nhắm đến đối tượng sinh viên sư phạm để làm gì?","mục đích của khoản hỗ trợ 3,63 triệu đồng cho sinh viên sư phạm là gì?",498
"sinh viên làm nghề giáo nhận được 3,63 triệu vì lý do chính nào?","mục đích của khoản hỗ trợ 3,63 triệu đồng cho sinh viên sư phạm là gì?",498
ai là bộ phận đầu tiên tiếp nhận hồ sơ cho mọi chính sách hỗ trợ?,đơn vị nào chịu trách nhiệm tiếp nhận hồ sơ của tất cả các chính sách hỗ trợ tại bước đầu tiên?,499
chính sách hỗ trợ nào sẽ được đơn vị nào nhận hồ sơ lần đầu?,đơn vị nào chịu trách nhiệm tiếp nhận hồ sơ của tất cả các chính sách hỗ trợ tại bước đầu tiên?,499
bộ phận nào đứng ra tiếp nhận hồ sơ của các chương trình hỗ trợ ngay từ đầu?,đơn vị nào chịu trách nhiệm tiếp nhận hồ sơ của tất cả các chính sách hỗ trợ tại bước đầu tiên?,499
đơn vị nào đảm nhận việc tiếp nhận hồ sơ hỗ trợ ở giai đoạn khởi đầu?,đơn vị nào chịu trách nhiệm tiếp nhận hồ sơ của tất cả các chính sách hỗ trợ tại bước đầu tiên?,499
tiêu chí điểm số thấp nhất mà sinh viên phải đạt được để đủ điều kiện nhận học bổng khuyến khích học tập là bao nhiêu?,sinh viên cần đạt mức điểm trung bình tối thiểu là bao nhiêu để được xét học bổng khuyến khích học tập?,500
mức điểm trung bình tối thiểu cần có nhằm được hưởng chế độ hỗ trợ học tập dành cho sinh viên là con số bao nhiêu?,sinh viên cần đạt mức điểm trung bình tối thiểu là bao nhiêu để được xét học bổng khuyến khích học tập?,500
"để đủ điều kiện tham gia chương trình hỗ trợ tài chính cho sinh viên, điểm số sàn cần thiết là bao nhiêu?",sinh viên cần đạt mức điểm trung bình tối thiểu là bao nhiêu để được xét học bổng khuyến khích học tập?,500
sinh viên cần tích lũy mức điểm trung bình từ bao nhiêu trở lên thì mới được xem xét cho các suất học bổng khuyến khích?,sinh viên cần đạt mức điểm trung bình tối thiểu là bao nhiêu để được xét học bổng khuyến khích học tập?,500
theo quy định thì điểm trung bình để xét học bổng khuyến khích học tập được tính như thế nào?,công thức tính điểm trung bình dùng để xét học bổng khuyến khích học tập (hbkkht) được quy định như thế nào?,501
làm sao để xác định điểm trung bình phục vụ cho việc xét học bổng khuyến khích học tập theo đúng quy định?,công thức tính điểm trung bình dùng để xét học bổng khuyến khích học tập (hbkkht) được quy định như thế nào?,501
cách tính điểm trung bình nhằm mục đích xét thưởng học bổng khuyến khích học tập được quy định ra sao?,công thức tính điểm trung bình dùng để xét học bổng khuyến khích học tập (hbkkht) được quy định như thế nào?,501
quy định hiện hành về việc xác định điểm số để xét học bổng khuyến khích học tập là gì?,công thức tính điểm trung bình dùng để xét học bổng khuyến khích học tập (hbkkht) được quy định như thế nào?,501
loại môn học nào sẽ bị loại trừ khỏi việc tính điểm trung bình cho mục đích xét học bổng khuyến khích?,những loại học phần nào không được tính vào điểm trung bình để xét học bổng khuyến khích học tập?,502
khi nào một học phần không được đưa vào chỉ số trung bình để làm căn cứ xét thưởng học bổng?,những loại học phần nào không được tính vào điểm trung bình để xét học bổng khuyến khích học tập?,502
những môn nào sẽ không có đóng góp vào điểm số trung bình dùng để đánh giá cho học bổng khuyến khích?,những loại học phần nào không được tính vào điểm trung bình để xét học bổng khuyến khích học tập?,502
việc tính điểm trung bình cho học bổng khuyến khích sẽ bỏ qua những loại học phần nào?,những loại học phần nào không được tính vào điểm trung bình để xét học bổng khuyến khích học tập?,502
ai có quyền được hưởng học bổng khuyến khích học tập?,đối tượng nào được xét cấp học bổng khuyến khích học tập?,503
những ai đủ điều kiện để nhận tiền thưởng khuyến khích khi đi học?,đối tượng nào được xét cấp học bổng khuyến khích học tập?,503
tiêu chí xét duyệt học bổng khuyến khích áp dụng cho ai?,đối tượng nào được xét cấp học bổng khuyến khích học tập?,503
người nào có thể tham gia chương trình nhận học bổng khuyến khích?,đối tượng nào được xét cấp học bổng khuyến khích học tập?,503
"những bạn sinh viên hiện nay được nhận học bổng hay trợ cấp khác, liệu có đủ điều kiện tham gia chương trình khuyến khích học tập hay không?",sinh viên đang hưởng các chương trình học bổng hoặc trợ cấp khác có được xét học bổng khuyến khích học tập không?,504
"sinh viên đang hưởng các loại hỗ trợ tài chính khác, có được phép nộp hồ sơ xin học bổng khuyến khích hay không?",sinh viên đang hưởng các chương trình học bổng hoặc trợ cấp khác có được xét học bổng khuyến khích học tập không?,504
"ngoài việc nhận được học bổng hoặc trợ cấp hiện tại, sinh viên còn có cơ hội đăng ký học bổng khuyến khích không?",sinh viên đang hưởng các chương trình học bổng hoặc trợ cấp khác có được xét học bổng khuyến khích học tập không?,504
việc đang được cấp các khoản học bổng hay trợ cấp khác có ảnh hưởng đến quyền lợi xét học bổng khuyến khích của sinh viên?,sinh viên đang hưởng các chương trình học bổng hoặc trợ cấp khác có được xét học bổng khuyến khích học tập không?,504
"để đủ điều kiện nhận học bổng khuyến khích học tập, sinh viên cần tích lũy ít nhất bao nhiêu tín chỉ?",tổng số tín chỉ tối thiểu để sinh viên được xét học bổng khuyến khích học tập là bao nhiêu?,505
mức tín chỉ tối thiểu mà sinh viên phải đạt để được xem xét cho khoản học bổng khuyến khích là bao nhiêu?,tổng số tín chỉ tối thiểu để sinh viên được xét học bổng khuyến khích học tập là bao nhiêu?,505
bao nhiêu tín chỉ là con số ít nhất sinh viên cần có nhằm có cơ hội xét học bổng khuyến khích?,tổng số tín chỉ tối thiểu để sinh viên được xét học bổng khuyến khích học tập là bao nhiêu?,505
tiêu chí về số lượng tín chỉ tối thiểu cho việc xét chọn sinh viên nhận học bổng khuyến khích là bao nhiêu?,tổng số tín chỉ tối thiểu để sinh viên được xét học bổng khuyến khích học tập là bao nhiêu?,505
học phần nợ cần khôi phục lại có được tính vào tổng chỉ tiêu tín chỉ cho học bổng khuyến khích học tập hay không?,tổng số tín chỉ để xét học bổng khuyến khích học tập có bao gồm các học phần học lại để trả nợ không?,506
"khi xét học bổng khuyến khích học tập, liệu những môn học lại để bù điểm có nằm trong danh mục tín chỉ được tính toán không?",tổng số tín chỉ để xét học bổng khuyến khích học tập có bao gồm các học phần học lại để trả nợ không?,506
có bao gồm cả các đơn vị tín chỉ của môn học lại nhằm thanh toán nợ học tập vào tổng số tín chỉ xét cho học bổng khuyến khích học tập?,tổng số tín chỉ để xét học bổng khuyến khích học tập có bao gồm các học phần học lại để trả nợ không?,506
các học phần đã phải học lại vì lý do nợ có được cộng dồn vào số tín chỉ để tham dự xét học bổng khuyến khích học tập không?,tổng số tín chỉ để xét học bổng khuyến khích học tập có bao gồm các học phần học lại để trả nợ không?,506
những môn học giúp nâng cao điểm có được tính vào tổng số tín chỉ cho việc xét học bổng khuyến khích học tập không?,tổng số tín chỉ để xét học bổng khuyến khích học tập có bao gồm các học phần học cải thiện điểm không?,507
việc xét học bổng khuyến khích học tập có bao gồm cả các học phần cải thiện điểm hay chỉ tính những môn khác?,tổng số tín chỉ để xét học bổng khuyến khích học tập có bao gồm các học phần học cải thiện điểm không?,507
làm thế nào để biết các học phần học cải thiện điểm có nằm trong danh mục tín chỉ phục vụ xét học bổng khuyến khích học tập?,tổng số tín chỉ để xét học bổng khuyến khích học tập có bao gồm các học phần học cải thiện điểm không?,507
"khi tính tổng tín chỉ để tham dự xét học bổng khuyến khích học tập, các môn học cải thiện điểm có được đưa vào hay không?",tổng số tín chỉ để xét học bổng khuyến khích học tập có bao gồm các học phần học cải thiện điểm không?,507
các môn học nằm ngoài kế hoạch đào tạo sẽ được cộng vào tổng số tín chỉ để xét học bổng khuyến khích học tập hay không?,học phần ngoài thiết kế chương trình đào tạo có được tính vào tổng số tín chỉ xét học bổng khuyến khích học tập không?,508
việc học thêm những nội dung không nằm trong khung chương trình đào tạo có được tính tín chỉ cho mục đích xét học bổng khuyến khích học tập không?,học phần ngoài thiết kế chương trình đào tạo có được tính vào tổng số tín chỉ xét học bổng khuyến khích học tập không?,508
những tín chỉ từ các phần học ngoài quy định đào tạo có được sử dụng để tranh cử học bổng khuyến khích học tập hay không?,học phần ngoài thiết kế chương trình đào tạo có được tính vào tổng số tín chỉ xét học bổng khuyến khích học tập không?,508
có được tính tổng số tín chỉ của các môn ngoài chương trình đào tạo vào hồ sơ xét học bổng khuyến khích học tập hay không?,học phần ngoài thiết kế chương trình đào tạo có được tính vào tổng số tín chỉ xét học bổng khuyến khích học tập không?,508
việc học phần thể dục có được cộng vào tổng tín chỉ để xét khen thưởng học tập hay không?,học phần giáo dục thể chất có được tính vào tổng số tín chỉ xét học bổng khuyến khích học tập không?,509
tổng số tín chỉ dùng để nhận học bổng khuyến khích có bao gồm môn giáo dục thể chất không?,học phần giáo dục thể chất có được tính vào tổng số tín chỉ xét học bổng khuyến khích học tập không?,509
tôi cần biết liệu tín chỉ từ bộ môn thể chất có tính trong danh sách xét học bổng hay không.,học phần giáo dục thể chất có được tính vào tổng số tín chỉ xét học bổng khuyến khích học tập không?,509
môn học thể dục có đóng góp vào số tín chỉ chung để tranh chấp học bổng khuyến khích không?,học phần giáo dục thể chất có được tính vào tổng số tín chỉ xét học bổng khuyến khích học tập không?,509
việc môn giáo dục quốc phòng có được đưa vào tổng số tín chỉ dùng để xét thưởng học bổng khuyến khích học tập hay không?,học phần giáo dục quốc phòng có được tính vào tổng số tín chỉ xét học bổng khuyến khích học tập không?,510
tín chỉ của phần học quốc phòng có tính vào danh sách tín chỉ chung cho mục đích xét học bổng động viên không?,học phần giáo dục quốc phòng có được tính vào tổng số tín chỉ xét học bổng khuyến khích học tập không?,510
có được tính tín chỉ của môn quốc phòng vào tổng số để tham gia xét học bổng khuyến khích học tập không?,học phần giáo dục quốc phòng có được tính vào tổng số tín chỉ xét học bổng khuyến khích học tập không?,510
phần học giáo dục quốc phòng có đóng góp vào tổng số tín chỉ dùng xét học bổng khuyến khích sinh viên hay chưa?,học phần giáo dục quốc phòng có được tính vào tổng số tín chỉ xét học bổng khuyến khích học tập không?,510
các môn học về kỹ năng giao tiếp bằng tiếng anh có được cộng vào tổng số tín chỉ dành cho học bổng khuyến khích học tập hay không?,học phần kỹ năng giao tiếp tiếng anh có được tính vào tổng số tín chỉ xét học bổng khuyến khích học tập không?,511
liệu tín chỉ của bộ phận kỹ năng ngoại ngữ giao tiếp có được xem xét khi xét duyệt học bổng khuyến khích không?,học phần kỹ năng giao tiếp tiếng anh có được tính vào tổng số tín chỉ xét học bổng khuyến khích học tập không?,511
những lớp học tập trung vào khả năng giao tiếp tiếng anh có nằm trong danh mục tín chỉ tính toán cho học bổng hay không?,học phần kỹ năng giao tiếp tiếng anh có được tính vào tổng số tín chỉ xét học bổng khuyến khích học tập không?,511
có được tính tín chỉ cho việc học các kỹ năng nói tiếng anh vào tổng số xét cho học bổng khuyến khích học tập không?,học phần kỹ năng giao tiếp tiếng anh có được tính vào tổng số tín chỉ xét học bổng khuyến khích học tập không?,511
"đối với những em mới nhập học mà số tín chỉ đăng ký dưới 15, quy trình xét học bổng được thực hiện như thế nào?",nếu số tín chỉ sinh viên đăng ký học lần đầu nhỏ hơn 15 thì điều kiện để được xét học bổng là gì?,512
"khi sinh viên lần đầu đăng ký với lượng học phần ít hơn 15, tiêu chí nào quyết định việc nhận học bổng?",nếu số tín chỉ sinh viên đăng ký học lần đầu nhỏ hơn 15 thì điều kiện để được xét học bổng là gì?,512
mức tín chỉ dưới 15 đối với sinh viên năm nhất cần đáp ứng yêu cầu gì mới được tham gia xét thưởng?,nếu số tín chỉ sinh viên đăng ký học lần đầu nhỏ hơn 15 thì điều kiện để được xét học bổng là gì?,512
ai là người hoặc điều kiện nào sẽ được đánh giá xét học bổng nếu số đơn vị tín chỉ đăng ký đầu tiên chưa tới 15?,nếu số tín chỉ sinh viên đăng ký học lần đầu nhỏ hơn 15 thì điều kiện để được xét học bổng là gì?,512
cơ quan hay cá nhân nào được phép thẩm định và đưa ra quyết định đối với những tình huống đặc thù liên quan đến số lượng tín chỉ để xét trao học bổng?,ai có thẩm quyền xem xét quyết định các trường hợp đặc biệt về số tín chỉ xét học bổng?,513
ai nắm giữ chức năng phê duyệt các trường hợp riêng biệt về chỉ số tín chỉ khi xét duyệt học bổng?,ai có thẩm quyền xem xét quyết định các trường hợp đặc biệt về số tín chỉ xét học bổng?,513
việc xem xét và ra quyết định cho các tình huống đặc biệt về số tín chỉ trong hồ sơ học bổng thuộc thẩm quyền của vị trí nào?,ai có thẩm quyền xem xét quyết định các trường hợp đặc biệt về số tín chỉ xét học bổng?,513
tổ chức hay bộ phận nào có trách nhiệm giải quyết và ra kết quả cho những vụ việc đặc biệt liên quan đến số tín chỉ nhằm mục đích xét học bổng?,ai có thẩm quyền xem xét quyết định các trường hợp đặc biệt về số tín chỉ xét học bổng?,513
quy định về việc xét và cấp học bổng khuyến khích học tập dựa trên kết quả học tập của học kỳ được thực hiện như thế nào?,học kỳ lấy kết quả xét học bổng khuyến khích học tập được quy định như thế nào?,514
cách thức tiến hành xét học bổng khuyến khích học tập căn cứ vào thành tích học tập của học kỳ là gì?,học kỳ lấy kết quả xét học bổng khuyến khích học tập được quy định như thế nào?,514
tiêu chuẩn hay quy trình để nhận học bổng khuyến khích học tập dựa trên điểm số học kỳ được định nghĩa ra sao?,học kỳ lấy kết quả xét học bổng khuyến khích học tập được quy định như thế nào?,514
cơ quan quản lý có định chế gì cho việc xét duyệt học bổng khuyến khích học tập theo kết quả học kỳ không?,học kỳ lấy kết quả xét học bổng khuyến khích học tập được quy định như thế nào?,514
việc xét học bổng trong học kỳ này có bị giới hạn bởi thời gian đào tạo hay không?,học kỳ lấy kết quả xét học bổng có bị giới hạn trong thời gian đào tạo không?,515
kết quả xét học bổng của học kỳ này sẽ áp dụng cho toàn bộ thời gian đào tạo hay chỉ một phần?,học kỳ lấy kết quả xét học bổng có bị giới hạn trong thời gian đào tạo không?,515
"trong quá trình đào tạo, kết quả xét học bổng của học kỳ này có bị giới hạn về thời gian không?",học kỳ lấy kết quả xét học bổng có bị giới hạn trong thời gian đào tạo không?,515
có bị giới hạn trong thời gian đào tạo khi xem xét kết quả học bổng cho học kỳ này không?,học kỳ lấy kết quả xét học bổng có bị giới hạn trong thời gian đào tạo không?,515
mức điểm rèn luyện thấp nhất cần đạt được trong kỳ để sinh viên đủ điều kiện nhận học bổng khuyến khích học tập là bao nhiêu?,điểm rèn luyện tối thiểu ở học kỳ lấy kết quả để sinh viên đủ điều kiện xét học bổng khuyến khích học tập là bao nhiêu?,516
"để được xem xét cho học bổng khuyến khích học tập, sinh viên cần có điểm rèn luyện tối thiểu ở học kỳ như thế nào?",điểm rèn luyện tối thiểu ở học kỳ lấy kết quả để sinh viên đủ điều kiện xét học bổng khuyến khích học tập là bao nhiêu?,516
tiêu chuẩn điểm rèn luyện tối thiểu ở học kỳ nhằm đủ điều kiện hưởng học bổng khuyến khích học tập được quy định là bao nhiêu?,điểm rèn luyện tối thiểu ở học kỳ lấy kết quả để sinh viên đủ điều kiện xét học bổng khuyến khích học tập là bao nhiêu?,516
sinh viên cần đạt mức điểm rèn luyện thấp nhất ở học kỳ bao nhiêu mới đủ điều kiện để xét học bổng khuyến khích học tập?,điểm rèn luyện tối thiểu ở học kỳ lấy kết quả để sinh viên đủ điều kiện xét học bổng khuyến khích học tập là bao nhiêu?,516
thang đo điểm nào sẽ dùng để xác định sinh viên đủ điều kiện nhận học bổng khuyến khích học tập?,điểm rèn luyện để xét học bổng khuyến khích học tập được tính theo thang điểm nào?,517
việc tính toán điểm rèn luyện nhằm phục vụ xét tuyển học bổng khuyến khích học tập dựa trên tiêu chí nào?,điểm rèn luyện để xét học bổng khuyến khích học tập được tính theo thang điểm nào?,517
làm thế nào để quy đổi điểm rèn luyện cho mục đích xét học bổng khuyến khích học tập?,điểm rèn luyện để xét học bổng khuyến khích học tập được tính theo thang điểm nào?,517
tiêu chuẩn điểm số nào áp dụng khi đánh giá khả năng nhận học bổng khuyến khích học tập dựa trên rèn luyện?,điểm rèn luyện để xét học bổng khuyến khích học tập được tính theo thang điểm nào?,517
sinh viên đang có môn học lấy điểm dưới 5 điểm có được tham gia xét học bổng khuyến khích học tập hay không?,"sinh viên có học phần bị điểm dưới 5,0 có được xét học bổng khuyến khích học tập không?",518
"trường hợp có học phần điểm kém dưới mức 5,0 thì có đủ điều kiện nhận học bổng khuyến khích không?","sinh viên có học phần bị điểm dưới 5,0 có được xét học bổng khuyến khích học tập không?",518
những sinh viên bị điểm dưới 5 tại một số học phần vẫn có cơ hội được xét học bổng khuyến khích học tập chưa?,"sinh viên có học phần bị điểm dưới 5,0 có được xét học bổng khuyến khích học tập không?",518
"việc có môn học đạt điểm thấp hơn 5,0 có ảnh hưởng đến quyền được xét học bổng khuyến khích hay không?","sinh viên có học phần bị điểm dưới 5,0 có được xét học bổng khuyến khích học tập không?",518
tiêu chuẩn nào khiến sinh viên bị loại khỏi danh sách xét học bổng khuyến khích?,mức kỷ luật nào làm cho sinh viên không được xét học bổng khuyến khích học tập?,519
những quy định gì sẽ ngăn cản sinh viên nhận được học bổng khuyến khích?,mức kỷ luật nào làm cho sinh viên không được xét học bổng khuyến khích học tập?,519
sinh viên nào sẽ không đủ điều kiện để được xét học bổng khuyến khích vì vi phạm quy định gì?,mức kỷ luật nào làm cho sinh viên không được xét học bổng khuyến khích học tập?,519
loại vi phạm nào sẽ làm sinh viên mất quyền được xem xét cho học bổng khuyến khích?,mức kỷ luật nào làm cho sinh viên không được xét học bổng khuyến khích học tập?,519
mức điểm trung bình nhỏ nhất cần có để giành được học bổng khuyến khích học tập loại xuất sắc là bao nhiêu?,điểm trung bình tối thiểu để đạt học bổng khuyến khích học tập loại xuất sắc là bao nhiêu?,520
"để nhận học bổng khuyến khích học tập loại xuất sắc, sinh viên cần đạt mức trung bình tối thiểu bao nhiêu?",điểm trung bình tối thiểu để đạt học bổng khuyến khích học tập loại xuất sắc là bao nhiêu?,520
trung bình tối thiểu cần đạt là bao nhiêu nhằm đủ điều kiện nhận học bổng khuyến khích học tập loại xuất sắc?,điểm trung bình tối thiểu để đạt học bổng khuyến khích học tập loại xuất sắc là bao nhiêu?,520
loại học bổng khuyến khích học tập xuất sắc yêu cầu điểm trung bình thấp nhất là bao nhiêu?,điểm trung bình tối thiểu để đạt học bổng khuyến khích học tập loại xuất sắc là bao nhiêu?,520
mức điểm rèn luyện tối thấp cần đạt được để nhận học bổng khuyến khích học tập loại xuất sắc là bao nhiêu?,điểm rèn luyện tối thiểu để đạt học bổng khuyến khích học tập loại xuất sắc là bao nhiêu?,521
"muốn được trao học bổng khuyến khích học tập hạng xuất sắc, sinh viên cần có điểm rèn luyện tối thiểu bao nhiêu?",điểm rèn luyện tối thiểu để đạt học bổng khuyến khích học tập loại xuất sắc là bao nhiêu?,521
học bổng khuyến khích học tập loại xuất sắc yêu cầu ngưỡng điểm rèn luyện tối thấp là bao nhiêu điểm?,điểm rèn luyện tối thiểu để đạt học bổng khuyến khích học tập loại xuất sắc là bao nhiêu?,521
bao nhiêu điểm rèn luyện là con số tối thiểu để đủ điều kiện nhận học bổng khuyến khích học tập xuất sắc?,điểm rèn luyện tối thiểu để đạt học bổng khuyến khích học tập loại xuất sắc là bao nhiêu?,521
loại trợ cấp khuyến học dành cho thành tích xuất sắc sẽ được xếp vào hạng mục nào dưới dạng ký tự?,học bổng khuyến khích học tập loại xuất sắc tương đương với phân loại nào theo chữ cái?,522
"theo ký hiệu chữ cái, phần thưởng cho sinh viên học giỏi thuộc nhóm phân loại gì?",học bổng khuyến khích học tập loại xuất sắc tương đương với phân loại nào theo chữ cái?,522
vị trí của học bổng dành cho học sinh xuất sắc được định danh bằng chữ cái như thế nào?,học bổng khuyến khích học tập loại xuất sắc tương đương với phân loại nào theo chữ cái?,522
chữ cái nào tương ứng với danh mục học bổng cho thành tích xuất sắc theo tiêu chí khuyến khích?,học bổng khuyến khích học tập loại xuất sắc tương đương với phân loại nào theo chữ cái?,522
phương pháp xác định mức thưởng cho sinh viên xuất sắc trong học bổng khuyến khích học tập là gì?,giá trị của học bổng khuyến khích học tập loại xuất sắc được tính như thế nào?,523
tiêu chuẩn để tính toán khoản tiền dành cho học sinh/học viên đạt thành tích cao trong học bổng khuyến khích học tập như thế nào?,giá trị của học bổng khuyến khích học tập loại xuất sắc được tính như thế nào?,523
số tiền thưởng cho thành tích xuất sắc trong chương trình khuyến khích học tập được quy định ra sao?,giá trị của học bổng khuyến khích học tập loại xuất sắc được tính như thế nào?,523
cách thức quy đổi điểm số thành tiền thưởng cho các học viên xuất sắc trong học bổng khuyến khích học tập là gì?,giá trị của học bổng khuyến khích học tập loại xuất sắc được tính như thế nào?,523
mức điểm trung bình cần có để đủ điều kiện nhận học bổng khuyến khích học tập danh hiệu giỏi là bao nhiêu?,điểm trung bình tối thiểu để đạt học bổng khuyến khích học tập loại giỏi là bao nhiêu?,524
điểm số tối thiểu bao nhiêu mới được xét nhận học bổng khuyến khích học tập loại giỏi?,điểm trung bình tối thiểu để đạt học bổng khuyến khích học tập loại giỏi là bao nhiêu?,524
làm thế nào để đủ điều kiện cho học bổng khuyến khích học tập loại giỏi về mặt điểm số?,điểm trung bình tối thiểu để đạt học bổng khuyến khích học tập loại giỏi là bao nhiêu?,524
tiêu chuẩn điểm trung bình tối thấp cho học bổng khuyến khích học tập loại giỏi là con số nào?,điểm trung bình tối thiểu để đạt học bổng khuyến khích học tập loại giỏi là bao nhiêu?,524
"để được nhận học bổng khuyến khích học tập loại giỏi, ngưỡng điểm rèn luyện cần có là bao nhiêu?",điểm rèn luyện tối thiểu để đạt học bổng khuyến khích học tập loại giỏi là bao nhiêu?,525
mức điểm rèn luyện thấp nhất cho học bổng khuyến khích học tập hạng giỏi là bao nhiêu điểm?,điểm rèn luyện tối thiểu để đạt học bổng khuyến khích học tập loại giỏi là bao nhiêu?,525
học bổng khuyến khích học tập loại giỏi yêu cầu đạt tối thiểu bao nhiêu điểm rèn luyện?,điểm rèn luyện tối thiểu để đạt học bổng khuyến khích học tập loại giỏi là bao nhiêu?,525
ai có thể nhận học bổng khuyến khích học tập loại giỏi nếu có bao nhiêu điểm rèn luyện tối thiểu?,điểm rèn luyện tối thiểu để đạt học bổng khuyến khích học tập loại giỏi là bao nhiêu?,525
loại học bổng dành cho sinh viên xuất sắc tương ứng với ký hiệu chữ cái nào?,học bổng khuyến khích học tập loại giỏi tương đương với phân loại nào theo chữ cái?,526
phân hạng nào trong danh sách các chữ cái được gán cho học bổng khuyến khích học tập dành riêng cho thành tích tốt?,học bổng khuyến khích học tập loại giỏi tương đương với phân loại nào theo chữ cái?,526
ký hiệu chữ cái nào đại diện cho mức học bổng dành cho học sinh có kết quả học tập xuất sắc?,học bổng khuyến khích học tập loại giỏi tương đương với phân loại nào theo chữ cái?,526
"theo bảng phân loại bằng chữ cái, học bổng cho người học giỏi thuộc nhóm nào?",học bổng khuyến khích học tập loại giỏi tương đương với phân loại nào theo chữ cái?,526
học bổng dành cho sinh viên xuất sắc có phương thức xác định mức tiền như thế nào?,giá trị của học bổng khuyến khích học tập loại giỏi được tính như thế nào?,527
mức hỗ trợ tài chính dành riêng cho những bạn học tập thật giỏi được quy định ra sao?,giá trị của học bổng khuyến khích học tập loại giỏi được tính như thế nào?,527
việc tính toán số tiền thưởng cho học trò thành đạt diễn ra thế nào?,giá trị của học bổng khuyến khích học tập loại giỏi được tính như thế nào?,527
đối tượng nhận học bổng khuyến khích sẽ được cấp hỗ trợ theo cơ chế gì?,giá trị của học bổng khuyến khích học tập loại giỏi được tính như thế nào?,527
mức điểm trung bình thấp nhất cho loại khá của học bổng khuyến khích học tập là bao nhiêu?,điểm trung bình tối thiểu để đạt học bổng khuyến khích học tập loại khá là bao nhiêu?,528
điểm sàn tối thiểu để nhận được học bổng khuyến khích học tập ở mức khá là bao nhiêu?,điểm trung bình tối thiểu để đạt học bổng khuyến khích học tập loại khá là bao nhiêu?,528
muốn đạt học bổng khuyến khích học tập loại khá thì cần có điểm trung bình ít nhất bao nhiêu?,điểm trung bình tối thiểu để đạt học bổng khuyến khích học tập loại khá là bao nhiêu?,528
hệ số điểm trung bình tối thiểu dành cho học bổng khuyến khích học tập hạng khá là bao nhiêu?,điểm trung bình tối thiểu để đạt học bổng khuyến khích học tập loại khá là bao nhiêu?,528
tiêu chuẩn điểm số thấp nhất cần có để được nhận học bổng khuyến khích học tập ở mức khá là bao nhiêu?,điểm rèn luyện tối thiểu để đạt học bổng khuyến khích học tập loại khá là bao nhiêu?,529
mức điểm tối thiểu dành cho loại khá trong học bổng khuyến khích học tập được quy định như thế nào?,điểm rèn luyện tối thiểu để đạt học bổng khuyến khích học tập loại khá là bao nhiêu?,529
muốn đạt loại khá với học bổng khuyến khích học tập thì phải có ít nhất bao nhiêu điểm?,điểm rèn luyện tối thiểu để đạt học bổng khuyến khích học tập loại khá là bao nhiêu?,529
điểm sàn để có thể được xét học bổng khuyến khích học tập ở hạng khá là bao nhiêu?,điểm rèn luyện tối thiểu để đạt học bổng khuyến khích học tập loại khá là bao nhiêu?,529
mức học bổng dành cho học sinh đạt loại khá sẽ được xếp vào nhóm chữ cái nào?,học bổng khuyến khích học tập loại khá tương đương với phân loại nào theo chữ cái?,530
"theo phân loại bằng ký hiệu a, b, c hay d thì học bổng khuyến khích học tập loại khá tương ứng với nhóm nào?",học bổng khuyến khích học tập loại khá tương đương với phân loại nào theo chữ cái?,530
nhóm chữ cái đại diện cho học bổng khuyến khích học tập của học sinh khá là nhóm nào?,học bổng khuyến khích học tập loại khá tương đương với phân loại nào theo chữ cái?,530
loại học bổng khuyến khích học tập đạt điểm khá sẽ tương đương với ký hiệu chữ cái gì?,học bổng khuyến khích học tập loại khá tương đương với phân loại nào theo chữ cái?,530
khoản hỗ trợ cho học sinh có thành tích khá được tính bao nhiêu % chi phí đào tạo?,giá trị của học bổng khuyến khích học tập loại khá được tính bằng bao nhiêu phần trăm học phí?,531
mức độ đóng góp tài chính dành riêng cho nhóm khá so với tổng học phí là bao nhiêu?,giá trị của học bổng khuyến khích học tập loại khá được tính bằng bao nhiêu phần trăm học phí?,531
tỷ lệ phần trăm tiền đóng góp cho các bạn có điểm khá được quy định như thế nào?,giá trị của học bổng khuyến khích học tập loại khá được tính bằng bao nhiêu phần trăm học phí?,531
"khi xét tuyển loại khá, phần tiền thưởng từ ngân sách nhà nước chiếm bao nhiêu phần trong học phí?",giá trị của học bổng khuyến khích học tập loại khá được tính bằng bao nhiêu phần trăm học phí?,531
những tiêu chí nào được dùng để tính toán mức học bổng khuyến khích học tập loại khá dựa trên học phí?,học phí để xác định giá trị học bổng khuyến khích học tập loại khá được căn cứ vào các yếu tố nào?,532
học phí đóng vai trò thế nào trong việc quy định giá trị của khoản học bổng khuyến khích dành cho học sinh có học lực khá?,học phí để xác định giá trị học bổng khuyến khích học tập loại khá được căn cứ vào các yếu tố nào?,532
"để định giá học bổng khuyến khích học tập loại khá, ngoài học phí còn cần xem xét những yếu tố gì?",học phí để xác định giá trị học bổng khuyến khích học tập loại khá được căn cứ vào các yếu tố nào?,532
"việc xác định mức độ học bổng khuyến khích cho đối tượng khá phụ thuộc vào đâu, với học phí là yếu tố then chốt?",học phí để xác định giá trị học bổng khuyến khích học tập loại khá được căn cứ vào các yếu tố nào?,532
bộ phận nào chịu trách nhiệm thực hiện xét duyệt học bổng khuyến khích học tập dành cho sinh viên?,đơn vị nào phụ trách tiến hành xét học bổng khuyến khích học tập cho sinh viên?,533
ai là người quản lý công tác xét và cấp học bổng khuyến khích học tập cho sinh viên?,đơn vị nào phụ trách tiến hành xét học bổng khuyến khích học tập cho sinh viên?,533
cơ quan nào làm nhiệm vụ đánh giá và xét học bổng khuyến khích sinh viên?,đơn vị nào phụ trách tiến hành xét học bổng khuyến khích học tập cho sinh viên?,533
hãy cho biết đơn vị nào đảm nhiệm công việc xét học bổng khuyến khích học tập cho sinh viên?,đơn vị nào phụ trách tiến hành xét học bổng khuyến khích học tập cho sinh viên?,533
công cụ nào được dùng để tiến hành xét học bổng khuyến khích học tập?,việc xét học bổng khuyến khích học tập được thực hiện thông qua công cụ nào?,534
làm thế nào để thực hiện việc xét chọn học bổng khuyến khích học tập?,việc xét học bổng khuyến khích học tập được thực hiện thông qua công cụ nào?,534
bằng phương tiện gì người ta thực hiện công tác xét học bổng khuyến khích học tập?,việc xét học bổng khuyến khích học tập được thực hiện thông qua công cụ nào?,534
việc xét chọn học bổng khuyến khích học tập được tổ chức bằng công cụ nào?,việc xét học bổng khuyến khích học tập được thực hiện thông qua công cụ nào?,534
"khi phân loại thứ hạng cho các học bổng khuyến khích học tập, điều kiện nào đứng đầu danh sách?",tiêu chí ưu tiên số một khi sắp xếp thứ tự thành tích xét học bổng khuyến khích học tập là gì?,535
"để xác định trình tự xét duyệt học bổng khuyến khích học tập, yếu tố quan trọng nhất là gì?",tiêu chí ưu tiên số một khi sắp xếp thứ tự thành tích xét học bổng khuyến khích học tập là gì?,535
"trong bộ quy tắc sắp xếp thành tích cho học bổng khuyến khích, tiêu chuẩn hàng đầu được đặt tên là gì?",tiêu chí ưu tiên số một khi sắp xếp thứ tự thành tích xét học bổng khuyến khích học tập là gì?,535
"khi so sánh các thành tích để phân loại cho học bổng khuyến khích, đâu là yếu tố được xem xét trước tiên?",tiêu chí ưu tiên số một khi sắp xếp thứ tự thành tích xét học bổng khuyến khích học tập là gì?,535
tiêu chuẩn thứ hai để xếp hạng các thành tích xét chọn sinh viên học bổng khuyến khích học tập là điều gì?,tiêu chí ưu tiên số hai khi sắp xếp thứ tự thành tích xét học bổng khuyến khích học tập là gì?,536
"trong danh mục xếp hạng thành tích nhằm mục đích trao học bổng khuyến khích học tập, hạng ưu tiên tiếp theo là yếu tố nào?",tiêu chí ưu tiên số hai khi sắp xếp thứ tự thành tích xét học bổng khuyến khích học tập là gì?,536
"khi phân loại thứ tự các thành tích cho sinh viên nhận học bổng khuyến khích học tập, điều kiện được chọn ở vị trí số hai là gì?",tiêu chí ưu tiên số hai khi sắp xếp thứ tự thành tích xét học bổng khuyến khích học tập là gì?,536
yếu tố nào đứng thứ nhì trong việc xếp hạng thành tích để quyết định sinh viên được hưởng học bổng khuyến khích học tập?,tiêu chí ưu tiên số hai khi sắp xếp thứ tự thành tích xét học bổng khuyến khích học tập là gì?,536
"trong danh mục xếp hạng thành tích để xét học bổng khuyến khích, tiêu chí thứ ba là gì?",tiêu chí ưu tiên số ba khi sắp xếp thứ tự thành tích xét học bổng khuyến khích học tập là gì?,537
"khi sắp xếp thứ hạng cho việc xét chọn học bổng khuyến khích, điều kiện ưu tiên thứ ba cụ thể như thế nào?",tiêu chí ưu tiên số ba khi sắp xếp thứ tự thành tích xét học bổng khuyến khích học tập là gì?,537
thành tích nào đứng thứ ba trong quy trình đánh giá để được xem xét nhận học bổng khuyến khích?,tiêu chí ưu tiên số ba khi sắp xếp thứ tự thành tích xét học bổng khuyến khích học tập là gì?,537
tiêu chuẩn thứ ba trong việc phân loại thứ tự thành tích cho các bạn nộp hồ sơ học bổng khuyến khích ra sao?,tiêu chí ưu tiên số ba khi sắp xếp thứ tự thành tích xét học bổng khuyến khích học tập là gì?,537
"trong danh mục xếp hạng thành tích để xét học bổng khuyến khích học tập, tiêu chí thứ tư là điều gì?",tiêu chí ưu tiên số bốn khi sắp xếp thứ tự thành tích xét học bổng khuyến khích học tập là gì?,538
khi nào thì thành tích được xem xét để cấp học bổng khuyến khích học tập dựa trên tiêu chí ưu tiên số bốn?,tiêu chí ưu tiên số bốn khi sắp xếp thứ tự thành tích xét học bổng khuyến khích học tập là gì?,538
tiêu chí nào đứng thứ tư trong quy trình phân loại thành tích cho mục đích xét học bổng khuyến khích học tập?,tiêu chí ưu tiên số bốn khi sắp xếp thứ tự thành tích xét học bổng khuyến khích học tập là gì?,538
làm thế nào để xác định tiêu chí ưu tiên thứ tư khi sắp xếp thứ hạng thành tích cho học bổng khuyến khích học tập?,tiêu chí ưu tiên số bốn khi sắp xếp thứ tự thành tích xét học bổng khuyến khích học tập là gì?,538
cơ sở nào quyết định việc cấp phát nguồn học bổng khuyến khích học tập?,nguồn học bổng khuyến khích học tập được phân bổ dựa trên cơ sở nào?,539
nguồn học bổng khuyến khích học tập được phân phối theo tiêu chuẩn gì?,nguồn học bổng khuyến khích học tập được phân bổ dựa trên cơ sở nào?,539
dựa trên những căn cứ nào mà học bổng khuyến khích học tập được chia sẻ?,nguồn học bổng khuyến khích học tập được phân bổ dựa trên cơ sở nào?,539
tiêu chí lựa chọn để phân bổ nguồn học bổng khuyến khích học tập là gì?,nguồn học bổng khuyến khích học tập được phân bổ dựa trên cơ sở nào?,539
đến thời điểm nào thì bộ phận tuyển sinh cùng công tác sinh viên sẽ chốt danh sách những người được nhận học bổng?,phòng tuyển sinh và công tác sinh viên sẽ thực hiện xác định danh sách sinh viên dự kiến nhận học bổng cho đến khi nào?,540
việc xác định danh sách ứng viên dự kiến nhận học bổng sẽ diễn ra cho đến lúc nào theo quy định của phòng?,phòng tuyển sinh và công tác sinh viên sẽ thực hiện xác định danh sách sinh viên dự kiến nhận học bổng cho đến khi nào?,540
khi nào mới dừng lại việc lập danh sách sinh viên có cơ hội nhận học bổng của ban phụ trách?,phòng tuyển sinh và công tác sinh viên sẽ thực hiện xác định danh sách sinh viên dự kiến nhận học bổng cho đến khi nào?,540
hạn mức thời gian để hoàn thành công tác xác định người dự định nhận học bổng là bao lâu?,phòng tuyển sinh và công tác sinh viên sẽ thực hiện xác định danh sách sinh viên dự kiến nhận học bổng cho đến khi nào?,540
"danh sách dự kiến nhận học bổng đã được thông báo rồi, vậy học viên có thể báo cáo ngay khi phát hiện thông tin không chính xác không?",sinh viên có thể phản hồi nếu có sai lệch về dữ liệu sau khi danh sách dự kiến nhận học bổng được công bố không?,541
"nếu trong danh sách dự kiến được công bố có sai số về dữ liệu, sinh viên được phép phản hồi như thế nào?",sinh viên có thể phản hồi nếu có sai lệch về dữ liệu sau khi danh sách dự kiến nhận học bổng được công bố không?,541
khi nào thì sinh viên được phép phản ánh nếu danh sách dự kiến học bổng vừa mới công bố bị sai lệch?,sinh viên có thể phản hồi nếu có sai lệch về dữ liệu sau khi danh sách dự kiến nhận học bổng được công bố không?,541
việc sai sót thông tin trong danh sách dự kiến học bổng đã công bố có thể được sinh viên phản hồi kịp thời hay không?,sinh viên có thể phản hồi nếu có sai lệch về dữ liệu sau khi danh sách dự kiến nhận học bổng được công bố không?,541
ai và tổ chức nào là người có quyền ra quyết định hỗ trợ tài chính cho sinh viên?,"đơn vị, cá nhân nào có thẩm quyền ban hành quyết định cấp học bổng khuyến khích học tập cho sinh viên?",542
cơ quan hay cá nhân nào được phép phát động chương trình trợ cấp cho sinh viên học tập?,"đơn vị, cá nhân nào có thẩm quyền ban hành quyết định cấp học bổng khuyến khích học tập cho sinh viên?",542
ai là người có trách nhiệm phê duyệt khoản tiền thưởng dành cho các bạn sinh viên?,"đơn vị, cá nhân nào có thẩm quyền ban hành quyết định cấp học bổng khuyến khích học tập cho sinh viên?",542
tổ chức nào hoặc người nào có quyền đưa ra văn bản về việc hỗ trợ học phí cho sinh viên?,"đơn vị, cá nhân nào có thẩm quyền ban hành quyết định cấp học bổng khuyến khích học tập cho sinh viên?",542
học bổng khuyến khích học tập sẽ được chi trả cho sinh viên bằng phương thức gì?,sinh viên được nhận tiền học bổng khuyến khích học tập qua hình thức nào?,543
sinh viên có thể nhận khoản tiền khuyến khích học tập thông qua kênh nào?,sinh viên được nhận tiền học bổng khuyến khích học tập qua hình thức nào?,543
hình thức trao giải thưởng khuyến khích học tập cho sinh viên diễn ra ra sao?,sinh viên được nhận tiền học bổng khuyến khích học tập qua hình thức nào?,543
khoản hỗ trợ tài chính dành cho sinh viên sẽ về tay bạn như thế nào?,sinh viên được nhận tiền học bổng khuyến khích học tập qua hình thức nào?,543
những ai đủ điều kiện nhận học bổng khuyến tài?,đối tượng nào được xét cấp học bổng khuyến tài?,544
đối tượng nào có quyền được hưởng suất tiền khuyến học này?,đối tượng nào được xét cấp học bổng khuyến tài?,544
ai là người được quyền đăng ký xét tuyển suất khuyến tài?,đối tượng nào được xét cấp học bổng khuyến tài?,544
những hạng mục nào nằm trong diện được nhận hỗ trợ tài chính khuyến học?,đối tượng nào được xét cấp học bổng khuyến tài?,544
tiêu chuẩn điểm số cần đáp ứng để được xét duyệt học bổng khuyến tài là bao nhiêu?,điều kiện về điểm số để nhận học bổng khuyến tài là gì?,545
muốn nhận học bổng khuyến tài thì phải đạt mức điểm như thế nào?,điều kiện về điểm số để nhận học bổng khuyến tài là gì?,545
những yêu cầu về thành tích học tập cho việc nhận học bổng khuyến tài ra sao?,điều kiện về điểm số để nhận học bổng khuyến tài là gì?,545
mức điểm tối thiểu cần có để giành được học bổng khuyến tài là gì?,điều kiện về điểm số để nhận học bổng khuyến tài là gì?,545
mức hỗ trợ tài chính từ quỹ khuyến học được quy định cụ thể như thế nào?,giá trị của học bổng khuyến tài được tính như thế nào?,546
cách tính khoản trợ giá dành cho sinh viên có hoàn cảnh khó khăn là gì?,giá trị của học bổng khuyến tài được tính như thế nào?,546
quỹ khuyến tài sẽ xác định giá trị phần thưởng theo phương pháp nào?,giá trị của học bổng khuyến tài được tính như thế nào?,546
số tiền hỗ trợ của chương trình khuyến học được đánh giá dựa trên những tiêu chí gì?,giá trị của học bổng khuyến tài được tính như thế nào?,546
những quy định về việc trao tặng và thời điểm nhận học bổng khuyến tài là gì?,phương thức và thời gian chi trả học bổng khuyến tài như thế nào?,547
làm thế nào để nhận tiền thưởng khuyến học và khi nào sẽ được chuyển khoản?,phương thức và thời gian chi trả học bổng khuyến tài như thế nào?,547
quy trình phát thưởng và lịch trình chi trả cho các thí sinh khuyến tài như thế nào?,phương thức và thời gian chi trả học bổng khuyến tài như thế nào?,547
học bổng khuyến tài sẽ được trao bằng hình thức gì và vào dịp nào?,phương thức và thời gian chi trả học bổng khuyến tài như thế nào?,547
người được trao giải thưởng tài năng học tập nhưng phải dừng việc học liệu vẫn còn quyền nhận khoản trợ cấp đó hay không?,sinh viên nhận học bổng khuyến tài bị thôi học có được tiếp tục nhận học bổng không?,548
"nếu học bổng dành cho sinh viên xuất sắc bị ngừng học, liệu khoản tiền hỗ trợ ấy có còn tiếp tục được chi trả?",sinh viên nhận học bổng khuyến tài bị thôi học có được tiếp tục nhận học bổng không?,548
"trường hợp học sinh đạt giải khuyến học mà phải rời bỏ ghế nhà trường, thì việc nhận thưởng có còn kéo dài không?",sinh viên nhận học bổng khuyến tài bị thôi học có được tiếp tục nhận học bổng không?,548
"khi sinh viên đoạt huy chương khuyến tài bị buộc phải thôi học, liệu nguồn lực tài trợ ban đầu có vẫn còn hiệu lực?",sinh viên nhận học bổng khuyến tài bị thôi học có được tiếp tục nhận học bổng không?,548
những bạn sinh viên dừng việc học liệu vẫn được giữ học bổng khuyến tài hay không?,sinh viên tạm dừng học có được bảo lưu học bổng khuyến tài không?,549
việc tạm nghỉ học có ảnh hưởng đến quyền được tiếp tục nhận học bổng khuyến tài không?,sinh viên tạm dừng học có được bảo lưu học bổng khuyến tài không?,549
nếu sinh viên phải nghỉ học thì học bổng khuyến tài còn được bảo lưu không?,sinh viên tạm dừng học có được bảo lưu học bổng khuyến tài không?,549
học bổng khuyến tài có được duy trì trong trường hợp sinh viên tạm dừng khóa học không?,sinh viên tạm dừng học có được bảo lưu học bổng khuyến tài không?,549
nữ sinh chuyên ngành kỹ thuật ai sẽ là người được trao giải thưởng này?,đối tượng nào được nhận học bổng nữ sinh viên kỹ thuật?,550
ai là chủ nhân của học bổng dành riêng cho nữ trong lĩnh vực kỹ thuật?,đối tượng nào được nhận học bổng nữ sinh viên kỹ thuật?,550
giải thưởng dành cho nữ kỹ sư sẽ được trao cho ai?,đối tượng nào được nhận học bổng nữ sinh viên kỹ thuật?,550
bên nào là đối tượng thụ hưởng học bổng dành cho nữ sinh ngành kỹ?,đối tượng nào được nhận học bổng nữ sinh viên kỹ thuật?,550
khoảng thời gian nào dùng để ghi nhận con số tỷ lệ sinh viên nữ ứng tuyển học bổng?,số liệu tỉ lệ sinh viên nữ để xét học bổng được thống kê trong thời gian bao lâu?,551
bao lâu thì có dữ liệu về tỷ lệ nữ sinh nộp hồ sơ nhận trợ cấp học?,số liệu tỉ lệ sinh viên nữ để xét học bổng được thống kê trong thời gian bao lâu?,551
thời gian thu thập thông tin liên quan đến số lượng nữ sinh xin học bổng là bao nhiêu?,số liệu tỉ lệ sinh viên nữ để xét học bổng được thống kê trong thời gian bao lâu?,551
dữ liệu phản ánh tỷ lệ nữ sinh được ưu đãi học bổng đã được ghi chép trong khung thời gian bao dài?,số liệu tỉ lệ sinh viên nữ để xét học bổng được thống kê trong thời gian bao lâu?,551
số tiền hỗ trợ dành cho nữ sinh ngành kỹ thuật trong năm học đầu tiên là bao nhiêu?,giá trị học bổng nữ sinh viên kỹ thuật trong học kỳ đầu tiên là bao nhiêu?,552
"học kỳ đầu tiên, nữ sinh viên chuyên ngành kỹ thuật nhận được học bổng trị giá bao nhiêu?",giá trị học bổng nữ sinh viên kỹ thuật trong học kỳ đầu tiên là bao nhiêu?,552
đối tượng là nữ sinh kỹ thuật sẽ được cấp học bổng bao nhiêu vào học kỳ đầu?,giá trị học bổng nữ sinh viên kỹ thuật trong học kỳ đầu tiên là bao nhiêu?,552
bao nhiêu tiền học bổng được dành cho các nữ sinh ngành kỹ thuật ở kỳ đầu tiên?,giá trị học bổng nữ sinh viên kỹ thuật trong học kỳ đầu tiên là bao nhiêu?,552
vậy những gì cần đáp ứng thì sinh viên nữ ngành kỹ thuật mới được nhận học bổng từ học kỳ hai trở đi?,điều kiện để tiếp tục nhận học bổng nữ sinh viên kỹ thuật từ học kỳ thứ 2 là gì?,553
"học kỳ thứ hai trở về sau, điều kiện bắt buộc để sinh viên nữ ngành kỹ thuật tiếp tục hưởng học bổng là gì vậy?",điều kiện để tiếp tục nhận học bổng nữ sinh viên kỹ thuật từ học kỳ thứ 2 là gì?,553
"muốn giữ được học bổng cho sinh viên nữ ngành kỹ thuật từ học kỳ hai trở đi, cần phải có những yêu cầu gì?",điều kiện để tiếp tục nhận học bổng nữ sinh viên kỹ thuật từ học kỳ thứ 2 là gì?,553
những tiêu chí nào cần đáp ứng thì sinh viên nữ học kỹ thuật mới được tiếp tục nhận học bổng ở học kỳ hai?,điều kiện để tiếp tục nhận học bổng nữ sinh viên kỹ thuật từ học kỳ thứ 2 là gì?,553
"nếu học sinh nữ theo ngành kỹ thuật không đáp ứng đủ tiêu chuẩn để tiếp tục nhận hỗ trợ tài chính, hậu quả sẽ ra sao?",chuyện gì xảy ra nếu sinh viên không đủ điều kiện duy trì học bổng nữ sinh viên kỹ thuật?,554
khi nào thì phụ nữ học kỹ thuật bị tước quyền nhận học bổng do không còn đủ điều kiện duy trì?,chuyện gì xảy ra nếu sinh viên không đủ điều kiện duy trì học bổng nữ sinh viên kỹ thuật?,554
tình huống như thế nào nếu cô gái ngành kỹ thuật không còn thỏa mãn các yêu cầu để giữ lại suất hỗ trợ?,chuyện gì xảy ra nếu sinh viên không đủ điều kiện duy trì học bổng nữ sinh viên kỹ thuật?,554
hệ lụy gì sẽ phát sinh khi thí sinh nữ theo hướng kỹ thuật bị loại khỏi danh sách nhận trợ cấp vì lý do không đủ tiêu chuẩn?,chuyện gì xảy ra nếu sinh viên không đủ điều kiện duy trì học bổng nữ sinh viên kỹ thuật?,554
những ai là đối tượng nhận được học bổng truyền thống của trường đại học công nghệ tp.hcm?,học bổng truyền thống hcmute dành cho đối tượng nào?,555
học bổng hcmute truyền thống được cấp cho nhóm sinh viên nào?,học bổng truyền thống hcmute dành cho đối tượng nào?,555
đối tượng nào có đủ điều kiện để được xét học bổng truyền thống tại trường?,học bổng truyền thống hcmute dành cho đối tượng nào?,555
trường hcmute trao học bổng truyền thống cho những ai?,học bổng truyền thống hcmute dành cho đối tượng nào?,555
học bổng truyền thống của trường có mức hỗ trợ tài chính là bao nhiêu?,mức hỗ trợ của học bổng truyền thống hcmute là bao nhiêu?,556
số tiền hỗ trợ từ loại học bổng thường niên tại hcmute là bao nhiêu?,mức hỗ trợ của học bổng truyền thống hcmute là bao nhiêu?,556
trường quy định hỗ trợ bao nhiêu cho sinh viên theo chương trình học bổng cũ?,mức hỗ trợ của học bổng truyền thống hcmute là bao nhiêu?,556
mức tài trợ dành cho sinh viên theo học bổng truyền thống là con số bao nhiêu?,mức hỗ trợ của học bổng truyền thống hcmute là bao nhiêu?,556
hcmute quy định bao nhiêu tín chỉ cần đạt để không bị tước học bổng truyền thống?,điều kiện về số tín chỉ để duy trì học bổng truyền thống hcmute là gì?,557
làm sao để giữ được học bổng truyền thống của trường nếu xét về mặt số lượng tín chỉ?,điều kiện về số tín chỉ để duy trì học bổng truyền thống hcmute là gì?,557
mức tín chỉ tối thiểu để tiếp tục nhận học bổng truyền thống tại hcmute là bao nhiêu?,điều kiện về số tín chỉ để duy trì học bổng truyền thống hcmute là gì?,557
việc duy trì học bổng truyền thống hcmute phụ thuộc vào điều kiện về tín chỉ ra sao?,điều kiện về số tín chỉ để duy trì học bổng truyền thống hcmute là gì?,557
"để được giữ nguyên học bổng truyền thống của trường, sinh viên cần có mức điểm trung bình và điểm rèn luyện như thế nào?",điểm trung bình và điểm rèn luyện cần thiết để duy trì học bổng truyền thống hcmute là bao nhiêu?,558
mức yêu cầu về thành tích học tập và phong trào cần đạt đến đâu mới đủ điều kiện nhận tiếp học bổng truyền thống?,điểm trung bình và điểm rèn luyện cần thiết để duy trì học bổng truyền thống hcmute là bao nhiêu?,558
điều kiện duy trì học bổng truyền thống đòi hỏi sinh viên phải có bao nhiêu điểm về chuyên môn lẫn rèn luyện?,điểm trung bình và điểm rèn luyện cần thiết để duy trì học bổng truyền thống hcmute là bao nhiêu?,558
sinh viên muốn tiếp tục nhận học bổng truyền thống cần đáp ứng ngưỡng điểm trung bình và rèn luyện cụ thể là bao nhiêu?,điểm trung bình và điểm rèn luyện cần thiết để duy trì học bổng truyền thống hcmute là bao nhiêu?,558
bao nhiêu lần sinh viên phải làm thủ tục hồ sơ cho học bổng truyền thống của trường đại học kỹ thuật công nghệ tp.hcm?,sinh viên cần nộp hồ sơ xét học bổng truyền thống hcmute bao nhiêu lần?,559
việc nộp đơn xin học bổng theo hình thức truyền thống tại hutech thì cần thực hiện bao nhiêu lần?,sinh viên cần nộp hồ sơ xét học bổng truyền thống hcmute bao nhiêu lần?,559
số lần cần gửi hồ sơ để tham gia xét học bổng truyền thống của trường là bao nhiêu?,sinh viên cần nộp hồ sơ xét học bổng truyền thống hcmute bao nhiêu lần?,559
hồ sơ xét tuyển học bổng truyền thống của đại học kỹ thuật công nghệ tp.hcm yêu cầu nộp mấy lần?,sinh viên cần nộp hồ sơ xét học bổng truyền thống hcmute bao nhiêu lần?,559
khi nào sinh viên sẽ được trao học bổng truyền thống của trường?,thời điểm sinh viên bắt đầu nhận được học bổng truyền thống hcmute là khi nào?,560
học bổng truyền thống hcmute thường cấp cho sinh viên vào thời điểm nào?,thời điểm sinh viên bắt đầu nhận được học bổng truyền thống hcmute là khi nào?,560
bạn có thể cho biết mốc thời gian nhận học bổng truyền thống dành cho sinh viên không?,thời điểm sinh viên bắt đầu nhận được học bổng truyền thống hcmute là khi nào?,560
sinh viên bắt đầu tiếp nhận học bổng truyền thống của trường lúc nào vậy?,thời điểm sinh viên bắt đầu nhận được học bổng truyền thống hcmute là khi nào?,560
những bạn sinh viên nghỉ học liệu vẫn được cấp học bổng truyền thống của trường không?,sinh viên tạm dừng học có được nhận học bổng truyền thống hcmute không?,561
trường có duy trì quyền nhận học bổng truyền thống cho các trường hợp tạm ngừng việc học hay không?,sinh viên tạm dừng học có được nhận học bổng truyền thống hcmute không?,561
tình trạng tạm hoãn việc theo học ảnh hưởng thế nào đến việc nhận học bổng truyền thống tại trường?,sinh viên tạm dừng học có được nhận học bổng truyền thống hcmute không?,561
nếu sinh viên dừng học thì học bổng truyền thống vẫn tiếp tục chi trả được không?,sinh viên tạm dừng học có được nhận học bổng truyền thống hcmute không?,561
"khi học bổng truyền thống bị mất đi, sinh viên cần làm gì để khôi phục lại?","nếu sinh viên đã mất điều kiện duy trì học bổng truyền thống, làm sao để nhận lại?",562
"trường hợp điều kiện nhận học bổng cũ không còn đáp ứng, phương án nào giúp lấy lại được?","nếu sinh viên đã mất điều kiện duy trì học bổng truyền thống, làm sao để nhận lại?",562
"nếu không còn đủ tiêu chuẩn cho học bổng truyền thống, cách nào để sinh viên giành lại cơ hội?","nếu sinh viên đã mất điều kiện duy trì học bổng truyền thống, làm sao để nhận lại?",562
"sau khi vi phạm điều kiện duy trì học bổng cũ, sinh viên phải làm thế nào để được nhận lại?","nếu sinh viên đã mất điều kiện duy trì học bổng truyền thống, làm sao để nhận lại?",562
học bổng dành cho sinh viên tài năng của trường hcmute hướng tới đối tượng nào?,đối tượng của học bổng sinh viên tài năng hcmute là ai?,563
những ai là người được hưởng học bổng dành riêng cho sinh viên xuất sắc tại hcmute?,đối tượng của học bổng sinh viên tài năng hcmute là ai?,563
tiêu chí về thành phần nhận học bổng tài năng của trường hcmute là gì?,đối tượng của học bổng sinh viên tài năng hcmute là ai?,563
sinh viên tài năng ở trường hcmute cần thuộc đối tượng nào để nhận học bổng?,đối tượng của học bổng sinh viên tài năng hcmute là ai?,563
những bạn vừa nhập học có quyền nhận học bổng dành cho sinh viên xuất sắc của trường không?,sinh viên năm nhất có được xét học bổng sinh viên tài năng hcmute không?,564
liệu tân sinh viên năm đầu tiên có đủ điều kiện để tham gia xét tuyển học bổng tài năng hay không?,sinh viên năm nhất có được xét học bổng sinh viên tài năng hcmute không?,564
sinh viên khóa đầu tiên được phép nộp đơn cho chương trình hỗ trợ tài năng hcmute chưa?,sinh viên năm nhất có được xét học bổng sinh viên tài năng hcmute không?,564
có phải sinh viên năm nhất cũng nằm trong diện xét duyệt học bổng sinh viên ưu tú của trường này?,sinh viên năm nhất có được xét học bổng sinh viên tài năng hcmute không?,564
tiêu chí về kết quả học tập và tu dưỡng cho sinh viên tài năng hcmute nhận học bổng là như thế nào?,điều kiện điểm học tập và rèn luyện của học bổng sinh viên tài năng hcmute là gì?,565
những yêu cầu nào liên quan đến điểm số và rèn luyện được quy định đối với học bổng sinh viên tài năng hcmute?,điều kiện điểm học tập và rèn luyện của học bổng sinh viên tài năng hcmute là gì?,565
sinh viên hcmute muốn được trao học bổng tài năng thì cần đạt mức độ học tập và rèn luyện ra sao?,điều kiện điểm học tập và rèn luyện của học bổng sinh viên tài năng hcmute là gì?,565
nội dung cụ thể về thành tích và kỷ luật của thí sinh tài năng hcmute để nhận học bổng là gì?,điều kiện điểm học tập và rèn luyện của học bổng sinh viên tài năng hcmute là gì?,565
quy định liên quan đến số lượng tín chỉ và vấn đề kỷ luật đối với sinh viên tài năng hcmute hiện được quy định cụ thể ra sao?,điều kiện về tín chỉ và kỷ luật của học bổng sinh viên tài năng hcmute như thế nào?,566
mức yêu cầu về mặt tín dụng và những ràng buộc về hành vi cho chương trình học bổng dành cho học sinh xuất sắc tại hcmute như thế nào?,điều kiện về tín chỉ và kỷ luật của học bổng sinh viên tài năng hcmute như thế nào?,566
những điều khoản bắt buộc về khối lượng bài tập và giữ gìn kỷ luật mà học bổng tài năng hcmute đặt ra cho sinh viên là gì?,điều kiện về tín chỉ và kỷ luật của học bổng sinh viên tài năng hcmute như thế nào?,566
các quy định nào về điểm tín chỉ cũng như thái độ kỷ luật được áp dụng cho học sinh tài năng nhận học bổng từ trường hcmute?,điều kiện về tín chỉ và kỷ luật của học bổng sinh viên tài năng hcmute như thế nào?,566
mức yêu cầu về điểm tham gia hoạt động xã hội để sinh viên tài năng hcmute nhận được học bổng là bao nhiêu?,yêu cầu về điểm công tác xã hội đối với học bổng sinh viên tài năng hcmute là bao nhiêu?,567
"để trở thành sinh viên tài năng hcmute có học bổng, bạn cần đạt bao nhiêu điểm công tác xã hội?",yêu cầu về điểm công tác xã hội đối với học bổng sinh viên tài năng hcmute là bao nhiêu?,567
học bổng dành cho sinh viên tài năng hcmute quy định mức điểm hoạt động cộng đồng cần thiết là bao nhiêu?,yêu cầu về điểm công tác xã hội đối với học bổng sinh viên tài năng hcmute là bao nhiêu?,567
sinh viên tài năng hcmute phải có bao nhiêu điểm công tác xã hội mới đủ điều kiện nhận học bổng?,yêu cầu về điểm công tác xã hội đối với học bổng sinh viên tài năng hcmute là bao nhiêu?,567
hệ thống cấp phát học bổng cho sinh viên xuất sắc tại trường bách khoa hà nội được vận hành ra sao?,số suất học bổng sinh viên tài năng hcmute được phân bổ như thế nào?,568
những sinh viên có năng khiếu của hutech sẽ nhận được học bổng theo phương thức phân bổ nào?,số suất học bổng sinh viên tài năng hcmute được phân bổ như thế nào?,568
cơ chế chia sẻ phần thưởng dành cho các bạn tài năng của trường kỹ thuật công nghệ hoạt động thế nào?,số suất học bổng sinh viên tài năng hcmute được phân bổ như thế nào?,568
quy trình phân phối học bổng dành riêng cho sinh viên ưu tú của hutech diễn ra như thế nào?,số suất học bổng sinh viên tài năng hcmute được phân bổ như thế nào?,568
số tiền hỗ trợ dành cho sinh viên xuất sắc tại trường hcmute là bao nhiêu?,giá trị của học bổng sinh viên tài năng hcmute là bao nhiêu?,569
mức lương hay khoản tiền nhận được của học bổng dành cho tân sinh viên tài năng của trường hcmute là bao nhiêu?,giá trị của học bổng sinh viên tài năng hcmute là bao nhiêu?,569
trường hcmute chi trả bao nhiêu cho các bạn sinh viên có thành tích học tập tốt qua học bổng?,giá trị của học bổng sinh viên tài năng hcmute là bao nhiêu?,569
sinh viên tài năng tại hcmute sẽ nhận được số tiền hỗ trợ cụ thể là bao nhiêu?,giá trị của học bổng sinh viên tài năng hcmute là bao nhiêu?,569
những tiêu chuẩn nào để sinh viên chuyên ngành được xét duyệt nhận học bổng ngoại ngữ?,điều kiện nhận học bổng ngoại ngữ đối với sinh viên chuyên ngữ là gì?,570
làm sao để trở thành đối tượng đủ điều kiện nhận hỗ trợ tài chính về mặt ngoại ngữ?,điều kiện nhận học bổng ngoại ngữ đối với sinh viên chuyên ngữ là gì?,570
sinh viên chuyên ngành cần đáp ứng yếu tố gì mới được hưởng học bổng ngoại ngữ?,điều kiện nhận học bổng ngoại ngữ đối với sinh viên chuyên ngữ là gì?,570
yếu tố nào quyết định việc cấp học bổng ngoại ngữ cho sinh viên chuyên ngành?,điều kiện nhận học bổng ngoại ngữ đối với sinh viên chuyên ngữ là gì?,570
sinh viên theo học ngành khác ngoài ngôn ngữ cần đáp ứng những tiêu chuẩn nào để được nhận học bổng ngoại ngữ?,điều kiện nhận học bổng ngoại ngữ đối với sinh viên không chuyên ngữ là gì?,571
"đối với những bạn đang theo đuổi chuyên ngành phi ngoại ngữ, quy trình xét tuyển học bổng liên quan đến ngoại ngữ diễn ra như thế nào?",điều kiện nhận học bổng ngoại ngữ đối với sinh viên không chuyên ngữ là gì?,571
ai là đối tượng được ưu tiên xét học bổng ngoại ngữ khi họ không thuộc khối ngành ngôn ngữ?,điều kiện nhận học bổng ngoại ngữ đối với sinh viên không chuyên ngữ là gì?,571
làm thế nào để một sinh viên không học ngôn ngữ vẫn có cơ hội nhận được hỗ trợ tài chính cho việc học ngoại ngữ?,điều kiện nhận học bổng ngoại ngữ đối với sinh viên không chuyên ngữ là gì?,571
mức độ cũng như tần suất hỗ trợ tài chính dành cho sinh viên phát triển kỹ năng ngôn ngữ là bao nhiêu?,giá trị và số lần cấp học bổng sinh viên nâng cao trình độ ngoại ngữ là bao nhiêu?,572
sinh viên được nhận hỗ trợ về năng lực ngoại ngữ thì giá trị tiền và số lượt nhận bổng cụ thể ra sao?,giá trị và số lần cấp học bổng sinh viên nâng cao trình độ ngoại ngữ là bao nhiêu?,572
hỗ trợ tài chính cho việc nâng cấp ngoại ngữ của sinh viên có giá trị bao nhiêu và cấp bao nhiêu lần?,giá trị và số lần cấp học bổng sinh viên nâng cao trình độ ngoại ngữ là bao nhiêu?,572
"khi xét duyệt hỗ trợ ngoại ngữ cho sinh viên, tổng số tiền và số lần nhận trợ cấp được tính như thế nào?",giá trị và số lần cấp học bổng sinh viên nâng cao trình độ ngoại ngữ là bao nhiêu?,572
sinh viên được cấp bao nhiêu tiền cho lần đầu tham gia chương trình giao lưu văn hóa nước ngoài?,mức hỗ trợ lần đầu cho sinh viên tham gia trao đổi văn hóa quốc tế là bao nhiêu?,573
khoản chi trợ giúp ban đầu dành cho học sinh đi học tập văn hóa quốc tế có giá trị bao nhiêu?,mức hỗ trợ lần đầu cho sinh viên tham gia trao đổi văn hóa quốc tế là bao nhiêu?,573
số tiền hỗ trợ khởi điểm cho việc tham gia hoạt động văn hóa quốc tế của sinh viên là bao nhiêu?,mức hỗ trợ lần đầu cho sinh viên tham gia trao đổi văn hóa quốc tế là bao nhiêu?,573
chương trình trao đổi văn hóa nước ngoài dành cho sinh viên nhận mức trợ cấp lần đầu cụ thể là bao nhiêu?,mức hỗ trợ lần đầu cho sinh viên tham gia trao đổi văn hóa quốc tế là bao nhiêu?,573
mức trợ cấp cho các sinh viên tham gia giao lưu văn hóa từ lần thứ hai trở về sau là bao nhiêu tiền?,mức hỗ trợ từ lần thứ hai trở đi cho sinh viên trao đổi văn hóa quốc tế là bao nhiêu?,574
số tiền hỗ trợ được cấp cho sinh viên khi tham gia trao đổi quốc tế lần thứ hai trở đi là bao nhiêu?,mức hỗ trợ từ lần thứ hai trở đi cho sinh viên trao đổi văn hóa quốc tế là bao nhiêu?,574
"đối với sinh viên làm việc ở các lần trao đổi văn hóa nước ngoài từ lần thứ hai trở đi, mức hỗ trợ sẽ là bao nhiêu?",mức hỗ trợ từ lần thứ hai trở đi cho sinh viên trao đổi văn hóa quốc tế là bao nhiêu?,574
"từ lần thứ hai trở đi, sinh viên tham gia giao lưu văn hóa nước ngoài sẽ nhận được bao nhiêu khoản hỗ trợ?",mức hỗ trợ từ lần thứ hai trở đi cho sinh viên trao đổi văn hóa quốc tế là bao nhiêu?,574
cơ sở giáo dục nào cung cấp các chương trình chuyển cấp mà sinh viên không phải đóng bất kỳ khoản phí nào?,trường hỗ trợ gì cho sinh viên đi trao đổi học tập diện tự túc hoàn toàn?,575
đơn vị nào nhận xét về sinh viên có khả năng tham gia giao lưu học thuật mà không cần chi trả chi phí?,trường hỗ trợ gì cho sinh viên đi trao đổi học tập diện tự túc hoàn toàn?,575
ai là nơi giúp đỡ học sinh tham gia khóa trao đổi quốc tế hoàn toàn miễn phí?,trường hỗ trợ gì cho sinh viên đi trao đổi học tập diện tự túc hoàn toàn?,575
tổ chức nào tài trợ cho việc sinh viên sang nước ngoài học tập mà không bỏ ra đồng nào?,trường hỗ trợ gì cho sinh viên đi trao đổi học tập diện tự túc hoàn toàn?,575
những tiện ích nào dành cho sinh viên nước ngoài tham gia chương trình giao lưu tại cơ sở đào tạo?,sinh viên quốc tế đến trường trao đổi được hỗ trợ những gì?,576
các bạn du học sinh từ bên ngoài đến học tập ngắn hạn sẽ nhận được sự trợ giúp ra sao?,sinh viên quốc tế đến trường trao đổi được hỗ trợ những gì?,576
"khi có người nước ngoài đến trường trao đổi, nhà trường sẽ cung cấp những gì cho họ?",sinh viên quốc tế đến trường trao đổi được hỗ trợ những gì?,576
sinh viên ngoại quốc tham gia chương trình hợp tác có thể được hỗ trợ những hạng mục nào?,sinh viên quốc tế đến trường trao đổi được hỗ trợ những gì?,576
những đối tượng nào có quyền nhận hỗ trợ thường xuyên về tài chính?,những trường hợp nào được xét trợ cấp khó khăn định kỳ?,577
loại nào trong số các hoàn cảnh khó khăn sẽ được hưởng khoản tiền trợ giúp định kỳ?,những trường hợp nào được xét trợ cấp khó khăn định kỳ?,577
ai là người đủ điều kiện để nhận khoản tiền giúp đỡ định kỳ?,những trường hợp nào được xét trợ cấp khó khăn định kỳ?,577
những tình huống nào khiến người dân có thể nhận được sự hỗ trợ thường xuyên?,những trường hợp nào được xét trợ cấp khó khăn định kỳ?,577
những trường hợp nào được xem là khó khăn đặc biệt để nhận trợ cấp?,ví dụ về hoàn cảnh đặc biệt khó khăn được xét trợ cấp là gì?,578
hãy nêu một số ví dụ về hoàn cảnh khó khăn đủ điều kiện nhận tiền trợ cấp.,ví dụ về hoàn cảnh đặc biệt khó khăn được xét trợ cấp là gì?,578
tiêu chí nào xác định một gia đình thuộc nhóm khó khăn đặc biệt được cấp trợ cấp?,ví dụ về hoàn cảnh đặc biệt khó khăn được xét trợ cấp là gì?,578
bạn có thể liệt kê các tình huống đặc biệt khó khăn để được xét trợ cấp không?,ví dụ về hoàn cảnh đặc biệt khó khăn được xét trợ cấp là gì?,578
những yêu cầu nào cần đáp ứng để hưởng hỗ trợ khẩn cấp?,điều kiện để được xét trợ cấp khó khăn đột xuất là gì?,579
làm thế nào để có thể nhận được khoản tiền hỗ trợ bất ngờ?,điều kiện để được xét trợ cấp khó khăn đột xuất là gì?,579
tiêu chí nào quyết định việc được cấp ngân sách khẩn cấp?,điều kiện để được xét trợ cấp khó khăn đột xuất là gì?,579
"để được nhận viện trợ đột xuất, cần phải thỏa mãn những gì?",điều kiện để được xét trợ cấp khó khăn đột xuất là gì?,579
khoản tiền hỗ trợ định kỳ cho trường hợp khó khăn hạng một được quy định là bao nhiêu?,mức trợ cấp khó khăn định kỳ mức 1 là bao nhiêu?,580
mức thu nhập cố định dành cho đối tượng thuộc diện khó khăn nhóm 1 hiện đang là bao nhiêu?,mức trợ cấp khó khăn định kỳ mức 1 là bao nhiêu?,580
người dân cần biết số tiền trợ cấp thường xuyên cho gia đình gặp khó khăn cấp độ 1 là bao nhiêu?,mức trợ cấp khó khăn định kỳ mức 1 là bao nhiêu?,580
khoản hỗ trợ chu kỳ dành cho những hộ gia đình khó khăn hạng nhất có giá trị cụ thể là bao nhiêu?,mức trợ cấp khó khăn định kỳ mức 1 là bao nhiêu?,580
mức trợ cấp khó khăn định kỳ loại 2 hiện đang ở con số bao nhiêu?,mức trợ cấp khó khăn định kỳ mức 2 là bao nhiêu?,581
khoản hỗ trợ thường xuyên cho người gặp khó khăn hạng 2 có trị giá cụ thể là bao nhiêu?,mức trợ cấp khó khăn định kỳ mức 2 là bao nhiêu?,581
số tiền được chi trả đều đặn cho đối tượng khó khăn nhóm 2 là bao nhiêu?,mức trợ cấp khó khăn định kỳ mức 2 là bao nhiêu?,581
định mức hỗ trợ thường xuyên dành cho người khó khăn hạng hai bằng bao nhiêu?,mức trợ cấp khó khăn định kỳ mức 2 là bao nhiêu?,581
con số hỗ trợ thường xuyên cho hạng ba khi gặp khó khăn được quy định là bao nhiêu?,mức trợ cấp khó khăn định kỳ mức 3 là bao nhiêu?,582
định mức trợ cấp định kỳ dành cho đối tượng thứ ba trong hoàn cảnh khó khăn có giá trị bao nhiêu?,mức trợ cấp khó khăn định kỳ mức 3 là bao nhiêu?,582
mức hỗ trợ tiền mặt định kỳ cấp cho nhóm ba khi gặp trắc trở được tính toán ra sao?,mức trợ cấp khó khăn định kỳ mức 3 là bao nhiêu?,582
ai có thể cho biết con số cụ thể của khoản trợ giúp thường xuyên cho hạng ba khi sinh hoạt khó khăn?,mức trợ cấp khó khăn định kỳ mức 3 là bao nhiêu?,582
người nào là người phê duyệt khoản hỗ trợ khẩn cấp khi gặp khó khăn?,mức trợ cấp khó khăn đột xuất do ai quyết định?,583
ai có thẩm quyền quyết định phát hành trợ cấp bất thường cho những trường hợp cấp bách?,mức trợ cấp khó khăn đột xuất do ai quyết định?,583
cơ quan hay cá nhân nào ra quyết định cấp vốn ứng cứu trong tình thế khó khăn?,mức trợ cấp khó khăn đột xuất do ai quyết định?,583
ai nắm giữ quyền hạn ban hành gói tiền hỗ trợ đột xuất khi cần thiết?,mức trợ cấp khó khăn đột xuất do ai quyết định?,583
những phần nào cần có trong đơn xin hỗ trợ thường xuyên cho người gặp khó khăn?,hồ sơ đề nghị xét trợ cấp khó khăn định kỳ gồm những gì?,584
nội dung cụ thể của hồ sơ để được xem xét hỗ trợ định kỳ gồm những gì?,hồ sơ đề nghị xét trợ cấp khó khăn định kỳ gồm những gì?,584
"khi làm đơn xin trợ cấp định kỳ, cần chuẩn bị những tài liệu nào?",hồ sơ đề nghị xét trợ cấp khó khăn định kỳ gồm những gì?,584
"để được xét hỗ trợ thường xuyên, hồ sơ cần phải bao gồm những gì?",hồ sơ đề nghị xét trợ cấp khó khăn định kỳ gồm những gì?,584
địa điểm để sinh viên đăng ký xin hỗ trợ tài chính thường xuyên là nơi nào?,sinh viên nộp hồ sơ xét trợ cấp khó khăn định kỳ ở đâu?,585
cơ quan nào nhận đơn xin trợ cấp khó khăn định kỳ cho sinh viên?,sinh viên nộp hồ sơ xét trợ cấp khó khăn định kỳ ở đâu?,585
làm thế nào để sinh viên tìm chỗ nộp đơn xin giúp đỡ tài chính đều đặn?,sinh viên nộp hồ sơ xét trợ cấp khó khăn định kỳ ở đâu?,585
ai là đơn vị tiếp nhận hồ sơ đăng ký hỗ trợ thường xuyên dành cho sinh viên?,sinh viên nộp hồ sơ xét trợ cấp khó khăn định kỳ ở đâu?,585
định nghĩa thế nào là khoản trợ giúp thường xuyên dành cho những người gặp khó khăn?,hình thức nhận trợ cấp khó khăn định kỳ là gì?,586
loại tiền hỗ trợ được cấp hàng tháng cho dân nghèo được gọi là gì?,hình thức nhận trợ cấp khó khăn định kỳ là gì?,586
bạn hãy giải thích khái niệm về nguồn lực tài chính định kỳ dành cho hộ gia đình nghèo.,hình thức nhận trợ cấp khó khăn định kỳ là gì?,586
cách gọi tắt của khoản tiền hỗ trợ lặp lại chu kỳ cho người yếu thế là gì?,hình thức nhận trợ cấp khó khăn định kỳ là gì?,586
những tiêu chí nào để được xem là nhận hỗ trợ khẩn cấp?,hình thức nhận trợ cấp khó khăn đột xuất là gì?,587
làm sao xác định một trường hợp khó khăn bất ngờ đủ điều kiện nhận trợ cấp?,hình thức nhận trợ cấp khó khăn đột xuất là gì?,587
định nghĩa cụ thể về khoản tiền hỗ trợ dành cho những sự kiện bất lợi đột ngột là gì?,hình thức nhận trợ cấp khó khăn đột xuất là gì?,587
loại trợ cấp nào được cấp cho các trường hợp gặp khó khăn ngoài ý muốn?,hình thức nhận trợ cấp khó khăn đột xuất là gì?,587
làm thế nào để thực hiện việc xin tiền cấp khẩn cấp?,quy trình nộp đơn trợ cấp khó khăn đột xuất như thế nào?,588
thủ tục đăng ký hỗ trợ khẩn cấp diễn ra ra sao?,quy trình nộp đơn trợ cấp khó khăn đột xuất như thế nào?,588
cách thức lấy trợ cấp khi gặp khó khăn đột ngột là gì?,quy trình nộp đơn trợ cấp khó khăn đột xuất như thế nào?,588
nộp hồ sơ nhận tiền cấp cứu cần phải làm những bước nào?,quy trình nộp đơn trợ cấp khó khăn đột xuất như thế nào?,588
cơ quan chức năng nào sẽ ra quyết định về việc tiếp nhận hồ sơ trợ cấp định kỳ cho người khó khăn?,cơ quan nào ban hành thông báo nhận hồ sơ trợ cấp khó khăn định kỳ?,589
ai là đơn vị chịu trách nhiệm công bố thông tin liên quan đến hồ sơ trợ cấp thường xuyên dành cho hộ nghèo?,cơ quan nào ban hành thông báo nhận hồ sơ trợ cấp khó khăn định kỳ?,589
tổ chức nào có thẩm quyền đưa ra thông báo về việc thu thập hồ sơ trợ cấp định kỳ?,cơ quan nào ban hành thông báo nhận hồ sơ trợ cấp khó khăn định kỳ?,589
cơ quan nào sẽ phát hành thông tin hướng dẫn nộp đơn xin trợ cấp định kỳ cho những người gặp khó khăn?,cơ quan nào ban hành thông báo nhận hồ sơ trợ cấp khó khăn định kỳ?,589
ai có thẩm quyền ra quyết định định đoạt về khoản tiền trợ cấp hay học bổng này?,ai là người ban hành quyết định cuối cùng về việc cấp học bổng/trợ cấp?,590
ai là vị trí chịu trách nhiệm phê duyệt hồ sơ xin học bổng cuối cùng?,ai là người ban hành quyết định cuối cùng về việc cấp học bổng/trợ cấp?,590
ai nắm vai trò quyết định trong việc có cấp hay không cấp khoản hỗ trợ tài chính?,ai là người ban hành quyết định cuối cùng về việc cấp học bổng/trợ cấp?,590
ai là người ký tên chốt vấn đề về chế độ trợ cấp và học bổng?,ai là người ban hành quyết định cuối cùng về việc cấp học bổng/trợ cấp?,590
những điều kiện bổ sung nào được áp dụng cho học bổng tài năng của trường?,tiêu chí phụ khi xét học bổng tài năng hcmute là gì?,591
"bên cạnh những yêu cầu chính, sinh viên cần đáp ứng thêm gì để nhận học bổng năng khiếu?",tiêu chí phụ khi xét học bổng tài năng hcmute là gì?,591
"khi xét duyệt học bổng tài năng, các tiêu chuẩn hỗ trợ nào sẽ được cân nhắc?",tiêu chí phụ khi xét học bổng tài năng hcmute là gì?,591
"ngoài các điều kiện cốt lõi, yếu tố nào còn ảnh hưởng đến quyết định cấp học bổng?",tiêu chí phụ khi xét học bổng tài năng hcmute là gì?,591
chương trình hỗ trợ học tập dành cho người có năng lực tại trường này có cần nộp giấy tờ chứng minh hay không?,học bổng tài năng hcmute có yêu cầu minh chứng không?,592
có bắt buộc phải đưa ra bằng chứng cho hồ sơ ứng tuyển tài năng của trường lớn này không?,học bổng tài năng hcmute có yêu cầu minh chứng không?,592
"để nhận gói khen thưởng dành cho học sinh xuất sắc, liệu có cần chứng cớ đi kèm không?",học bổng tài năng hcmute có yêu cầu minh chứng không?,592
nhà trường có yêu cầu xuất trình giấy tờ xác nhận năng lực khi xét trao phần thưởng học tập hay không?,học bổng tài năng hcmute có yêu cầu minh chứng không?,592
ngân hành nào hỗ trợ việc nhận học bổng cũng như trợ cấp?,ngân hàng nào được dùng để nhận học bổng và trợ cấp?,593
đối tượng nào có chức năng cấp phát học bổng và khoản tiền trợ giúp?,ngân hàng nào được dùng để nhận học bổng và trợ cấp?,593
bạn hãy chỉ ra ngân hàng nào cung cấp các khoản trợ cấp lẫn học bổng?,ngân hàng nào được dùng để nhận học bổng và trợ cấp?,593
có ngân hàng nào đứng ra chi trả cho học bổng và trợ cấp không?,ngân hàng nào được dùng để nhận học bổng và trợ cấp?,593
người ta hiểu khái niệm về điểm rèn luyện của sinh viên ra sao?,điểm rèn luyện của sinh viên được định nghĩa như thế nào?,594
điểm rèn luyện của sinh viên được quy định cụ thể thế nào?,điểm rèn luyện của sinh viên được định nghĩa như thế nào?,594
bản chất của việc chấm điểm rèn luyện đối với sinh viên là gì?,điểm rèn luyện của sinh viên được định nghĩa như thế nào?,594
nội dung định nghĩa về chỉ số rèn luyện của sinh viên được mô tả như thế nào?,điểm rèn luyện của sinh viên được định nghĩa như thế nào?,594
"những số liệu kiểm tra, đánh giá học sinh mỗi kỳ và mỗi năm sẽ được dùng để làm gì?",kết quả đánh giá rèn luyện từng học kỳ và từng năm học được sử dụng vào việc gì?,595
mục đích sử dụng các kết quả rèn luyện của từng học kỳ hay năm học là như thế nào?,kết quả đánh giá rèn luyện từng học kỳ và từng năm học được sử dụng vào việc gì?,595
"người ta lấy kết quả đánh giá thường xuyên mỗi kỳ, mỗi năm để phục vụ công việc gì?",kết quả đánh giá rèn luyện từng học kỳ và từng năm học được sử dụng vào việc gì?,595
việc áp dụng những kết quả rèn luyện theo từng giai đoạn học tập nhằm mục đích gì?,kết quả đánh giá rèn luyện từng học kỳ và từng năm học được sử dụng vào việc gì?,595
kết quả rèn luyện tổng kết khóa học mang lại lợi ích gì cho sinh viên?,kết quả đánh giá rèn luyện toàn khóa học có vai trò gì đối với sinh viên?,596
sinh viên nhận được giá trị như thế nào từ phần đánh giá toàn khóa?,kết quả đánh giá rèn luyện toàn khóa học có vai trò gì đối với sinh viên?,596
ý nghĩa của bản tổng kết rèn luyện trong suốt thời gian học là gì đối với sinh viên?,kết quả đánh giá rèn luyện toàn khóa học có vai trò gì đối với sinh viên?,596
phần kết luận đánh giá quá trình học tập đóng góp ra sao cho sinh viên?,kết quả đánh giá rèn luyện toàn khóa học có vai trò gì đối với sinh viên?,596
điều kiện xét tốt nghiệp là sinh viên phải hoàn thành tối thiểu bao nhiêu điểm rèn luyện trong suốt khóa học?,sinh viên cần đạt tối thiểu bao nhiêu điểm rèn luyện toàn khóa để được xét tốt nghiệp?,597
"để đủ điều kiện nhận bằng, mỗi sinh viên cần tích lũy ít nhất bao nhiêu điểm rèn luyện từ đầu đến cuối khóa?",sinh viên cần đạt tối thiểu bao nhiêu điểm rèn luyện toàn khóa để được xét tốt nghiệp?,597
mức điểm rèn luyện tối thiểu mà bạn phải đạt được trong toàn khóa để được phép tốt nghiệp là bao nhiêu?,sinh viên cần đạt tối thiểu bao nhiêu điểm rèn luyện toàn khóa để được xét tốt nghiệp?,597
bao nhiêu điểm rèn luyện cần thiết phải có từ lúc bắt đầu đến khi kết thúc khóa học để sinh viên có thể xét tốt nghiệp?,sinh viên cần đạt tối thiểu bao nhiêu điểm rèn luyện toàn khóa để được xét tốt nghiệp?,597
thời điểm nào sinh viên sẽ nhận được bảng điểm và kết quả rèn luyện?,sinh viên có thể nhận bảng điểm kết quả rèn luyện khi nào?,598
khi nào thì bản ghi điểm cùng kết quả rèn luyện được giao cho sinh viên?,sinh viên có thể nhận bảng điểm kết quả rèn luyện khi nào?,598
sinh viên có thể lấy được báo cáo rèn luyện và điểm số vào lúc nào?,sinh viên có thể nhận bảng điểm kết quả rèn luyện khi nào?,598
thời hạn nhận kết quả rèn luyện và bảng điểm của sinh viên là khi nào?,sinh viên có thể nhận bảng điểm kết quả rèn luyện khi nào?,598
những biện pháp xử lý dành cho sinh viên liên tục có kết quả rèn luyện ở mức yếu hoặc kém ra sao?,quy định xử lý đối với sinh viên bị xếp loại rèn luyện yếu hoặc kém liên tiếp là gì?,599
sinh viên nào bị xếp loại rèn luyện kém hoặc yếu liên tiếp sẽ chịu mức hình phạt gì?,quy định xử lý đối với sinh viên bị xếp loại rèn luyện yếu hoặc kém liên tiếp là gì?,599
nội dung hình phạt đối với học viên liên tục đạt kết quả rèn luyện không tốt là như thế nào?,quy định xử lý đối với sinh viên bị xếp loại rèn luyện yếu hoặc kém liên tiếp là gì?,599
trường hợp sinh viên rèn luyện kém/yếu liên tiếp thì quy định xử lý sẽ ra sao?,quy định xử lý đối với sinh viên bị xếp loại rèn luyện yếu hoặc kém liên tiếp là gì?,599
số lượng mục tiêu cốt lõi trong bản nhận xét học sinh là bao nhiêu?,có bao nhiêu nội dung chính trong đánh giá kết quả rèn luyện?,600
đánh giá kết quả rèn luyện bao gồm những phần tử chính đến đâu?,có bao nhiêu nội dung chính trong đánh giá kết quả rèn luyện?,600
nội dung trọng tâm của bài nhận xét rèn luyện gồm mấy khía cạnh?,có bao nhiêu nội dung chính trong đánh giá kết quả rèn luyện?,600
bao nhiêu vấn đề chính được đề cập trong phần đánh giá phẩm chất?,có bao nhiêu nội dung chính trong đánh giá kết quả rèn luyện?,600
những thành tố nào cấu thành nên phần nhận xét về thái độ và thành tích của người học?,"nội dung ""đánh giá về ý thức và kết quả học tập"" bao gồm những gì?",601
phần trả lời về tinh thần học tập cũng như hiệu quả đào tạo được chia làm những mục gì?,"nội dung ""đánh giá về ý thức và kết quả học tập"" bao gồm những gì?",601
hãy liệt kê các khía cạnh liên quan đến mức độ nhận thức và chất lượng bài làm?,"nội dung ""đánh giá về ý thức và kết quả học tập"" bao gồm những gì?",601
đánh giá về nỗ lực cũng như thành quả khi theo học bao hàm những nội dung cụ thể nào?,"nội dung ""đánh giá về ý thức và kết quả học tập"" bao gồm những gì?",601
quy định cụ thể về khung điểm dành cho phần nhận xét ý thức và thành tích học tập là gì?,"khung điểm cho nội dung ""đánh giá về ý thức và kết quả học tập"" được quy định như thế nào?",602
ý thức cùng kết quả học tập được chấm điểm theo tiêu chuẩn nào được đưa ra?,"khung điểm cho nội dung ""đánh giá về ý thức và kết quả học tập"" được quy định như thế nào?",602
làm thế nào để xác định khung điểm cho mục đánh giá thái độ và hiệu quả học tập?,"khung điểm cho nội dung ""đánh giá về ý thức và kết quả học tập"" được quy định như thế nào?",602
những quy tắc nào được áp dụng khi chấm điểm cho phần ý thức và kết quả học tập?,"khung điểm cho nội dung ""đánh giá về ý thức và kết quả học tập"" được quy định như thế nào?",602
những tiêu chuẩn nào được dùng để thẩm định mức độ tuân thủ và chất lượng thực hiện các quy định?,"nội dung ""đánh giá về ý thức và kết quả chấp hành nội quy, quy chế"" gồm các tiêu chí nào?",603
làm thế nào để đo lường nhận thức cùng hiệu quả việc áp dụng nội bộ các quy tắc?,"nội dung ""đánh giá về ý thức và kết quả chấp hành nội quy, quy chế"" gồm các tiêu chí nào?",603
dựa vào đâu mà người ta xác định được tình trạng ý thức và kết quả làm việc theo chế độ?,"nội dung ""đánh giá về ý thức và kết quả chấp hành nội quy, quy chế"" gồm các tiêu chí nào?",603
những chỉ số nào phản ánh rõ nhất về thái độ lẫn thành tích trong việc thi hành quy chế?,"nội dung ""đánh giá về ý thức và kết quả chấp hành nội quy, quy chế"" gồm các tiêu chí nào?",603
"những chuẩn mực nào được dùng để đo lường mức độ nhận thức và hành động của người dân trong lĩnh vực chính trị, cộng đồng cũng như ngăn chặn các tệ nạn?","tiêu chí đánh giá ý thức tham gia hoạt động chính trị, xã hội và phòng chống tệ nạn xã hội là gì?",604
"làm thế nào để xác định giá trị về mặt tinh thần cũng như hành vi tham gia vào các phong trào xã hội, công tác chính trị và việc đẩy lùi tệ nạn?","tiêu chí đánh giá ý thức tham gia hoạt động chính trị, xã hội và phòng chống tệ nạn xã hội là gì?",604
"hành động ra sao được xem là đáp ứng đúng yêu cầu trong việc gắn bó với đời sống chính trị, xã hội và đấu tranh chống lại tệ nạn?","tiêu chí đánh giá ý thức tham gia hoạt động chính trị, xã hội và phòng chống tệ nạn xã hội là gì?",604
"những dấu hiệu nhận biết gì cho thấy một cá nhân đã thực sự có ý thức trong việc tham gia hoạt động xã hội, công việc chính trị và phòng ngừa tệ nạn?","tiêu chí đánh giá ý thức tham gia hoạt động chính trị, xã hội và phòng chống tệ nạn xã hội là gì?",604
"tổng số điểm được trao cho phần tham gia trong các hoạt động về chính trị, xã hội, văn hóa, nghệ thuật và thể thao là bao nhiêu?","khung điểm cho nội dung tham gia hoạt động chính trị, xã hội, văn hóa, văn nghệ, thể thao là bao nhiêu?",605
"mức điểm dành cho hoạt động lĩnh vực chính trị, đời sống xã hội, văn nghệ, văn hóa hay thể thao thì ra sao?","khung điểm cho nội dung tham gia hoạt động chính trị, xã hội, văn hóa, văn nghệ, thể thao là bao nhiêu?",605
"phần thưởng dưới dạng điểm số dành cho việc tham gia vào các sự kiện văn hóa, thể thao, nghệ thuật, chính trị cùng đời sống xã hội là bao nhiêu?","khung điểm cho nội dung tham gia hoạt động chính trị, xã hội, văn hóa, văn nghệ, thể thao là bao nhiêu?",605
"con số điểm tương ứng với hoạt động trong mảng xã hội, chính trị, thể thao, văn hóa và văn nghệ được tính như thế nào?","khung điểm cho nội dung tham gia hoạt động chính trị, xã hội, văn hóa, văn nghệ, thể thao là bao nhiêu?",605
"nội dung phần ""đánh giá về ý thức công dân trong quan hệ cộng đồng"" bao gồm những tiêu chí gì?","những tiêu chí nào thuộc nội dung ""đánh giá về ý thức công dân trong quan hệ cộng đồng""?",606
"khi nói đến mối quan hệ cộng đồng, những yếu tố nào được đưa vào để kiểm tra ý thức làm công dân?","những tiêu chí nào thuộc nội dung ""đánh giá về ý thức công dân trong quan hệ cộng đồng""?",606
những nội dung cụ thể nào phản ánh việc đánh giá ý thức công dân trong đời sống cộng đồng?,"những tiêu chí nào thuộc nội dung ""đánh giá về ý thức công dân trong quan hệ cộng đồng""?",606
"trong phạm vi quan hệ cộng đồng, người ta xem xét những chỉ số nào để đo lường ý thức công dân?","những tiêu chí nào thuộc nội dung ""đánh giá về ý thức công dân trong quan hệ cộng đồng""?",606
mức điểm dành riêng cho phần đánh giá ý thức công dân trong mối quan hệ cộng đồng là bao nhiêu?,"khung điểm cho nội dung ""đánh giá về ý thức công dân trong quan hệ cộng đồng"" là bao nhiêu?",607
"nội dung ""quan hệ cộng đồng"" được chấm bao nhiêu điểm về mặt ý thức công dân?","khung điểm cho nội dung ""đánh giá về ý thức công dân trong quan hệ cộng đồng"" là bao nhiêu?",607
"cho phần ý thức công dân khi tương tác với cộng đồng, hệ thống chấm bao nhiêu?","khung điểm cho nội dung ""đánh giá về ý thức công dân trong quan hệ cộng đồng"" là bao nhiêu?",607
điểm số tương ứng với tiêu chí đánh giá ý thức công dân trong bối cảnh xã hội là bao nhiêu?,"khung điểm cho nội dung ""đánh giá về ý thức công dân trong quan hệ cộng đồng"" là bao nhiêu?",607
những khía cạnh nào được phản ánh trong phần đánh giá về ý thức tham gia công tác của cán bộ lớp và thành viên đoàn thể?,nội dung đánh giá về ý thức tham gia công tác cán bộ lớp và đoàn thể bao gồm những gì?,608
đánh giá phần ý thức đóng góp vào hoạt động cán bộ lớp cùng đoàn thể sẽ bao hàm những nội dung gì?,nội dung đánh giá về ý thức tham gia công tác cán bộ lớp và đoàn thể bao gồm những gì?,608
"khi xem xét ý thức tham gia công tác của cán bộ lớp và đoàn thể, các tiêu chí đánh giá gồm những gì?",nội dung đánh giá về ý thức tham gia công tác cán bộ lớp và đoàn thể bao gồm những gì?,608
phần nội dung liên quan đến ý thức tham gia công tác cán bộ lớp và đoàn thể khi được đánh giá sẽ đề cập đến điều gì?,nội dung đánh giá về ý thức tham gia công tác cán bộ lớp và đoàn thể bao gồm những gì?,608
"mức điểm được dành cho phần tham gia công tác cán bộ lớp, đoàn thể và các tổ chức trong nhà trường là bao nhiêu?","khung điểm cho nội dung tham gia công tác cán bộ lớp, đoàn thể và tổ chức trong trường là bao nhiêu?",609
"số điểm gán cho việc tham gia hoạt động cán bộ lớp, các tổ chức đoàn thể và trong trường học cụ thể là bao nhiêu?","khung điểm cho nội dung tham gia công tác cán bộ lớp, đoàn thể và tổ chức trong trường là bao nhiêu?",609
"khi tham gia công tác cán bộ lớp, các tổ chức đoàn thể và sinh hoạt trong trường, bạn nhận được bao nhiêu điểm?","khung điểm cho nội dung tham gia công tác cán bộ lớp, đoàn thể và tổ chức trong trường là bao nhiêu?",609
"phần nội dung liên quan đến công tác cán bộ lớp, đoàn thể và tổ chức trong trường được tính bao nhiêu điểm?","khung điểm cho nội dung tham gia công tác cán bộ lớp, đoàn thể và tổ chức trong trường là bao nhiêu?",609
mức độ điểm rèn luyện được quy định phân nhóm ra sao?,cách phân loại điểm rèn luyện theo mức điểm đạt được như thế nào?,610
những tiêu chí nào dùng để xếp hạng điểm rèn luyện dựa trên số điểm?,cách phân loại điểm rèn luyện theo mức điểm đạt được như thế nào?,610
làm thế nào để chia các hạng mục điểm rèn luyện theo từng ngưỡng điểm cụ thể?,cách phân loại điểm rèn luyện theo mức điểm đạt được như thế nào?,610
việc phân định các bậc điểm rèn luyện dựa trên kết quả đạt được diễn ra như thế nào?,cách phân loại điểm rèn luyện theo mức điểm đạt được như thế nào?,610
làm sao để xác định kết quả rèn luyện cho cả một học kỳ?,điểm rèn luyện của một học kỳ được tính toán như thế nào?,611
cách tính điểm tổng hợp cho phần rèn luyện trong một học kỳ diễn ra thế nào?,điểm rèn luyện của một học kỳ được tính toán như thế nào?,611
tiêu chuẩn đánh giá phần rèn luyện của học kỳ được áp dụng ra sao?,điểm rèn luyện của một học kỳ được tính toán như thế nào?,611
quy trình xác định mức độ rèn luyện trong suốt một học kỳ là gì?,điểm rèn luyện của một học kỳ được tính toán như thế nào?,611
những buổi tập luyện trong kỳ nghỉ hè sẽ được cộng điểm vào lúc nào?,các hoạt động rèn luyện trong học kỳ hè được tính điểm vào thời gian nào?,612
thời điểm ghi nhận điểm cho các hoạt động đào tạo hè là khi nào?,các hoạt động rèn luyện trong học kỳ hè được tính điểm vào thời gian nào?,612
vào ngày mấy thì điểm của những giờ tập hè được cập nhật?,các hoạt động rèn luyện trong học kỳ hè được tính điểm vào thời gian nào?,612
các giờ thực hành hè sẽ được chấm điểm vào khoảng thời gian nào?,các hoạt động rèn luyện trong học kỳ hè được tính điểm vào thời gian nào?,612
tiêu chuẩn chấm điểm cho quá trình rèn luyện trong một năm học là gì?,cách tính điểm rèn luyện cho một năm học là gì?,613
làm sao để xác định điểm số rèn luyện cho cả năm?,cách tính điểm rèn luyện cho một năm học là gì?,613
một năm học có phương pháp tính điểm rèn luyện ra sao?,cách tính điểm rèn luyện cho một năm học là gì?,613
hệ thống đánh giá hoạt động rèn luyện của một năm được quy định như thế nào?,cách tính điểm rèn luyện cho một năm học là gì?,613
tiêu chí đánh giá thành tích rèn luyện trong suốt thời gian học được áp dụng như thế nào?,cách tính điểm rèn luyện toàn khóa học được quy định ra sao?,614
quy trình xác định điểm rèn luyện cho toàn bộ khóa học được triển khai ra sao?,cách tính điểm rèn luyện toàn khóa học được quy định ra sao?,614
hệ thống tính điểm hoạt động rèn luyện trong năm học được thiết lập cụ thể thế nào?,cách tính điểm rèn luyện toàn khóa học được quy định ra sao?,614
các điều khoản về điểm rèn luyện chung cho cả khóa được đưa ra bằng cách nào?,cách tính điểm rèn luyện toàn khóa học được quy định ra sao?,614
hệ thống điểm rèn luyện được cộng dồn ra sao trong một kỳ học?,quy trình tích lũy điểm rèn luyện trong suốt học kỳ diễn ra như thế nào?,615
cách thức tính điểm rèn luyện kéo dài hết cả học kỳ là gì?,quy trình tích lũy điểm rèn luyện trong suốt học kỳ diễn ra như thế nào?,615
làm thế nào để điểm rèn luyện được tích lũy dần trong vòng một học kỳ?,quy trình tích lũy điểm rèn luyện trong suốt học kỳ diễn ra như thế nào?,615
"học kỳ nay, điểm rèn luyện sẽ được ghi nhận theo cơ chế nào?",quy trình tích lũy điểm rèn luyện trong suốt học kỳ diễn ra như thế nào?,615
"khi phần mềm ghi nhận điểm rèn luyện của sinh viên có dữ liệu không đầy đủ hoặc không chính xác, sinh viên được hưởng quyền lợi nào?",sinh viên có quyền lợi gì khi phát hiện điểm rèn luyện trên phần mềm bị thiếu hoặc sai lệch?,616
"nếu phát sinh sai sót hay bị bỏ sót điểm trên ứng dụng quản lý rèn luyện, sinh viên có thể yêu cầu những gì?",sinh viên có quyền lợi gì khi phát hiện điểm rèn luyện trên phần mềm bị thiếu hoặc sai lệch?,616
"trường hợp điểm rèn luyện hiển thị trên phần mềm bị thiếu hoặc sai, sinh viên được phép đề xuất các biện pháp xử lý gì?",sinh viên có quyền lợi gì khi phát hiện điểm rèn luyện trên phần mềm bị thiếu hoặc sai lệch?,616
"khi hệ thống ghi nhận thông tin về điểm rèn luyện của sinh viên có vấn đề, sinh viên sẽ được bảo vệ quyền lợi ra sao?",sinh viên có quyền lợi gì khi phát hiện điểm rèn luyện trên phần mềm bị thiếu hoặc sai lệch?,616
hoạt động kiểm tra và xếp loại điểm rèn luyện sẽ được thực hiện vào tuần đầu của học kỳ sau thì sao?,quy trình đánh giá điểm rèn luyện vào tuần đầu tiên của học kỳ tiếp theo là gì?,617
"vào tuần mở đầu của học kỳ mới, công tác thẩm định và xếp hạng điểm số đạo đức sẽ diễn ra như thế nào?",quy trình đánh giá điểm rèn luyện vào tuần đầu tiên của học kỳ tiếp theo là gì?,617
những bước cụ thể để đánh giá và xếp loại điểm số học sinh trong tuần đầu tiên của kỳ học tiếp theo là gì?,quy trình đánh giá điểm rèn luyện vào tuần đầu tiên của học kỳ tiếp theo là gì?,617
làm thế nào để xác định mức độ thi đua và xếp loại điểm rèn luyện cho học sinh vào tuần đầu tiên của học kỳ tới?,quy trình đánh giá điểm rèn luyện vào tuần đầu tiên của học kỳ tiếp theo là gì?,617
lúc nào phần mềm sẽ hiển thị chính thức điểm rèn luyện tổng hợp của sinh viên?,khi nào kết quả tổng điểm rèn luyện của sinh viên được công bố chính thức trên phần mềm?,618
khi nào thì kết quả tổng điểm đạo đức và thể chất của sinh viên được cập nhật trên ứng dụng?,khi nào kết quả tổng điểm rèn luyện của sinh viên được công bố chính thức trên phần mềm?,618
thời điểm nào ứng dụng sẽ công bố số liệu tổng kết rèn luyện cho sinh viên?,khi nào kết quả tổng điểm rèn luyện của sinh viên được công bố chính thức trên phần mềm?,618
bao giờ sinh viên có thể xem thành tích rèn luyện tổng hợp qua phần mềm được chính thức?,khi nào kết quả tổng điểm rèn luyện của sinh viên được công bố chính thức trên phần mềm?,618
công việc gì là những điều sinh viên phải làm trong tuần ba của kỳ học sắp tới?,sinh viên cần thực hiện nhiệm vụ gì vào tuần thứ ba của học kỳ tiếp theo?,619
nhiệm vụ nào dành cho các bạn học sinh trong giai đoạn tuần thứ ba của học phần sau?,sinh viên cần thực hiện nhiệm vụ gì vào tuần thứ ba của học kỳ tiếp theo?,619
"vào tuần ba của học kỳ sắp đến, sinh viên cần phải hoàn thành những gì?",sinh viên cần thực hiện nhiệm vụ gì vào tuần thứ ba của học kỳ tiếp theo?,619
những hoạt động nào được yêu cầu từ sinh viên tại tuần thứ ba của kỳ học tiếp theo?,sinh viên cần thực hiện nhiệm vụ gì vào tuần thứ ba của học kỳ tiếp theo?,619
ai chịu trách nhiệm xử lý cho những bạn sinh viên bỏ quên việc xác nhận điểm rèn luyện trên hệ thống mạng?,hình phạt đối với sinh viên không thực hiện xác nhận điểm rèn luyện trên trang online là gì?,620
quy định xử lý thế nào với học viên không đăng nhập để chốt điểm rèn luyện qua trang web?,hình phạt đối với sinh viên không thực hiện xác nhận điểm rèn luyện trên trang online là gì?,620
hậu quả ra sao nếu sinh viên lơ là nhiệm vụ xác nhận điểm trên nền tảng trực tuyến?,hình phạt đối với sinh viên không thực hiện xác nhận điểm rèn luyện trên trang online là gì?,620
nhà trường sẽ áp dụng biện pháp gì cho người học không tiến hành xác nhận điểm qua mạng?,hình phạt đối với sinh viên không thực hiện xác nhận điểm rèn luyện trên trang online là gì?,620
kết quả rèn luyện được công nhận ở đâu trong toàn bộ quy trình?,bước cuối cùng trong quy trình công nhận kết quả rèn luyện là gì?,621
việc xác nhận thành tích sinh viên nằm ở giai đoạn cuối cùng của quy định như thế nào?,bước cuối cùng trong quy trình công nhận kết quả rèn luyện là gì?,621
quy định nào chỉ ra bước kết thúc của quá trình ghi nhận kết quả học tập?,bước cuối cùng trong quy trình công nhận kết quả rèn luyện là gì?,621
công đoạn khép lại của quy trình công nhận thành tích là gì?,bước cuối cùng trong quy trình công nhận kết quả rèn luyện là gì?,621
địa chỉ nào dành cho việc sinh viên theo dõi và rà soát lại điểm rèn luyện của chính mình?,sinh viên có thể theo dõi và kiểm tra điểm rèn luyện cá nhân tại địa chỉ nào?,622
sinh viên muốn xem và kiểm chứng điểm rèn luyện cá nhân cần truy cập vào đâu?,sinh viên có thể theo dõi và kiểm tra điểm rèn luyện cá nhân tại địa chỉ nào?,622
bạn có thể chỉ cho mình nơi sinh viên cập nhật và đối chiếu điểm rèn luyện riêng không?,sinh viên có thể theo dõi và kiểm tra điểm rèn luyện cá nhân tại địa chỉ nào?,622
điểm rèn luyện cá nhân của sinh viên có thể được giám sát và xác minh ở vị trí nào?,sinh viên có thể theo dõi và kiểm tra điểm rèn luyện cá nhân tại địa chỉ nào?,622
"khi phát hiện điểm rèn luyện ghi nhận chưa đủ so với hoạt động đã tham gia, học sinh cần xử lý như thế nào?",sinh viên phải làm gì nếu nhận thấy bị thiếu điểm rèn luyện của một hoạt động đã tham gia?,623
"nếu thấy mình bị trừ điểm trong hoạt động đã đăng ký, người học sinh phải làm gì để khắc phục?",sinh viên phải làm gì nếu nhận thấy bị thiếu điểm rèn luyện của một hoạt động đã tham gia?,623
"trường hợp nào mà sinh viên bị thiếu điểm rèn luyện dù đã tham gia, thì phải giải quyết ra sao?",sinh viên phải làm gì nếu nhận thấy bị thiếu điểm rèn luyện của một hoạt động đã tham gia?,623
"việc nhận ra điểm rèn luyện bị ghi thiếu cho một sự kiện đã tham gia, sinh viên cần thực hiện bước gì?",sinh viên phải làm gì nếu nhận thấy bị thiếu điểm rèn luyện của một hoạt động đã tham gia?,623
công tác xã hội bao hàm những hoạt động cụ thể như thế nào?,hoạt động công tác xã hội (ctxh) là gì?,624
những việc làm thuộc lĩnh vực công tác xã hội được định nghĩa ra sao?,hoạt động công tác xã hội (ctxh) là gì?,624
định nghĩa về các hành động trong công tác xã hội là gì?,hoạt động công tác xã hội (ctxh) là gì?,624
làm thế nào để gọi tên các hoạt động liên quan đến công tác xã hội?,hoạt động công tác xã hội (ctxh) là gì?,624
công tác xã hội được định nghĩa như thế nào?,điểm công tác xã hội (ctxh) là gì?,625
khái niệm về hoạt động công tác xã hội ra sao?,điểm công tác xã hội (ctxh) là gì?,625
công tác xã hội mang ý nghĩa gì?,điểm công tác xã hội (ctxh) là gì?,625
bản chất của lĩnh vực công tác xã hội là gì?,điểm công tác xã hội (ctxh) là gì?,625
vậy hoạt động này của hội chữ thập đỏ được gọi là gì?,ngày công tác xã hội (ctxh) là gì?,626
tên gọi chuyên môn cho việc làm phúc cộng đồng như thế nào?,ngày công tác xã hội (ctxh) là gì?,626
công tác nhân đạo mà mọi người hay nhắc đến nghĩa là cái gì?,ngày công tác xã hội (ctxh) là gì?,626
thuật ngữ chỉ hành động giúp đỡ nạn nhân thảm họa ra sao?,ngày công tác xã hội (ctxh) là gì?,626
một ngày công tác xã hội tương ứng với bao nhiêu điểm công tác xã hội?,tỷ lệ quy đổi từ điểm công tác xã hội sang ngày công tác xã hội là bao nhiêu?,627
làm thế nào để quy đổi điểm công tác xã hội thành số ngày?,tỷ lệ quy đổi từ điểm công tác xã hội sang ngày công tác xã hội là bao nhiêu?,627
số điểm công tác xã hội được tính thành bao nhiêu ngày làm việc?,tỷ lệ quy đổi từ điểm công tác xã hội sang ngày công tác xã hội là bao nhiêu?,627
quy đổi từ điểm sang ngày trong lĩnh vực xã hội thì tỷ lệ ra sao?,tỷ lệ quy đổi từ điểm công tác xã hội sang ngày công tác xã hội là bao nhiêu?,627
lý do tại sao lại bắt học trò phải làm xong phần hoạt động cộng đồng là gì?,mục đích của việc yêu cầu sinh viên hoàn thành chương trình công tác xã hội là gì?,628
chúng ta cần sinh viên hoàn tất chương trình xã hội học tập nhằm mục tiêu nào?,mục đích của việc yêu cầu sinh viên hoàn thành chương trình công tác xã hội là gì?,628
ai là người muốn học sinh thực hiện xong bài tập tình nguyện và vì sao?,mục đích của việc yêu cầu sinh viên hoàn thành chương trình công tác xã hội là gì?,628
ý đồ đằng sau yêu cầu học viên phải làm xong dự án xã hội là gì?,mục đích của việc yêu cầu sinh viên hoàn thành chương trình công tác xã hội là gì?,628
số ngày làm việc cộng đồng cần được sinh viên hoàn thành để đủ điều kiện tốt nghiệp là bao nhiêu?,sinh viên cần tích lũy bao nhiêu ngày công tác xã hội để được xét tốt nghiệp?,629
"để được công nhận tốt nghiệp, sinh viên phải trải qua bao nhiêu ngày tham gia các hoạt động xã hội?",sinh viên cần tích lũy bao nhiêu ngày công tác xã hội để được xét tốt nghiệp?,629
mức độ về số ngày thực tế sinh viên cần tham gia công tác cộng đồng cho việc xét tốt nghiệp là bao nhiêu?,sinh viên cần tích lũy bao nhiêu ngày công tác xã hội để được xét tốt nghiệp?,629
bao nhiêu ngày làm việc thiện nguyện sinh viên cần tích lũy mới đủ tiêu chuẩn để ra trường?,sinh viên cần tích lũy bao nhiêu ngày công tác xã hội để được xét tốt nghiệp?,629
quy định về số ngày thực tế xã hội mà sinh viên cần chuẩn bị là gì?,thời gian để sinh viên tích lũy ngày công tác xã hội được quy định như thế nào?,630
mức độ ngày làm việc tình nguyện cho sinh viên được ấn định ra sao?,thời gian để sinh viên tích lũy ngày công tác xã hội được quy định như thế nào?,630
sinh viên phải tích lũy bao nhiêu ngày hoạt động cộng đồng theo quy định?,thời gian để sinh viên tích lũy ngày công tác xã hội được quy định như thế nào?,630
chính sách liên quan đến việc sinh viên chuẩn bị ngày lao động xã hội được định hình thế nào?,thời gian để sinh viên tích lũy ngày công tác xã hội được quy định như thế nào?,630
cơ quan giáo dục đã đưa ra những chỉ dẫn nào liên quan đến thời hạn hoàn tất công tác cộng đồng?,nhà trường có khuyến cáo gì về thời điểm hoàn thành tích lũy ngày công tác xã hội?,631
chúng ta cần tuân thủ những hướng dẫn gì của nhà trường về việc kết thúc hoạt động xã hội?,nhà trường có khuyến cáo gì về thời điểm hoàn thành tích lũy ngày công tác xã hội?,631
"về vấn đề hoàn thành ngày lao động cộng đồng, nhà giáo có lời khuyên gì đặc biệt không?",nhà trường có khuyến cáo gì về thời điểm hoàn thành tích lũy ngày công tác xã hội?,631
những lưu ý nào từ phía đơn vị học đường dành cho sinh viên khi thực hiện xong nhiệm vụ xã hội?,nhà trường có khuyến cáo gì về thời điểm hoàn thành tích lũy ngày công tác xã hội?,631
những việc làm thiện nguyện vì lợi ích cộng đồng nào sẽ được cộng điểm xã hội?,các hoạt động tình nguyện vì cộng đồng nào được cộng điểm công tác xã hội?,632
hoạt động giúp ích cho xã hội nào nhận được sự ghi nhận qua điểm công tác?,các hoạt động tình nguyện vì cộng đồng nào được cộng điểm công tác xã hội?,632
loại hình công ích nào dành cho cộng đồng có thể đổi lấy điểm sinh hoạt?,các hoạt động tình nguyện vì cộng đồng nào được cộng điểm công tác xã hội?,632
những hành động vì đại chúng nào được trao điểm trong công tác xã hội?,các hoạt động tình nguyện vì cộng đồng nào được cộng điểm công tác xã hội?,632
những hành động thiện nguyện nào sẽ được cộng điểm vào hồ sơ xã hội?,các hoạt động công ích nào được tính điểm công tác xã hội?,633
loại công việc vì cộng đồng nào có giá trị để ghi nhận trong điểm số?,các hoạt động công ích nào được tính điểm công tác xã hội?,633
phần thưởng công tác xã hội dành cho những hoạt động nào?,các hoạt động công ích nào được tính điểm công tác xã hội?,633
hoạt động nào thuộc nhóm làm vì cộng đồng sẽ được trao điểm?,các hoạt động công ích nào được tính điểm công tác xã hội?,633
việc tham gia vào các hoạt động bảo vệ môi trường và tuân thủ quy định pháp lý có được tính là điểm thưởng trong công tác xã hội hay không?,hoạt động môi trường và pháp luật có được cộng điểm công tác xã hội không?,634
những hành động liên quan đến môi trường cũng như pháp luật liệu có nhận được điểm cộng trong công tác xã hội không vậy?,hoạt động môi trường và pháp luật có được cộng điểm công tác xã hội không?,634
công tác xã hội có ghi nhận điểm cho những đóng góp về mặt pháp lý và môi trường của cá nhân hay không?,hoạt động môi trường và pháp luật có được cộng điểm công tác xã hội không?,634
các hoạt động hướng đến bảo vệ thiên nhiên và luật pháp có được cộng thêm điểm vào thành tích xã hội không?,hoạt động môi trường và pháp luật có được cộng điểm công tác xã hội không?,634
những đối tượng được ưu tiên hỗ trợ trong công tác xã hội gồm có những ai?,hoạt động chăm lo đối tượng chính sách và người khó khăn bao gồm những gì?,635
"bên cạnh người chính sách, nhóm người nào còn nằm trong phạm vi trợ giúp?",hoạt động chăm lo đối tượng chính sách và người khó khăn bao gồm những gì?,635
công tác trợ giúp xã hội tập trung vào những nhóm yếu thế ra sao?,hoạt động chăm lo đối tượng chính sách và người khó khăn bao gồm những gì?,635
những người cần được quan tâm đặc biệt trong hoạt động này là những đối tượng nào?,hoạt động chăm lo đối tượng chính sách và người khó khăn bao gồm những gì?,635
những hoạt động hỗ trợ cộng đồng và giáo dục nào sẽ được ghi nhận điểm trong công tác xã hội?,hoạt động giáo dục và hỗ trợ địa phương nào được tính điểm công tác xã hội?,636
việc nào trong số các chương trình hỗ trợ địa phương cùng giáo dục có thể tích lũy điểm cho hoạt động xã hội?,hoạt động giáo dục và hỗ trợ địa phương nào được tính điểm công tác xã hội?,636
làm thế nào để xác định các hoạt động giáo dục và giúp đỡ dân cư được tính điểm trong công tác xã hội?,hoạt động giáo dục và hỗ trợ địa phương nào được tính điểm công tác xã hội?,636
loại hình hoạt động hỗ trợ khu vực và dạy dỗ nào sẽ có số điểm công tác xã hội được trao?,hoạt động giáo dục và hỗ trợ địa phương nào được tính điểm công tác xã hội?,636
liệu kết quả đánh giá công tác cộng đồng có áp dụng cho những người làm việc trong các tổ chức đoàn thể không?,nhiệm vụ cán bộ đoàn thể có được tính điểm công tác xã hội không?,637
những cán bộ đang phục vụ ở các đoàn thể liệu có được cộng điểm trong hồ sơ năng lực xã hội hay không?,nhiệm vụ cán bộ đoàn thể có được tính điểm công tác xã hội không?,637
việc xét điểm hiệu quả phục vụ cộng đồng có bao gồm nhân sự của các tổ chức đoàn kết không?,nhiệm vụ cán bộ đoàn thể có được tính điểm công tác xã hội không?,637
có hay không tính điểm cho hoạt động xã hội của đội ngũ cán bộ trong các đoàn thể?,nhiệm vụ cán bộ đoàn thể có được tính điểm công tác xã hội không?,637
loại hình văn hóa hay nghệ thuật nào sẽ bị loại trừ khỏi ngày công tác xã hội?,"những hoạt động văn hóa, nghệ thuật nào không được tính ngày công tác xã hội?",638
những sự kiện thuộc lĩnh vực văn nghệ nào không được xem là ngày làm việc cộng đồng?,"những hoạt động văn hóa, nghệ thuật nào không được tính ngày công tác xã hội?",638
"trong mảng văn hóa và nghệ thuật, hành động nào không được tính là ngày công tác xã hội?","những hoạt động văn hóa, nghệ thuật nào không được tính ngày công tác xã hội?",638
hoạt động nào trong số các hoạt động văn nghệ sẽ không được quy đổi thành ngày công tác xã hội?,"những hoạt động văn hóa, nghệ thuật nào không được tính ngày công tác xã hội?",638
liệu việc đi chơi và tham quan có được coi là ngày làm việc xã hội không?,tham quan và du lịch có được tính ngày công tác xã hội không?,639
"khi tổ chức các chuyến đi tham quan, có thể xếp đó vào danh sách ngày công tác xã hội được không?",tham quan và du lịch có được tính ngày công tác xã hội không?,639
những hoạt động du lịch và khảo sát địa phương có được tính là ngày phục vụ xã hội hay không?,tham quan và du lịch có được tính ngày công tác xã hội không?,639
có nên xem các chuyến đi tham quan như là ngày làm việc vì lợi ích cộng đồng không?,tham quan và du lịch có được tính ngày công tác xã hội không?,639
việc tham gia hội thảo cùng sinh hoạt clb có được ghi nhận là điểm cộng cho hoạt động xã hội không?,tham dự hội thảo và sinh hoạt câu lạc bộ có được cộng điểm công tác xã hội không?,640
có tính điểm công tác xã hội cho những người dự diễn đàn và họp nhóm câu lạc bộ hay không?,tham dự hội thảo và sinh hoạt câu lạc bộ có được cộng điểm công tác xã hội không?,640
các hoạt động như tham gia hội nghị và sinh nhật clb có được cộng vào chỉ số xã hội không?,tham dự hội thảo và sinh hoạt câu lạc bộ có được cộng điểm công tác xã hội không?,640
liệu việc có mặt tại hội thảo và sinh hoạt clb có được xem là đóng góp cho hoạt động cộng đồng để nhận điểm không?,tham dự hội thảo và sinh hoạt câu lạc bộ có được cộng điểm công tác xã hội không?,640
những sinh viên nhận thù lao trong các hoạt động có được cộng thêm điểm xã hội không?,sinh viên có được cộng điểm công tác xã hội khi tham gia hoạt động có trả lương không?,641
việc tham gia công việc có trả tiền có tính vào điểm cộng tác xã hội của sinh viên hay không?,sinh viên có được cộng điểm công tác xã hội khi tham gia hoạt động có trả lương không?,641
sinh viên có được ghi nhận điểm công tác xã hội khi làm việc lấy tiền hay không?,sinh viên có được cộng điểm công tác xã hội khi tham gia hoạt động có trả lương không?,641
những hoạt động được trả lương có giúp sinh viên tăng điểm cộng đồng xã hội không?,sinh viên có được cộng điểm công tác xã hội khi tham gia hoạt động có trả lương không?,641
hành động xử lý dành cho học viên có đăng ký rồi nhưng lại không đến lớp vô cớ là gì?,hình thức xử lý khi sinh viên đăng ký tham gia nhưng vắng mặt không lý do là gì?,642
trường hợp sinh viên ghi danh xong mà vắng mặt không có lý do thì sẽ bị xử lý thế nào?,hình thức xử lý khi sinh viên đăng ký tham gia nhưng vắng mặt không lý do là gì?,642
khi nào và bằng hình thức gì để xử lý trường hợp bạn đã đăng ký nhưng không tham gia?,hình thức xử lý khi sinh viên đăng ký tham gia nhưng vắng mặt không lý do là gì?,642
quy định xử lý cho những ai đã nộp đơn tham gia rồi nhưng đến muộn hoặc bỏ cuộc không rõ lý do là gì?,hình thức xử lý khi sinh viên đăng ký tham gia nhưng vắng mặt không lý do là gì?,642
những trường hợp học viên bỏ qua công việc được giao đồng thời gây tác động tiêu cực tới môi trường giáo dục sẽ chịu hình phạt ra sao?,sinh viên không hoàn thành nhiệm vụ và gây ảnh hưởng xấu đến nhà trường sẽ bị xử lý như thế nào?,643
mức độ xử lý dành cho học sinh vi phạm tiến độ công việc và để lại hệ quả không tốt cho cơ quan sẽ như thế nào?,sinh viên không hoàn thành nhiệm vụ và gây ảnh hưởng xấu đến nhà trường sẽ bị xử lý như thế nào?,643
hành động không làm xong đồ án kèm theo những hậu quả xấu cho nhà trường sẽ dẫn đến biện pháp kỷ luật gì?,sinh viên không hoàn thành nhiệm vụ và gây ảnh hưởng xấu đến nhà trường sẽ bị xử lý như thế nào?,643
"khi người học thất bại trong việc hoàn thành trách nhiệm và làm ảnh hưởng đến uy tín của trường, hậu quả sẽ ra sao?",sinh viên không hoàn thành nhiệm vụ và gây ảnh hưởng xấu đến nhà trường sẽ bị xử lý như thế nào?,643
nơi nào sinh viên có thể cập nhật tin tức về các hoạt động công tác xã hội?,sinh viên theo dõi thông tin các hoạt động công tác xã hội ở đâu?,644
nguồn thông tin nào cho phép sinh viên nắm bắt được những công tác xã hội đang diễn ra?,sinh viên theo dõi thông tin các hoạt động công tác xã hội ở đâu?,644
ở đâu mà sinh viên có thể tìm hiểu chi tiết về các sự kiện xã hội?,sinh viên theo dõi thông tin các hoạt động công tác xã hội ở đâu?,644
sinh viên biết được tin tức hoạt động công tác xã hội tại địa điểm nào?,sinh viên theo dõi thông tin các hoạt động công tác xã hội ở đâu?,644
làm thế nào để ghi danh trở thành người tham gia các hoạt động xã hội?,cách thức đăng ký tham gia hoạt động công tác xã hội như thế nào?,645
quy trình trở thành thành viên trong các hoạt động cộng đồng diễn ra ra sao?,cách thức đăng ký tham gia hoạt động công tác xã hội như thế nào?,645
cần thực hiện những bước gì để đăng ký tham dự các sự kiện xã hội?,cách thức đăng ký tham gia hoạt động công tác xã hội như thế nào?,645
làm sao để nộp đơn xin gia nhập các phong trào hoạt động công dân?,cách thức đăng ký tham gia hoạt động công tác xã hội như thế nào?,645
"khi có dịp cộng tác xã hội do bên ngoài trường sắp xếp, học sinh phải chuẩn bị gì?",sinh viên cần làm gì khi tham gia hoạt động công tác xã hội do đơn vị ngoài trường tổ chức?,646
"nếu đơn vị ngoại khóa tổ chức chương trình tình nguyện, sinh viên nên thực hiện những hành động nào?",sinh viên cần làm gì khi tham gia hoạt động công tác xã hội do đơn vị ngoài trường tổ chức?,646
"đối với các hoạt động xã hội ngoài trường, học viên cần chuẩn bị như thế nào?",sinh viên cần làm gì khi tham gia hoạt động công tác xã hội do đơn vị ngoài trường tổ chức?,646
làm thế nào để sinh viên chuẩn bị đúng khi tham gia dự án do bên ngoài trường vận động?,sinh viên cần làm gì khi tham gia hoạt động công tác xã hội do đơn vị ngoài trường tổ chức?,646
công tác xã hội kết thúc thì làm thế nào để kiểm chứng lại điểm?,quy trình xác nhận điểm sau khi kết thúc hoạt động công tác xã hội là gì?,647
làm sao xác định được thành quả sau khi hoạt động cộng đồng khép lại?,quy trình xác nhận điểm sau khi kết thúc hoạt động công tác xã hội là gì?,647
"sau khi kết thúc dự án, bước nào dùng để ghi nhận lại kết quả?",quy trình xác nhận điểm sau khi kết thúc hoạt động công tác xã hội là gì?,647
khi nào và bằng cách nào ta có thể tổng kết số liệu cuối cùng?,quy trình xác nhận điểm sau khi kết thúc hoạt động công tác xã hội là gì?,647
trang web nào cho phép sinh viên tra cứu điểm số các hoạt động xã hội đã tham gia?,sinh viên có thể xem điểm công tác xã hội đã tích lũy ở trang web nào?,648
ở đâu trên mạng mà sinh viên có thể kiểm tra được tổng điểm tình nguyện mình đã làm?,sinh viên có thể xem điểm công tác xã hội đã tích lũy ở trang web nào?,648
làm sao để sinh viên xem được thành tích công tác xã hội của bản thân qua website?,sinh viên có thể xem điểm công tác xã hội đã tích lũy ở trang web nào?,648
sinh viên có thể tìm thấy điểm số các hoạt động xã hội đã tích luỹ tại trang web nào không?,sinh viên có thể xem điểm công tác xã hội đã tích lũy ở trang web nào?,648
vậy học viên phải làm thế nào khi số điểm hoạt động cộng đồng bị ghi nhầm so với thông báo chính thức?,sinh viên cần làm gì nếu điểm công tác xã hội bị nhập sai so với công bố?,649
làm sao để sửa sai cho điểm tham gia xã hội nếu nó không khớp với kết quả công bố đã cho?,sinh viên cần làm gì nếu điểm công tác xã hội bị nhập sai so với công bố?,649
"khi có sự chênh lệch giữa điểm công tác cộng đồng và dữ liệu đăng tải, sinh viên cần xử lý ra sao?",sinh viên cần làm gì nếu điểm công tác xã hội bị nhập sai so với công bố?,649
"nếu con số điểm làm việc vì cộng đồng bị nhập liệu sai lệch so với bản tin, bạn cần làm gì tiếp theo?",sinh viên cần làm gì nếu điểm công tác xã hội bị nhập sai so với công bố?,649
cấp nào được tiếp nhận đơn phản ánh điểm công tác xã hội của sinh viên?,sinh viên có quyền khiếu nại về điểm công tác xã hội lên cấp nào?,650
sinh viên muốn phản đối điểm công tác xã hội thì phải gửi đơn đến đâu?,sinh viên có quyền khiếu nại về điểm công tác xã hội lên cấp nào?,650
"điểm công tác xã hội nếu sinh viên không đồng ý, cần khiếu nại về phía nào?",sinh viên có quyền khiếu nại về điểm công tác xã hội lên cấp nào?,650
ai là cấp có thẩm quyền xử lý đơn tố cáo điểm sinh hoạt cộng đồng của sinh viên?,sinh viên có quyền khiếu nại về điểm công tác xã hội lên cấp nào?,650
làm thế nào mà sinh viên có thể sở hữu được bảng điểm công tác xã hội được cấp chính thức?,làm thế nào để sinh viên có được bảng điểm công tác xã hội chính thức?,651
quy trình để sinh viên nhận được văn bản điểm công tác xã hội hợp lệ là gì?,làm thế nào để sinh viên có được bảng điểm công tác xã hội chính thức?,651
sinh viên cần làm gì để lấy được bảng ghi nhận điểm làm việc xã hội chính thống?,làm thế nào để sinh viên có được bảng điểm công tác xã hội chính thức?,651
bằng cách nào sinh viên có thể nắm giữ bản ghi điểm công tác xã hội có giá trị pháp lý?,làm thế nào để sinh viên có được bảng điểm công tác xã hội chính thức?,651
tổ chức nào sẽ giám sát việc vận hành phần mềm cũng như chấm điểm công tác xã hội cho sinh viên?,đơn vị nào chịu trách nhiệm quản lý phần mềm và điểm công tác xã hội của sinh viên?,652
ai là bên có trách nhiệm trông nom công tác quản lý phần mềm và việc ghi điểm cho hoạt động xã hội của sinh viên?,đơn vị nào chịu trách nhiệm quản lý phần mềm và điểm công tác xã hội của sinh viên?,652
hãy cho biết cơ quan nào nắm quyền điều hành phần mềm và việc tính điểm các hoạt động xã hội dành cho sinh viên?,đơn vị nào chịu trách nhiệm quản lý phần mềm và điểm công tác xã hội của sinh viên?,652
bên nào sẽ đảm nhận công việc quản lý hệ thống phần mềm cũng như công tác chấm điểm cho sinh viên tham gia hoạt động xã hội?,đơn vị nào chịu trách nhiệm quản lý phần mềm và điểm công tác xã hội của sinh viên?,652
sinh viên được xem xét tốt nghiệp dựa trên những tiêu chí nào về công tác xã hội?,đơn vị nào căn cứ vào điểm công tác xã hội để xét tốt nghiệp cho sinh viên?,653
căn cứ vào đâu để ban giám khảo quyết định cho sinh viên tốt nghiệp liên quan đến hoạt động cộng đồng?,đơn vị nào căn cứ vào điểm công tác xã hội để xét tốt nghiệp cho sinh viên?,653
"tiêu chí xét tốt nghiệp của sinh viên có liên quan thế nào đến công tác xã hội, ai là người quyết định?",đơn vị nào căn cứ vào điểm công tác xã hội để xét tốt nghiệp cho sinh viên?,653
ai là cơ quan chịu trách nhiệm xem xét hồ sơ tốt nghiệp của sinh viên dựa trên điểm số xã hội?,đơn vị nào căn cứ vào điểm công tác xã hội để xét tốt nghiệp cho sinh viên?,653
phần thưởng dành cho sinh viên sẽ bao gồm những hạng mục nào?,nội dung khen thưởng sinh viên bao gồm những gì?,654
những gì được cấp phát khi sinh viên đạt thành tích xuất sắc?,nội dung khen thưởng sinh viên bao gồm những gì?,654
danh sách các phần tử trong gói khen tặng cho sinh viên như thế nào?,nội dung khen thưởng sinh viên bao gồm những gì?,654
sinh viên sẽ nhận được những gì khi được tuyên dương?,nội dung khen thưởng sinh viên bao gồm những gì?,654
sinh viên nhận phần thưởng ở thời gian nào?,việc khen thưởng sinh viên được thực hiện vào thời điểm nào?,655
thời điểm trao giải cho các bạn học trò là lúc nào?,việc khen thưởng sinh viên được thực hiện vào thời điểm nào?,655
khi nào tiến hành việc phát thưởng cho sinh viên?,việc khen thưởng sinh viên được thực hiện vào thời điểm nào?,655
chương trình vinh danh sinh viên sẽ diễn ra vào lúc nào?,việc khen thưởng sinh viên được thực hiện vào thời điểm nào?,655
những tiêu chí nào được áp dụng để sinh viên nhận được khen thưởng?,những tiêu chuẩn chung để sinh viên được xét khen thưởng là gì?,656
điều kiện chung để sinh viên đủ điều kiện nhận phần thưởng là gì?,những tiêu chuẩn chung để sinh viên được xét khen thưởng là gì?,656
làm thế nào để xác định các tiêu chuẩn chung cho việc khen thưởng sinh viên?,những tiêu chuẩn chung để sinh viên được xét khen thưởng là gì?,656
"để được phong thưởng, sinh viên cần đáp ứng những yêu cầu chung nào?",những tiêu chuẩn chung để sinh viên được xét khen thưởng là gì?,656
những phần thưởng nào dành cho sinh viên hiện nay đang được áp dụng?,có những hình thức khen thưởng nào dành cho sinh viên?,657
sinh viên có thể nhận được những loại hình khen ngợi như thế nào?,có những hình thức khen thưởng nào dành cho sinh viên?,657
ai là những hình phạt hay phần thưởng mà trường dành cho sinh viên?,có những hình thức khen thưởng nào dành cho sinh viên?,657
hãy liệt kê các biện pháp khích lệ dành riêng cho sinh viên.,có những hình thức khen thưởng nào dành cho sinh viên?,657
những quy định nào chi phối công tác vinh danh sinh viên?,việc xét khen thưởng sinh viên dựa trên những nguyên tắc nào?,658
sinh viên sẽ được khen thưởng như thế nào theo các tiêu chuẩn đã định?,việc xét khen thưởng sinh viên dựa trên những nguyên tắc nào?,658
căn cứ vào đâu mà ban tổ chức quyết định trao phần thưởng cho sinh viên?,việc xét khen thưởng sinh viên dựa trên những nguyên tắc nào?,658
tiêu chí để chọn ra những sinh viên xuất sắc ra sao?,việc xét khen thưởng sinh viên dựa trên những nguyên tắc nào?,658
có thể nhận nhiều phần thưởng từ quỹ khen thưởng của trường cho một thành tích hay không?,một thành tích có được nhận nhiều nguồn thưởng từ quỹ khen thưởng của trường không?,659
một thành tích có đủ điều kiện để được trao nhiều nguồn tiền thưởng từ quỹ của trường không?,một thành tích có được nhận nhiều nguồn thưởng từ quỹ khen thưởng của trường không?,659
liệu một thành tích có thể nhận được nhiều phần thưởng khác nhau từ quỹ khen thưởng của trường được không?,một thành tích có được nhận nhiều nguồn thưởng từ quỹ khen thưởng của trường không?,659
trường có cấp nhiều nguồn thưởng từ quỹ khen thưởng cho một thành tích hay không?,một thành tích có được nhận nhiều nguồn thưởng từ quỹ khen thưởng của trường không?,659
mức điểm trung bình thấp nhất cần đạt để có quyền nhận phần thưởng là bao nhiêu?,điểm trung bình học tập tối thiểu để được xét khen thưởng là bao nhiêu?,660
"để được cấp chứng nhận khen thưởng, học sinh cần giữ điểm trung bình ở mức nào trở lên?",điểm trung bình học tập tối thiểu để được xét khen thưởng là bao nhiêu?,660
điểm trung bình tối thiểu cần thiết nhằm đủ điều kiện nhận giải thưởng là bao nhiêu?,điểm trung bình học tập tối thiểu để được xét khen thưởng là bao nhiêu?,660
giới hạn điểm trung bình thấp nhất cho phép để được xét tặng phần thưởng là bao nhiêu?,điểm trung bình học tập tối thiểu để được xét khen thưởng là bao nhiêu?,660
mức điểm thấp nhất cần đạt để có quyền được khen thưởng là bao nhiêu vậy?,điểm rèn luyện tối thiểu để được xét khen thưởng là bao nhiêu?,661
"để được công nhận và thưởng, chúng ta phải có tối thiểu bao nhiêu điểm?",điểm rèn luyện tối thiểu để được xét khen thưởng là bao nhiêu?,661
bao nhiêu điểm mới đủ điều kiện để xét tặng phần thưởng?,điểm rèn luyện tối thiểu để được xét khen thưởng là bao nhiêu?,661
ngưỡng điểm sàn để có thể tham gia xét khen thưởng là con số nào?,điểm rèn luyện tối thiểu để được xét khen thưởng là bao nhiêu?,661
học sinh nào sẽ bị loại khỏi danh sách khen thưởng trong năm học này?,đối tượng nào không được xét danh hiệu thi đua năm học?,662
ai là người không đủ điều kiện để nhận huân chương thi đua năm nay?,đối tượng nào không được xét danh hiệu thi đua năm học?,662
danh sách những ai bị loại ngoài vòng danh hiệu khen thưởng của năm học sẽ như thế nào?,đối tượng nào không được xét danh hiệu thi đua năm học?,662
có những trường hợp nào bị xem xét loại khỏi việc nhận giải thưởng năm học không?,đối tượng nào không được xét danh hiệu thi đua năm học?,662
những ai bị loại khỏi danh hiệu thi đua cho toàn bộ kỳ học?,đối tượng nào không được xét danh hiệu thi đua toàn khóa học?,663
ai sẽ không có cơ hội nhận bằng khen thi đua trong suốt thời gian học tập?,đối tượng nào không được xét danh hiệu thi đua toàn khóa học?,663
danh hiệu thi đua toàn khóa dành cho những người nào bị từ chối xét duyệt?,đối tượng nào không được xét danh hiệu thi đua toàn khóa học?,663
tiêu chí loại trừ đối tượng nhận danh hiệu thi đua trong cả khóa là ai?,đối tượng nào không được xét danh hiệu thi đua toàn khóa học?,663
những yêu cầu cần phải có để được phong danh hiệu sinh viên xuất sắc trong năm học này là gì?,tiêu chuẩn để đạt danh hiệu sinh viên giỏi năm học là gì?,664
tiêu chí nào quyết định việc trao tặng danh hiệu sinh viên xuất sắc cho học kỳ vừa qua?,tiêu chuẩn để đạt danh hiệu sinh viên giỏi năm học là gì?,664
"để trở thành sinh viên giỏi, năm nay cần đáp ứng những điều kiện gì?",tiêu chuẩn để đạt danh hiệu sinh viên giỏi năm học là gì?,664
nhà trường đưa ra những điều kiện nào nhằm chọn ra các sinh viên xuất sắc trong năm học?,tiêu chuẩn để đạt danh hiệu sinh viên giỏi năm học là gì?,664
những điều kiện nào cần phải có để được phong danh hiệu sinh viên xuất sắc trong năm học này?,tiêu chuẩn để đạt danh hiệu sinh viên xuất sắc năm học là gì?,665
làm thế nào để một sinh viên có thể đạt được danh hiệu xuất sắc cho năm học hiện tại?,tiêu chuẩn để đạt danh hiệu sinh viên xuất sắc năm học là gì?,665
những yêu cầu gì cần đáp ứng để trở thành sinh viên xuất sắc trong năm nay?,tiêu chuẩn để đạt danh hiệu sinh viên xuất sắc năm học là gì?,665
điều kiện cần thiết để sinh viên nhận danh hiệu xuất sắc năm học là gì?,tiêu chuẩn để đạt danh hiệu sinh viên xuất sắc năm học là gì?,665
nơi nào được trao giấy khen cho những bạn sinh viên có danh hiệu thi đua cá nhân?,sinh viên đạt danh hiệu thi đua cá nhân nhận giấy khen ở đâu?,666
giấy khen dành cho sinh viên xuất sắc về thành tích cá nhân sẽ được trao tại đâu?,sinh viên đạt danh hiệu thi đua cá nhân nhận giấy khen ở đâu?,666
địa điểm nhận phần thưởng giấy khen cho sinh viên đạt danh hiệu cá nhân là nơi nào?,sinh viên đạt danh hiệu thi đua cá nhân nhận giấy khen ở đâu?,666
ai được phát giấy khen khi sinh viên có danh hiệu thi đua cá nhân và ở đâu?,sinh viên đạt danh hiệu thi đua cá nhân nhận giấy khen ở đâu?,666
"phần thưởng dành cho bạn học xuất sắc hạng nhất theo ngành, khoa và khóa học là bao nhiêu?",mức thưởng cho sinh viên đạt danh hiệu thi đua đứng thứ nhất ngành-khóa-khoa là bao nhiêu?,667
"sinh viên nào đứng đầu bảng xếp hạng của ngành, khoa và khóa sẽ nhận được mức tiền nào?",mức thưởng cho sinh viên đạt danh hiệu thi đua đứng thứ nhất ngành-khóa-khoa là bao nhiêu?,667
khoản tiền thưởng cho học sinh đạt giải nhất tại ngành-khoa-khóa là bao nhiêu đồng?,mức thưởng cho sinh viên đạt danh hiệu thi đua đứng thứ nhất ngành-khóa-khoa là bao nhiêu?,667
"đối với vị trí số một trong danh thi đua của ngành, khoa và khóa, phần thưởng cụ thể là gì?",mức thưởng cho sinh viên đạt danh hiệu thi đua đứng thứ nhất ngành-khóa-khoa là bao nhiêu?,667
mức tiền thưởng dành cho sinh viên xếp hạng nhì trong lĩnh vực này là bao nhiêu?,mức thưởng cho sinh viên đạt danh hiệu thi đua đứng thứ nhì ngành-khóa-khoa là bao nhiêu?,668
phần thưởng nhận được của bạn khi đạt giải nhì ngành-khóa-khoa bằng bao nhiêu?,mức thưởng cho sinh viên đạt danh hiệu thi đua đứng thứ nhì ngành-khóa-khoa là bao nhiêu?,668
sinh viên đứng vị trí thứ hai trên toàn ngành sẽ được trao khoản thưởng trị giá bao nhiêu?,mức thưởng cho sinh viên đạt danh hiệu thi đua đứng thứ nhì ngành-khóa-khoa là bao nhiêu?,668
khoản tiền thưởng cho sinh viên có thành tích xếp hạng nhì ở cấp ngành-khóa-khoa là bao nhiêu?,mức thưởng cho sinh viên đạt danh hiệu thi đua đứng thứ nhì ngành-khóa-khoa là bao nhiêu?,668
"phần thưởng dành cho sinh viên xếp hạng ba trong danh hiệu thi đua của khoa, ngành và trường là bao nhiêu?",mức thưởng cho sinh viên đạt danh hiệu thi đua đứng thứ ba ngành-khóa-khoa là bao nhiêu?,669
số tiền thưởng nhận được từ sinh viên đứng thứ ba về mặt thi đua ở cấp ngành-khóa-khoa là bao nhiêu?,mức thưởng cho sinh viên đạt danh hiệu thi đua đứng thứ ba ngành-khóa-khoa là bao nhiêu?,669
sinh viên đạt giải thứ ba trong các hoạt động thi đua toàn ngành-khóa-khoa sẽ nhận được mức thưởng bao nhiêu?,mức thưởng cho sinh viên đạt danh hiệu thi đua đứng thứ ba ngành-khóa-khoa là bao nhiêu?,669
"mức độ khen thưởng cho người đoạt danh hiệu thi đua vị trí ba của ngành, khoa và trường là bao nhiêu tiền?",mức thưởng cho sinh viên đạt danh hiệu thi đua đứng thứ ba ngành-khóa-khoa là bao nhiêu?,669
những tiêu chí nào cần đạt được về thành tích học tập để được phong danh hiệu lớp sinh viên tiên tiến?,điều kiện về kết quả học tập để đạt danh hiệu lớp sinh viên tiên tiến là gì?,670
làm thế nào để một lớp có thể nhận được danh hiệu tiên tiến dựa trên kết quả học tập của sinh viên?,điều kiện về kết quả học tập để đạt danh hiệu lớp sinh viên tiên tiến là gì?,670
kết quả học tập cần ở mức độ nào thì một lớp mới đủ điều kiện lấy danh hiệu tiên tiến?,điều kiện về kết quả học tập để đạt danh hiệu lớp sinh viên tiên tiến là gì?,670
danh hiệu tiên tiến dành cho lớp sinh viên sẽ trao cho những đơn vị nào có thành tích học tập như thế nào?,điều kiện về kết quả học tập để đạt danh hiệu lớp sinh viên tiên tiến là gì?,670
tiêu chí nào về kỷ luật được dùng làm cơ sở để phong danh hiệu lớp sinh viên tiên tiến?,điều kiện về kỷ luật để xét danh hiệu lớp sinh viên tiên tiến là gì?,671
"để được công nhận là lớp tiên tiến, nhà trường xét điều kiện kỷ luật như thế nào?",điều kiện về kỷ luật để xét danh hiệu lớp sinh viên tiên tiến là gì?,671
yếu tố kỷ luật ảnh hưởng ra sao đến việc xét chọn lớp sinh viên tiên tiến?,điều kiện về kỷ luật để xét danh hiệu lớp sinh viên tiên tiến là gì?,671
làm sao để biết điều kiện kỷ luật cần thiết nhằm xét tặng danh hiệu lớp tiên tiến?,điều kiện về kỷ luật để xét danh hiệu lớp sinh viên tiên tiến là gì?,671
những hành động và vận động nào đóng vai trò quan trọng trong việc sàng lọc sinh viên ưu tú?,các hoạt động phong trào cần thiết để xét lớp sinh viên tiên tiến là gì?,672
"để tìm ra lớp sinh viên xuất sắc, ta cần tiến hành những công việc và phong trào cụ thể như thế nào?",các hoạt động phong trào cần thiết để xét lớp sinh viên tiên tiến là gì?,672
làm thế nào để xác định lớp sinh viên tiên tiến thông qua các hoạt động và phong trào phù hợp?,các hoạt động phong trào cần thiết để xét lớp sinh viên tiên tiến là gì?,672
danh sách những việc làm và phong trào cần thiết nhằm chọn lọc sinh viên giỏi là gì?,các hoạt động phong trào cần thiết để xét lớp sinh viên tiên tiến là gì?,672
"để được phong danh hiệu sinh viên xuất sắc, lớp cần đạt những điều kiện gì?",tiêu chuẩn để đạt danh hiệu lớp sinh viên xuất sắc là gì?,673
những yêu cầu cần có để sinh viên của lớp này nhận bằng khen xuất sắc là như thế nào?,tiêu chuẩn để đạt danh hiệu lớp sinh viên xuất sắc là gì?,673
làm sao một học sinh trong lớp có thể xứng đáng với danh hiệu xuất sắc?,tiêu chuẩn để đạt danh hiệu lớp sinh viên xuất sắc là gì?,673
điều kiện tiên quyết nào khiến sinh viên lớp chúng ta được tôn vinh là xuất sắc?,tiêu chuẩn để đạt danh hiệu lớp sinh viên xuất sắc là gì?,673
tập thể lớp sinh viên đạt danh hiệu xuất sắc sẽ nhận được phần thưởng bao nhiêu tiền?,mức thưởng cho tập thể lớp sinh viên xuất sắc là bao nhiêu?,674
phần thưởng dành riêng cho lớp sinh viên xuất sắc thì bằng bao nhiêu?,mức thưởng cho tập thể lớp sinh viên xuất sắc là bao nhiêu?,674
số tiền trao tặng cho tập thể lớp sinh viên xuất sắc là con số bao nhiêu?,mức thưởng cho tập thể lớp sinh viên xuất sắc là bao nhiêu?,674
khi nào và bằng bao nhiêu thì tập thể lớp sinh viên xuất sắc nhận được giải thưởng?,mức thưởng cho tập thể lớp sinh viên xuất sắc là bao nhiêu?,674
những tiêu chí nào cần đạt để được công nhận là sinh viên xuất sắc trong toàn bộ quá trình đào tạo?,tiêu chuẩn đạt danh hiệu sinh viên giỏi toàn khóa khi tốt nghiệp là gì?,675
"để tốt nghiệp với danh hiệu xuất sắc, sinh viên cần đáp ứng những yêu cầu gì về mặt thành tích?",tiêu chuẩn đạt danh hiệu sinh viên giỏi toàn khóa khi tốt nghiệp là gì?,675
việc trở thành sinh viên giỏi toàn khóa khi kết thúc chương trình học dựa trên nền tảng nào?,tiêu chuẩn đạt danh hiệu sinh viên giỏi toàn khóa khi tốt nghiệp là gì?,675
kết quả học tập cần phải ở mức độ nào mới đủ điều kiện để nhận bằng tốt nghiệp danh hiệu xuất sắc?,tiêu chuẩn đạt danh hiệu sinh viên giỏi toàn khóa khi tốt nghiệp là gì?,675
điều kiện để được công nhận là sinh viên xuất sắc cho đến hết thời gian đào tạo là gì?,tiêu chuẩn đạt danh hiệu sinh viên xuất sắc toàn khóa khi tốt nghiệp là gì?,676
vậy sinh viên cần đáp ứng những yêu cầu nào mới xứng đáng nhận danh hiệu xuất sắc khi hoàn thành chương trình?,tiêu chuẩn đạt danh hiệu sinh viên xuất sắc toàn khóa khi tốt nghiệp là gì?,676
"để có thể mang danh hiệu sinh viên xuất sắc khi tốt nghiệp, người học phải thỏa mãn tiêu chuẩn gì?",tiêu chuẩn đạt danh hiệu sinh viên xuất sắc toàn khóa khi tốt nghiệp là gì?,676
những điều kiện cần có cho một học viên đạt danh hiệu xuất sắc toàn khóa khi ra trường là như thế nào?,tiêu chuẩn đạt danh hiệu sinh viên xuất sắc toàn khóa khi tốt nghiệp là gì?,676
tiêu chuẩn để được gọi là thủ khoa của ngành và khóa học là gì?,thế nào là danh hiệu tốt nghiệp thủ khoa ngành và khóa học?,677
làm thế nào một sinh viên mới tốt nghiệp có thể khẳng định mình là thủ khoa?,thế nào là danh hiệu tốt nghiệp thủ khoa ngành và khóa học?,677
những điều kiện nào cần thiết để nhận danh hiệu thủ khoa ngành cùng khóa?,thế nào là danh hiệu tốt nghiệp thủ khoa ngành và khóa học?,677
cách xác định ai là thủ khoa của ngành và khóa học cụ thể là gì?,thế nào là danh hiệu tốt nghiệp thủ khoa ngành và khóa học?,677
điều kiện cần đạt để nhận bằng tốt nghiệp sớm là gì?,tiêu chuẩn để được khen thưởng tốt nghiệp trước thời hạn là gì?,678
làm thế nào để được vinh danh trước ngày dự kiến tốt nghiệp?,tiêu chuẩn để được khen thưởng tốt nghiệp trước thời hạn là gì?,678
yêu cầu nào phải đáp ứng thì mới có thể được khen thưởng khi tốt nghiệp nhanh?,tiêu chuẩn để được khen thưởng tốt nghiệp trước thời hạn là gì?,678
những tiêu chí gì quyết định việc nhận phần thưởng cho sinh viên tốt nghiệp sớm?,tiêu chuẩn để được khen thưởng tốt nghiệp trước thời hạn là gì?,678
những sinh viên nào sẽ được khen thưởng vì có nhiều đóng góp cho phong trào khi tốt nghiệp?,tiêu chuẩn khen thưởng sinh viên có nhiều đóng góp cho phong trào chung khi tốt nghiệp?,679
việc vinh danh sinh viên có công lớn cho tập thể ngay lúc ra trường được thực hiện như thế nào?,tiêu chuẩn khen thưởng sinh viên có nhiều đóng góp cho phong trào chung khi tốt nghiệp?,679
tiêu chí để ghi nhận những đóng góp của sinh viên vào phong trào trong quá trình học và khi tốt nghiệp là gì?,tiêu chuẩn khen thưởng sinh viên có nhiều đóng góp cho phong trào chung khi tốt nghiệp?,679
làm sao để xác định những bạn sinh viên sẽ nhận phần thưởng nhờ những nỗ lực chung cho phong trào trước khi ra trường?,tiêu chuẩn khen thưởng sinh viên có nhiều đóng góp cho phong trào chung khi tốt nghiệp?,679
số tiền thưởng dành cho sinh viên xuất sắc trong toàn khóa là bao nhiêu?,mức thưởng cho danh hiệu sinh viên xuất sắc toàn khóa là bao nhiêu?,680
sinh viên toàn khóa xuất sắc sẽ nhận được mức thưởng cụ thể là bao nhiêu?,mức thưởng cho danh hiệu sinh viên xuất sắc toàn khóa là bao nhiêu?,680
mức lương thưởng được trao cho danh hiệu xuất sắc của toàn khóa bằng bao nhiêu?,mức thưởng cho danh hiệu sinh viên xuất sắc toàn khóa là bao nhiêu?,680
phần thưởng cho sinh viên đạt danh hiệu xuất sắc trong suốt khóa học là bao nhiêu?,mức thưởng cho danh hiệu sinh viên xuất sắc toàn khóa là bao nhiêu?,680
con số tiền thưởng dành cho sinh viên xuất sắc trong suốt khóa học là bao nhiêu?,mức thưởng cho danh hiệu sinh viên giỏi toàn khóa là bao nhiêu?,681
sinh viên đạt danh hiệu toàn khóa sẽ nhận được mức phần thưởng cụ thể là bao nhiêu?,mức thưởng cho danh hiệu sinh viên giỏi toàn khóa là bao nhiêu?,681
làm sao để biết được giá trị khoản tiền công nhận cho học viên giỏi hết lớp?,mức thưởng cho danh hiệu sinh viên giỏi toàn khóa là bao nhiêu?,681
tổng tiền thưởng được cấp cho học viên có thành tích xuất sắc trong toàn kỳ là bao nhiêu?,mức thưởng cho danh hiệu sinh viên giỏi toàn khóa là bao nhiêu?,681
phần thưởng bổ sung dành cho thí sinh đạt điểm cao nhất tại khoa này và toàn khóa học có con số cụ thể là bao nhiêu?,mức thưởng thêm cho thủ khoa ngành và khóa học là bao nhiêu?,682
số tiền hỗ trợ ngoài thường được trao cho người đứng đầu bảng điểm ngành cũng như cho cả khóa học là bao nhiêu?,mức thưởng thêm cho thủ khoa ngành và khóa học là bao nhiêu?,682
mức ngân hàng trao thêm cho người vô địch khoa và cho toàn bộ sinh viên khóa học được quy định ở mức nào?,mức thưởng thêm cho thủ khoa ngành và khóa học là bao nhiêu?,682
phần quà khuyến khích dành riêng cho thủ khoa của khoa cũng như cho cả khóa học hiện đang có giá trị bao nhiêu?,mức thưởng thêm cho thủ khoa ngành và khóa học là bao nhiêu?,682
những bạn học viên nào hoàn thành chương trình sớm sẽ nhận được khoản thưởng cụ thể là bao nhiêu?,sinh viên tốt nghiệp trước thời hạn được thưởng thêm bao nhiêu?,683
mức lương thưởng dành cho tân cử nhân sớm tốt nghiệp được tính bằng con số bao nhiêu?,sinh viên tốt nghiệp trước thời hạn được thưởng thêm bao nhiêu?,683
"trường hợp tốt nghiệp sớm hơn dự kiến, khoản tiền thưởng sẽ có giá trị là bao nhiêu?",sinh viên tốt nghiệp trước thời hạn được thưởng thêm bao nhiêu?,683
nếu sinh viên có thể kết thúc khóa học nhanh chóng thì sẽ được nhận bao nhiêu tiền thưởng?,sinh viên tốt nghiệp trước thời hạn được thưởng thêm bao nhiêu?,683
mức thưởng bổ sung dành cho tân sinh viên tham gia phong trào sẽ là bao nhiêu khi hoàn tất chương trình học?,sinh viên có đóng góp cho phong trào chung khi tốt nghiệp được thưởng thêm bao nhiêu?,684
"khi tốt nghiệp, những bạn sinh viên từng góp mặt vào hoạt động tập thể sẽ nhận được khoản tiền thêm bao nhiêu?",sinh viên có đóng góp cho phong trào chung khi tốt nghiệp được thưởng thêm bao nhiêu?,684
phần thưởng phụ mà sinh viên nhận được khi kết thúc khóa học sau khi đã hỗ trợ phong trào là bao nhiêu tiền?,sinh viên có đóng góp cho phong trào chung khi tốt nghiệp được thưởng thêm bao nhiêu?,684
tổng số tiền thưởng thêm mà những người tốt nghiệp đã tham gia đóng góp cho phong trào sẽ được trao là bao nhiêu?,sinh viên có đóng góp cho phong trào chung khi tốt nghiệp được thưởng thêm bao nhiêu?,684
danh hiệu đầu bảng của kỳ thi vào đại học sẽ thuộc về ai?,ai được xét danh hiệu thủ khoa tuyển sinh đại học?,685
ai sẽ là người vinh dự nhận danh hiệu xuất sắc nhất trong tuyển sinh đại học?,ai được xét danh hiệu thủ khoa tuyển sinh đại học?,685
vị trí số một trong hồ sơ xét tuyển vào trường đại học dành cho ai?,ai được xét danh hiệu thủ khoa tuyển sinh đại học?,685
người nào có quyền được phong tặng danh xưng sinh viên đầu ngành năm nay?,ai được xét danh hiệu thủ khoa tuyển sinh đại học?,685
số tiền thưởng dành cho thí sinh đạt giải cao nhất trong kỳ thi đại học là bao nhiêu?,mức thưởng cho thủ khoa tuyển sinh đại học là bao nhiêu?,686
nhà trường trao phần thưởng bao nhiêu cho bạn có điểm số cao nhất khi xét tuyển?,mức thưởng cho thủ khoa tuyển sinh đại học là bao nhiêu?,686
mức độ khen thưởng cụ thể cho người đứng đầu bảng điểm tuyển sinh được quy định thế nào?,mức thưởng cho thủ khoa tuyển sinh đại học là bao nhiêu?,686
thí sinh trúng tuyển với thành tích xuất sắc sẽ nhận được bao nhiêu tiền thưởng?,mức thưởng cho thủ khoa tuyển sinh đại học là bao nhiêu?,686
những thành tích đạt được tại các kỳ thi olympic hay trong lĩnh vực nghiên cứu khoa học thì sinh viên sẽ nhận phần thưởng gì?,sinh viên đạt giải trong các cuộc thi olympic hoặc nghiên cứu khoa học được khen thưởng như thế nào?,687
phần thưởng dành cho học viên có kết quả tốt trong cuộc thi olympic hay công trình nghiên cứu khoa học như thế nào?,sinh viên đạt giải trong các cuộc thi olympic hoặc nghiên cứu khoa học được khen thưởng như thế nào?,687
"học sinh, sinh viên khi gặt hái thành công ở giải đấu olympic hoặc trong hoạt động nghiên cứu khoa học sẽ được trao vinh dự gì?",sinh viên đạt giải trong các cuộc thi olympic hoặc nghiên cứu khoa học được khen thưởng như thế nào?,687
chế độ khen thưởng cho những người trẻ có thành tích cao trong các cuộc thi olympic hay nghiên cứu khoa học ra sao?,sinh viên đạt giải trong các cuộc thi olympic hoặc nghiên cứu khoa học được khen thưởng như thế nào?,687
các hoạt động thi đấu về năng khiếu và thể thao được xem xét để tặng thưởng theo quy trình ra sao?,"quy trình xét khen thưởng cho các thành tích thi đấu năng khiếu, thể thao diễn ra như thế nào?",688
làm gì để xét tặng phần thưởng cho những kết quả đạt được trong các môn thể thao và thi đấu năng khiếu?,"quy trình xét khen thưởng cho các thành tích thi đấu năng khiếu, thể thao diễn ra như thế nào?",688
quy luật đánh giá và trao giải cho các thành quả thi đấu về năng khiếu cũng như thể thao được thực hiện như thế nào?,"quy trình xét khen thưởng cho các thành tích thi đấu năng khiếu, thể thao diễn ra như thế nào?",688
những thủ tục xét tặng phần thưởng cho các kết quả trong lĩnh vực thể thao và thi đấu năng khiếu diễn biến thế nào?,"quy trình xét khen thưởng cho các thành tích thi đấu năng khiếu, thể thao diễn ra như thế nào?",688
hậu quả ra sao đối với bạn học chưa kịp kết thúc chương trình mà lại bỏ qua việc đăng ký?,sinh viên không đăng ký môn học khi chưa hoàn thành chương trình đào tạo sẽ bị xử lý như thế nào?,689
làm thế nào để xử lý trường hợp người theo học chưa xong giáo án lại không tham gia đăng ký môn?,sinh viên không đăng ký môn học khi chưa hoàn thành chương trình đào tạo sẽ bị xử lý như thế nào?,689
bạn học chưa hoàn tất chương trình đào tạo thì việc không đăng ký môn sẽ bị định hình thế nào?,sinh viên không đăng ký môn học khi chưa hoàn thành chương trình đào tạo sẽ bị xử lý như thế nào?,689
khi nào bị xử phạt nếu là sinh viên chưa xong chương trình mà không có hành động đăng ký?,sinh viên không đăng ký môn học khi chưa hoàn thành chương trình đào tạo sẽ bị xử lý như thế nào?,689
"khi sinh viên gây rối hay làm việc riêng trong giờ, hình thức xử lý sẽ như thế nào?",hình thức xử lý đối với sinh viên mất trật tự hoặc làm việc riêng trong giờ học là gì?,690
"bạn biết không, nếu học viên không tuân thủ trật tự hoặc làm việc riêng thì sẽ bị xử lý ra sao?",hình thức xử lý đối với sinh viên mất trật tự hoặc làm việc riêng trong giờ học là gì?,690
những biện pháp nào được áp dụng đối với những bạn học vi phạm kỷ luật hay làm việc riêng giữa giờ?,hình thức xử lý đối với sinh viên mất trật tự hoặc làm việc riêng trong giờ học là gì?,690
"trong giờ học, nếu có em làm việc riêng hoặc mất trật tự thì nhà trường sẽ ra quyết định gì?",hình thức xử lý đối với sinh viên mất trật tự hoặc làm việc riêng trong giờ học là gì?,690
những hình thức xử phạt dành cho việc gian lận hay nhờ người khác làm hộ trong học tập là như thế nào?,mức kỷ luật đối với hành vi học thay hoặc nhờ người khác học thay là gì?,691
hệ quả mà nhà trường áp dụng cho hành động làm bài sai thật hay nhờ người khác làm hộ có gì?,mức kỷ luật đối với hành vi học thay hoặc nhờ người khác học thay là gì?,691
việc học bằng mọi giá hay thuê người thay mình làm bài sẽ bị xử lý ra sao?,mức kỷ luật đối với hành vi học thay hoặc nhờ người khác học thay là gì?,691
mức độ nghiêm khắc đối với hành vi nhờ người khác làm hộ hay gian lận trong thi cử là gì?,mức kỷ luật đối với hành vi học thay hoặc nhờ người khác học thay là gì?,691
những ai sẽ chịu các hình phạt khi vi phạm nội quy vào thời điểm bắt đầu năm hoặc khóa học mới?,vi phạm quy định sinh hoạt đầu năm học hoặc đầu khóa học bị xử lý như thế nào?,692
làm thế nào để đối xử với trường hợp bất tuân quy định sinh hoạt ngay khi vừa khởi đầu một học kỳ hay khóa học?,vi phạm quy định sinh hoạt đầu năm học hoặc đầu khóa học bị xử lý như thế nào?,692
hệ thống xử lý dành cho những người không tuân thủ quy chế đầu năm hoặc đầu khóa hoạt động ra sao?,vi phạm quy định sinh hoạt đầu năm học hoặc đầu khóa học bị xử lý như thế nào?,692
hãy cho biết mức độ xử lý dành cho việc đi ngược lại quy định tại giai đoạn khởi đầu của năm hoặc khóa học.,vi phạm quy định sinh hoạt đầu năm học hoặc đầu khóa học bị xử lý như thế nào?,692
làm thế nào mà trường sẽ xử lý những trường hợp đăng ký lớp học có dấu hiệu gian lận hay mua bán chỗ?,hành vi gian lận hoặc mua bán chỗ trong việc đăng ký môn học bị xử lý ra sao?,693
"đối với vấn đề mua bán hay thao túng trong việc chọn môn, hình thức kỷ luật sẽ ra sao?",hành vi gian lận hoặc mua bán chỗ trong việc đăng ký môn học bị xử lý ra sao?,693
những hành động như mua vé đăng ký hay gian dối để lấy chỗ sẽ bị xử phạt thế nào?,hành vi gian lận hoặc mua bán chỗ trong việc đăng ký môn học bị xử lý ra sao?,693
trường có biện pháp gì để ngăn chặn và xử lý các vụ việc mua bán hay lừa đảo khi đăng ký học phần?,hành vi gian lận hoặc mua bán chỗ trong việc đăng ký môn học bị xử lý ra sao?,693
trường hợp học viên đem giấy tờ hoặc nộp đề bài ra để nhờ người khác làm giúp thì hậu quả ra sao?,sinh viên mang tài liệu vào phòng thi hoặc đưa đề thi ra ngoài nhờ giải hộ sẽ bị xử lý thế nào?,694
nếu học trò vận chuyển tài liệu vào nơi làm bài hoặc lấy đề ra ngoài nhờ giải hộ thì sẽ bị phạt gì?,sinh viên mang tài liệu vào phòng thi hoặc đưa đề thi ra ngoài nhờ giải hộ sẽ bị xử lý thế nào?,694
hậu quả đối với sinh viên khi đưa đề thi ra ngoài hoặc mang tài liệu vào phòng thi nhờ người khác làm bài là gì?,sinh viên mang tài liệu vào phòng thi hoặc đưa đề thi ra ngoài nhờ giải hộ sẽ bị xử lý thế nào?,694
làm thế nào để xử lý khi học viên vận chuyển giấy tờ vào hoặc lấy đề ra ngoài nhờ giải hộ?,sinh viên mang tài liệu vào phòng thi hoặc đưa đề thi ra ngoài nhờ giải hộ sẽ bị xử lý thế nào?,694
"nếu lần đầu tiên sinh viên bị phát hiện tham gia làm thay bài hoặc nhờ người khác làm hộ, hình thức xử lý sẽ ra sao?","sinh viên có hành vi thi thay, kiểm tra thay hoặc nhờ người khác thi thay lần đầu sẽ bị xử lý như thế nào?",695
"khi nào và bằng cách nào nhà trường sẽ trừng phạt sinh viên vì hành vi cho điểm, kiểm tra hộ hay thi hộ lần đầu tiên?","sinh viên có hành vi thi thay, kiểm tra thay hoặc nhờ người khác thi thay lần đầu sẽ bị xử lý như thế nào?",695
"đối với trường hợp sinh viên vi phạm quy định về làm bài hộ, kiểm tra hộ hoặc thi hộ ở lần đầu, hậu quả sẽ như thế nào?","sinh viên có hành vi thi thay, kiểm tra thay hoặc nhờ người khác thi thay lần đầu sẽ bị xử lý như thế nào?",695
"mức xử lý dành cho sinh viên bị phát hiện có hành động thay mặt thi, thay mặt kiểm tra hay nhờ người khác làm hộ trong lần đầu tiên là gì?","sinh viên có hành vi thi thay, kiểm tra thay hoặc nhờ người khác thi thay lần đầu sẽ bị xử lý như thế nào?",695
sinh viên bị phát hiện làm bài thay hoặc nhờ người khác làm lại sẽ bị xử lý bằng hình thức nào?,hình thức xử lý đối với sinh viên tái phạm hành vi thi thay hoặc nhờ thi thay là gì?,696
"đối với trường hợp sinh viên tham gia thi cử gian dối hay thuê người làm hộ, biện pháp xử lý sẽ ra sao?",hình thức xử lý đối với sinh viên tái phạm hành vi thi thay hoặc nhờ thi thay là gì?,696
hành động làm bài thay hoặc nhờ làm hộ trong kỳ thi sẽ dẫn đến hình thức kỷ luật gì đối với sinh viên?,hình thức xử lý đối với sinh viên tái phạm hành vi thi thay hoặc nhờ thi thay là gì?,696
những sinh viên có hành vi thay người thi hoặc thuê người thi hộ sẽ chịu mức hình phạt như thế nào?,hình thức xử lý đối với sinh viên tái phạm hành vi thi thay hoặc nhờ thi thay là gì?,696
trường hợp sinh viên nộp luận văn hay đồ án bằng cách đạo văn lần đầu sẽ bị xử lý ra sao?,"sinh viên sao chép tiểu luận, đồ án môn học hoặc khóa luận tốt nghiệp lần đầu bị xử lý ra sao?",697
"nếu bị phát hiện làm bài dựa trên người khác, sinh viên sẽ gặp những hậu quả gì ngay lần đầu tiên?","sinh viên sao chép tiểu luận, đồ án môn học hoặc khóa luận tốt nghiệp lần đầu bị xử lý ra sao?",697
"khi vi phạm quy định về sao chép nội dung trong bài làm, mức độ xử lý dành cho sinh viên mới ra sao?","sinh viên sao chép tiểu luận, đồ án môn học hoặc khóa luận tốt nghiệp lần đầu bị xử lý ra sao?",697
quy trình xử lý dành cho trường hợp sinh viên gian lận trong tiểu luận hay khóa luận lần đầu diễn ra như thế nào?,"sinh viên sao chép tiểu luận, đồ án môn học hoặc khóa luận tốt nghiệp lần đầu bị xử lý ra sao?",697
"những biện pháp xử lý dành cho việc tự tìm người làm thay bài tập, bài thi hay đồ án, khóa luận thì sao?","mức kỷ luật đối với hành vi tổ chức học thay, thi thay hoặc tổ chức làm thay đồ án, khóa luận là gì?",698
việc nhờ người khác dàn dựng kết quả thi hay làm hộ đồ án sẽ bị xử lý ra sao?,"mức kỷ luật đối với hành vi tổ chức học thay, thi thay hoặc tổ chức làm thay đồ án, khóa luận là gì?",698
"hành động để người khác thay thế trong việc tổ chức thi, bài tập hay đồ án thì sẽ chịu hình phạt gì?","mức kỷ luật đối với hành vi tổ chức học thay, thi thay hoặc tổ chức làm thay đồ án, khóa luận là gì?",698
"nếu có người làm hộ đồ án, bài thi hay bài tập thì mức độ xử lý kỷ luật là gì?","mức kỷ luật đối với hành vi tổ chức học thay, thi thay hoặc tổ chức làm thay đồ án, khóa luận là gì?",698
nếu sinh viên nào thường xuyên thiếu bảng tên hoặc ăn mặc không đúng quy định đến 3 lần thì sẽ bị xử lý ra sao?,sinh viên không mang bảng tên hoặc mặc sai trang phục từ 3 lần trở lên bị xử lý thế nào?,699
những trường hợp sinh viên vi phạm quy định về trang phục hay thiếu bảng tên liên tiếp ba lần trở lên sẽ có hình thức kỷ luật gì?,sinh viên không mang bảng tên hoặc mặc sai trang phục từ 3 lần trở lên bị xử lý thế nào?,699
khi nào thì sinh viên phải chịu chế tài xử lý nếu họ bị ghi nhận vi phạm trang phục hoặc không đeo bảng tên từ ba lần trở lên?,sinh viên không mang bảng tên hoặc mặc sai trang phục từ 3 lần trở lên bị xử lý thế nào?,699
mức độ xử lý dành cho bạn khi đã ba lần mắc lỗi liên quan đến trang phục thiếu chuẩn mực hoặc quên mang bảng tên là gì?,sinh viên không mang bảng tên hoặc mặc sai trang phục từ 3 lần trở lên bị xử lý thế nào?,699
trường sẽ có chế tài gì dành cho bất kỳ ai hút thuốc ít nhất ba lần trong phạm vi khuôn viên?,hành vi hút thuốc lá trong khuôn viên trường từ 3 lần trở lên bị xử lý như thế nào?,700
những ai vi phạm quy định về việc hút thuốc ba lần trở lại tại trường sẽ bị xử lý ra sao?,hành vi hút thuốc lá trong khuôn viên trường từ 3 lần trở lên bị xử lý như thế nào?,700
làm thế nào để xử lý trường hợp một người hút thuốc trong nhà trường tới ba lần liên tiếp?,hành vi hút thuốc lá trong khuôn viên trường từ 3 lần trở lên bị xử lý như thế nào?,700
"khi sinh viên hoặc học sinh hút thuốc ba lần trở lên ở trường, ban giám hiệu có biện pháp gì?",hành vi hút thuốc lá trong khuôn viên trường từ 3 lần trở lên bị xử lý như thế nào?,700
"lần đầu tiên uống rượu bia ngay trong giờ học, sinh viên sẽ chịu hình phạt ra sao?","sinh viên bị xử lý như thế nào nếu uống rượu, bia trong giờ học lần đầu?",701
"nếu một bạn sinh viên lỡ uống đồ có cồn giữa tiết học, trường sẽ xử lý thế nào cho lần đầu?","sinh viên bị xử lý như thế nào nếu uống rượu, bia trong giờ học lần đầu?",701
"khi bị bắt quả tang uống rượu bia trong giờ, sinh viên sẽ bị trừng phạt ra sao nếu đó là lần đầu?","sinh viên bị xử lý như thế nào nếu uống rượu, bia trong giờ học lần đầu?",701
"đối với hành vi uống bia rượu trong giờ học lần đầu tiên, sinh viên sẽ nhận về mức xử lý như thế nào?","sinh viên bị xử lý như thế nào nếu uống rượu, bia trong giờ học lần đầu?",701
hành động ra sao đối với học sinh vi phạm luật cấm uống rượu bia trong giờ học đến lần thứ ba?,"hình thức xử lý khi sinh viên uống rượu, bia trong giờ học đến lần thứ 3 là gì?",702
biện pháp chế tài cho lần thứ ba của sinh viên nếm thử rượu bia trong khung giờ giảng bài là gì?,"hình thức xử lý khi sinh viên uống rượu, bia trong giờ học đến lần thứ 3 là gì?",702
khi nào và xử lý thế nào nếu học viên uống bia rượu trong giờ học đến mốc lần ba?,"hình thức xử lý khi sinh viên uống rượu, bia trong giờ học đến lần thứ 3 là gì?",702
mức độ trừng phạt dành cho sinh viên uống rượu bia vào giờ lên lớp đến lần thứ ba như thế nào?,"hình thức xử lý khi sinh viên uống rượu, bia trong giờ học đến lần thứ 3 là gì?",702
khi nào trường sẽ xử lý buộc sinh viên phải thôi học do uống rượu bia giữa giờ?,"sinh viên bị xử lý buộc thôi học vì uống rượu, bia trong giờ học khi nào?",703
việc bắt buộc sinh viên thôi học vì hành vi say xỉn trong giờ học sẽ diễn ra lúc nào?,"sinh viên bị xử lý buộc thôi học vì uống rượu, bia trong giờ học khi nào?",703
giờ học nào mà nếu sinh viên uống rượu bia sẽ bị buộc phải rời trường ngay?,"sinh viên bị xử lý buộc thôi học vì uống rượu, bia trong giờ học khi nào?",703
trong hoàn cảnh nào sinh viên sẽ bị đuổi học do uống rượu bia trong giờ?,"sinh viên bị xử lý buộc thôi học vì uống rượu, bia trong giờ học khi nào?",703
làm thế nào để xử lý những trường hợp học sinh tổ chức tiệc bia rượu trong giờ học khiến lớp mất trật tự?,"hành vi tổ chức uống rượu, bia trong giờ học gây mất trật tự bị xử lý như thế nào?",704
"khi nào một nhóm sẽ bị kỷ luật vì việc tụ tập uống rượu, bia gây rối loạn trong giờ dạy?","hành vi tổ chức uống rượu, bia trong giờ học gây mất trật tự bị xử lý như thế nào?",704
những hành động nào sẽ bị phạt nếu học sinh dùng giờ học để tổ chức uống đồ có cồn dẫn đến mất an ninh?,"hành vi tổ chức uống rượu, bia trong giờ học gây mất trật tự bị xử lý như thế nào?",704
hệ quả ra sao đối với các tập thể học sinh tổ chức uống bia rượu ngay giữa tiết học gây mất kỷ luật?,"hành vi tổ chức uống rượu, bia trong giờ học gây mất trật tự bị xử lý như thế nào?",704
hành động chế tài dành cho sinh viên tham gia đánh bạc bất kỳ kiểu nào vào lần tái phạm thứ hai được định nghĩa thế nào?,hình thức xử lý đối với sinh viên chơi cờ bạc dưới mọi hình thức lần thứ 2 là gì?,705
"khi sinh viên vi phạm luật chơi cá độ một lần nữa, biện pháp xử lý sẽ được áp dụng ra sao?",hình thức xử lý đối với sinh viên chơi cờ bạc dưới mọi hình thức lần thứ 2 là gì?,705
mức độ trừng phạt dành cho sinh viên tái phạm vấn đề cờ bạc lần thứ hai là gì?,hình thức xử lý đối với sinh viên chơi cờ bạc dưới mọi hình thức lần thứ 2 là gì?,705
"đối với sinh viên tái phạm hành vi cờ bạc lần hai, hình thức kỷ luật sẽ mang tên gọi gì?",hình thức xử lý đối với sinh viên chơi cờ bạc dưới mọi hình thức lần thứ 2 là gì?,705
những học trò nào dám hỗn với thầy cô và nhân viên trường sẽ bị xử lý thế nào?,"sinh viên có hành vi vô lễ với thầy, cô giáo và cán bộ viên chức nhà trường bị xử lý ra sao?",706
hành động bất kính của sinh viên đối với giảng viên và bộ phận hành chính sẽ dẫn đến hình phạt gì?,"sinh viên có hành vi vô lễ với thầy, cô giáo và cán bộ viên chức nhà trường bị xử lý ra sao?",706
trường sẽ có biện pháp gì đối với sinh viên thiếu lễ phép khi đối diện với người dạy và cán bộ?,"sinh viên có hành vi vô lễ với thầy, cô giáo và cán bộ viên chức nhà trường bị xử lý ra sao?",706
"khi học viên cư xử thiếu tôn trọng đối với các giảng viên hay nhân sự nhà trường, họ sẽ chịu hậu quả ra sao?","sinh viên có hành vi vô lễ với thầy, cô giáo và cán bộ viên chức nhà trường bị xử lý ra sao?",706
khi sinh viên chậm nộp hoặc đóng không đủ số tiền tối thiểu theo quy định thì sẽ bị xử lý ra sao?,sinh viên không đóng học phí đúng hạn hoặc không đóng đủ mức tối thiểu quy định bị xử lý thế nào?,707
hệ thống sẽ áp dụng biện pháp gì đối với những trường hợp học viên chưa đóng đủ lệ phí hoặc nộp quá thời hạn?,sinh viên không đóng học phí đúng hạn hoặc không đóng đủ mức tối thiểu quy định bị xử lý thế nào?,707
hậu quả đối với sinh viên bị vi phạm về thời gian và số lượng học phí đóng là gì?,sinh viên không đóng học phí đúng hạn hoặc không đóng đủ mức tối thiểu quy định bị xử lý thế nào?,707
cơ quan quản lý sẽ xử lý ra sao khi có sinh viên nộp học phí chậm hoặc chưa đủ mức quy định?,sinh viên không đóng học phí đúng hạn hoặc không đóng đủ mức tối thiểu quy định bị xử lý thế nào?,707
"khi sinh viên bỏ học phí cho cả hai kỳ trong học kỳ, hình thức xử lý sẽ ra sao?",hình thức xử lý đối với sinh viên không đóng học phí cả đợt i và đợt ii của học kỳ là gì?,708
việc không đóng tiền cho đợt i lẫn đợt ii của học kỳ sinh viên sẽ gặp tình trạng gì?,hình thức xử lý đối với sinh viên không đóng học phí cả đợt i và đợt ii của học kỳ là gì?,708
"đối với những em sinh viên không nộp học phí ở cả hai đợt của học kỳ, nhà trường xử lý thế nào?",hình thức xử lý đối với sinh viên không đóng học phí cả đợt i và đợt ii của học kỳ là gì?,708
hậu quả hay biện pháp xử lý dành cho sinh viên chưa đóng tiền đợt i và đợt ii trong cùng một học kỳ là gì?,hình thức xử lý đối với sinh viên không đóng học phí cả đợt i và đợt ii của học kỳ là gì?,708
khi nào sinh viên sẽ bị tước quyền học tập do vấn đề học phí cùng điểm danh kém?,trường hợp nào sinh viên bị xóa tên khỏi danh sách vì lý do học phí và chuyên cần?,709
điều gì khiến một học viên bị loại khỏi danh sách đăng ký bởi lý do tiền khóa và sự có mặt?,trường hợp nào sinh viên bị xóa tên khỏi danh sách vì lý do học phí và chuyên cần?,709
dưới những tình huống nào sinh viên bị truất quyền vì lý do chi phí và chuyên cần?,trường hợp nào sinh viên bị xóa tên khỏi danh sách vì lý do học phí và chuyên cần?,709
học phí chưa đóng và đi học thiếu sẽ dẫn đến việc sinh viên bị cắt tên trong danh sách như thế nào?,trường hợp nào sinh viên bị xóa tên khỏi danh sách vì lý do học phí và chuyên cần?,709
"nếu học sinh đã nộp đơn kéo dài thời gian nộp tiền nhưng đến ngày cuối vẫn chưa đóng đủ, thì hậu quả sẽ thế nào?",sinh viên đã xin gia hạn đóng học phí nhưng hết hạn vẫn không đóng đủ sẽ bị xử lý ra sao?,710
"khi sinh viên làm thủ tục xin thêm thời gian nộp học phí mà vẫn chưa đủ số tiền đến lúc hết hạn, cơ quan sẽ xử lý ra sao?",sinh viên đã xin gia hạn đóng học phí nhưng hết hạn vẫn không đóng đủ sẽ bị xử lý ra sao?,710
"đối với trường hợp nộp đơn xin gia hạn nhưng vẫn thiếu số tiền đến hạn, biện pháp xử lý sẽ như thế nào?",sinh viên đã xin gia hạn đóng học phí nhưng hết hạn vẫn không đóng đủ sẽ bị xử lý ra sao?,710
"nếu đã làm đơn xin tiếp tục thời hạn đóng tiền mà đến ngày quy định vẫn chưa xong, thì sẽ bị xử lý ra sao?",sinh viên đã xin gia hạn đóng học phí nhưng hết hạn vẫn không đóng đủ sẽ bị xử lý ra sao?,710
bảo hiểm y tế bị xử lý thế nào nếu học sinh không nộp đúng hạn?,hình thức xử lý khi sinh viên nộp chậm hoặc không nộp bảo hiểm y tế là gì?,711
hậu quả ra sao khi sinh viên chậm trễ hoặc bỏ qua việc đóng bảo hiểm y tế?,hình thức xử lý khi sinh viên nộp chậm hoặc không nộp bảo hiểm y tế là gì?,711
làm sao khi sinh viên quên đóng hoặc nộp muộn bảo hiểm y tế sẽ bị phạt gì?,hình thức xử lý khi sinh viên nộp chậm hoặc không nộp bảo hiểm y tế là gì?,711
việc nộp trễ hay không nộp bảo hiểm y tế của học sinh sẽ dẫn đến hình thức xử lý nào?,hình thức xử lý khi sinh viên nộp chậm hoặc không nộp bảo hiểm y tế là gì?,711
"đối với học sinh hoặc sinh viên làm mại dâm hay môi giới mại dâm, pháp luật sẽ xử lý ra sao?",sinh viên tham gia hoạt động mại dâm hoặc môi giới mại dâm bị xử lý như thế nào?,712
ai sẽ chịu trách nhiệm và bị trừng phạt nếu là học sinh tham gia vào các hành vi mua bán hoặc môi giới tình dục?,sinh viên tham gia hoạt động mại dâm hoặc môi giới mại dâm bị xử lý như thế nào?,712
"khi sinh viên liên quan đến hoạt động bán dâm hay làm môi giới, hình thức xử lý sẽ thế nào?",sinh viên tham gia hoạt động mại dâm hoặc môi giới mại dâm bị xử lý như thế nào?,712
những hành vi mại dâm hoặc môi giới của sinh viên sẽ bị điều tra và xử lý theo quy định như thế nào?,sinh viên tham gia hoạt động mại dâm hoặc môi giới mại dâm bị xử lý như thế nào?,712
"làm thế nào để xử lý những kẻ mua bán, lôi kéo hoặc tự sử dụng chất gây nghiện?","hành vi sử dụng, buôn bán hoặc lôi kéo người khác sử dụng ma túy bị xử lý ra sao?",713
"phạt ra sao đối với hành động mua bán, dùng hay dụ dỗ người khác sử dụng đồ ma túy?","hành vi sử dụng, buôn bán hoặc lôi kéo người khác sử dụng ma túy bị xử lý ra sao?",713
"hệ thống xử lý hành vi buôn bán, lôi kéo hay sử dụng ma túy được định hình như thế nào?","hành vi sử dụng, buôn bán hoặc lôi kéo người khác sử dụng ma túy bị xử lý ra sao?",713
"những người liên quan đến việc dùng, mua bán hoặc dụ dỗ người khác dùng chất kích thích sẽ chịu hình phạt gì?","hành vi sử dụng, buôn bán hoặc lôi kéo người khác sử dụng ma túy bị xử lý ra sao?",713
"những học sinh thực hiện các hành động hung hăng, làm phiền hay xâm phạm danh dự của bạn bè sẽ chịu hình phạt ra sao?","sinh viên có hành vi bạo lực học đường hoặc quấy rối, xâm phạm nhân phẩm người khác bị xử lý thế nào?",714
"nếu một bạn học gây bạo lực hay quấy rối tinh thần cho đồng môn, nhà trường có chế tài gì để xử lý không?","sinh viên có hành vi bạo lực học đường hoặc quấy rối, xâm phạm nhân phẩm người khác bị xử lý thế nào?",714
việc một học sinh dùng bạo lực hoặc xúc phạm nhân phẩm người khác sẽ dẫn đến những biện pháp kỷ luật như thế nào?,"sinh viên có hành vi bạo lực học đường hoặc quấy rối, xâm phạm nhân phẩm người khác bị xử lý thế nào?",714
"những học trò có hành vi gây hấn, bắt nạt hay làm tổn thương lòng tự trọng của người khác sẽ bị đối xử thế nào?","sinh viên có hành vi bạo lực học đường hoặc quấy rối, xâm phạm nhân phẩm người khác bị xử lý thế nào?",714
biện pháp xử lý dành cho học sinh hay sinh viên lần đầu tiên có hành vi đánh nhau hay tổ chức đánh nhau là gì?,hình thức xử lý đối với sinh viên đánh nhau hoặc tổ chức đánh nhau lần đầu là gì?,715
"đối với trường hợp sinh viên mới phạm lỗi vì đánh nhau hoặc gây rối, nhà trường sẽ áp dụng hình thức kỷ luật nào?",hình thức xử lý đối với sinh viên đánh nhau hoặc tổ chức đánh nhau lần đầu là gì?,715
"khi sinh viên lần đầu tiên tham gia đánh nhau hoặc tổ chức đánh nhau, hình thức xử lý được áp dụng như thế nào?",hình thức xử lý đối với sinh viên đánh nhau hoặc tổ chức đánh nhau lần đầu là gì?,715
hãy cho biết mức độ xử lý dành cho sinh viên có hành vi đánh nhau hoặc tổ chức đánh nhau lần đầu.,hình thức xử lý đối với sinh viên đánh nhau hoặc tổ chức đánh nhau lần đầu là gì?,715
vậy nếu bạn là học sinh tham gia vào cuộc ẩu đả lần thứ ba thì sẽ bị xử lý ra sao?,sinh viên tham gia đánh nhau đến lần thứ 3 sẽ bị xử lý như thế nào?,716
đối với trường hợp sinh viên tham gia gây rối lần thứ ba thì biện pháp xử lý sẽ thế nào?,sinh viên tham gia đánh nhau đến lần thứ 3 sẽ bị xử lý như thế nào?,716
khi nào thì sinh viên bị xử lý nếu đó là lần thứ ba mà họ tham gia đánh nhau?,sinh viên tham gia đánh nhau đến lần thứ 3 sẽ bị xử lý như thế nào?,716
làm thế nào cơ quan chức năng sẽ xử lý cho một học trò nếu đây là lần thứ ba họ tham gia đánh nhau?,sinh viên tham gia đánh nhau đến lần thứ 3 sẽ bị xử lý như thế nào?,716
trường hợp đưa người có hành vi xấu vào cơ sở giáo dục hay ký túc xá sẽ bị xử lý thế nào?,hành vi đưa phần tử xấu vào trường hoặc ký túc xá gây ảnh hưởng an ninh bị xử lý ra sao?,717
làm sao để biết mức độ xử lý đối với việc đưa những phần tử xấu thâm nhập vào trường học hoặc khu ký túc xá?,hành vi đưa phần tử xấu vào trường hoặc ký túc xá gây ảnh hưởng an ninh bị xử lý ra sao?,717
những người cố ý đưa kẻ xấu vào môi trường trường lớp hay nơi ở sẽ chịu hậu quả ra sao?,hành vi đưa phần tử xấu vào trường hoặc ký túc xá gây ảnh hưởng an ninh bị xử lý ra sao?,717
hệ thống quy định xử lý ra sao khi có hành động đưa những phần tử bất ổn xâm nhập vào trường hay ký túc xá?,hành vi đưa phần tử xấu vào trường hoặc ký túc xá gây ảnh hưởng an ninh bị xử lý ra sao?,717
học sinh hay sinh viên nào làm hư đồ của trường hoặc ký túc xá sẽ bị xử lý ra sao?,sinh viên làm hư hỏng tài sản của nhà trường hoặc ký túc xá bị xử lý thế nào?,718
những ai gây thiệt hại tài sản hay làm hỏng đồ ở ký túc xá sẽ gặp cảnh gì?,sinh viên làm hư hỏng tài sản của nhà trường hoặc ký túc xá bị xử lý thế nào?,718
việc sinh viên làm hư đồ của trường hoặc ký túc xá sẽ dẫn đến hậu quả gì?,sinh viên làm hư hỏng tài sản của nhà trường hoặc ký túc xá bị xử lý thế nào?,718
ai làm hỏng tài sản của nhà trường hay ký túc xá sẽ bị đưa ra hình phạt như thế nào?,sinh viên làm hư hỏng tài sản của nhà trường hoặc ký túc xá bị xử lý thế nào?,718
làm thế nào để xử lý khi ai đó chiếm đoạt hoặc dùng trộm của người khác?,hình thức xử lý đối với hành vi lấy cắp tài sản hoặc tiêu thụ tài sản lấy cắp là gì?,719
những biện pháp trừng phạt dành cho việc ăn cắp đồ đạc hay sử dụng tài sản mà không phép là gì?,hình thức xử lý đối với hành vi lấy cắp tài sản hoặc tiêu thụ tài sản lấy cắp là gì?,719
hành động trộm cắp tài sản hoặc tiêu thụ của cải bị cướp đi sẽ bị đối xử ra sao?,hình thức xử lý đối với hành vi lấy cắp tài sản hoặc tiêu thụ tài sản lấy cắp là gì?,719
hệ quả pháp lý đối với người lấy cắp hoặc dùng trộm tiền của người khác như thế nào?,hình thức xử lý đối với hành vi lấy cắp tài sản hoặc tiêu thụ tài sản lấy cắp là gì?,719
lần đầu tiên học sinh tụ tập đông người hoặc tham gia biểu tình vi phạm quy định thì sẽ bị xử lý ra sao?,"sinh viên tham gia biểu tình, tụ tập đông người trái quy định lần đầu bị xử lý như thế nào?",720
"đối với trường hợp học sinh vi phạm quy định bằng cách tụ tập hoặc biểu tình lần đầu, hình thức xử lý sẽ như thế nào?","sinh viên tham gia biểu tình, tụ tập đông người trái quy định lần đầu bị xử lý như thế nào?",720
"nếu là lần đầu bị xử lý về việc tụ tập đông người hoặc tham gia biểu tình trái luật, các bạn sinh viên sẽ phải đối mặt với hậu quả gì?","sinh viên tham gia biểu tình, tụ tập đông người trái quy định lần đầu bị xử lý như thế nào?",720
những ai là học sinh thì khi lần đầu tụ tập hoặc biểu tình không đúng quy định sẽ chịu mức xử lý nào?,"sinh viên tham gia biểu tình, tụ tập đông người trái quy định lần đầu bị xử lý như thế nào?",720
lần đầu vi phạm bằng cách kích động hay rủ rê người khác biểu tình trái luật thì hình phạt sẽ như thế nào?,"mức kỷ luật đối với hành vi kích động, lôi kéo người khác biểu tình trái pháp luật lần đầu là gì?",721
"khi mới thực hiện hành vi dụ dỗ hay xúi giục mọi người xuống đường bất hợp pháp, chế tài xử lý ra sao?","mức kỷ luật đối với hành vi kích động, lôi kéo người khác biểu tình trái pháp luật lần đầu là gì?",721
"đối với trường hợp lần đầu tiên xúi bẩy người khác làm việc trái phép liên quan đến biểu tình, mức xử lý thế nào?","mức kỷ luật đối với hành vi kích động, lôi kéo người khác biểu tình trái pháp luật lần đầu là gì?",721
"nếu bị bắt quả tang lần đầu tiên là người xúi khiến người khác biểu tình vi phạm pháp luật, hình thức kỷ luật là gì?","mức kỷ luật đối với hành vi kích động, lôi kéo người khác biểu tình trái pháp luật lần đầu là gì?",721
"hành động tàng trữ, giao dịch loại vũ khí, chất phóng xạ hay mặt hàng bị cấm của sinh viên sẽ bị xử lý thế nào?","sinh viên chứa chấp, buôn bán vũ khí, chất nổ hoặc hàng cấm bị xử lý ra sao?",722
"nếu sinh viên có hành vi che giấu, mua bán vũ khí, chất nổ hoặc mặt hàng cấm, hậu quả pháp lý là gì?","sinh viên chứa chấp, buôn bán vũ khí, chất nổ hoặc hàng cấm bị xử lý ra sao?",722
"việc sinh viên nắm giữ, buôn bán các loại vũ khí, chất nổ hay hàng hóa cấm sẽ gặp phải tình trạng như thế nào?","sinh viên chứa chấp, buôn bán vũ khí, chất nổ hoặc hàng cấm bị xử lý ra sao?",722
"đối với những sinh viên tham gia cất giữ, trao đổi vũ khí, chất phóng xạ hay mặt hàng bị cấm, chế tài xử lý ra sao?","sinh viên chứa chấp, buôn bán vũ khí, chất nổ hoặc hàng cấm bị xử lý ra sao?",722
"làm thế nào để xử lý trường hợp ai đó đăng hoặc comment những lời lẽ bôi nhọ, hạ thấp danh dự của tổ chức trên mạng?","hành vi đăng tải, bình luận nội dung xuyên tạc, xúc phạm uy tín tổ chức trên internet bị xử lý thế nào?",723
"khi có hành động đăng tải hay nhận xét xúc phạm, bóp méo sự thật nhằm làm tổn hại uy tín một đơn vị trên web, pháp luật sẽ ra sao?","hành vi đăng tải, bình luận nội dung xuyên tạc, xúc phạm uy tín tổ chức trên internet bị xử lý thế nào?",723
"hậu quả sẽ ra thế nào với những kẻ tung tin sai sự thật, miệt thị danh tiếng tổ chức qua mạng xã hội?","hành vi đăng tải, bình luận nội dung xuyên tạc, xúc phạm uy tín tổ chức trên internet bị xử lý thế nào?",723
"việc lan truyền hay bình luận những nội dung giả mạo, làm ảnh hưởng xấu đến hình ảnh tập thể trên internet cần bị đối xử ra sao?","hành vi đăng tải, bình luận nội dung xuyên tạc, xúc phạm uy tín tổ chức trên internet bị xử lý thế nào?",723
"khi học viên nào đó vi phạm luật giao thông lần đầu và nhận biên bản từ cảnh sát, nhà trường sẽ xử lý thế nào?",sinh viên vi phạm an toàn giao thông bị công an gửi biên bản về trường lần 1 bị xử lý ra sao?,724
"đối với trường hợp đầu tiên mà sinh viên có hành vi sai phạm về an toàn đường bộ và bị cảnh sát lập biên bản, biện pháp xử lý của cơ sở giáo dục là gì?",sinh viên vi phạm an toàn giao thông bị công an gửi biên bản về trường lần 1 bị xử lý ra sao?,724
"nếu một bạn học bị công an giao cho trường một bản ghi nhận lỗi lần đầu liên quan đến vi phạm giao thông, hậu quả sẽ ra sao?",sinh viên vi phạm an toàn giao thông bị công an gửi biên bản về trường lần 1 bị xử lý ra sao?,724
hành động xử lý của trường đối với sinh viên lần đầu tiên nhận được văn bản cảnh cáo từ lực lượng chức năng do vi phạm quy định trên đường phố là gì?,sinh viên vi phạm an toàn giao thông bị công an gửi biên bản về trường lần 1 bị xử lý ra sao?,724
hành vi đua xe vi phạm pháp luật sẽ bị xử lý như thế nào?,hình thức xử lý đối với hành vi đua xe trái pháp luật là gì?,725
cơ quan chức năng định ứng xử ra sao đối với việc đua xe bất hợp pháp?,hình thức xử lý đối với hành vi đua xe trái pháp luật là gì?,725
mức xử lý dành cho những người đua xe trái quy định là gì?,hình thức xử lý đối với hành vi đua xe trái pháp luật là gì?,725
chúng ta sẽ làm gì để đối phó với hành động đua xe không tuân thủ luật?,hình thức xử lý đối với hành vi đua xe trái pháp luật là gì?,725
hành vi của học sinh trong việc tham gia hay đứng ra làm lễ hội chạy xe vi phạm pháp luật sẽ bị xử lý ra sao?,sinh viên tổ chức hoặc tham gia tổ chức đua xe trái pháp luật bị xử lý như thế nào?,726
nếu bạn là một thí sinh hoặc người đứng đầu sự kiện đua xe bất hợp pháp thì hậu quả pháp lý sẽ như thế nào?,sinh viên tổ chức hoặc tham gia tổ chức đua xe trái pháp luật bị xử lý như thế nào?,726
hậu quả pháp lý dành cho những người trẻ khi tham gia hoặc là người tổ chức các cuộc thi tốc độ không tuân thủ luật lệ là gì?,sinh viên tổ chức hoặc tham gia tổ chức đua xe trái pháp luật bị xử lý như thế nào?,726
những ai là sinh viên cũng như là người đứng sau sự kiện chạy xe vi phạm pháp luật sẽ phải đối mặt với mức phạt ra sao?,sinh viên tổ chức hoặc tham gia tổ chức đua xe trái pháp luật bị xử lý như thế nào?,726
sinh viên có thể bị áp dụng những hình thức kỷ luật chính thức nào?,có các hình thức kỷ luật chính thức nào dành cho sinh viên?,727
những biện pháp kỷ luật chính thức hiện có dành cho sinh viên là gì?,có các hình thức kỷ luật chính thức nào dành cho sinh viên?,727
các hình thức kỷ luật chính thức được quy định cho sinh viên bao gồm những cái gì?,có các hình thức kỷ luật chính thức nào dành cho sinh viên?,727
sinh viên sẽ đối mặt với những hình thức kỷ luật chính thức ra sao?,có các hình thức kỷ luật chính thức nào dành cho sinh viên?,727
khi nào mà hình thức khiển trách sẽ được áp dụng?,hình thức kỷ luật khiển trách được áp dụng trong trường hợp nào?,728
trường hợp nào khiến cho hình thức kỷ luật khiển trách được triển khai?,hình thức kỷ luật khiển trách được áp dụng trong trường hợp nào?,728
điều kiện để sử dụng biện pháp khiển trách là gì?,hình thức kỷ luật khiển trách được áp dụng trong trường hợp nào?,728
những tình huống nào dẫn đến việc thi hành hình thức khiển trách?,hình thức kỷ luật khiển trách được áp dụng trong trường hợp nào?,728
những trường hợp nào khiến sinh viên phải chịu cảnh cáo?,khi nào sinh viên bị áp dụng hình thức kỷ luật cảnh cáo?,729
thời điểm nào hình thức cảnh cáo được áp dụng cho sinh viên?,khi nào sinh viên bị áp dụng hình thức kỷ luật cảnh cáo?,729
sinh viên sẽ bị cảnh cáo trong hoàn cảnh nào?,khi nào sinh viên bị áp dụng hình thức kỷ luật cảnh cáo?,729
khi nào thì biện pháp cảnh cáo được đưa ra đối với sinh viên?,khi nào sinh viên bị áp dụng hình thức kỷ luật cảnh cáo?,729
những khung thời gian nào được định nghĩa cụ thể cho việc tạm dừng học tập có thời hạn?,các mức thời gian đình chỉ học tập có thời hạn được quy định như thế nào?,730
làm sao để xác định rõ ràng các khoảng thời gian của hình phạt tạm nghỉ học trong quy định hiện hành?,các mức thời gian đình chỉ học tập có thời hạn được quy định như thế nào?,730
hệ thống quy định phân chia thế nào về độ dài của các giai đoạn đình chỉ tạm thời đối với học sinh?,các mức thời gian đình chỉ học tập có thời hạn được quy định như thế nào?,730
nội dung quy định về việc tạm ngừng việc học tập có thời hạn được trình bày ra sao?,các mức thời gian đình chỉ học tập có thời hạn được quy định như thế nào?,730
khi nào mà học sinh phải rời bỏ giảng đường do bị ép buộc?,sinh viên bị buộc thôi học trong những trường hợp nào?,731
tình huống nào dẫn đến việc chấm dứt việc theo học của sinh viên một cách cưỡng bức?,sinh viên bị buộc thôi học trong những trường hợp nào?,731
ở những trường hợp nào mà người học sẽ bị buộc phải dừng khóa học?,sinh viên bị buộc thôi học trong những trường hợp nào?,731
việc sinh viên bị tước quyền học tập xảy ra trong bối cảnh nào?,sinh viên bị buộc thôi học trong những trường hợp nào?,731
những đối tượng nào sẽ nhận được thông tin về các biện pháp xử lý dành cho sinh viên?,hình thức kỷ luật của sinh viên được thông báo cho những ai?,732
ai là những người được biết đến khi nhà trường đưa ra hình thức kỷ luật cho học sinh?,hình thức kỷ luật của sinh viên được thông báo cho những ai?,732
thông báo liên quan đến việc xử lý sinh viên sẽ được gửi đến ai?,hình thức kỷ luật của sinh viên được thông báo cho những ai?,732
danh sách những ai sẽ được thông báo về hình phạt dành cho sinh viên là bao nhiêu?,hình thức kỷ luật của sinh viên được thông báo cho những ai?,732
những học sinh đang gặp tình trạng bị xử phạt có thể nộp đơn xin nhận học bổng được không vậy?,sinh viên bị kỷ luật có được xét học bổng không?,733
việc bị kỷ luật sẽ không ảnh hưởng đến quyền lợi xét duyệt học bổng của sinh viên đúng không?,sinh viên bị kỷ luật có được xét học bổng không?,733
"nếu đã bị phạt, liệu bạn có còn đủ điều kiện để tham gia chương trình hỗ trợ tài chính không?",sinh viên bị kỷ luật có được xét học bổng không?,733
"đối với những ai đã nhận hành động kỷ luật, quy trình xét chọn giải thưởng học bổng vẫn diễn ra bình thường chứ?",sinh viên bị kỷ luật có được xét học bổng không?,733
hành động kỷ luật tác động ra sao đến phần thưởng khi tốt nghiệp?,việc kỷ luật ảnh hưởng như thế nào đến khen thưởng tốt nghiệp?,734
những thay đổi của kỷ luật sẽ ảnh hưởng thế nào đến phần thưởng tốt nghiệp?,việc kỷ luật ảnh hưởng như thế nào đến khen thưởng tốt nghiệp?,734
phần thưởng tốt nghiệp chịu tác động của kỷ luật như thế nào?,việc kỷ luật ảnh hưởng như thế nào đến khen thưởng tốt nghiệp?,734
mối liên hệ giữa kỷ luật và phần thưởng khi tốt nghiệp là gì?,việc kỷ luật ảnh hưởng như thế nào đến khen thưởng tốt nghiệp?,734
những bạn sinh viên đạt danh hiệu xuất sắc về học lực nhưng bị kỷ luật từ cảnh cáo trở lên thì sẽ chịu hệ quả gì?,"sinh viên xếp loại học lực xuất sắc, giỏi bị kỷ luật cảnh cáo trở lên sẽ bị ảnh hưởng gì?",735
việc xếp loại giỏi cùng với mức độ xử lý kỷ luật cảnh cáo hay nặng hơn sẽ tác động ra sao đến sinh viên xuất sắc?,"sinh viên xếp loại học lực xuất sắc, giỏi bị kỷ luật cảnh cáo trở lên sẽ bị ảnh hưởng gì?",735
"nếu một sinh viên xuất sắc gặp phải hình thức kỷ luật từ cảnh cáo trở lên, kết quả sẽ thay đổi như thế nào?","sinh viên xếp loại học lực xuất sắc, giỏi bị kỷ luật cảnh cáo trở lên sẽ bị ảnh hưởng gì?",735
sinh viên đạt học lực xuất sắc nhưng vướng phải các lỗi bị kỷ luật từ cảnh cáo trở lên thì sẽ bị ảnh hưởng thế nào?,"sinh viên xếp loại học lực xuất sắc, giỏi bị kỷ luật cảnh cáo trở lên sẽ bị ảnh hưởng gì?",735
khi nào người học cần bắt đầu xử lý vấn đề vi phạm lần đầu tiên?,quy trình đầu tiên sinh viên phải thực hiện khi có hành vi vi phạm là gì?,736
hành động đầu tiên nào mà sinh viên phải làm khi bị phát hiện có lỗi?,quy trình đầu tiên sinh viên phải thực hiện khi có hành vi vi phạm là gì?,736
bước khởi đầu trong quy định dành cho sinh viên phạm sai lầm là gì?,quy trình đầu tiên sinh viên phải thực hiện khi có hành vi vi phạm là gì?,736
việc sinh viên cần làm ngay sau khi có hành động không đúng là gì?,quy trình đầu tiên sinh viên phải thực hiện khi có hành vi vi phạm là gì?,736
"khi học viên từ chối viết bản tự kiểm điểm, cơ quan giáo dục sẽ có biện pháp xử lý như thế nào?",nếu sinh viên không chấp hành làm bản tự kiểm điểm thì nhà trường xử lý thế nào?,737
"nếu người học không tuân thủ yêu cầu viết bản tự kiểm, nhà trường sẽ ra quyết định gì?",nếu sinh viên không chấp hành làm bản tự kiểm điểm thì nhà trường xử lý thế nào?,737
trường học sẽ xử lý ra sao nếu sinh viên cố tình không làm bản tự kiểm điểm?,nếu sinh viên không chấp hành làm bản tự kiểm điểm thì nhà trường xử lý thế nào?,737
"đối với trường hợp học viên không thực hiện viết bản tự kiểm, nhà trường có hành động gì?",nếu sinh viên không chấp hành làm bản tự kiểm điểm thì nhà trường xử lý thế nào?,737
tập thể lớp đóng góp như thế nào vào quy trình xử lý kỷ luật sinh viên?,vai trò của tập thể lớp trong quy trình xét kỷ luật sinh viên là gì?,738
"trong công tác xét xử kỷ luật, vai trò của cả lớp được thể hiện ra sao?",vai trò của tập thể lớp trong quy trình xét kỷ luật sinh viên là gì?,738
sự tham gia của lớp trong bước đánh giá kỷ luật sinh viên diễn ra với chức năng gì?,vai trò của tập thể lớp trong quy trình xét kỷ luật sinh viên là gì?,738
"khi xét vấn đề kỷ luật, tập thể lớp đảm nhiệm trách nhiệm cụ thể là gì?",vai trò của tập thể lớp trong quy trình xét kỷ luật sinh viên là gì?,738
"ở hội đồng kỷ luật nhà trường, phần nào có thể được mời đến nhưng lại không được phép bỏ phiếu?",thành phần nào có thể được mời tham dự nhưng không có quyền biểu quyết tại hội đồng kỷ luật nhà trường?,739
ai là đối tượng có thể được mời tham gia hội đồng kỷ luật nhưng sẽ không có quyền biểu quyết?,thành phần nào có thể được mời tham dự nhưng không có quyền biểu quyết tại hội đồng kỷ luật nhà trường?,739
bên nào có thể được mời đến hội đồng kỷ luật của trường mà vẫn bị loại khỏi quyền bỏ phiếu?,thành phần nào có thể được mời tham dự nhưng không có quyền biểu quyết tại hội đồng kỷ luật nhà trường?,739
"trong hội đồng kỷ luật trường học, thành phần nào có thể được mời đến nhưng lại không thể tham gia bầu chọn?",thành phần nào có thể được mời tham dự nhưng không có quyền biểu quyết tại hội đồng kỷ luật nhà trường?,739
ai là người được ủy quyền ban hành văn bản kỷ luật sinh viên?,ai là người ra quyết định kỷ luật sinh viên bằng văn bản?,740
người nào có thẩm quyền ký quyết định xử lý vi phạm hành chính sinh viên?,ai là người ra quyết định kỷ luật sinh viên bằng văn bản?,740
ai là bên nắm quyền lập hồ sơ kỷ luật sinh viên bằng văn bản?,ai là người ra quyết định kỷ luật sinh viên bằng văn bản?,740
người chịu trách nhiệm đưa ra quyết định xử lý sinh viên dưới dạng văn bản là ai?,ai là người ra quyết định kỷ luật sinh viên bằng văn bản?,740
những giá trị nền tảng nào sinh viên cần thể hiện trong cách đối nhân xử thế với chính mình và người thân?,quy tắc ứng xử của sinh viên đối với bản thân và gia đình gồm những giá trị cốt lõi nào?,741
"khi nói về việc sinh viên hành xử ra sao với bản thân cùng gia quyến, đâu là những phẩm chất chủ đạo được đề cao?",quy tắc ứng xử của sinh viên đối với bản thân và gia đình gồm những giá trị cốt lõi nào?,741
những tiêu chuẩn đạo đức quan trọng nhất mà sinh viên nên tu dưỡng để đối đãi với người trong nhà và bản thân là gì?,quy tắc ứng xử của sinh viên đối với bản thân và gia đình gồm những giá trị cốt lõi nào?,741
sinh viên cần vun đắp những đức tính trọng yếu nào để giữ gìn mối quan hệ tốt đẹp với gia đình và bản thân?,quy tắc ứng xử của sinh viên đối với bản thân và gia đình gồm những giá trị cốt lõi nào?,741
bạn nghĩ những sinh viên nên hành động ra sao để giữ gìn vẻ đẹp và uy tín cho chính mình cũng như cả gia đình?,sinh viên cần làm gì để không gây ảnh hưởng tới danh dự của bản thân và gia đình?,742
"để tránh làm tổn hại đến tiếng tăm của bản thân và người thân, sinh viên cần thực hiện việc gì?",sinh viên cần làm gì để không gây ảnh hưởng tới danh dự của bản thân và gia đình?,742
hành động cụ thể nào giúp sinh viên bảo toàn danh dự riêng tư lẫn danh dự của gia đình mình?,sinh viên cần làm gì để không gây ảnh hưởng tới danh dự của bản thân và gia đình?,742
sinh viên phải làm thế nào thì mới không khiến cho gia đình và bản thân mình mất đi sự tôn nghiêm?,sinh viên cần làm gì để không gây ảnh hưởng tới danh dự của bản thân và gia đình?,742
sinh viên nên trau dồi những tố chất đạo đức nào cho chính mình?,những phẩm chất đạo đức nào sinh viên cần rèn luyện đối với bản thân?,743
"đối với bản thân, sinh viên cần chú trọng bồi đắp những giá trị đạo đức ra sao?",những phẩm chất đạo đức nào sinh viên cần rèn luyện đối với bản thân?,743
những chuẩn mực đạo đức nào cần được sinh viên vun đắp vào trong nhân cách của mình?,những phẩm chất đạo đức nào sinh viên cần rèn luyện đối với bản thân?,743
làm thế nào để sinh viên củng cố các đức tính tốt đẹp cần thiết cho riêng bản thân?,những phẩm chất đạo đức nào sinh viên cần rèn luyện đối với bản thân?,743
học sinh phải nuôi dưỡng tâm thế ra sao khi học hành cũng như rèn luyện đạo đức?,sinh viên cần có thái độ như thế nào trong học tập và tu dưỡng đạo đức?,744
làm thế nào để thái độ của người học đạt chuẩn mực về cả kiến thức lẫn nhân cách?,sinh viên cần có thái độ như thế nào trong học tập và tu dưỡng đạo đức?,744
yếu tố nào cần được chú trọng nhất trong việc học và tu thân của sinh viên?,sinh viên cần có thái độ như thế nào trong học tập và tu dưỡng đạo đức?,744
tư duy và lối sống đúng đắn của sinh viên được thể hiện qua những biểu hiện gì?,sinh viên cần có thái độ như thế nào trong học tập và tu dưỡng đạo đức?,744
sinh viên trường đại học sư phạm kỹ thuật tp.hcm cần hình thành những thói quen sinh hoạt như thế nào?,lối sống mà sinh viên trường đại học sư phạm kỹ thuật tp.hcm cần rèn luyện là gì?,745
những phẩm chất lối sống cần được các bạn sinh viên tại trường sư phạm kỹ thuật tp.hcm bồi dưỡng là gì?,lối sống mà sinh viên trường đại học sư phạm kỹ thuật tp.hcm cần rèn luyện là gì?,745
trường đại học sư phạm kỹ thuật tp.hcm mong đợi sinh viên của mình có đời sống ra sao?,lối sống mà sinh viên trường đại học sư phạm kỹ thuật tp.hcm cần rèn luyện là gì?,745
sinh viên thuộc trường sư phạm kỹ thuật tp.hcm cần phát triển và giữ gìn nếp sống thế nào cho phù hợp?,lối sống mà sinh viên trường đại học sư phạm kỹ thuật tp.hcm cần rèn luyện là gì?,745
những nghĩa vụ nào của học sinh liên quan đến kết quả học tập ở trường đối với người thân?,sinh viên có trách nhiệm gì đối với gia đình về tình hình học tập tại trường?,746
gia đình mong đợi sinh viên phải làm gì về mặt học vấn tại cơ sở đào tạo?,sinh viên có trách nhiệm gì đối với gia đình về tình hình học tập tại trường?,746
phần trách nhiệm nào thuộc về con em trong việc duy trì học tập tại trường đối với bố mẹ?,sinh viên có trách nhiệm gì đối với gia đình về tình hình học tập tại trường?,746
"về tình trạng học hành ở trường, sinh viên cần gánh vác điều gì với gia đình?",sinh viên có trách nhiệm gì đối với gia đình về tình hình học tập tại trường?,746
"sinh viên cần tuân theo những chuẩn mực hành vi nào khi tương tác với giảng viên, nhân viên và lãnh đạo nhà trường?","quy tắc ứng xử của sinh viên đối với cán bộ, giảng viên và nhân viên nhà trường là gì?",747
"những quy định về thái độ và cách đối đãi mà sinh viên phải áp dụng với đội ngũ cán bộ, thầy cô và công nhân viên là gì?","quy tắc ứng xử của sinh viên đối với cán bộ, giảng viên và nhân viên nhà trường là gì?",747
"hãy nêu rõ các nguyên tắc ứng xử của sinh viên dành cho các thành viên trong tổ chức giáo dục như thầy cô, nhân viên và lãnh đạo.","quy tắc ứng xử của sinh viên đối với cán bộ, giảng viên và nhân viên nhà trường là gì?",747
"khi giao tiếp với ban giám hiệu, giảng viên và người lao động trong trường, sinh viên phải giữ gìn những chuẩn mực nào?","quy tắc ứng xử của sinh viên đối với cán bộ, giảng viên và nhân viên nhà trường là gì?",747
việc xưng hô và cách chào hỏi của học trò với thầy cô cần phản ánh điều gì?,thái độ chào hỏi và xưng hô của sinh viên với giảng viên phải thể hiện điều gì?,748
sự kính trọng và thái độ của sinh viên khi gặp giảng viên phải cho thấy điều nào?,thái độ chào hỏi và xưng hô của sinh viên với giảng viên phải thể hiện điều gì?,748
những quy tắc xưng hô và chào hỏi của sinh viên đối với giảng viên thể hiện điều gì?,thái độ chào hỏi và xưng hô của sinh viên với giảng viên phải thể hiện điều gì?,748
hành vi chào hỏi và xưng hô của sinh viên với giảng viên cần biểu lộ điều gì?,thái độ chào hỏi và xưng hô của sinh viên với giảng viên phải thể hiện điều gì?,748
học sinh được phép quay video hay ghi âm giảng viên trong thời gian lên lớp không?,"sinh viên có được phép ghi âm, ghi hình thầy cô trong giờ học không?",749
việc ghi lại hình ảnh hoặc âm thanh của thầy cô trong giờ dạy có được cho phép hay không?,"sinh viên có được phép ghi âm, ghi hình thầy cô trong giờ học không?",749
"bạn có thể ghi âm, ghi hình giáo viên khi đang giảng bài được không?","sinh viên có được phép ghi âm, ghi hình thầy cô trong giờ học không?",749
liệu chúng ta có thể quay phim hay ghi âm bài giảng của người dạy hay không?,"sinh viên có được phép ghi âm, ghi hình thầy cô trong giờ học không?",749
những chuẩn mực nào chi phối hoạt động trên mạng xã hội nhằm bảo vệ danh dự của đội ngũ giáo viên trong nhà trường?,quy định về việc sử dụng mạng xã hội liên quan đến uy tín cán bộ nhà trường là gì?,750
nội dung quản lý hành vi cá nhân của cán bộ trường học trên nền tảng mạng ảo được quy định ra sao?,quy định về việc sử dụng mạng xã hội liên quan đến uy tín cán bộ nhà trường là gì?,750
làm thế nào để xác định các nguyên tắc đối với việc tham gia mạng xã hội của các nhà giáo liên quan đến hình ảnh nghề nghiệp?,quy định về việc sử dụng mạng xã hội liên quan đến uy tín cán bộ nhà trường là gì?,750
pháp luật có những định nghĩa gì về cách sử dụng mạng xã hội mà ảnh hưởng đến sự tôn nghiêm của nhân sự giáo dục?,quy định về việc sử dụng mạng xã hội liên quan đến uy tín cán bộ nhà trường là gì?,750
trường học mong đợi sinh viên sẽ giữ tâm thế ra sao lúc nêu quan điểm hay nguyện vọng?,"sinh viên cần có thái độ thế nào khi bày tỏ ý kiến, nguyện vọng với nhà trường?",751
"khi phát biểu ý kiến hay nguyện vọng với nhà trường, học sinh nên thể hiện thái độ thế nào?","sinh viên cần có thái độ thế nào khi bày tỏ ý kiến, nguyện vọng với nhà trường?",751
làm sao để sinh viên thể hiện đúng đắn mong muốn và quan điểm của mình trước ban lãnh đạo?,"sinh viên cần có thái độ thế nào khi bày tỏ ý kiến, nguyện vọng với nhà trường?",751
"trước việc trình bày ý kiến hay nguyện vọng, nhà trường kỳ vọng sinh viên sẽ có hành trang tinh thần gì?","sinh viên cần có thái độ thế nào khi bày tỏ ý kiến, nguyện vọng với nhà trường?",751
"nếu nhà trường chưa hỗ trợ, học sinh nên hành động thế nào để đòi quyền lợi?",sinh viên cần làm gì khi đề nghị nhà trường giải quyết các vấn đề quyền lợi?,752
khi nào thì sinh viên cần can thiệp vào vấn đề lợi ích của mình với phía trường?,sinh viên cần làm gì khi đề nghị nhà trường giải quyết các vấn đề quyền lợi?,752
"để bảo vệ quyền lợi, người đi học cần làm gì nếu gặp khó khăn với ban lãnh đạo?",sinh viên cần làm gì khi đề nghị nhà trường giải quyết các vấn đề quyền lợi?,752
giải pháp nào cho sinh viên khi quyền lợi của họ chưa được phía nhà trường quan tâm?,sinh viên cần làm gì khi đề nghị nhà trường giải quyết các vấn đề quyền lợi?,752
những yêu cầu nào áp dụng cho sinh viên nếu phải vắng mặt hoặc đến lớp muộn?,quy định đối với sinh viên khi nghỉ học hoặc đi muộn là gì?,753
"khi sinh viên có tình trạng đi trễ hay bỏ học, thì chính sách quy định ra sao?",quy định đối với sinh viên khi nghỉ học hoặc đi muộn là gì?,753
chính sách xử lý đối với trường hợp sinh viên vắng mặt hoặc đến muộn được định nghĩa thế nào?,quy định đối với sinh viên khi nghỉ học hoặc đi muộn là gì?,753
sinh viên cần tuân thủ quy định gì khi có hành động đi trễ hoặc nghỉ học?,quy định đối với sinh viên khi nghỉ học hoặc đi muộn là gì?,753
cơ sở giáo dục đã đặt ra những quy định gì để ngăn chặn các hành động mang tính thiên vị nhằm phục vụ lợi ích riêng?,nhà trường nghiêm cấm hành vi nào liên quan đến việc tạo sự thiên vị trong lợi ích cá nhân?,754
hành vi nào bị nhà trường xử lý nghiêm khắc khi nó tạo ra sự không công bằng vì mục đích cá nhân?,nhà trường nghiêm cấm hành vi nào liên quan đến việc tạo sự thiên vị trong lợi ích cá nhân?,754
làm sao để tránh việc tạo ra những bất lợi hay lợi thế riêng tư mà nhà trường đã cấm đoán?,nhà trường nghiêm cấm hành vi nào liên quan đến việc tạo sự thiên vị trong lợi ích cá nhân?,754
tổ chức giáo dục này đã lên án hành động nào gây ra sự chênh lệch trong quyền lợi vì mục đích ích kỷ?,nhà trường nghiêm cấm hành vi nào liên quan đến việc tạo sự thiên vị trong lợi ích cá nhân?,754
hành động nào phải thực hiện của người học khi gặp phải sự phân biệt đối xử hay nhận định tiêu cực từ phía lãnh đạo giáo dục?,sinh viên cần làm gì khi phát hiện hành vi trù dập hoặc gợi ý tiêu cực từ cán bộ nhà trường?,755
"khi bị đối xử thiếu công bằng hoặc nhận lời khuyên không hay từ ban giám hiệu, học sinh cần phản ứng ra sao?",sinh viên cần làm gì khi phát hiện hành vi trù dập hoặc gợi ý tiêu cực từ cán bộ nhà trường?,755
"trước tình huống bị chèn ép hay được gợi ý những điều tiêu cực bởi nhân viên quản lý trường, sinh viên phải làm gì?",sinh viên cần làm gì khi phát hiện hành vi trù dập hoặc gợi ý tiêu cực từ cán bộ nhà trường?,755
người đang theo học cần thực hiện biện pháp gì nếu phát hiện được sự kỳ thị hoặc lời nói xấu từ giảng viên/cán bộ?,sinh viên cần làm gì khi phát hiện hành vi trù dập hoặc gợi ý tiêu cực từ cán bộ nhà trường?,755
sinh viên cần cư xử ra sao khi có khách đến thăm và công tác tại trường?,quy tắc ứng xử của sinh viên đối với khách đến thăm và làm việc tại trường là gì?,756
làm thế nào để sinh viên thể hiện được sự ứng xử chuẩn mực với những người đến làm việc hay thăm quan trường?,quy tắc ứng xử của sinh viên đối với khách đến thăm và làm việc tại trường là gì?,756
hành vi của sinh viên khi tiếp đón khách đến thăm và làm việc tại cơ sở đào tạo là gì?,quy tắc ứng xử của sinh viên đối với khách đến thăm và làm việc tại trường là gì?,756
đối tượng phải tuân thủ quy định gì khi khách đến trường để công việc hoặc thăm hỏi?,quy tắc ứng xử của sinh viên đối với khách đến thăm và làm việc tại trường là gì?,756
sinh viên cần làm gì khi khách hàng ở trường cần được hỗ trợ?,trách nhiệm của sinh viên khi khách cần sự trợ giúp tại trường là gì?,757
"khi khách đến trường cần trợ giúp, sinh viên phải chịu trách nhiệm ra sao?",trách nhiệm của sinh viên khi khách cần sự trợ giúp tại trường là gì?,757
nội dung trách nhiệm của sinh viên đối với khách cần hỗ trợ tại đơn vị là gì?,trách nhiệm của sinh viên khi khách cần sự trợ giúp tại trường là gì?,757
"nếu khách hàng cần sự giúp đỡ, sinh viên tại trường cần hành động thế nào?",trách nhiệm của sinh viên khi khách cần sự trợ giúp tại trường là gì?,757
khi khách hàng muốn tìm hiểu về trường thì sinh viên cần đưa ra những gì?,sinh viên cần cung cấp thông tin gì cho khách khi họ có nhu cầu tìm hiểu về trường?,758
"để phục vụ những khách có nhu cầu tìm hiểu trường, sinh viên cần chuẩn bị thông tin nào?",sinh viên cần cung cấp thông tin gì cho khách khi họ có nhu cầu tìm hiểu về trường?,758
những dữ liệu nào mà sinh viên phải cung cấp cho khách khi họ quan tâm đến trường?,sinh viên cần cung cấp thông tin gì cho khách khi họ có nhu cầu tìm hiểu về trường?,758
khách hàng đang muốn tìm hiểu về trường thì sinh viên cần đáp ứng thông tin gì?,sinh viên cần cung cấp thông tin gì cho khách khi họ có nhu cầu tìm hiểu về trường?,758
những nguyên tắc nào cần tuân thủ khi sinh viên tham gia vào việc học tập và tu dưỡng bản thân?,quy tắc ứng xử của sinh viên đối với công tác học tập và rèn luyện là gì?,759
làm thế nào để xác định các chuẩn mực hành vi dành cho sinh viên trong quá trình học hành và rèn luyện?,quy tắc ứng xử của sinh viên đối với công tác học tập và rèn luyện là gì?,759
nội dung quy định về thái độ và cách xử sự của sinh viên đối với công việc học cũng như rèn luyện là gì?,quy tắc ứng xử của sinh viên đối với công tác học tập và rèn luyện là gì?,759
các định hướng về ứng xử cần thiết mà sinh viên phải thực hiện trong môi trường học tập và luyện tập ra sao?,quy tắc ứng xử của sinh viên đối với công tác học tập và rèn luyện là gì?,759
sinh viên cần tuân thủ nghiêm ngặt những chuẩn mực nào?,những quy định nào sinh viên bắt buộc phải thực hiện nghiêm túc?,760
có những quy tắc gì mà sinh viên buộc lòng phải thực hiện?,những quy định nào sinh viên bắt buộc phải thực hiện nghiêm túc?,760
những điều luật nào là bắt buộc đối với sinh viên phải thực hiện?,những quy định nào sinh viên bắt buộc phải thực hiện nghiêm túc?,760
sinh viên cần phải làm nghiêm túc những quy định nào?,những quy định nào sinh viên bắt buộc phải thực hiện nghiêm túc?,760
lý do nào khiến sinh viên buộc phải am hiểu nguồn cội và di sản của trường mình?,tại sao sinh viên cần tìm hiểu về lịch sử và truyền thống của nhà trường?,761
điều gì thúc đẩy sinh viên nghiên cứu về quá khứ và bản sắc của cơ sở giáo dục này?,tại sao sinh viên cần tìm hiểu về lịch sử và truyền thống của nhà trường?,761
sự gắn kết giữa việc tìm hiểu cội nguồn trường lớp và nhu cầu của sinh viên nằm ở đâu?,tại sao sinh viên cần tìm hiểu về lịch sử và truyền thống của nhà trường?,761
giá trị nào mà việc khám phá lịch sử cùng văn hóa nhà trường mang lại cho bạn trẻ?,tại sao sinh viên cần tìm hiểu về lịch sử và truyền thống của nhà trường?,761
làm sao để người học thể hiện tính chủ động khi tiếp thu bài?,sinh viên cần thể hiện sự chủ động trong quá trình tiếp nhận kiến thức như thế nào?,762
người học nên thể hiện tính tự giác như thế nào trong việc tiếp nhận tri thức?,sinh viên cần thể hiện sự chủ động trong quá trình tiếp nhận kiến thức như thế nào?,762
cần thể hiện ra sao tính chủ động khi các bạn sinh viên tiếp thu kiến thức?,sinh viên cần thể hiện sự chủ động trong quá trình tiếp nhận kiến thức như thế nào?,762
"trong quá trình học tập, sinh viên phải làm gì để thể hiện sự chủ động?",sinh viên cần thể hiện sự chủ động trong quá trình tiếp nhận kiến thức như thế nào?,762
nội dung cụ thể của các quy tắc đảm bảo sự trung thực trong kỳ thi và kiểm tra ra sao?,quy định về tính trung thực trong thi cử và kiểm tra là gì?,763
hãy nêu lên những chuẩn mực liên quan đến vấn đề làm đúng sự thật khi tham gia các cuộc thi hay bài kiểm tra.,quy định về tính trung thực trong thi cử và kiểm tra là gì?,763
những điều khoản nào đang được áp dụng để ngăn chặn gian lận trong công tác chấm điểm và tổ chức thi?,quy định về tính trung thực trong thi cử và kiểm tra là gì?,763
làm thế nào để xác định các nguyên tắc cốt lõi về tính liêm chính trong các đợt khảo sát và thi trắc nghiệm?,quy định về tính trung thực trong thi cử và kiểm tra là gì?,763
hành động tiếp theo của học trò khi có hành vi vi phạm nội quy là gì?,"sinh viên phải làm gì sau khi vi phạm các quy chế, quy định của nhà trường?",764
"khi đã phạm lỗi theo quy định của trường, sinh viên cần thực hiện việc gì?","sinh viên phải làm gì sau khi vi phạm các quy chế, quy định của nhà trường?",764
"nếu chưa tuân thủ đúng quy chế, người học sinh phải làm thế nào?","sinh viên phải làm gì sau khi vi phạm các quy chế, quy định của nhà trường?",764
việc cần làm sau khi bị ghi nhận là vi phạm các điều lệ của đơn vị giáo dục là gì?,"sinh viên phải làm gì sau khi vi phạm các quy chế, quy định của nhà trường?",764
những chuẩn mực nào cần tuân thủ khi tương tác với bạn cùng lớp và đồng môn?,quy tắc ứng xử của sinh viên đối với bạn bè và người học khác là gì?,765
làm sao để xác định hành vi đúng đắn trong mối quan hệ giữa sinh viên với nhau?,quy tắc ứng xử của sinh viên đối với bạn bè và người học khác là gì?,765
sinh viên cần phải có những phẩm chất gì khi giao tiếp với những người học khác?,quy tắc ứng xử của sinh viên đối với bạn bè và người học khác là gì?,765
vấn đề về ứng xử giữa các bạn học với bạn bè cần được định nghĩa như thế nào?,quy tắc ứng xử của sinh viên đối với bạn bè và người học khác là gì?,765
hành động nào được coi là nghiêm cấm trong tình bạn giữa sinh viên?,những hành vi nào bị nghiêm cấm trong quan hệ bạn bè giữa các sinh viên?,766
"giữa các sinh viên, điều gì bị cấm đoán trong mối quan hệ bạn bè?",những hành vi nào bị nghiêm cấm trong quan hệ bạn bè giữa các sinh viên?,766
sinh viên cần tránh những việc gì khi duy trì tình bạn?,những hành vi nào bị nghiêm cấm trong quan hệ bạn bè giữa các sinh viên?,766
"trong quan hệ bạn bè của sinh viên, những việc nào là bị cấm?",những hành vi nào bị nghiêm cấm trong quan hệ bạn bè giữa các sinh viên?,766
sinh viên trong trường cần tuân thủ những quy tắc gì khi giao tiếp?,quy định về ngôn ngữ giao tiếp của sinh viên trong trường là gì?,767
nội dung quy định liên quan đến cách nói năng của sinh viên tại cơ sở này ra sao?,quy định về ngôn ngữ giao tiếp của sinh viên trong trường là gì?,767
trường học có những chuẩn mực nào dành cho hành vi ngôn ngữ của học sinh?,quy định về ngôn ngữ giao tiếp của sinh viên trong trường là gì?,767
việc giao tiếp của sinh viên ở đây phải dựa trên những quy định cụ thể nào?,quy định về ngôn ngữ giao tiếp của sinh viên trong trường là gì?,767
"đối với việc bảo vệ môi trường, tài sản công cũng như các chuẩn mực giao tiếp xã hội, chúng ta cần tuân thủ những quy định nào?",quy tắc ứng xử với cảnh quan môi trường và tài sản công yêu cầu những gì?,768
"những yêu cầu cụ thể về thái độ và hành vi đối với công trình công cộng, cảnh quan cũng như môi trường sống là gì?",quy tắc ứng xử với cảnh quan môi trường và tài sản công yêu cầu những gì?,768
"khi nói đến chuẩn mực ứng xử với tài sản của nhà nước và môi trường xung quanh, người ta đề cao điều gì?",quy tắc ứng xử với cảnh quan môi trường và tài sản công yêu cầu những gì?,768
"trong lĩnh vực gìn giữ cảnh quan, tài sản công và môi trường, những nguyên tắc bắt buộc cần thực hiện ra sao?",quy tắc ứng xử với cảnh quan môi trường và tài sản công yêu cầu những gì?,768
trường yêu cầu sinh viên như thế nào về mặt ăn mặc và kiểu dáng?,quy định về trang phục và diện mạo của sinh viên khi đến trường là gì?,769
tiêu chuẩn ngoại hình cũng như trang phục mà nhà trường quy định cho học sinh ra sao?,quy định về trang phục và diện mạo của sinh viên khi đến trường là gì?,769
các học viên cần tuân thủ những yêu cầu gì liên quan đến diện mạo và quần áo khi đến lớp?,quy định về trang phục và diện mạo của sinh viên khi đến trường là gì?,769
nhà trường đặt ra những quy tắc gì đối với bộ trang phục và hình ảnh bên ngoài của sinh viên?,quy định về trang phục và diện mạo của sinh viên khi đến trường là gì?,769
những nghĩa vụ nào mà sinh viên cần gánh vác đối với đồ dùng và cơ sở vật chất của nhà trường?,sinh viên có trách nhiệm gì đối với cơ sở vật chất và thiết bị dạy học?,770
"đối với các trang thiết bị cũng như cơ sở hạ tầng, sinh viên phải làm gì?",sinh viên có trách nhiệm gì đối với cơ sở vật chất và thiết bị dạy học?,770
sinh viên cần thực hiện những nghĩa vụ gì nhằm bảo vệ cơ sở vật chất và dụng cụ giảng dạy?,sinh viên có trách nhiệm gì đối với cơ sở vật chất và thiết bị dạy học?,770
trách nhiệm của sinh viên liên quan đến việc bảo quản tài sản và phương tiện dạy học ra sao?,sinh viên có trách nhiệm gì đối với cơ sở vật chất và thiết bị dạy học?,770
trường học của sinh viên quy định thế nào về việc giữ gìn vệ sinh công cộng?,phương châm giữ gìn vệ sinh chung của sinh viên tại trường là gì?,771
"theo quy định của nhà trường, sinh viên cần tuân thủ nguyên tắc gì liên quan đến vệ sinh chung?",phương châm giữ gìn vệ sinh chung của sinh viên tại trường là gì?,771
sinh viên trong trường phải làm gì để duy trì môi trường sạch sẽ theo quy định?,phương châm giữ gìn vệ sinh chung của sinh viên tại trường là gì?,771
nội dung phương hướng về việc bảo đảm vệ sinh chung dành cho sinh viên trường là như thế nào?,phương châm giữ gìn vệ sinh chung của sinh viên tại trường là gì?,771
loại vật liệu nào không được phép xuất hiện trong khuôn viên trường?,những chất nào bị cấm sử dụng trong khuôn viên trường?,772
chất hóa học nào bị nghiêm cấm mang vào trường?,những chất nào bị cấm sử dụng trong khuôn viên trường?,772
"trong phạm vi trường học, chất nào bị đặt dưới lệnh cấm?",những chất nào bị cấm sử dụng trong khuôn viên trường?,772
chúng ta cần tránh tiếp xúc với những thứ gì trong khu vực trường?,những chất nào bị cấm sử dụng trong khuôn viên trường?,772
những nguyên tắc nào mà học viên phải chấp hành khi đi sâu khai thác và dùng các tài liệu nghiên cứu?,sinh viên cần tuân thủ điều gì khi khai thác và sử dụng tài liệu học thuật?,773
"khi lấy và dùng tư liệu học thuật, sinh tử sinh viên cần phải làm gì để đảm bảo đúng quy định?",sinh viên cần tuân thủ điều gì khi khai thác và sử dụng tài liệu học thuật?,773
hành động khai thác và vận dụng nguồn tài liệu học tập đòi hỏi sinh viên phải tuân theo đâu?,sinh viên cần tuân thủ điều gì khi khai thác và sử dụng tài liệu học thuật?,773
việc sử dụng và khai thác các văn bản học thuật cần phải dựa vào những quy định nào đối với người học?,sinh viên cần tuân thủ điều gì khi khai thác và sử dụng tài liệu học thuật?,773
trường có quy định gì cho việc dùng email và google drive không?,quy định về việc sử dụng hệ thống thư điện tử và google drive của trường là gì?,774
làm thế nào để trường quản lý việc truy cập vào hệ thống thư điện tử cũng như google drive?,quy định về việc sử dụng hệ thống thư điện tử và google drive của trường là gì?,774
nội dung quy định liên quan đến vận hành thư điện tử và google drive của nhà trường ra sao?,quy định về việc sử dụng hệ thống thư điện tử và google drive của trường là gì?,774
việc sử dụng công cụ lưu trữ đám mây và email tại trường được hướng dẫn cụ thể như thế nào?,quy định về việc sử dụng hệ thống thư điện tử và google drive của trường là gì?,774
làm sao để học trò đối mặt với những dữ liệu vi chuẩn luật khi chúng đã được công khai trên mạng lưới xã hội?,sinh viên phải xử lý thế nào đối với các thông tin vi phạm đã đăng tải trên mạng xã hội?,775
"khi có tin tức vi phạm xuất hiện trên mạng, sinh viên cần giải quyết ra sao?",sinh viên phải xử lý thế nào đối với các thông tin vi phạm đã đăng tải trên mạng xã hội?,775
những thông tin bất hợp pháp đã lan truyền trên mạng xã hội thì học sinh nên xử lý thế nào?,sinh viên phải xử lý thế nào đối với các thông tin vi phạm đã đăng tải trên mạng xã hội?,775
"trước các nội dung trái pháp luật trên mạng, người học cần hành động như thế nào?",sinh viên phải xử lý thế nào đối với các thông tin vi phạm đã đăng tải trên mạng xã hội?,775
những quy định pháp lý nào đang điều chỉnh việc ngân hàng cấp vốn cho sinh viên?,chính sách tín dụng đối với sinh viên (vay sinh viên) căn cứ vào những văn bản pháp lý nào?,776
làm thế nào để biết được căn cứ pháp lý cho khoản vay dành riêng cho sinh viên?,chính sách tín dụng đối với sinh viên (vay sinh viên) căn cứ vào những văn bản pháp lý nào?,776
bộ luật hay nghị định nào làm nền tảng cho chính sách hỗ trợ tài chính của sinh viên?,chính sách tín dụng đối với sinh viên (vay sinh viên) căn cứ vào những văn bản pháp lý nào?,776
cơ sở pháp lý nào quy định về khả năng vay mượn của người đang theo học?,chính sách tín dụng đối với sinh viên (vay sinh viên) căn cứ vào những văn bản pháp lý nào?,776
sinh viên được hỗ trợ vốn theo định hướng nào của chính phủ?,mục đích của chính sách tín dụng đối với sinh viên là gì?,777
mục tiêu của chương trình vay vốn dành cho sinh viên ra sao?,mục đích của chính sách tín dụng đối với sinh viên là gì?,777
chính sách hỗ trợ tài chính cho sinh viên nhằm phục vụ mục đích gì?,mục đích của chính sách tín dụng đối với sinh viên là gì?,777
người thực hiện chính sách tín dụng sinh viên hướng tới kết quả nào?,mục đích của chính sách tín dụng đối với sinh viên là gì?,777
nguồn vốn vay sinh viên sẽ chi trả cho những khoản phí nào?,những loại chi phí nào được hỗ trợ từ nguồn vốn vay sinh viên?,778
những khoản chi nào được nhận hỗ trợ từ quỹ vay cho sinh viên?,những loại chi phí nào được hỗ trợ từ nguồn vốn vay sinh viên?,778
loại tiền nào trong số các chi phí được nhà trường cho vay sinh viên?,những loại chi phí nào được hỗ trợ từ nguồn vốn vay sinh viên?,778
bạn có thể dùng khoản vay sinh viên để thanh toán những hạng mục gì?,những loại chi phí nào được hỗ trợ từ nguồn vốn vay sinh viên?,778
đối tượng nào đủ điều kiện nhận chính sách vay vốn này trong số các sinh viên?,sinh viên trường nào thuộc đối tượng được áp dụng chính sách vay vốn này?,779
chính sách vay vốn này dành riêng cho sinh viên của trường nào?,sinh viên trường nào thuộc đối tượng được áp dụng chính sách vay vốn này?,779
trường hợp của sinh viên ở trường nào nằm trong nhóm được hưởng ưu đãi vay vốn?,sinh viên trường nào thuộc đối tượng được áp dụng chính sách vay vốn này?,779
"nếu là sinh viên, bạn phải học ở đâu để được áp dụng chính sách vay vốn này?",sinh viên trường nào thuộc đối tượng được áp dụng chính sách vay vốn này?,779
những học sinh đã mất bố mẹ còn được hỗ trợ tiền vay không?,sinh viên mồ côi có được vay vốn không?,780
trường hợp mất cha mẹ thì sinh viên có quyền nhận khoản vay được phép không?,sinh viên mồ côi có được vay vốn không?,780
người đang học mà không còn phụ dưỡng liệu có thể xin tiền ngân hàng được không?,sinh viên mồ côi có được vay vốn không?,780
việc hỗ trợ tín dụng có áp dụng cho học sinh thiếu cha mẹ không vậy?,sinh viên mồ côi có được vay vốn không?,780
những học sinh trong gia đình khó khăn thì được phép xin tiền vay hay không?,sinh viên thuộc hộ nghèo có được vay vốn không?,781
"đối với sinh viên từ vùng khó khăn, nhà trường có cho phép tiếp cận nguồn vốn tín dụng không?",sinh viên thuộc hộ nghèo có được vay vốn không?,781
làm thế nào để biết sinh viên có hoàn cảnh đặc biệt khó khăn có quyền vay tiền hay không?,sinh viên thuộc hộ nghèo có được vay vốn không?,781
liệu các bạn trẻ đang theo học và có hộ nghèo trong gia đình có thể nhận được khoản vay được không?,sinh viên thuộc hộ nghèo có được vay vốn không?,781
những bạn trẻ đang học tập trong gia đình có thu nhập thấp thì có thể nhận khoản tiền vay được hay không?,sinh viên thuộc hộ cận nghèo có được vay vốn không?,782
"đối với nhóm sinh viên sống trong hộ nghèo gần mức giới hạn, khả năng được cấp vốn tín dụng ra sao?",sinh viên thuộc hộ cận nghèo có được vay vốn không?,782
người đang đi học mà gia đình bị xếp vào hạng cận nghèo liệu có đủ điều kiện để xin vay ngân hàng không?,sinh viên thuộc hộ cận nghèo có được vay vốn không?,782
các bạn sinh viên trong gia đình có điều kiện kinh tế khốn khó thì cơ hội vay tiền có tồn tại hay không?,sinh viên thuộc hộ cận nghèo có được vay vốn không?,782
những sinh viên có hoàn cảnh gia đình ở mức bình thường thì có thể nhận được khoản vay không?,sinh viên thuộc hộ có mức sống trung bình có được vay vốn không?,783
điều kiện vay vốn có áp dụng cho học sinh thuộc hộ thu nhập trung bình hay không?,sinh viên thuộc hộ có mức sống trung bình có được vay vốn không?,783
làm sao để biết các bạn sinh viên có gia đình thu nhập vừa phải được cấp tín dụng hay chưa?,sinh viên thuộc hộ có mức sống trung bình có được vay vốn không?,783
nhóm đối tượng là học viên có đời sống ở mức trung bình có đủ điều kiện được hỗ trợ vốn không?,sinh viên thuộc hộ có mức sống trung bình có được vay vốn không?,783
gia đình đang gặp tình trạng thiếu hụt tiền bạc bất ngờ vì tai nạn hay ốm đau thì liệu có thể xin được khoản tiền vay không?,gia đình gặp khó khăn tài chính đột xuất do tai nạn hoặc bệnh tật có được vay vốn không?,784
"khi nhà cửa lâm vào cảnh túng quẩn do biến cố như tai nạn hay bệnh lý, làm sao để nhận được sự hỗ trợ về mặt tài chính?",gia đình gặp khó khăn tài chính đột xuất do tai nạn hoặc bệnh tật có được vay vốn không?,784
"nếu gia đình chịu thiệt hại về kinh tế bất ngờ từ tai nạn hoặc căn bệnh, liệu có cơ hội được cấp vốn tín dụng không?",gia đình gặp khó khăn tài chính đột xuất do tai nạn hoặc bệnh tật có được vay vốn không?,784
có thể tiếp cận nguồn vốn hỗ trợ khi hộ gia đình đột ngột rơi vào cảnh thiếu tiền vì tai nạn hay bệnh tật được không?,gia đình gặp khó khăn tài chính đột xuất do tai nạn hoặc bệnh tật có được vay vốn không?,784
loại hình tín dụng nào được sinh viên tiếp cận nhiều nhất hiện nay?,phương thức cho vay phổ biến nhất đối với sinh viên là gì?,785
sinh viên thường nhận được khoản vay qua kênh nào phổ biến hơn cả?,phương thức cho vay phổ biến nhất đối với sinh viên là gì?,785
"kênh cho vay thịnh hành nhất dành riêng cho học sinh, sinh viên là gì?",phương thức cho vay phổ biến nhất đối với sinh viên là gì?,785
bạn có biết hình thức cấp vốn nào phổ biến nhất trong cộng đồng sinh viên?,phương thức cho vay phổ biến nhất đối với sinh viên là gì?,785
"trong hình thức vay tiền qua hộ gia đình, ai chính thức chịu trách nhiệm ký tên và gánh vác khoản nợ?",ai là người đứng tên vay và trả nợ trong phương thức cho vay qua hộ gia đình?,786
"khi thực hiện cho vay theo kiểu hộ gia đình, người đứng tên vay và người phải hoàn trả là ai?",ai là người đứng tên vay và trả nợ trong phương thức cho vay qua hộ gia đình?,786
"trong phương án cho vay dựa trên hộ gia đình, cá nhân nào được ghi nhận là người vay và người chịu nghĩa vụ trả nợ?",ai là người đứng tên vay và trả nợ trong phương thức cho vay qua hộ gia đình?,786
ai sẽ là chủ thể pháp lý đứng tên vay cùng người chịu trách nhiệm trả trong cách thức cho vay thông qua hộ gia đình?,ai là người đứng tên vay và trả nợ trong phương thức cho vay qua hộ gia đình?,786
khi nào sinh viên có thể trực tiếp đứng tên vay tiền ngay tại văn phòng của nhà trường?,trường hợp nào sinh viên được trực tiếp đứng tên vay vốn tại nơi trường đóng trụ sở?,787
trường hợp cụ thể nào cho phép sinh viên đăng ký khoản vay vốn ngay tại trụ sở chính?,trường hợp nào sinh viên được trực tiếp đứng tên vay vốn tại nơi trường đóng trụ sở?,787
việc sinh viên trực tiếp đứng tên vay vốn sẽ được thực hiện như thế nào tại nơi trường đặt văn phòng?,trường hợp nào sinh viên được trực tiếp đứng tên vay vốn tại nơi trường đóng trụ sở?,787
sinh viên muốn vay vốn trực tiếp tại nơi trường có trụ sở thì cần thuộc trường hợp nào?,trường hợp nào sinh viên được trực tiếp đứng tên vay vốn tại nơi trường đóng trụ sở?,787
cơ quan nào là đơn vị chịu trách nhiệm cấp vốn cho sinh viên trực tiếp?,cơ quan nào trực tiếp thực hiện việc cho vay đối với sinh viên?,788
ai là tổ chức đứng ra giải quyết hồ sơ vay tiền cho sinh viên ngay từ đầu?,cơ quan nào trực tiếp thực hiện việc cho vay đối với sinh viên?,788
đơn vị nào làm thủ tục phát tiền cho sinh viên một cách trực tiếp?,cơ quan nào trực tiếp thực hiện việc cho vay đối với sinh viên?,788
cơ quan nào đứng ra giải quyết vấn đề cho vay vốn đối với các bạn sinh viên?,cơ quan nào trực tiếp thực hiện việc cho vay đối với sinh viên?,788
yếu tố liên quan đến chỗ ở cần có để có thể vay tiền là gì?,điều kiện về nơi cư trú để được vay vốn là gì?,789
"về vấn đề chỗ ở, đòi hỏi nào phải đáp ứng nhằm mục đích vay vốn?",điều kiện về nơi cư trú để được vay vốn là gì?,789
"để được cấp khoản vay, điều kiện bắt buộc về nơi sinh sống ra sao?",điều kiện về nơi cư trú để được vay vốn là gì?,789
loại yêu cầu cụ thể nào liên quan đến địa điểm ở cần thiết khi xin tiền vay?,điều kiện về nơi cư trú để được vay vốn là gì?,789
những loại giấy tờ cần thiết để chứng minh đủ điều kiện vay vốn cho sinh viên mới vào học là gì?,sinh viên năm thứ nhất cần giấy tờ gì để chứng minh điều kiện học tập khi vay vốn?,790
"khi đăng hồ sơ vay tiền, tân sinh viên phải chuẩn bị những chứng từ nào nhằm khẳng định khả năng học tập?",sinh viên năm thứ nhất cần giấy tờ gì để chứng minh điều kiện học tập khi vay vốn?,790
"để được phê duyệt khoản vay, sinh viên đầu tiên cần cung cấp loại hồ sơ gì làm căn cứ xác định tình hình học tập?",sinh viên năm thứ nhất cần giấy tờ gì để chứng minh điều kiện học tập khi vay vốn?,790
những chứng minh thư nào mà người học năm nhất phải nộp nhằm bảo đảm điều kiện được cấp vốn?,sinh viên năm thứ nhất cần giấy tờ gì để chứng minh điều kiện học tập khi vay vốn?,790
"để được cấp vốn vay từ năm thứ hai trở đi, sinh viên cần đáp ứng những chuẩn mực đạo đức nào?",sinh viên từ năm thứ hai trở đi cần điều kiện gì về đạo đức để được vay vốn?,791
những tiêu chí về nhân cách cần thiết cho sinh viên từ bậc hai trở lên khi muốn vay tiền là gì?,sinh viên từ năm thứ hai trở đi cần điều kiện gì về đạo đức để được vay vốn?,791
sinh viên từ năm thứ hai trở đi phải đảm bảo yếu tố nào liên quan đến đạo đức mới có quyền vay vốn?,sinh viên từ năm thứ hai trở đi cần điều kiện gì về đạo đức để được vay vốn?,791
điều kiện đạo đức bắt buộc đối với sinh viên từ năm hai trở lên nhằm được vay tiền là gì?,sinh viên từ năm thứ hai trở đi cần điều kiện gì về đạo đức để được vay vốn?,791
giới hạn tiền vay lớn nhất dành cho sinh viên là con số bao nhiêu?,mức vốn cho vay tối đa đối với một sinh viên là bao nhiêu?,792
một học sinh được cấp vốn tín dụng cao nhất ở mức nào?,mức vốn cho vay tối đa đối với một sinh viên là bao nhiêu?,792
số tiền vay tối đa mà sinh viên có thể nhận được là bao nhiêu?,mức vốn cho vay tối đa đối với một sinh viên là bao nhiêu?,792
mức độ tài trợ cho vay lớn nhất dành riêng cho sinh viên là bao nhiêu?,mức vốn cho vay tối đa đối với một sinh viên là bao nhiêu?,792
những tiêu chí mà ngân hàng chính sách xã hội dùng để quy định số tiền vay cụ thể là gì?,mức cho vay cụ thể được ngân hàng chính sách xã hội xác định dựa trên cơ sở nào?,793
ngân hàng chính sách xã hội căn cứ vào đâu khi quyết định mức độ hỗ trợ tiền vay?,mức cho vay cụ thể được ngân hàng chính sách xã hội xác định dựa trên cơ sở nào?,793
cơ sở nào được ncsx áp dụng để ấn định con số tiền vay chính xác cho khách hàng?,mức cho vay cụ thể được ngân hàng chính sách xã hội xác định dựa trên cơ sở nào?,793
làm sao để biết ncsx đã tính toán ra mức tiền vay dựa trên những yếu tố nào?,mức cho vay cụ thể được ngân hàng chính sách xã hội xác định dựa trên cơ sở nào?,793
quy định về kỳ hạn tín dụng được áp dụng ra sao?,thời hạn cho vay được tính như thế nào?,794
cách tính toán thời điểm đáo hạn của khoản vay cụ thể là gì?,thời hạn cho vay được tính như thế nào?,794
làm thế nào để xác định khung thời gian cho vay này?,thời hạn cho vay được tính như thế nào?,794
vấn đề về khoảng thời gian vay vốn được giải quyết thế nào?,thời hạn cho vay được tính như thế nào?,794
những giai đoạn nào được tính vào khung thời gian vay vốn?,thời hạn cho vay bao gồm những khoảng thời gian nào?,795
chu kỳ sử dụng tiền vay sẽ trải qua những khoảng thời gian ra sao?,thời hạn cho vay bao gồm những khoảng thời gian nào?,795
khung thời gian cho vay bao hàm những phần thời gian cụ thể nào?,thời hạn cho vay bao gồm những khoảng thời gian nào?,795
những khoảng thời gian nào nằm trong hạn mức vay tiền?,thời hạn cho vay bao gồm những khoảng thời gian nào?,795
làm sao để biết được ngày đáo hạn phải trả tiền vay của mình?,thời hạn phát tiền vay được xác định như thế nào?,796
điều gì quy định thời điểm phải thanh toán khoản tiền đã mượn?,thời hạn phát tiền vay được xác định như thế nào?,796
khoản nợ cần được trả vào lúc nào theo quy định?,thời hạn phát tiền vay được xác định như thế nào?,796
khi nào thì bắt buộc phải hoàn trả số tiền đã vay?,thời hạn phát tiền vay được xác định như thế nào?,796
làm sao để biết thời điểm phải hoàn tiền?,thời hạn trả nợ được xác định như thế nào?,797
thời điểm cần hoàn trả số tiền được quy định ra sao?,thời hạn trả nợ được xác định như thế nào?,797
ai hay quy định khoảng thời gian thanh toán nợ là khi nào?,thời hạn trả nợ được xác định như thế nào?,797
việc ấn định ngày trả tiền được thực hiện như thế nào?,thời hạn trả nợ được xác định như thế nào?,797
mức thời gian cho phép để hoàn trả hết nợ dài nhất là bao nhiêu?,thời hạn trả nợ tối đa là bao lâu?,798
có thể được phép trả tiền trong khoảng bao lâu tính đến mức cao nhất?,thời hạn trả nợ tối đa là bao lâu?,798
thời gian tối đa mà bên cho vay chấp nhận để nhận lại tiền là bao nhiêu?,thời hạn trả nợ tối đa là bao lâu?,798
khoảng thời gian hạn chế cho việc thanh toán đầy đủ được tính bao lâu?,thời hạn trả nợ tối đa là bao lâu?,798
hiện tại mức lãi suất ưu đãi dành cho sinh viên là con số bao nhiêu?,lãi suất cho vay ưu đãi đối với sinh viên hiện nay là bao nhiêu?,799
bạn có thể cho mình biết tỷ lệ tiền lãi hiện hành mà sinh viên được hưởng không?,lãi suất cho vay ưu đãi đối với sinh viên hiện nay là bao nhiêu?,799
khoản vay của sinh viên bây giờ đang chịu mức phí lãi suất cụ thể là bao nhiêu phần trăm?,lãi suất cho vay ưu đãi đối với sinh viên hiện nay là bao nhiêu?,799
mức thu về tiền lãi đối với người đi học hiện nay được quy định là bao nhiêu?,lãi suất cho vay ưu đãi đối với sinh viên hiện nay là bao nhiêu?,799
cách tính phí phạt trên khoản nợ trễ hạn ra sao?,lãi suất nợ quá hạn được tính như thế nào?,800
mức chi phí cho khoản tiền vay bị chậm trả được quy định thế nào?,lãi suất nợ quá hạn được tính như thế nào?,800
công thức xác định số tiền phạt khi không đúng hạn trả nợ là gì?,lãi suất nợ quá hạn được tính như thế nào?,800
khoản tiền phạt phát sinh do quá hạn thanh toán được tính ra sao?,lãi suất nợ quá hạn được tính như thế nào?,800
loại giấy tờ nào trường học cần giao cho sinh viên nhằm hoàn tất hồ sơ vay tiền?,nhà trường cấp giấy tờ gì để sinh viên làm hồ sơ vay vốn?,801
sinh viên phải xuất trình những chứng từ gì mà trường cung cấp để làm thủ tục vay vốn?,nhà trường cấp giấy tờ gì để sinh viên làm hồ sơ vay vốn?,801
"để lập hồ sơ vay tiền, nhà trường cung cấp loại giấy tờ gì cho sinh viên?",nhà trường cấp giấy tờ gì để sinh viên làm hồ sơ vay vốn?,801
những chứng từ nào trường cấp cho sinh viên nhằm phục vụ cho việc làm hồ sơ vay vốn?,nhà trường cấp giấy tờ gì để sinh viên làm hồ sơ vay vốn?,801
trường cung cấp giấy xác nhận vay vốn cho sinh viên tại vị trí nào?,sinh viên đăng ký và nhận giấy xác nhận vay vốn của trường ở đâu?,802
địa điểm để sinh viên làm thủ tục nhận văn bản xác nhận vay tiền của nhà trường là đâu?,sinh viên đăng ký và nhận giấy xác nhận vay vốn của trường ở đâu?,802
vị trí nào trong trường dành cho sinh viên thực hiện việc đăng ký và nhận giấy vay vốn?,sinh viên đăng ký và nhận giấy xác nhận vay vốn của trường ở đâu?,802
làm thế nào để sinh viên có thể tiếp cận giấy xác nhận vay vốn của trường?,sinh viên đăng ký và nhận giấy xác nhận vay vốn của trường ở đâu?,802
sinh viên cần thực hiện công việc gì ngay sau khi đã có biên bản xác nhận của cơ sở đào tạo?,"sau khi nhận giấy xác nhận từ trường, sinh viên phải làm gì tiếp theo?",803
khi nào thì sinh viên phải tiến hành bước tiếp theo sau khi đã lấy được văn bản xác nhận từ trường?,"sau khi nhận giấy xác nhận từ trường, sinh viên phải làm gì tiếp theo?",803
công việc gì cần được sinh viên triển khai ngay sau khi sở hữu giấy tờ xác nhận từ phía nhà trường?,"sau khi nhận giấy xác nhận từ trường, sinh viên phải làm gì tiếp theo?",803
"tiếp theo khi nhận được sự xác nhận từ bên trường, sinh viên cần làm gì?","sau khi nhận giấy xác nhận từ trường, sinh viên phải làm gì tiếp theo?",803
"trong khung thời gian được quy định cho việc nhận khoản vay, sinh viên có bắt buộc phải thanh toán cả gốc lẫn lãi hay không?","trong thời hạn phát tiền vay, sinh viên có phải trả nợ gốc và lãi không?",804
liệu sinh viên có cần trả số tiền gốc và lãi vay trong vòng thời gian cho phép nhận vốn không?,"trong thời hạn phát tiền vay, sinh viên có phải trả nợ gốc và lãi không?",804
"trong kỳ hạn vay tiền, sinh viên phải nộp chi phí gốc và lãi hay là miễn?","trong thời hạn phát tiền vay, sinh viên có phải trả nợ gốc và lãi không?",804
thời gian được cấp vốn đã bao gồm nghĩa vụ trả lại cả tiền gốc lẫn lãi cho sinh viên chưa?,"trong thời hạn phát tiền vay, sinh viên có phải trả nợ gốc và lãi không?",804
thời điểm khởi điểm để phát sinh lãi suất cho khoản vay là lúc nào vậy?,lãi tiền vay bắt đầu được tính từ khi nào?,805
từ bao giờ ngân hàng mới bắt đầu ghi nhận và tính toán chi phí lãi trên khoản tiền bạn mượn?,lãi tiền vay bắt đầu được tính từ khi nào?,805
khi nào thì số tiền phải trả lãi cho khoản vay chính thức được xác định và tính toán?,lãi tiền vay bắt đầu được tính từ khi nào?,805
điểm xuất phát để tính toán phần lãi suất cho khoản vay này là vào lúc nào?,lãi tiền vay bắt đầu được tính từ khi nào?,805
lúc nào khoản vay của sinh viên sẽ bắt kỳ thanh toán chính và lãi suất đầu tiên?,khi nào sinh viên phải bắt đầu trả nợ gốc và lãi lần đầu tiên?,806
sinh viên bắt đầu trả vốn lẫn tiền lãi trong lần đầu tiên vào thời điểm nào?,khi nào sinh viên phải bắt đầu trả nợ gốc và lãi lần đầu tiên?,806
thời điểm khởi đầu trả tiền gốc và lãi cho vay lần đầu của sinh viên là khi nào?,khi nào sinh viên phải bắt đầu trả nợ gốc và lãi lần đầu tiên?,806
phải trả khoản nợ gốc kèm lãi suất lần đầu tiên từ bao giờ đối với sinh viên?,khi nào sinh viên phải bắt đầu trả nợ gốc và lãi lần đầu tiên?,806
việc hoàn tất nghĩa vụ tài chính sớm sẽ dẫn đến hình phạt cho sinh viên hay không?,sinh viên có bị phạt nếu trả nợ trước hạn không?,807
có chế tài nào xử lý đối với bạn học khi thanh toán tiền vay trước thời điểm quy định không?,sinh viên có bị phạt nếu trả nợ trước hạn không?,807
liệu khoản nợ được trả sớm có khiến sinh viên phải chịu phạt hay không?,sinh viên có bị phạt nếu trả nợ trước hạn không?,807
"nếu trả tiền trước hạn, bạn học có sẽ bị tính thêm phí hay bị phạt không?",sinh viên có bị phạt nếu trả nợ trước hạn không?,807
"khi học sinh bị kẹt tiền và không thể thanh toán đúng ngày đến hạn, giải pháp nào cần áp dụng?",sinh viên gặp khó khăn không trả được nợ đúng hạn cuối cùng thì phải làm gì?,808
"nếu người đi học lỡ mất khả năng trả lãi vay đúng lúc, họ sẽ xử lý tình huống ra sao?",sinh viên gặp khó khăn không trả được nợ đúng hạn cuối cùng thì phải làm gì?,808
"trước nguy cơ vi phạm thời hạn trả tiền vay, sinh viên nên tìm cách khắc phục ra thế nào?",sinh viên gặp khó khăn không trả được nợ đúng hạn cuối cùng thì phải làm gì?,808
"trường hợp học sinh không đủ khả năng chi trả đúng thời điểm quy định, hành động tiếp theo là gì?",sinh viên gặp khó khăn không trả được nợ đúng hạn cuối cùng thì phải làm gì?,808
khoản nợ có thể được gia hạn tối đa trong khoảng thời gian bao nhiêu?,thời gian gia hạn nợ tối đa là bao lâu?,809
giới hạn thời gian cho việc kéo dài hạn mức vay là bao nhiêu?,thời gian gia hạn nợ tối đa là bao lâu?,809
làm thế nào để biết mức độ dài nhất mà khoản nợ được phép gia hạn?,thời gian gia hạn nợ tối đa là bao lâu?,809
thời gian tối đa để gia hạn khoản vay là bao nhiêu ngày hoặc tháng?,thời gian gia hạn nợ tối đa là bao lâu?,809
sinh viên sẽ ra sao khi đến hạn mà chưa hoàn trả được khoản vay và không được kéo dài thời gian?,điều gì xảy ra nếu sinh viên không trả nợ đúng hạn và không được gia hạn?,810
"nếu bị mất khả năng gia hạn và đến ngày phải trả mà chưa xong, hậu quả đối với học sinh là gì?",điều gì xảy ra nếu sinh viên không trả nợ đúng hạn và không được gia hạn?,810
khi nào thì xảy ra biến cố nếu người vay không thanh toán đúng lúc và bị từ chối mở rộng thời hạn?,điều gì xảy ra nếu sinh viên không trả nợ đúng hạn và không được gia hạn?,810
việc không đóng góp đúng hạn cùng với việc không được gia hạn sẽ dẫn đến kết cục gì cho sinh viên?,điều gì xảy ra nếu sinh viên không trả nợ đúng hạn và không được gia hạn?,810
quyết định nào là cơ sở để xây dựng chính sách cho vay vốn tại stem?,chính sách tín dụng stem căn cứ vào quyết định nào?,811
căn cứ vào văn bản phê duyệt nào mà chính sách tín dụng của stem được triển khai?,chính sách tín dụng stem căn cứ vào quyết định nào?,811
ai đã ra quyết định để hình thành chính sách cho vay của tổ chức stem?,chính sách tín dụng stem căn cứ vào quyết định nào?,811
chính sách vay vốn tại stem được thành lập dựa trên chỉ thị hay quyết định nào?,chính sách tín dụng stem căn cứ vào quyết định nào?,811
nhóm người nào được ưu tiên tiếp cận nguồn vốn vay theo định hướng phát triển nông nghiệp công nghệ cao?,đối tượng thụ hưởng chính sách tín dụng stem là ai?,812
ai mới là đối tượng được chính sách hỗ trợ lãi suất cho lĩnh vực cây trồng vật nuôi tiên tiến hướng tới?,đối tượng thụ hưởng chính sách tín dụng stem là ai?,812
chính sách tín dụng dành riêng cho nền nông nghiệp sạch được hướng tới phục vụ ai?,đối tượng thụ hưởng chính sách tín dụng stem là ai?,812
những ai là mục tiêu nhận được hỗ trợ tài chính thông qua các chương trình khuyến nông hiện đại?,đối tượng thụ hưởng chính sách tín dụng stem là ai?,812
những tiêu chuẩn về thành tích học tập mà sinh viên năm nhất cần đáp ứng khi xin vay vốn stem là gì?,điều kiện học lực đối với sinh viên năm thứ nhất để vay vốn stem là gì?,813
"để được hỗ trợ vốn stem, sinh viên lớp nhất phải có điểm số ở mức độ nào?",điều kiện học lực đối với sinh viên năm thứ nhất để vay vốn stem là gì?,813
tiêu chí xét duyệt hồ sơ vay vốn stem dành cho tân sinh viên là gì?,điều kiện học lực đối với sinh viên năm thứ nhất để vay vốn stem là gì?,813
mức yêu cầu về kết quả học tập của sinh viên năm nhất để nhận vay vốn stem ra sao?,điều kiện học lực đối với sinh viên năm thứ nhất để vay vốn stem là gì?,813
những yêu cầu về điểm số dành cho sinh viên từ khóa thứ hai trở lên khi muốn được hỗ trợ vay tiền từ ngân hàng stem là như thế nào?,điều kiện học lực đối với sinh viên từ năm thứ hai trở đi để vay vốn stem là gì?,814
"đối với học viên bắt đầu từ năm học thứ hai trở đi, tiêu chuẩn điểm cần đạt để hồ sơ vay vốn của stem được chấp nhận là gì?",điều kiện học lực đối với sinh viên từ năm thứ hai trở đi để vay vốn stem là gì?,814
mức độ thành tích học tập mà sinh viên từ năm thứ hai trở lên phải có mới được xem xét cho vay ngân hàng stem ra sao?,điều kiện học lực đối với sinh viên từ năm thứ hai trở đi để vay vốn stem là gì?,814
sinh viên từ năm thứ hai trở đi cần có học lực ở mức độ nào thì mới đủ điều kiện để nhận khoản vay từ stem?,điều kiện học lực đối với sinh viên từ năm thứ hai trở đi để vay vốn stem là gì?,814
liệu các bạn sinh viên có phải cần sự xác nhận từ nhà trường khi vay vốn stem không?,sinh viên vay vốn stem có cần xác nhận của trường không?,815
việc vay tiền theo chương trình stem có cần được trường cấp giấy xác nhận hay không?,sinh viên vay vốn stem có cần xác nhận của trường không?,815
có cần sự đồng ý hay xác nhận của ban giám hiệu nếu sinh viên muốn vay vốn stem?,sinh viên vay vốn stem có cần xác nhận của trường không?,815
sinh viên có cần phải có xác nhận của trường trong hồ sơ vay vốn stem không?,sinh viên vay vốn stem có cần xác nhận của trường không?,815
những khoản phí nào được tính vào tổng vốn vay từ stem?,mức vốn cho vay stem bao gồm những khoản chi phí nào?,816
cấu trúc vốn vay của stem bao gồm các hạng mục chi phí ra sao?,mức vốn cho vay stem bao gồm những khoản chi phí nào?,816
"khi vay vốn tại stem, bên nào phải chịu những loại chi phí gì?",mức vốn cho vay stem bao gồm những khoản chi phí nào?,816
tổng chi phí trong gói vay của stem được cấu thành từ những gì?,mức vốn cho vay stem bao gồm những khoản chi phí nào?,816
gói stem quy định mức trợ cấp cao nhất cho sinh hoạt và các khoản chi phí đào tạo khác là bao nhiêu?,mức hỗ trợ sinh hoạt phí và chi phí học tập khác tối đa của gói stem là bao nhiêu?,817
bạn cho biết quỹ hỗ trợ của chương trình này bao phủ tối đa những khoản gì như tiền ăn ở và học phí?,mức hỗ trợ sinh hoạt phí và chi phí học tập khác tối đa của gói stem là bao nhiêu?,817
tổng mức chi trả tối đa dành cho sinh viên theo gói stem tính cả sinh hoạt phí và các khoản khác là bao nhiêu?,mức hỗ trợ sinh hoạt phí và chi phí học tập khác tối đa của gói stem là bao nhiêu?,817
gói học này cung cấp tối đa bao nhiêu tiền hỗ trợ cho nhu cầu sinh hoạt cùng các chi phí liên quan đến việc học?,mức hỗ trợ sinh hoạt phí và chi phí học tập khác tối đa của gói stem là bao nhiêu?,817
mức phí phải trả khi vay theo chương trình tín dụng stem là bao nhiêu?,lãi suất cho vay của chính sách tín dụng stem là bao nhiêu?,818
"theo quy định của chính sách stem, tỷ lệ lãi suất được quy định ra sao?",lãi suất cho vay của chính sách tín dụng stem là bao nhiêu?,818
chương trình tín dụng stem quy định mức chi phí sử dụng vốn bao nhiêu phần trăm?,lãi suất cho vay của chính sách tín dụng stem là bao nhiêu?,818
"khi vay tiền theo chính sách stem, bạn cần trả lãi suất bao nhiêu?",lãi suất cho vay của chính sách tín dụng stem là bao nhiêu?,818
gói vay stem áp dụng phương pháp tính toán ra sao đối với tiền lãi của khoản nợ bị trễ hạn?,lãi suất nợ quá hạn của gói vay stem được tính thế nào?,819
làm thế nào để xác định mức phí phạt cho các khoản nợ không thanh toán đúng hạn trong gói vay này?,lãi suất nợ quá hạn của gói vay stem được tính thế nào?,819
hệ thống của stem tính toán khoản tiền lãi phát sinh khi khách hàng chậm trả vay như thế nào?,lãi suất nợ quá hạn của gói vay stem được tính thế nào?,819
"đối với phần vốn vay bị trễ hạn, stem áp dụng công thức tính lãi suất cụ thể là gì?",lãi suất nợ quá hạn của gói vay stem được tính thế nào?,819
gói stem áp dụng hình thức cho vay ra sao?,phương thức cho vay của gói stem được thực hiện như thế nào?,820
quy trình giải ngân của gói stem diễn ra thế nào?,phương thức cho vay của gói stem được thực hiện như thế nào?,820
khách hàng sẽ nhận được tiền theo cơ chế gì trong gói stem?,phương thức cho vay của gói stem được thực hiện như thế nào?,820
hệ thống phân bổ vốn cho gói stem hoạt động như thế nào?,phương thức cho vay của gói stem được thực hiện như thế nào?,820
"ngành học khoa học, công nghệ, kỹ thuật và toán học, sinh viên sẽ được ngân hàng ghi tên trực tiếp vay tiền vào thời điểm nào?",khi nào sinh viên học ngành stem được trực tiếp đứng tên vay vốn?,821
thời điểm nào cho phép người theo đuổi các lĩnh vực stem được đứng tên vay vốn trực tiếp?,khi nào sinh viên học ngành stem được trực tiếp đứng tên vay vốn?,821
"khi nào thì sinh viên chuyên ngành kỹ thuật, khoa học và công nghệ có thể đăng ký đứng tên vay vốn?",khi nào sinh viên học ngành stem được trực tiếp đứng tên vay vốn?,821
"đối với những bạn sinh viên theo đuổi stem, thời gian nào để được ngân hàng ghi tên trực tiếp cho khoản vay?",khi nào sinh viên học ngành stem được trực tiếp đứng tên vay vốn?,821
giai đoạn nào được xem là nằm trong thời hạn vay vốn theo chương trình stem?,thời hạn cho vay stem bao gồm các giai đoạn nào?,822
khung thời gian cho vay của dự án stem bao hàm những phần nào?,thời hạn cho vay stem bao gồm các giai đoạn nào?,822
những khoảng thời gian nào cấu thành nên hạn mức cho vay stem?,thời hạn cho vay stem bao gồm các giai đoạn nào?,822
bạn có thể liệt kê các giai đoạn thuộc chu kỳ cho vay stem không?,thời hạn cho vay stem bao gồm các giai đoạn nào?,822
quy định tính toán thời gian sử dụng vốn vay theo dự án nghiên cứu sinh khoa học kỹ thuật ra sao?,thời hạn giải ngân vốn vay stem tính như thế nào?,823
làm thế nào để xác định chu kỳ cấp phát tiền cho nghiên cứu sinh khoa học kỹ thuật?,thời hạn giải ngân vốn vay stem tính như thế nào?,823
thời điểm được phép nhận tiền hỗ trợ từ ngân sách dành cho nghiên cứu sinh khoa học kỹ thuật được tính dựa trên tiêu chí gì?,thời hạn giải ngân vốn vay stem tính như thế nào?,823
tiêu chuẩn xác định khoảng thời gian phát động nguồn lực cho đề tài nghiên cứu sinh khoa học kỹ thuật như thế nào?,thời hạn giải ngân vốn vay stem tính như thế nào?,823
liệu tổ chức tín dụng có phê duyệt khoản vay hỗ trợ sinh viên khi bạn phải tạm dừng việc học hay không?,ngân hàng có giải ngân vốn vay stem trong thời gian sinh viên nghỉ học tạm thời không?,824
"trong giai đoạn học sinh viên tạm ngưng, ngân hàng có sẵn sàng cấp phát tiền mặt cho khoản vay stem không?",ngân hàng có giải ngân vốn vay stem trong thời gian sinh viên nghỉ học tạm thời không?,824
việc nghỉ học ngắn hạn của sinh viên có ảnh hưởng đến việc ngân hàng giải quyết hồ sơ vay vốn ngành kỹ thuật và công nghệ hay không?,ngân hàng có giải ngân vốn vay stem trong thời gian sinh viên nghỉ học tạm thời không?,824
có khả năng ngân hàng sẽ chi trả số tiền vay cho sinh viên trong khoảng thời gian tạm thời dừng theo chương trình học không?,ngân hàng có giải ngân vốn vay stem trong thời gian sinh viên nghỉ học tạm thời không?,824
"trong khung thời gian được quy định cho việc chi trả vốn vay sinh viên, liệu có bắt buộc phải nộp cả phần gốc lẫn lãi hay không?","trong thời hạn giải ngân vốn vay stem, sinh viên có phải trả nợ gốc và lãi không?",825
"khi đang trong giai đoạn sử dụng khoản vay học đường, việc thanh toán số tiền gốc cùng lãi suất là nghĩa vụ cần thiết không?","trong thời hạn giải ngân vốn vay stem, sinh viên có phải trả nợ gốc và lãi không?",825
thời gian hạn mức vay dành cho sinh viên có yêu cầu người vay phải trả lại tiền gốc kèm lãi hay không?,"trong thời hạn giải ngân vốn vay stem, sinh viên có phải trả nợ gốc và lãi không?",825
"trong khoảng thời gian giải ngân vốn hỗ trợ sinh viên, liệu khoản nợ gốc và tiền lãi có cần được chi trả ngay lập tức?","trong thời hạn giải ngân vốn vay stem, sinh viên có phải trả nợ gốc và lãi không?",825
khi nào sinh viên vay vốn chương trình stem bắt đầu phải hoàn trả khoản vay ngay sau khi khóa đào tạo kết thúc?,sau bao lâu kể từ khi kết thúc khóa học sinh viên vay stem phải trả nợ lần đầu?,826
khoảng thời gian từ lúc tốt nghiệp cho đến khi khoản vay stem yêu cầu thanh toán lần đầu là bao lâu?,sau bao lâu kể từ khi kết thúc khóa học sinh viên vay stem phải trả nợ lần đầu?,826
phải đợi bao lâu sau khi học xong thì người vay vốn stem mới bắt buộc phải trả tiền lần đầu?,sau bao lâu kể từ khi kết thúc khóa học sinh viên vay stem phải trả nợ lần đầu?,826
thời điểm sinh viên cần bắt đầu trả nợ khoản vay stem lần đầu tiên tính từ khi khóa học chấm dứt là lúc nào?,sau bao lâu kể từ khi kết thúc khóa học sinh viên vay stem phải trả nợ lần đầu?,826
khoản vay stem có quy định giới hạn thời gian thanh toán tối đa ra sao?,thời hạn trả nợ tối đa của khoản vay stem được quy định như thế nào?,827
làm thế nào để xác định ngày cuối cùng phải trả hết tiền cho khoản vay stem?,thời hạn trả nợ tối đa của khoản vay stem được quy định như thế nào?,827
thời gian trả nợ lâu nhất của khoản vay stem được định đoạt bằng cách nào?,thời hạn trả nợ tối đa của khoản vay stem được quy định như thế nào?,827
quy định về thời hạn thanh toán tối đa cho vay stem được đưa ra cụ thể thế nào?,thời hạn trả nợ tối đa của khoản vay stem được quy định như thế nào?,827
những nội dung nào cần chuẩn bị cho đơn xin vay tiền học dành riêng cho sinh viên khóa mới?,hồ sơ vay vốn stem đối với sinh viên năm nhất gồm những gì?,828
một học sinh vừa nhập học cần cung cấp những giấy tờ gì để làm hồ sơ vay vốn theo quy định của stem?,hồ sơ vay vốn stem đối với sinh viên năm nhất gồm những gì?,828
bộ hồ sơ vay tiền cho tân sinh viên trong chương trình stem bao gồm những chi tiết cụ thể như thế nào?,hồ sơ vay vốn stem đối với sinh viên năm nhất gồm những gì?,828
"khi là sinh viên năm nhất, cần nộp những gì để hoàn tất thủ tục vay vốn theo hướng dẫn của stem?",hồ sơ vay vốn stem đối với sinh viên năm nhất gồm những gì?,828
những giấy tờ cần chuẩn bị cho vay vốn stem dành cho sinh viên năm thứ hai trở lên là gì vậy?,hồ sơ vay vốn stem đối với sinh viên từ năm thứ hai trở đi gồm những gì?,829
sinh viên từ năm học thứ hai trở đi muốn vay vốn stem thì phải nộp hồ sơ gồm những nội dung nào?,hồ sơ vay vốn stem đối với sinh viên từ năm thứ hai trở đi gồm những gì?,829
bạn có thể liệt kê các thành phần trong bộ hồ sơ vay vốn stem cho sinh viên từ năm thứ hai trở lên được không?,hồ sơ vay vốn stem đối với sinh viên từ năm thứ hai trở đi gồm những gì?,829
bộ hồ sơ vay vốn stem dành cho sinh viên từ năm 2 trở đi thường bao gồm những loại giấy tờ gì?,hồ sơ vay vốn stem đối với sinh viên từ năm thứ hai trở đi gồm những gì?,829
địa điểm nộp hồ sơ vay vốn stem khi đã có bảng điểm là nơi nào?,sinh viên xin bảng điểm để làm hồ sơ vay stem ở đâu?,830
tôi cần tìm cơ quan nào để xin giấy điểm nhằm chuẩn bị hồ sơ vay vốn stem?,sinh viên xin bảng điểm để làm hồ sơ vay stem ở đâu?,830
ai là nơi có thể cấp bảng điểm phục vụ cho việc làm hồ sơ vay vốn stem?,sinh viên xin bảng điểm để làm hồ sơ vay stem ở đâu?,830
"để hoàn thành hồ sơ vay vốn stem, mình cần xin bảng điểm tại bộ phận hay địa chỉ nào?",sinh viên xin bảng điểm để làm hồ sơ vay stem ở đâu?,830
"đã hoàn tất bước chuẩn bị hồ sơ stem, địa điểm nộp và chờ xác nhận là nơi nào?","sau khi chuẩn bị hồ sơ stem (bước 1), sinh viên nộp ở đâu để được xác nhận?",831
"sau khi làm xong phần hồ sơ stem, sinh viên cần gửi về đâu mới được công nhận?","sau khi chuẩn bị hồ sơ stem (bước 1), sinh viên nộp ở đâu để được xác nhận?",831
bước tiếp theo sau khi lập xong hồ sơ stem là nộp ở đâu để lấy xác nhận?,"sau khi chuẩn bị hồ sơ stem (bước 1), sinh viên nộp ở đâu để được xác nhận?",831
"để được xác nhận, hồ sơ stem đã được chuẩn bị xong thì nên nộp tại địa điểm nào?","sau khi chuẩn bị hồ sơ stem (bước 1), sinh viên nộp ở đâu để được xác nhận?",831
trường cần bao lâu để duyệt và xác nhận đơn vay sinh viên?,thời gian xử lý xác nhận hồ sơ vay stem của nhà trường là bao lâu?,832
hồ sơ vay vốn cho sinh viên sẽ được nhà trường xử lý trong thời gian bao dài?,thời gian xử lý xác nhận hồ sơ vay stem của nhà trường là bao lâu?,832
"từ khi nộp đơn, bao giờ nhà trường mới thông báo kết quả xét duyệt khoản vay?",thời gian xử lý xác nhận hồ sơ vay stem của nhà trường là bao lâu?,832
kỳ hạn xử lý đơn xin vay sinh viên của bên giáo dục là bao nhiêu ngày?,thời gian xử lý xác nhận hồ sơ vay stem của nhà trường là bao lâu?,832
làm thế nào để hộ gia đình được vay vốn stem sau khi nhận được sự xác nhận từ nhà trường?,"sau khi có xác nhận của trường, đại diện hộ gia đình làm gì để vay stem?",833
những bước cần thực hiện của người đại diện gia đình khi đã có giấy tờ xác nhận của cơ sở giáo dục nhằm vay tiền stem là gì?,"sau khi có xác nhận của trường, đại diện hộ gia đình làm gì để vay stem?",833
khi nào thì đại diện hộ gia đình có thể tiến hành thủ tục vay stem sau khi đơn vị trường học đã xác nhận?,"sau khi có xác nhận của trường, đại diện hộ gia đình làm gì để vay stem?",833
"để được chấp nhận vay stem, bên đại diện cho gia đình cần làm gì ngay sau khi có thông báo xác nhận từ phía trường?","sau khi có xác nhận của trường, đại diện hộ gia đình làm gì để vay stem?",833
sinh viên cần thực hiện những hành động nào để đảm bảo dòng tiền cho vay liên tục mỗi năm?,"để duy trì giải ngân vốn vay stem hàng năm, sinh viên phải làm gì?",834
làm thế nào để duy trì quy trình cấp vốn stem hàng năm theo yêu cầu?,"để duy trì giải ngân vốn vay stem hàng năm, sinh viên phải làm gì?",834
những yêu cầu gì sinh viên cần đáp ứng nhằm giữ vững mức giải ngân vốn vay theo chu kỳ?,"để duy trì giải ngân vốn vay stem hàng năm, sinh viên phải làm gì?",834
"để đảm bảo nguồn vốn stem được cấp đều đặn hàng năm, sinh viên phải làm gì?","để duy trì giải ngân vốn vay stem hàng năm, sinh viên phải làm gì?",834
làm thế nào để trình bày hồ sơ bm03 nhằm giữ nguyên hạn mức tín dụng theo chương trình stem?,quy trình nộp mẫu bm03 để duy trì vốn vay stem như thế nào?,835
phương thức nào cần tuân thủ khi khai báo mẫu bm03 nhằm mục đích duy trì vốn vay dự án?,quy trình nộp mẫu bm03 để duy trì vốn vay stem như thế nào?,835
làm sao để nộp đơn bm03 thành công mà không làm gián đoạn nguồn vốn vay stem đang sở hữu?,quy trình nộp mẫu bm03 để duy trì vốn vay stem như thế nào?,835
"để tiếp tục nhận được khoản vay stem, bạn cần thực hiện các bước gì liên quan đến mẫu bm03?",quy trình nộp mẫu bm03 để duy trì vốn vay stem như thế nào?,835
lĩnh vực kỹ thuật phần mềm có nằm trong nhóm học thuật ưu tiên hay không?,ngành công nghệ kỹ thuật máy tính có thuộc danh mục stem không?,836
liệu ngành máy tính có được xếp vào phân loại stem không nhỉ?,ngành công nghệ kỹ thuật máy tính có thuộc danh mục stem không?,836
công nghệ tin học có đáp ứng tiêu chí của các ngành nghề thuộc nhóm stem chưa?,ngành công nghệ kỹ thuật máy tính có thuộc danh mục stem không?,836
bạn có biết ngành kỹ thuật máy tính được tính là một trong các ngành stem hay không?,ngành công nghệ kỹ thuật máy tính có thuộc danh mục stem không?,836
liệu lĩnh vực hệ thống nhúng cùng iot có nằm trong danh sách các ngành được ưu tiên vay vốn theo hướng dẫn stem hay không?,ngành hệ thống nhúng và iot có thuộc diện vay vốn stem không?,837
ngành iot và nhúng có được xem là lĩnh vực đủ điều kiện để nhận khoản vay ưu tiên thuộc chương trình stem không?,ngành hệ thống nhúng và iot có thuộc diện vay vốn stem không?,837
các doanh nghiệp hoạt động trong lĩnh vực hệ thống nhúng và internet vạn vật có thể vay vốn theo định hướng stem được hay chưa?,ngành hệ thống nhúng và iot có thuộc diện vay vốn stem không?,837
việc vay vốn theo chính sách stem có áp dụng cho những ngành liên quan đến iot và công nghệ nhúng không?,ngành hệ thống nhúng và iot có thuộc diện vay vốn stem không?,837
những tổ chức thuộc lĩnh vực bảo mật số liệu liệu đã có thể nhận hỗ trợ tài chính theo chương trình stem chưa?,ngành an toàn thông tin có được vay vốn stem không?,838
ai là đối tượng được phép vay vốn dưới mã số stem trong hệ thống an ninh mạng?,ngành an toàn thông tin có được vay vốn stem không?,838
liệu các đơn vị chuyên về an toàn dữ liệu có đủ điều kiện để đăng ký vay vốn không?,ngành an toàn thông tin có được vay vốn stem không?,838
chương trình hỗ trợ vốn stem có mở rộng sang khu vực bảo vệ thông tin hay không?,ngành an toàn thông tin có được vay vốn stem không?,838
những bạn học chuyên ngành kỹ thuật ô tô có được hưởng ưu đãi theo chương trình stem hay không?,sinh viên ngành công nghệ kỹ thuật ô tô có được hưởng chính sách stem không?,839
liệu sinh viên ngành chế tạo xe hơi có thuộc đối tượng nhận chính sách hỗ trợ stem không?,sinh viên ngành công nghệ kỹ thuật ô tô có được hưởng chính sách stem không?,839
sinh viên theo đuổi ngành kỹ thuật ô tô có được áp dụng chính sách dành cho lĩnh vực stem không?,sinh viên ngành công nghệ kỹ thuật ô tô có được hưởng chính sách stem không?,839
bạn thuộc ngành kỹ thuật ô tô có được tham gia vào các chính sách khuyến khích stem hay không?,sinh viên ngành công nghệ kỹ thuật ô tô có được hưởng chính sách stem không?,839
lĩnh vực robot cùng ai có được xếp vào nhóm stem hay không?,ngành robot và trí tuệ nhân tạo có nằm trong danh mục stem không?,840
trí tuệ nhân tạo và robot có thuộc phạm trù stem không nhỉ?,ngành robot và trí tuệ nhân tạo có nằm trong danh mục stem không?,840
liệu các chuyên ngành về robot và ai có nằm trong khối stem không?,ngành robot và trí tuệ nhân tạo có nằm trong danh mục stem không?,840
stem có bao gồm cả robot lẫn trí tuệ nhân tạo trong danh mục của mình?,ngành robot và trí tuệ nhân tạo có nằm trong danh mục stem không?,840
liệu lĩnh vực kỹ thuật điều khiển và tự động hóa có nằm trong nhóm ngành stem hay không?,ngành công nghệ kỹ thuật điều khiển & tự động hóa có thuộc stem không?,841
ngành về kỹ thuật điều khiển cùng tự động hóa có được xếp vào khối học thuật stem không?,ngành công nghệ kỹ thuật điều khiển & tự động hóa có thuộc stem không?,841
có phải chuyên ngành điều khiển và tự động hóa thuộc phạm vi stem không vậy?,ngành công nghệ kỹ thuật điều khiển & tự động hóa có thuộc stem không?,841
"mình muốn hỏi, nhóm ngành kỹ thuật tự động và điều khiển có được tính là stem không?",ngành công nghệ kỹ thuật điều khiển & tự động hóa có thuộc stem không?,841
dự án thiết kế mạch tích hợp có khả năng nhận được khoản vay từ stem hay không?,kỹ thuật thiết kế vi mạch có được hỗ trợ vay stem không?,842
quy trình phát triển chip bán dẫn có nằm trong diện được cấp vốn vay của stem không?,kỹ thuật thiết kế vi mạch có được hỗ trợ vay stem không?,842
liệu các giải pháp về mạch điện tử có được hỗ trợ tài chính qua chương trình stem?,kỹ thuật thiết kế vi mạch có được hỗ trợ vay stem không?,842
công việc thiết kế vi mạch có phù hợp để nhận hỗ trợ vay vốn từ stem hay không?,kỹ thuật thiết kế vi mạch có được hỗ trợ vay stem không?,842
lĩnh vực vận tải và điều phối nguồn hàng nằm trong khối ngành mũi nhọn chưa?,ngành logistics & quản lý chuỗi cung ứng có thuộc danh mục stem không?,843
liệu công tác tổ chức lưu thông và phân phối có được xếp vào nhóm nghề trọng điểm hay không?,ngành logistics & quản lý chuỗi cung ứng có thuộc danh mục stem không?,843
hoạt động quản lý kho bãi và dây chuyền cung ứng có được công nhận là chuyên ngành ưu tiên không?,ngành logistics & quản lý chuỗi cung ứng có thuộc danh mục stem không?,843
việc vận hành chuỗi cung ứng và hệ thống phân phối có thuộc danh sách các ngành nghề then chốt chưa?,ngành logistics & quản lý chuỗi cung ứng có thuộc danh mục stem không?,843
lĩnh vực chế biến thực phẩm có cơ hội nhận vốn hỗ trợ nghiên cứu không?,ngành công nghệ thực phẩm có được vay vốn stem không?,844
công tác nghiên cứu trong ngành ăn uống có được cấp ngân sách từ quỹ khoa học cơ bản hay không?,ngành công nghệ thực phẩm có được vay vốn stem không?,844
những dự án thuộc nhóm sản xuất thực phẩm có đủ điều kiện nhận tài trợ nghiên cứu cơ bản chưa?,ngành công nghệ thực phẩm có được vay vốn stem không?,844
vốn đầu tư cho các đề tài về thực phẩm có thuộc phạm vi hỗ trợ của chương trình nghiên cứu khoa học hay không?,ngành công nghệ thực phẩm có được vay vốn stem không?,844
lĩnh vực xây dựng liệu có nằm trong danh sách đối tượng được ngân hàng hỗ trợ vốn theo chương trình stem hay không?,ngành kiến trúc có thuộc đối tượng vay vốn stem không?,845
các dự án thiết kế và xây dựng có được xem là nhóm khách hàng đủ điều kiện vay tiền từ quỹ stem?,ngành kiến trúc có thuộc đối tượng vay vốn stem không?,845
ngân hàng có cung cấp dòng vốn stem cho những hoạt động trong ngành kiến trúc và quy hoạch đô thị?,ngành kiến trúc có thuộc đối tượng vay vốn stem không?,845
đối tượng vay vốn từ chương trình stem có bao gồm các doanh nghiệp hoạt động chuyên về thiết kế công trình không?,ngành kiến trúc có thuộc đối tượng vay vốn stem không?,845
lĩnh vực fintech có thể tiếp cận nguồn vốn từ chương trình stem không?,ngành công nghệ tài chính có được vay vốn stem không?,846
công nghệ tài chính có được phép vay tiền theo quỹ stem hay không?,ngành công nghệ tài chính có được vay vốn stem không?,846
có khả năng nào để các doanh nghiệp fintech nhận vốn vay từ stem?,ngành công nghệ tài chính có được vay vốn stem không?,846
nhóm ngành fintech có nằm trong danh sách được hỗ trợ vay vốn stem?,ngành công nghệ tài chính có được vay vốn stem không?,846
trường có xếp ngành kỹ thuật y sinh vào nhóm khoa học cơ bản không?,ngành kỹ thuật y sinh có thuộc danh mục stem của trường không?,847
danh mục stem có bao gồm chương trình kỹ thuật y sinh của trường hay không?,ngành kỹ thuật y sinh có thuộc danh mục stem của trường không?,847
liệu khoa học kỹ thuật y sinh có được xem là một phần của hệ thống stem tại đây?,ngành kỹ thuật y sinh có thuộc danh mục stem của trường không?,847
ngành kỹ thuật y sinh có nằm trong danh sách các lĩnh vực stem của nhà trường?,ngành kỹ thuật y sinh có thuộc danh mục stem của trường không?,847
các dự án điện mặt trời có được phép huy động nguồn vốn từ chương trình hỗ trợ stem hay không?,ngành năng lượng tái tạo có được vay vốn stem không?,848
lĩnh vực năng lượng sạch có thể tiếp nhận khoản vay theo quỹ stem không vậy?,ngành năng lượng tái tạo có được vay vốn stem không?,848
liệu các doanh nghiệp hoạt động trong lĩnh vực năng lượng xanh có đủ điều kiện nhận vốn đầu tư từ stem hay chưa?,ngành năng lượng tái tạo có được vay vốn stem không?,848
chương trình hỗ trợ stem có mở rộng tín dụng cho phân khúc năng lượng tái tạo hay chỉ dành riêng cho các ngành khác?,ngành năng lượng tái tạo có được vay vốn stem không?,848
liệu lĩnh vực kỹ thuật dữ liệu có được xếp vào nhóm các ngành thuộc stem hay không?,ngành kỹ thuật dữ liệu có thuộc danh mục vay stem không?,849
ngành làm việc với dữ liệu có nằm trong danh sách các lĩnh vực kỹ thuật và khoa học không?,ngành kỹ thuật dữ liệu có thuộc danh mục vay stem không?,849
công nghệ thông tin chuyên về dữ liệu có phải là một phần của stem không?,ngành kỹ thuật dữ liệu có thuộc danh mục vay stem không?,849
liệu hoạt động xử lý và phân tích dữ liệu có được tính là ngành stem hay không?,ngành kỹ thuật dữ liệu có thuộc danh mục vay stem không?,849
những bạn theo học chuyên ngành in kỹ thuật có thể xin vay quỹ hỗ trợ stem hay không?,sinh viên ngành công nghệ kỹ thuật in có được vay stem không?,850
ngành công nghệ in cho phép sinh viên của mình được cấp khoản vay thuộc chương trình stem chưa?,sinh viên ngành công nghệ kỹ thuật in có được vay stem không?,850
liệu sinh viên đang theo đuổi lĩnh vực kỹ thuật in có đủ điều kiện nhận hỗ trợ tài chính stem không?,sinh viên ngành công nghệ kỹ thuật in có được vay stem không?,850
câu hỏi về khả năng vay vốn stem dành cho học viên ngành in công nghệ của bạn là gì?,sinh viên ngành công nghệ kỹ thuật in có được vay stem không?,850
lĩnh vực quản lý xây dựng được đưa vào danh sách các ngành nhận hỗ trợ vốn theo chương trình stem hay không?,ngành quản lý xây dựng có thuộc diện hỗ trợ tín dụng stem không?,851
liệu nghề quản lý công trình có được xem là ngành hưởng lợi từ chính sách tín dụng ưu đãi stem?,ngành quản lý xây dựng có thuộc diện hỗ trợ tín dụng stem không?,851
chương trình hỗ trợ vay vốn stem có bao gồm nghề quản lý xây dựng trong phạm vi áp dụng không?,ngành quản lý xây dựng có thuộc diện hỗ trợ tín dụng stem không?,851
ngành nghề làm quản lý xây dựng có nằm trong diện được ngân hàng hỗ trợ lãi suất stem chăng?,ngành quản lý xây dựng có thuộc diện hỗ trợ tín dụng stem không?,851
liệu lĩnh vực sản xuất cơ khí có nằm trong nhóm ngành nghề stem hay không?,ngành công nghệ chế tạo máy có thuộc danh mục stem không?,852
ngành nghề làm đồ cơ khí có được xếp vào danh mục học thuật stem không vậy?,ngành công nghệ chế tạo máy có thuộc danh mục stem không?,852
những người làm việc trong lĩnh vực chế tạo máy có phải là thành phần của stem không?,ngành công nghệ chế tạo máy có thuộc danh mục stem không?,852
vậy nghề chế tạo máy có được tính là một phần của stem không nhỉ?,ngành công nghệ chế tạo máy có thuộc danh mục stem không?,852
có hay không ngân hàng cấp vốn cho lĩnh vực kỹ thuật công nghiệp theo chương trình stem?,ngành kỹ thuật công nghiệp có được vay vốn stem không?,853
"đối với ngành sản xuất công nghiệp, liệu có thể xin tiền vay qua kênh stem hay không?",ngành kỹ thuật công nghiệp có được vay vốn stem không?,853
việc vay tiền qua stem dành cho lĩnh vực kỹ thuật công nghiệp được cho phép không?,ngành kỹ thuật công nghiệp có được vay vốn stem không?,853
người làm trong ngành cơ khí công nghệ có khả năng được cấp tín dụng từ stem không?,ngành kỹ thuật công nghiệp có được vay vốn stem không?,853
liệu lĩnh vực nghiên cứu vật liệu có nằm trong nhóm ngành mũi nhọn hay không?,ngành công nghệ vật liệu có thuộc stem không?,854
ngành chế tạo và phát triển vật liệu có được xem là ngành công nghệ cao thuộc stem không?,ngành công nghệ vật liệu có thuộc stem không?,854
có hay không trường hợp ngành khoa học về vật liệu bị xếp ngoài hệ thống các ngành kỹ thuật then chốt?,ngành công nghệ vật liệu có thuộc stem không?,854
liệu hoạt động liên quan đến vật liệu có được tính là một phần của nhóm ngành stem phổ biến hay chưa?,ngành công nghệ vật liệu có thuộc stem không?,854
những bạn theo nghề dệt may liệu có đủ điều kiện nhận học bổng từ chính phủ mỹ không?,sinh viên học ngành công nghệ may có được vay stem không?,855
ngành may mặc có nằm trong danh mục hỗ trợ tài chính dành cho sinh viên nước ngoài hay không?,sinh viên học ngành công nghệ may có được vay stem không?,855
làm thế nào để biết sinh viên chuyên ngành thiết kế thời trang có thể xin vay vốn từ chương trình stem?,sinh viên học ngành công nghệ may có được vay stem không?,855
học tập về công nghệ dệt may thì khả năng được cấp vốn hỗ trợ từ mỹ như thế nào?,sinh viên học ngành công nghệ may có được vay stem không?,855
"địa điểm nào để học sinh, sinh viên làm thủ tục bảo hiểm y tế?",sinh viên đăng ký tham gia bảo hiểm y tế tại đâu?,856
bạn có thể hướng dẫn địa điểm nộp hồ sơ tham gia bảo hiểm cho sinh viên không?,sinh viên đăng ký tham gia bảo hiểm y tế tại đâu?,856
sinh viên cần đến cơ quan nào để đăng ký bảo hiểm sức khỏe?,sinh viên đăng ký tham gia bảo hiểm y tế tại đâu?,856
nơi nào chấp nhận nhận hồ sơ bảo hiểm y tế dành cho sinh viên?,sinh viên đăng ký tham gia bảo hiểm y tế tại đâu?,856
vậy sinh viên năm học 2025-2026 sẽ đóng bảo hiểm y tế theo tỷ lệ phần trăm nào?,mức đóng bảo hiểm y tế của sinh viên trong năm học 2025-2026 tính theo tỷ lệ nào?,857
"đối với học sinh năm 2025-2026, quy định về mức đóng bhyt được tính dựa trên con số bao nhiêu phần trăm?",mức đóng bảo hiểm y tế của sinh viên trong năm học 2025-2026 tính theo tỷ lệ nào?,857
tỷ lệ đóng góp của sinh viên vào quỹ bảo hiểm y tế trong niên khóa 2025-2026 là bao nhiêu?,mức đóng bảo hiểm y tế của sinh viên trong năm học 2025-2026 tính theo tỷ lệ nào?,857
"năm học tới (2025-2026), sinh viên cần đóng bảo hiểm y tế theo quy định tỷ lệ bao nhiêu?",mức đóng bảo hiểm y tế của sinh viên trong năm học 2025-2026 tính theo tỷ lệ nào?,857
mức chi phí đóng bảo hiểm y tế trong năm học 2025-2026 là bao nhiêu?,tổng số tiền đóng bảo hiểm y tế cho một năm học 2025-2026 là bao nhiêu?,858
"năm học tới 2025-2026, mình cần đóng bao nhiêu tiền cho bảo hiểm y tế?",tổng số tiền đóng bảo hiểm y tế cho một năm học 2025-2026 là bao nhiêu?,858
tổng khoản tiền bảo hiểm y tế cho kỳ học 2025-2026 sẽ bao nhiêu?,tổng số tiền đóng bảo hiểm y tế cho một năm học 2025-2026 là bao nhiêu?,858
số tiền cần đóng để có bảo hiểm y tế trong năm 2025-2026 là bao nhiêu?,tổng số tiền đóng bảo hiểm y tế cho một năm học 2025-2026 là bao nhiêu?,858
mức đóng bảo hiểm y tế của sinh viên được nhà nước chi trả bao nhiêu tỷ lệ?,nhà nước hỗ trợ bao nhiêu phần trăm mức đóng bảo hiểm y tế cho sinh viên?,859
chính phủ có bù đắp phần trăm nào cho việc đóng phí bảo hiểm sức khỏe của sinh viên không?,nhà nước hỗ trợ bao nhiêu phần trăm mức đóng bảo hiểm y tế cho sinh viên?,859
"đối với sinh viên, phần tỷ lệ đóng bảo hiểm y tế nào do nhà nước hỗ trợ?",nhà nước hỗ trợ bao nhiêu phần trăm mức đóng bảo hiểm y tế cho sinh viên?,859
nhà nước tài trợ bao nhiêu phần trăm vào khoản đóng bảo hiểm y tế dành cho sinh viên?,nhà nước hỗ trợ bao nhiêu phần trăm mức đóng bảo hiểm y tế cho sinh viên?,859
mức phí bảo hiểm y tế mà sinh viên cần đóng cho năm học 2025-2026 là bao nhiêu?,số tiền thực tế sinh viên phải đóng bảo hiểm y tế cho năm học 2025-2026 là bao nhiêu?,860
"năm học tới 2025-2026, số tiền đóng bảo hiểm y tế của sinh viên được tính như thế nào?",số tiền thực tế sinh viên phải đóng bảo hiểm y tế cho năm học 2025-2026 là bao nhiêu?,860
"để tham gia bảo hiểm y tế trong năm 2025-2026, sinh viên phải bỏ ra bao nhiêu tiền?",số tiền thực tế sinh viên phải đóng bảo hiểm y tế cho năm học 2025-2026 là bao nhiêu?,860
ai là người phải đóng tiền bảo hiểm y tế cho năm 2025-2026 và số tiền đó bằng bao nhiêu?,số tiền thực tế sinh viên phải đóng bảo hiểm y tế cho năm học 2025-2026 là bao nhiêu?,860
cơ sở y tế nào sẽ là nơi ghi danh khám chữa bệnh đầu tiên cho sinh viên?,sinh viên được đăng ký nơi khám chữa bệnh ban đầu ở đâu?,861
địa điểm khám chữa bệnh ban đầu mà sinh viên cần điền vào hồ sơ là đâu?,sinh viên được đăng ký nơi khám chữa bệnh ban đầu ở đâu?,861
sinh viên sẽ được ghi nhận vào cơ sở nào để bắt đầu quá trình điều trị?,sinh viên được đăng ký nơi khám chữa bệnh ban đầu ở đâu?,861
nơi nào là điểm đến đầu tiên cho việc đăng ký khám chữa bệnh của bạn trong vai trò sinh viên?,sinh viên được đăng ký nơi khám chữa bệnh ban đầu ở đâu?,861
liệu học sinh có thể chuyển đổi địa điểm ghi danh cho việc điều trị sức khỏe ban đầu hay không?,sinh viên có được thay đổi nơi đăng ký khám chữa bệnh ban đầu không?,862
việc chuyển sang cơ sở y tế khác để đăng ký khám lần đầu liệu có được phép với sinh viên?,sinh viên có được thay đổi nơi đăng ký khám chữa bệnh ban đầu không?,862
có cho phép sinh viên thay đổi nơi đặt hồ sơ khám chữa bệnh lúc bắt đầu không?,sinh viên có được thay đổi nơi đăng ký khám chữa bệnh ban đầu không?,862
sinh viên có quyền di chuyển địa chỉ đăng ký phục hồi sức khỏe ban đầu của mình chưa?,sinh viên có được thay đổi nơi đăng ký khám chữa bệnh ban đầu không?,862
khi nào trong năm sinh viên sẽ chuyển đổi cơ sở y tế điều trị đầu tiên?,thời gian nào trong năm sinh viên được thay đổi nơi khám chữa bệnh ban đầu?,863
thời điểm trong năm nào mà sinh viên cần thay đổi đơn vị khám ban đầu?,thời gian nào trong năm sinh viên được thay đổi nơi khám chữa bệnh ban đầu?,863
"ở giai đoạn nào của năm, sinh viên được chuyển sang nơi tiếp nhận bệnh nhân đầu tiên?",thời gian nào trong năm sinh viên được thay đổi nơi khám chữa bệnh ban đầu?,863
sinh viên có thể chuyển đổi cơ sở khám chữa bệnh đầu tay vào lúc nào trong năm?,thời gian nào trong năm sinh viên được thay đổi nơi khám chữa bệnh ban đầu?,863
"khi nào dùng ứng dụng điện tử để khám chữa bệnh, sinh viên phải nộp những loại giấy tờ nào?",sinh viên cần xuất trình giấy tờ gì khi đi khám chữa bệnh bằng ứng dụng điện tử?,864
những chứng từ cần mang theo của sinh viên khi tiếp cận dịch vụ y tế qua ứng dụng là gì?,sinh viên cần xuất trình giấy tờ gì khi đi khám chữa bệnh bằng ứng dụng điện tử?,864
"đối với sinh viên, loại giấy tờ cần xuất trình khi khám bệnh bằng hệ thống điện tử ra sao?",sinh viên cần xuất trình giấy tờ gì khi đi khám chữa bệnh bằng ứng dụng điện tử?,864
"để dùng ứng dụng y tế, sinh viên cần chuẩn bị những gì về mặt giấy tờ khi đi khám?",sinh viên cần xuất trình giấy tờ gì khi đi khám chữa bệnh bằng ứng dụng điện tử?,864
liệu học sinh có được phép sử dụng giấy tờ căn cước để tham gia khám chữa bệnh theo quy định bảo hiểm y tế hay không?,sinh viên có thể dùng căn cước công dân để đi khám chữa bệnh bảo hiểm y tế không?,865
"khi đi làm thủ tục y tế dưới chế độ bảo hiểm, sinh viên có cần mang theo cccd không?",sinh viên có thể dùng căn cước công dân để đi khám chữa bệnh bảo hiểm y tế không?,865
việc sinh viên dùng chứng minh nhân dân (hoặc cccd) để đến cơ sở y tế có được chấp nhận cho bảo hiểm y tế không?,sinh viên có thể dùng căn cước công dân để đi khám chữa bệnh bảo hiểm y tế không?,865
có thể dùng thẻ căn cước thay cho các giấy tờ khác để sinh viên được khám bệnh miễn phí theo bảo hiểm không?,sinh viên có thể dùng căn cước công dân để đi khám chữa bệnh bảo hiểm y tế không?,865
phần chi trả của bảo hiểm y tế dành cho sinh viên khi thăm khám tại cơ sở có hợp đồng là bao nhiêu?,mức hưởng bảo hiểm y tế khi sinh viên khám chữa bệnh đúng tuyến là bao nhiêu?,866
sinh viên được chi trả bao nhiêu tiền nếu đi chữa bệnh đúng quy định?,mức hưởng bảo hiểm y tế khi sinh viên khám chữa bệnh đúng tuyến là bao nhiêu?,866
mức độ hưởng của sinh viên khi khám bệnh tại các cơ sở chấp nhận bảo hiểm là bao nhiêu?,mức hưởng bảo hiểm y tế khi sinh viên khám chữa bệnh đúng tuyến là bao nhiêu?,866
"khi đi khám đúng tuyến, sinh viên sẽ được bảo hiểm chi trả số tiền bao nhiêu?",mức hưởng bảo hiểm y tế khi sinh viên khám chữa bệnh đúng tuyến là bao nhiêu?,866
tỷ lệ chi trả cho sinh viên khám chữa bệnh ngoại trú ở các bệnh viện cấp huyện khi không nằm trong bảo hiểm là bao nhiêu?,tỷ lệ thanh toán khi sinh viên khám chữa bệnh ngoại trú không đúng tuyến tại bệnh viện tuyến huyện là bao nhiêu?,867
con số thanh toán đối với sinh viên khi đi khám ngoại tuyến tại cơ sở y tế huyện như thế nào?,tỷ lệ thanh toán khi sinh viên khám chữa bệnh ngoại trú không đúng tuyến tại bệnh viện tuyến huyện là bao nhiêu?,867
"ở mức độ nào, các bệnh viện huyện sẽ chi trả cho sinh viên khi thực hiện khám ngoại trú ngoài vùng quy định?",tỷ lệ thanh toán khi sinh viên khám chữa bệnh ngoại trú không đúng tuyến tại bệnh viện tuyến huyện là bao nhiêu?,867
bao nhiêu phần trăm sinh viên được thanh toán khi khám chữa bệnh ngoại trú tại bệnh viện huyện mà không đúng tuyến?,tỷ lệ thanh toán khi sinh viên khám chữa bệnh ngoại trú không đúng tuyến tại bệnh viện tuyến huyện là bao nhiêu?,867
mức hỗ trợ tài chính dành cho sinh viên nằm viện tại các cơ sở y tế tỉnh khi không thuộc bảo hiểm tuyến là bao nhiêu?,sinh viên điều trị nội trú không đúng tuyến tại bệnh viện tuyến tỉnh được hưởng bao nhiêu?,868
"đối với trường hợp sinh viên điều trị nội trú ở bệnh viện tỉnh ngoài danh mục, chế độ hưởng cụ thể là bao nhiêu?",sinh viên điều trị nội trú không đúng tuyến tại bệnh viện tuyến tỉnh được hưởng bao nhiêu?,868
số tiền được chi trả cho sinh viên khi nhập viện tại các bệnh viện tuyến tỉnh không nằm trong tuyến là bao nhiêu?,sinh viên điều trị nội trú không đúng tuyến tại bệnh viện tuyến tỉnh được hưởng bao nhiêu?,868
"mức trợ cấp cho học trò đang nằm viện tại các trung tâm y tế tỉnh, khi không đúng tuyến, được tính toán ra sao?",sinh viên điều trị nội trú không đúng tuyến tại bệnh viện tuyến tỉnh được hưởng bao nhiêu?,868
mức chi trả dành cho sinh viên đang điều trị nội trú không thuộc tuyến tại các bệnh viện trung ương là bao nhiêu?,mức hưởng khi sinh viên điều trị nội trú không đúng tuyến tại bệnh viện tuyến trung ương là bao nhiêu?,869
số tiền hỗ trợ khi sinh viên nằm viện không đúng tuyến ở bệnh viện tuyến trung ương được quy định thế nào?,mức hưởng khi sinh viên điều trị nội trú không đúng tuyến tại bệnh viện tuyến trung ương là bao nhiêu?,869
"khi sinh viên phải điều trị nội trú tại các bệnh viện trung ương nhưng không đúng tuyến, phần được hưởng là bao nhiêu?",mức hưởng khi sinh viên điều trị nội trú không đúng tuyến tại bệnh viện tuyến trung ương là bao nhiêu?,869
"đối với sinh viên điều trị nội trú tại bệnh viện tuyến trung ương mà không thuộc phạm vi tuyến, mức hưởng cụ thể là bao nhiêu?",mức hưởng khi sinh viên điều trị nội trú không đúng tuyến tại bệnh viện tuyến trung ương là bao nhiêu?,869
"khi không cung cấp đầy đủ giấy tờ, mức độ bù trừ trực tiếp tối đa cho dịch vụ ngoại trú tại cơ sở đăng ký đầu tiên được tính như thế nào?",mức thanh toán trực tiếp tối đa cho khám chữa bệnh ngoại trú tại nơi đăng ký ban đầu khi không xuất trình đủ thủ tục là bao nhiêu?,870
bạn có thể được nhận bao nhiêu tiền ngay cho việc điều trị ngoại trú mà không cần nộp hết thủ tục tại nơi đã đăng ký?,mức thanh toán trực tiếp tối đa cho khám chữa bệnh ngoại trú tại nơi đăng ký ban đầu khi không xuất trình đủ thủ tục là bao nhiêu?,870
"đối với trường hợp thiếu một số giấy tờ cần thiết, con số thanh toán trực tiếp lớn nhất cho khám chữa bệnh bên ngoài là bao nhiêu?",mức thanh toán trực tiếp tối đa cho khám chữa bệnh ngoại trú tại nơi đăng ký ban đầu khi không xuất trình đủ thủ tục là bao nhiêu?,870
mức hỗ trợ tiền mặt tối đa cho các ca ngoại trú khi hồ sơ chưa đầy đủ tại nơi đăng ký ban đầu hiện đang là bao nhiêu?,mức thanh toán trực tiếp tối đa cho khám chữa bệnh ngoại trú tại nơi đăng ký ban đầu khi không xuất trình đủ thủ tục là bao nhiêu?,870
số tiền cao nhất được chi trả trực tiếp cho bệnh nhân nội trú tại cơ sở đăng ký ban đầu nếu thiếu hồ sơ cần thiết là bao nhiêu?,mức thanh toán trực tiếp tối đa cho điều trị nội trú tại nơi đăng ký ban đầu khi không xuất trình đủ thủ tục là bao nhiêu?,871
"khi không đủ giấy tờ, mức hỗ trợ tiền mặt tối đa cho điều trị nội trú ngay nơi đã đăng ký là bao nhiêu tiền?",mức thanh toán trực tiếp tối đa cho điều trị nội trú tại nơi đăng ký ban đầu khi không xuất trình đủ thủ tục là bao nhiêu?,871
"thiếu các thủ tục quy định, chi phí nội trú trực tiếp tại nơi đầu tiên đăng ký được trả tối đa đến mức nào?",mức thanh toán trực tiếp tối đa cho điều trị nội trú tại nơi đăng ký ban đầu khi không xuất trình đủ thủ tục là bao nhiêu?,871
"đối với trường hợp không nộp đủ văn bản chứng minh, khoản tiền hỗ trợ trực tiếp cho người nội trú tại nơi đăng ký đầu tiên bằng bao nhiêu?",mức thanh toán trực tiếp tối đa cho điều trị nội trú tại nơi đăng ký ban đầu khi không xuất trình đủ thủ tục là bao nhiêu?,871
"đối với bệnh nhân ngoại trú ở các bệnh viện huyện mà không tham gia bhyt, quyền lợi được hưởng là gì?",quyền lợi khi khám chữa bệnh ngoại trú tại bệnh viện tuyến huyện không ký hợp đồng bảo hiểm y tế là gì?,872
"khi đi khám ngoài bệnh viện tuyến huyện mà chưa có thẻ bảo hiểm y tế, bạn sẽ nhận được những gì?",quyền lợi khi khám chữa bệnh ngoại trú tại bệnh viện tuyến huyện không ký hợp đồng bảo hiểm y tế là gì?,872
người dân ngoại trú tại cơ sở y tế huyện không ký hợp đồng bhyt thì được hưởng chính sách hỗ trợ ra sao?,quyền lợi khi khám chữa bệnh ngoại trú tại bệnh viện tuyến huyện không ký hợp đồng bảo hiểm y tế là gì?,872
"nếu chưa đăng ký bảo hiểm y tế và khám chữa bệnh tại bệnh viện huyện, mức quyền lợi dành cho bạn như thế nào?",quyền lợi khi khám chữa bệnh ngoại trú tại bệnh viện tuyến huyện không ký hợp đồng bảo hiểm y tế là gì?,872
số tiền cao nhất được chi trả cho điều trị tại bệnh viện huyện mà không có bảo hiểm y tế là bao nhiêu?,mức thanh toán tối đa khi điều trị nội trú tại bệnh viện tuyến huyện không ký hợp đồng bảo hiểm y tế là bao nhiêu?,873
"khi không tham gia bảo hiểm y tế, mức chi trả tối đa tại các bệnh viện tuyến huyện có thể lên đến bao nhiêu?",mức thanh toán tối đa khi điều trị nội trú tại bệnh viện tuyến huyện không ký hợp đồng bảo hiểm y tế là bao nhiêu?,873
"điều trị nội trú ở bệnh viện huyện mà không có bảo hiểm, thì giới hạn thanh toán là bao nhiêu?",mức thanh toán tối đa khi điều trị nội trú tại bệnh viện tuyến huyện không ký hợp đồng bảo hiểm y tế là bao nhiêu?,873
giới hạn bồi thường cho người không có bảo hiểm y tế khi nằm viện tại bệnh viện huyện là bao nhiêu tiền?,mức thanh toán tối đa khi điều trị nội trú tại bệnh viện tuyến huyện không ký hợp đồng bảo hiểm y tế là bao nhiêu?,873
mức chi trả cao nhất là bao nhiêu cho người được điều dưỡng nội trú tại bệnh viện tuyến tỉnh mà chưa có hợp đồng bảo hiểm y tế?,điều trị nội trú tại bệnh viện tuyến tỉnh không ký hợp đồng bảo hiểm y tế được thanh toán tối đa bao nhiêu?,874
"khi điều trị nằm viện tại cơ sở y tế cấp tỉnh không tham gia bảo hiểm, khoản tiền viện trợ tối đa được nhận là bao nhiêu?",điều trị nội trú tại bệnh viện tuyến tỉnh không ký hợp đồng bảo hiểm y tế được thanh toán tối đa bao nhiêu?,874
"với trường hợp không có giấy tờ bảo hiểm y tế khi nhập viện tuyến tỉnh, nhà nước hỗ trợ tối đa đến mức nào?",điều trị nội trú tại bệnh viện tuyến tỉnh không ký hợp đồng bảo hiểm y tế được thanh toán tối đa bao nhiêu?,874
tổng số tiền được chi trả tối đa cho bệnh nhân nội trú tại bệnh viện tỉnh mà không ký hợp đồng bảo hiểm là bao nhiêu?,điều trị nội trú tại bệnh viện tuyến tỉnh không ký hợp đồng bảo hiểm y tế được thanh toán tối đa bao nhiêu?,874
"con số cao nhất mà người bệnh cần chi trả cho việc nhập viện tại các cơ sở tuyến trung ương, khi chưa ký kết bảo hiểm y tế, là bao nhiêu tiền?",mức thanh toán tối đa khi điều trị nội trú tại bệnh viện tuyến trung ương không ký hợp đồng bảo hiểm y tế là bao nhiêu?,875
"đối với ca nội trú ở bệnh viện cấp trung ương mà không tham gia bảo hiểm y tế, tổng mức chi phí tối đa phải tự túc là bao nhiêu?",mức thanh toán tối đa khi điều trị nội trú tại bệnh viện tuyến trung ương không ký hợp đồng bảo hiểm y tế là bao nhiêu?,875
"mức độ đóng góp tiền mặt lớn nhất cần chuẩn bị cho quá trình điều dưỡng trong viện tuyến trung ương, khi không có bảo hiểm y tế, là bao nhiêu?",mức thanh toán tối đa khi điều trị nội trú tại bệnh viện tuyến trung ương không ký hợp đồng bảo hiểm y tế là bao nhiêu?,875
"nếu không có thẻ bảo hiểm y tế, bệnh nhân phải bỏ ra tối đa bao nhiêu tiền để được chữa trị nội trú tại các bệnh viện tuyến trung ương?",mức thanh toán tối đa khi điều trị nội trú tại bệnh viện tuyến trung ương không ký hợp đồng bảo hiểm y tế là bao nhiêu?,875
khi nào người tham gia bhyt không phải đóng góp thêm cho chi phí y tế?,trường hợp nào người tham gia bảo hiểm y tế được miễn cùng chi trả chi phí khám chữa bệnh?,876
trường hợp nào được quyền miễn phí hoàn toàn các khoản thanh toán khi khám chữa bệnh?,trường hợp nào người tham gia bảo hiểm y tế được miễn cùng chi trả chi phí khám chữa bệnh?,876
đâu là những tình huống mà người tham gia bảo hiểm y tế sẽ được hưởng quyền lợi chi trả toàn bộ?,trường hợp nào người tham gia bảo hiểm y tế được miễn cùng chi trả chi phí khám chữa bệnh?,876
những điều kiện nào khiến người tham gia bhyt không cần trả thêm bất kỳ khoản phí nào?,trường hợp nào người tham gia bảo hiểm y tế được miễn cùng chi trả chi phí khám chữa bệnh?,876
làm sao để nhận được quyền lợi bhyt khi bị cấp cứu?,thủ tục hưởng quyền lợi bảo hiểm y tế trong trường hợp cấp cứu như thế nào?,877
quy trình được hưởng quyền lợi bảo hiểm y tế ở thời điểm cấp cứu diễn ra ra sao?,thủ tục hưởng quyền lợi bảo hiểm y tế trong trường hợp cấp cứu như thế nào?,877
"khi xảy ra tình huống cấp cứu, thủ tục để lấy tiền bảo hiểm y tế cần làm thế nào?",thủ tục hưởng quyền lợi bảo hiểm y tế trong trường hợp cấp cứu như thế nào?,877
cách thức để nhận quyền lợi bhyt trong trường hợp khẩn cấp được quy định như thế nào?,thủ tục hưởng quyền lợi bảo hiểm y tế trong trường hợp cấp cứu như thế nào?,877
thời điểm khởi điểm của hiệu lực cho thẻ bảo hiểm y tế dành cho tân sinh viên năm nhất là khi nào?,thẻ bảo hiểm y tế của sinh viên năm thứ nhất có giá trị sử dụng từ khi nào?,878
khi nào thì tờ thẻ bảo hiểm y tế của các bạn sinh viên khóa đầu tiên bắt đầu được coi là có giá trị?,thẻ bảo hiểm y tế của sinh viên năm thứ nhất có giá trị sử dụng từ khi nào?,878
hãy cho biết khoảng thời gian mà thẻ bảo hiểm y tế dành cho sinh viên năm học đầu tiên bắt đầu hoạt động.,thẻ bảo hiểm y tế của sinh viên năm thứ nhất có giá trị sử dụng từ khi nào?,878
"đối với sinh viên năm nhất, tờ bảo hiểm y tế của họ chính thức có giá trị kể từ thời điểm nào?",thẻ bảo hiểm y tế của sinh viên năm thứ nhất có giá trị sử dụng từ khi nào?,878
"đối với sinh viên sắp tốt nghiệp, quy định về kỳ hạn còn lại của thẻ bảo hiểm y tế được tính toán ra sao?",thời hạn sử dụng thẻ bảo hiểm y tế của sinh viên năm cuối được tính như thế nào?,879
sinh viên năm cuối cần biết cách xác định thời gian còn hiệu lực của thẻ bảo hiểm y tế như thế nào?,thời hạn sử dụng thẻ bảo hiểm y tế của sinh viên năm cuối được tính như thế nào?,879
làm sao để biết được thời hạn còn lại của thẻ bảo hiểm y tế đối với sinh viên sắp kết thúc khóa học?,thời hạn sử dụng thẻ bảo hiểm y tế của sinh viên năm cuối được tính như thế nào?,879
"với sinh viên năm cuối, thời gian thẻ bảo hiểm y tế còn giá trị sẽ được tính dựa trên nguyên tắc gì?",thời hạn sử dụng thẻ bảo hiểm y tế của sinh viên năm cuối được tính như thế nào?,879
những điều sinh viên cần ghi nhớ khi đăng ký bảo hiểm y tế nhằm giữ quyền lợi không bị gián đoạn là gì?,sinh viên nên lưu ý gì về thời gian tham gia bảo hiểm y tế để đảm bảo quyền lợi liên tục?,880
"để đảm bảo quyền lợi luôn được duy trì, sinh viên cần lưu ý về mốc thời gian nào trong việc tham gia bảo hiểm?",sinh viên nên lưu ý gì về thời gian tham gia bảo hiểm y tế để đảm bảo quyền lợi liên tục?,880
sinh viên cần chú ý vấn đề gì về thời điểm tham gia để tránh làm ảnh hưởng đến quyền lợi của mình?,sinh viên nên lưu ý gì về thời gian tham gia bảo hiểm y tế để đảm bảo quyền lợi liên tục?,880
làm thế nào để sinh viên bảo đảm quyền lợi liên tục thông qua việc nắm rõ thời gian tham gia bảo hiểm y tế?,sinh viên nên lưu ý gì về thời gian tham gia bảo hiểm y tế để đảm bảo quyền lợi liên tục?,880
yếu tố quyết định phạm vi lợi ích của thẻ bảo hiểm y tế là gì?,giá trị sử dụng của thẻ bảo hiểm y tế dựa trên yếu tố nào?,881
dựa vào đâu mà người ta xác định được quyền lợi có thể nhận được từ thẻ bảo hiểm y tế?,giá trị sử dụng của thẻ bảo hiểm y tế dựa trên yếu tố nào?,881
tiêu chí nào ảnh hưởng đến hiệu quả sử dụng thẻ bảo hiểm y tế?,giá trị sử dụng của thẻ bảo hiểm y tế dựa trên yếu tố nào?,881
việc quyền lợi trên thẻ bảo hiểm y tế được tính toán dựa trên yếu tố gì?,giá trị sử dụng của thẻ bảo hiểm y tế dựa trên yếu tố nào?,881
làm sao có thể xem hạn dùng thẻ bảo hiểm y tế trên mạng?,làm thế nào để tra cứu thời hạn sử dụng thẻ bảo hiểm y tế trực tuyến?,882
tôi muốn biết cách tra thời hạn hợp lệ của thẻ bhyt qua internet thì phải làm gì?,làm thế nào để tra cứu thời hạn sử dụng thẻ bảo hiểm y tế trực tuyến?,882
"trên trang web, làm thế nào để tìm hiểu độ dài thời gian sử dụng của thẻ bảo hiểm?",làm thế nào để tra cứu thời hạn sử dụng thẻ bảo hiểm y tế trực tuyến?,882
có phương án nào để kiểm tra hạn sử dụng thẻ bảo hiểm y tế không cần ra chỗ không?,làm thế nào để tra cứu thời hạn sử dụng thẻ bảo hiểm y tế trực tuyến?,882
số hotline tư vấn của bảo hiểm xã hội việt nam là bao nhiêu?,tổng đài hỗ trợ tư vấn của bảo hiểm xã hội việt nam là số nào?,883
ai có thể liên hệ để được giải đáp thắc mắc về bảo hiểm xã hội và số điện thoại là gì?,tổng đài hỗ trợ tư vấn của bảo hiểm xã hội việt nam là số nào?,883
"để nhận được lời khuyên về bảo hiểm xã hội, mình nên gọi vào số nào?",tổng đài hỗ trợ tư vấn của bảo hiểm xã hội việt nam là số nào?,883
số máy nào thuộc về bộ phận hỗ trợ của bảo hiểm xã hội việt nam?,tổng đài hỗ trợ tư vấn của bảo hiểm xã hội việt nam là số nào?,883
phần mềm điện thoại nào hỗ trợ sinh viên kiểm tra tình trạng đóng và nhận bảo hiểm y tế?,ứng dụng di động nào giúp sinh viên theo dõi thông tin đóng và hưởng bảo hiểm y tế?,884
công cụ di động gì cho phép sinh viên cập nhật và xem chi tiết về bảo hiểm y tế của mình?,ứng dụng di động nào giúp sinh viên theo dõi thông tin đóng và hưởng bảo hiểm y tế?,884
ứng dụng trên tay nào giúp sinh viên nắm rõ quyền lợi và nghĩa vụ đóng bảo hiểm y tế?,ứng dụng di động nào giúp sinh viên theo dõi thông tin đóng và hưởng bảo hiểm y tế?,884
sinh viên có thể dùng app nào để theo dõi việc đóng và hưởng bảo hiểm y tế không?,ứng dụng di động nào giúp sinh viên theo dõi thông tin đóng và hưởng bảo hiểm y tế?,884
"khi sinh viên trường đh sư phạm kỹ thuật tp.hcm cần giải đáp về bảo hiểm y tế, cần liên hệ bộ phận nào?",sinh viên đại học sư phạm kỹ thuật tp. hồ chí minh liên hệ ai khi có thắc mắc về bảo hiểm y tế?,885
đơn vị chịu trách nhiệm hỗ trợ thắc mắc về thẻ bảo hiểm cho học viên trường đh sư phạm kỹ thuật tp.hcm là ai?,sinh viên đại học sư phạm kỹ thuật tp. hồ chí minh liên hệ ai khi có thắc mắc về bảo hiểm y tế?,885
ai là người mà sinh viên của trường này cần liên lạc khi có câu hỏi liên quan đến vấn đề bảo hiểm sức khỏe?,sinh viên đại học sư phạm kỹ thuật tp. hồ chí minh liên hệ ai khi có thắc mắc về bảo hiểm y tế?,885
nếu học sinh trường đh sư phạm kỹ thuật tp.hcm chưa rõ về bảo hiểm y tế thì nên nhờ ai hướng dẫn?,sinh viên đại học sư phạm kỹ thuật tp. hồ chí minh liên hệ ai khi có thắc mắc về bảo hiểm y tế?,885
những tiêu chuẩn đạo đức nền tảng cần tuân thủ trong công trình nghiên cứu khoa học là gì?,các nguyên tắc đạo đức cơ bản trong hoạt động nghiên cứu khoa học là gì?,886
hoạt động nghiên cứu khoa học phải dựa trên những chuẩn mực đạo đức cơ bản nào?,các nguyên tắc đạo đức cơ bản trong hoạt động nghiên cứu khoa học là gì?,886
làm sao để xác định các giá trị đạo đức cốt lõi trong lĩnh vực nghiên cứu khoa học?,các nguyên tắc đạo đức cơ bản trong hoạt động nghiên cứu khoa học là gì?,886
những quy tắc đạo đức thiết yếu cho bất kỳ dự án nghiên cứu khoa học nào là gì?,các nguyên tắc đạo đức cơ bản trong hoạt động nghiên cứu khoa học là gì?,886
việc làm thế nào để bảo vệ danh tiếng và quyền lợi cho cá nhân cũng như đơn vị của một nhà nghiên cứu?,"trách nhiệm của người nghiên cứu đối với danh dự và lợi ích cá nhân, tổ chức là gì?",887
một học giả cần hành động ra sao nhằm duy trì uy tín và lợi ích cho bản thân cũng như tập thể?,"trách nhiệm của người nghiên cứu đối với danh dự và lợi ích cá nhân, tổ chức là gì?",887
làm sao để đảm bảo danh dự và quyền lợi của người và tổ chức khi tham gia nghiên cứu?,"trách nhiệm của người nghiên cứu đối với danh dự và lợi ích cá nhân, tổ chức là gì?",887
hãy nêu cách thức mà một người làm khoa học phải thực hiện để gìn giữ tên tuổi và lợi ích cho cá nhân cũng như nhóm?,"trách nhiệm của người nghiên cứu đối với danh dự và lợi ích cá nhân, tổ chức là gì?",887
làm sao để đảm bảo tính công bằng khi ghi nhận quyền sở hữu trí tuệ theo quy định hiện hành?,quy định về sự công bằng trong ghi nhận quyền sở hữu trí tuệ như thế nào?,888
những quy tắc nào được thiết lập nhằm bảo đảm sự bình đẳng trong việc ghi nhận quyền sở hữu tinh thần?,quy định về sự công bằng trong ghi nhận quyền sở hữu trí tuệ như thế nào?,888
cơ chế ghi nhận quyền sở hữu trí tuệ cần tuân thủ những nguyên tắc gì để đạt được sự công bằng?,quy định về sự công bằng trong ghi nhận quyền sở hữu trí tuệ như thế nào?,888
tính minh bạch và công lý trong việc xác nhận quyền sở hữu trí tuệ được quy định ra sao?,quy định về sự công bằng trong ghi nhận quyền sở hữu trí tuệ như thế nào?,888
những quy định nào cần được tuân theo khi tiến hành thu thập số liệu cho mục đích nghiên cứu?,việc thu thập dữ liệu phục vụ nghiên cứu phải tuân thủ yêu cầu gì?,889
"khi tiến hành lấy dữ liệu nhằm phục vụ công tác nghiên cứu, chúng ta cần đáp ứng những tiêu chuẩn gì?",việc thu thập dữ liệu phục vụ nghiên cứu phải tuân thủ yêu cầu gì?,889
việc khai thác thông tin cho nghiên cứu cần phải tuân thủ những nguyên tắc nào?,việc thu thập dữ liệu phục vụ nghiên cứu phải tuân thủ yêu cầu gì?,889
"để phục vụ nghiên cứu mà thu thập dữ liệu, cần phải tuân hành quy định gì?",việc thu thập dữ liệu phục vụ nghiên cứu phải tuân thủ yêu cầu gì?,889
"những hoạt động, quy định hay nguyên liệu nào được xếp vào danh mục cấm đối với công trình nghiên cứu?","những hành vi nào bị cấm đối với thiết bị, quy trình và vật liệu nghiên cứu?",890
"khi làm nghiên cứu, hành động nào đối với phương pháp, dụng cụ và tài liệu là không được phép thực hiện?","những hành vi nào bị cấm đối với thiết bị, quy trình và vật liệu nghiên cứu?",890
"trong lĩnh vực nghiên cứu, những gì bị hạn chế liên quan đến quy trình, thiết bị và chất liệu sử dụng?","những hành vi nào bị cấm đối với thiết bị, quy trình và vật liệu nghiên cứu?",890
"đối với nghiên cứu, hành vi nào được cấm đối với các vật tư, công cụ và phương thức tiến hành?","những hành vi nào bị cấm đối với thiết bị, quy trình và vật liệu nghiên cứu?",890
nội dung của quy định liên quan đến tính trung thực trong công trình nghiên cứu thì ra sao?,quy định về tính trung thực của kết quả nghiên cứu là gì?,891
kết quả nghiên cứu phải đảm bảo yếu tố gì theo các quy định hiện hành?,quy định về tính trung thực của kết quả nghiên cứu là gì?,891
các quy tắc nào áp dụng đối với tính thực tế của số liệu nghiên cứu?,quy định về tính trung thực của kết quả nghiên cứu là gì?,891
tính chân thực của báo cáo nghiên cứu cần tuân thủ những điều gì?,quy định về tính trung thực của kết quả nghiên cứu là gì?,891
người nghiên cứu cần đáp ứng những trách nhiệm nào với những đối tác cùng làm việc?,nghĩa vụ của người nghiên cứu đối với các đối tác hợp tác là gì?,892
các bên hợp tác mong đợi điều gì từ nghĩa vụ của người làm nghiên cứu?,nghĩa vụ của người nghiên cứu đối với các đối tác hợp tác là gì?,892
những cam kết nào của người nghiên cứu dành cho đối tác cần được xác định?,nghĩa vụ của người nghiên cứu đối với các đối tác hợp tác là gì?,892
"đối với những đối tác đồng hành, người nghiên cứu phải hoàn thành nhiệm vụ gì?",nghĩa vụ của người nghiên cứu đối với các đối tác hợp tác là gì?,892
làm thế nào để trừng phạt những người nghiên cứu cố tình đưa ra thông tin bịa đặt?,hành vi cố ý tường trình sai sự thật trong nghiên cứu bị xử lý như thế nào?,893
người tham gia khảo sát gian dối có hậu quả ra sao?,hành vi cố ý tường trình sai sự thật trong nghiên cứu bị xử lý như thế nào?,893
khi nào thì các nhà nghiên cứu phải chịu trách nhiệm vì những lời nói dối có chủ đích?,hành vi cố ý tường trình sai sự thật trong nghiên cứu bị xử lý như thế nào?,893
biện pháp xử lý dành cho việc cố tình xuyên tạc sự thật trong các cuộc điều tra như thế nào?,hành vi cố ý tường trình sai sự thật trong nghiên cứu bị xử lý như thế nào?,893
những hành động nào được xem là vi phạm quyền sở hữu trí tuệ?,việc xâm phạm quyền sở hữu trí tuệ bao gồm những hành vi nào?,894
quyền sở hữu trí tuệ bị xâm phạm khi có những việc gì xảy ra?,việc xâm phạm quyền sở hữu trí tuệ bao gồm những hành vi nào?,894
bạn có thể liệt kê các hành vi phạm pháp liên quan đến quyền sở hữu trí tuệ không?,việc xâm phạm quyền sở hữu trí tuệ bao gồm những hành vi nào?,894
những việc gì được định nghĩa là xâm phạm quyền sở hữu trí tuệ?,việc xâm phạm quyền sở hữu trí tuệ bao gồm những hành vi nào?,894
hành động nào được xem là làm ảnh hưởng đến công tác nghiên cứu của đồng nghiệp?,những hành vi nào bị coi là cản trở hoạt động nghiên cứu của người khác?,895
loại hành vi nào có thể gây trở ngại cho quá trình nghiên cứu của người khác?,những hành vi nào bị coi là cản trở hoạt động nghiên cứu của người khác?,895
cái gì được xếp vào nhóm các hành vi cản trở hoạt động khảo cứu của người khác?,những hành vi nào bị coi là cản trở hoạt động nghiên cứu của người khác?,895
bạn biết đâu là những việc làm bị coi là làm chậm tiến độ nghiên cứu của người khác không?,những hành vi nào bị coi là cản trở hoạt động nghiên cứu của người khác?,895
hành vi nào được xem là sai lệch với sự công bằng khi thực hiện các nghiên cứu khoa học?,thế nào là vi phạm tính khách quan trong đánh giá khoa học?,896
làm thế nào để gọi là mất đi sự trung thực trong quá trình phân tích dữ liệu khoa học?,thế nào là vi phạm tính khách quan trong đánh giá khoa học?,896
biểu hiện cụ thể của việc không giữ được góc nhìn khách quan trong lĩnh vực khoa học là gì?,thế nào là vi phạm tính khách quan trong đánh giá khoa học?,896
tiêu chuẩn nào bị vi phạm khi một đánh giá khoa học thiếu đi sự phi cá nhân hóa?,thế nào là vi phạm tính khách quan trong đánh giá khoa học?,896
có phải việc lén lút bảo vệ những hành động thiếu đạo đức trong nghiên cứu của đồng nghiệp lại cũng bị xem là sai trái không?,việc che giấu hành vi vi phạm đạo đức nghiên cứu của người khác có bị coi là vi phạm không?,897
hành động bao che cho các sai phạm về phẩm chất khoa học của người khác có được tính là một vi phạm hay không?,việc che giấu hành vi vi phạm đạo đức nghiên cứu của người khác có bị coi là vi phạm không?,897
việc che đậy những việc làm trái chuẩn mực nghiên cứu của ai đó liệu có bị xếp vào loại vi phạm không?,việc che giấu hành vi vi phạm đạo đức nghiên cứu của người khác có bị coi là vi phạm không?,897
có nên coi hành vi dung túng cho những lỗi đạo đức nghiên cứu của đồng nghiệp là một vi phạm hay không?,việc che giấu hành vi vi phạm đạo đức nghiên cứu của người khác có bị coi là vi phạm không?,897
trường đh sư phạm kỹ thuật tp.hcm yêu cầu dùng thể loại trích dẫn gì cho các công trình nghiên cứu?,những sản phẩm học thuật tại trường đại học sư phạm kỹ thuật tp. hcm phải áp dụng chuẩn trích dẫn nào?,898
các tài liệu khoa học ở cơ sở đào tạo này cần tuân thủ quy chuẩn ghi nguồn nào?,những sản phẩm học thuật tại trường đại học sư phạm kỹ thuật tp. hcm phải áp dụng chuẩn trích dẫn nào?,898
"đối với đồ án hay luận văn tại trường sư phạm kỹ thuật, nên áp dụng hệ thống trích dẫn ra sao?",những sản phẩm học thuật tại trường đại học sư phạm kỹ thuật tp. hcm phải áp dụng chuẩn trích dẫn nào?,898
quy định về cách dẫn nguồn cho các đầu mục học thuật tại trường này là gì?,những sản phẩm học thuật tại trường đại học sư phạm kỹ thuật tp. hcm phải áp dụng chuẩn trích dẫn nào?,898
"liệu khi chia sẻ những suy nghĩ riêng và bài học đời sống, người viết cần phải dẫn nguồn hay không?",tác giả có phải ghi nguồn khi viết về kinh nghiệm cuộc sống và tư tưởng cá nhân không?,899
những trải nghiệm cá nhân và quan điểm riêng của tác giả có bắt buộc phải trích dẫn nguồn khi được đăng tải không?,tác giả có phải ghi nguồn khi viết về kinh nghiệm cuộc sống và tư tưởng cá nhân không?,899
"khi thảo luận về tư duy riêng và kinh nghiệm sống, việc đưa ra nguồn gốc thông tin có phải là điều kiện bắt buộc?",tác giả có phải ghi nguồn khi viết về kinh nghiệm cuộc sống và tư tưởng cá nhân không?,899
nội dung mang tính chủ quan như trải nghiệm hay triết lý sống của người viết có cần phải ghi nhận nguồn không?,tác giả có phải ghi nguồn khi viết về kinh nghiệm cuộc sống và tư tưởng cá nhân không?,899
"khi bàn luận về các kết quả nghiên cứu chưa được công bố của bản thân, liệu có bắt buộc phải trích dẫn nguồn hay không?",có cần ghi nguồn khi thảo luận về kết quả nghiên cứu chưa công bố của chính mình không?,900
việc thảo luận những thành quả nghiên cứu chưa ra mắt do chính mình thực hiện có cần phải ghi rõ nguồn gốc không?,có cần ghi nguồn khi thảo luận về kết quả nghiên cứu chưa công bố của chính mình không?,900
bạn có cần phải ghi nhận nguồn khi chia sẻ các kết quả nghiên cứu chưa công bố của riêng mình?,có cần ghi nguồn khi thảo luận về kết quả nghiên cứu chưa công bố của chính mình không?,900
"khi nói về những kết quả nghiên cứu chưa được xuất bản do mình làm ra, liệu có cần phải nêu rõ nguồn không?",có cần ghi nguồn khi thảo luận về kết quả nghiên cứu chưa công bố của chính mình không?,900
những kiến thức gì được xem là phổ biến mà không bắt buộc phải dẫn nguồn?,những loại kiến thức nào được coi là phổ thông và không cần trích dẫn nguồn?,901
loại thông tin nào có tính chất chung chung nên không cần ghi rõ nơi trích dẫn?,những loại kiến thức nào được coi là phổ thông và không cần trích dẫn nguồn?,901
những điều gì thuộc loại kiến thức phổ thông và được miễn trừ việc nêu nguồn gốc?,những loại kiến thức nào được coi là phổ thông và không cần trích dẫn nguồn?,901
vấn đề gì được nhận định là thuộc kiến thức đại chúng nên không cần chỉ dẫn tài liệu?,những loại kiến thức nào được coi là phổ thông và không cần trích dẫn nguồn?,901
làm sao để xác định hành vi đạo văn nền tảng trong các công trình nghiên cứu?,thế nào là hành vi đạo văn cơ bản trong sản phẩm học thuật?,902
những biểu hiện cơ bản của việc ăn cắp ý tưởng trong học thuật là gì?,thế nào là hành vi đạo văn cơ bản trong sản phẩm học thuật?,902
hành vi sao chép trái phép trong bài luận thường được nhận diện như thế nào?,thế nào là hành vi đạo văn cơ bản trong sản phẩm học thuật?,902
định nghĩa về việc chiếm đoạt tư duy trong sản phẩm học thuật ra sao?,thế nào là hành vi đạo văn cơ bản trong sản phẩm học thuật?,902
việc đưa ra những thông tin không chính xác về nguồn trích dẫn liệu có bị xem là hành vi ăn cắp ý tưởng hay không?,việc cung cấp sai lệch thông tin tác phẩm được trích dẫn có bị coi là đạo văn không?,903
"khi bản mô tả tác phẩm được dẫn chiếu bị bóp méo sự thật, điều này có được xếp vào danh mục đạo văn?",việc cung cấp sai lệch thông tin tác phẩm được trích dẫn có bị coi là đạo văn không?,903
cung cấp dữ liệu sai về công trình đã tham khảo có phải là một biểu hiện của đạo văn không?,việc cung cấp sai lệch thông tin tác phẩm được trích dẫn có bị coi là đạo văn không?,903
"nếu thông tin liên quan đến tác phẩm trích dẫn bị ghi nhận thiếu chính xác, liệu có bị coi là tước cắp tác phẩm?",việc cung cấp sai lệch thông tin tác phẩm được trích dẫn có bị coi là đạo văn không?,903
làm sao để biết là vi phạm đạo văn hay không khi dùng lại lời của người khác mà không ghi nguồn?,thay đổi từ ngữ của người khác mà không dẫn nguồn có vi phạm đạo văn không?,904
việc vay mượn câu từ của người khác mà không trích dẫn có được xem là đạo văn không?,thay đổi từ ngữ của người khác mà không dẫn nguồn có vi phạm đạo văn không?,904
"khi sao chép lại ngôn ngữ của người ta mà không dẫn chứng nguồn, hành động này có tính chất đạo văn không?",thay đổi từ ngữ của người khác mà không dẫn nguồn có vi phạm đạo văn không?,904
"nếu sử dụng lời văn của người khác mà bỏ qua phần dẫn nguồn, liệu có bị coi là đạo văn?",thay đổi từ ngữ của người khác mà không dẫn nguồn có vi phạm đạo văn không?,904
hành động tổng hợp nội dung từ các nguồn khác để tạo ra sản phẩm của riêng mình mà quên trích dẫn nguồn gốc được định nghĩa như thế nào?,việc chỉnh sửa câu chữ từ nhiều nguồn khác nhau thành sản phẩm của mình mà không dẫn nguồn được gọi là gì?,905
làm sao gọi là khi bạn kết hợp lại lời văn từ nhiều chỗ khác nhau thành của mình nhưng không dẫn chứng nguồn?,việc chỉnh sửa câu chữ từ nhiều nguồn khác nhau thành sản phẩm của mình mà không dẫn nguồn được gọi là gì?,905
thuật ngữ chỉ việc biên tập lại chữ từ nhiều nơi để thành ra sản phẩm của bản thân mà không ghi nhận nguồn gốc là gì?,việc chỉnh sửa câu chữ từ nhiều nguồn khác nhau thành sản phẩm của mình mà không dẫn nguồn được gọi là gì?,905
"khi nào thì gọi là hành vi lấy nội dung từ nhiều nguồn khác, gói gọn lại thành sản phẩm của mình mà không trích dẫn nguồn?",việc chỉnh sửa câu chữ từ nhiều nguồn khác nhau thành sản phẩm của mình mà không dẫn nguồn được gọi là gì?,905
việc giữ nguyên cấu trúc bài viết chỉ đổi vài từ liệu có bị xem là đạo văn hay không?,giữ nguyên cấu trúc đoạn văn nhưng thay đổi cụm từ mà không dẫn nguồn có bị coi là đạo văn không?,906
"nếu không trích dẫn nguồn khi thay đổi cách diễn đạt của đoạn văn, hành động đó có tính chất đạo văn không?",giữ nguyên cấu trúc đoạn văn nhưng thay đổi cụm từ mà không dẫn nguồn có bị coi là đạo văn không?,906
hành động sao chép bố cục nhưng đổi từ vựng mà không ghi nguồn có bị coi là làm gian dối không?,giữ nguyên cấu trúc đoạn văn nhưng thay đổi cụm từ mà không dẫn nguồn có bị coi là đạo văn không?,906
"khi viết lại nội dung với cấu trúc y hệt nhưng dùng từ khác mà không dẫn chứng, có bị quy là đạo văn không?",giữ nguyên cấu trúc đoạn văn nhưng thay đổi cụm từ mà không dẫn nguồn có bị coi là đạo văn không?,906
việc chuyển hóa thông tin của người khác thành lời ăn tiếng nói riêng mình mà không ghi rõ nguồn gốc có bị coi là phạm luật không?,diễn giải nội dung của người khác bằng ngôn ngữ cá nhân mà không dẫn nguồn có vi phạm không?,907
làm sao để định nghĩa hành động tự do sáng tác dựa trên ý tưởng của ai khác mà bỏ qua trích dẫn nguồn?,diễn giải nội dung của người khác bằng ngôn ngữ cá nhân mà không dẫn nguồn có vi phạm không?,907
có tính chất vi phạm hay không khi bạn diễn đạt lại nội dung tác phẩm của người khác bằng cách dùng ngôn ngữ riêng mà không dẫn nguồn?,diễn giải nội dung của người khác bằng ngôn ngữ cá nhân mà không dẫn nguồn có vi phạm không?,907
hành động tái tạo lại nội dung từ người khác mà không công bố nguồn gốc có được xem là sai trái không?,diễn giải nội dung của người khác bằng ngôn ngữ cá nhân mà không dẫn nguồn có vi phạm không?,907
tuy đã dẫn nguồn chính xác theo quy định thì việc khai thác quá nhiều từ tác phẩm người khác liệu có phạm luật không?,dù có trích dẫn đúng quy định nhưng sử dụng quá nhiều nội dung từ tác phẩm khác có bị coi là vi phạm không?,908
"bản thân đã trích dẫn đúng chuẩn mực rồi, vậy nếu lấy quá nhiều nội dung của tác phẩm khác liệu sẽ bị xử lý vi phạm?",dù có trích dẫn đúng quy định nhưng sử dụng quá nhiều nội dung từ tác phẩm khác có bị coi là vi phạm không?,908
"dù nội dung trích dẫn đã tuân thủ quy tắc, nhưng nếu chiếm quá nhiều từ công trình của người khác thì có đáng bị coi là vi phạm hay không?",dù có trích dẫn đúng quy định nhưng sử dụng quá nhiều nội dung từ tác phẩm khác có bị coi là vi phạm không?,908
"việc dẫn nguồn đã đúng luật rồi, thế nhưng nếu dùng quá nhiều phần từ tác phẩm kia liệu có vẫn còn bị quy là vi phạm không?",dù có trích dẫn đúng quy định nhưng sử dụng quá nhiều nội dung từ tác phẩm khác có bị coi là vi phạm không?,908
những hệ quả sẽ ra sao nếu ai đó đặt tiền thuê người làm hộ đồ án nghiên cứu?,hành vi thuê người khác viết hộ sản phẩm học thuật bị xử lý như thế nào?,909
"trường hợp bỏ tiền mướn tay nghề khác soạn thảo luận văn, thì cơ quan sẽ xử lý thế nào?",hành vi thuê người khác viết hộ sản phẩm học thuật bị xử lý như thế nào?,909
"khi sinh viên chuyển việc viết bài cho người thứ ba, hình phạt sẽ như thế nào?",hành vi thuê người khác viết hộ sản phẩm học thuật bị xử lý như thế nào?,909
việc thuê dịch vụ làm thay đồ án học thuật thì bị áp dụng chế tài gì?,hành vi thuê người khác viết hộ sản phẩm học thuật bị xử lý như thế nào?,909
liệu hành động chuyển thể một bộ phận tác phẩm ngoại văn sang tiếng việt mà không công khai nguồn gốc có bị coi là vi phạm hay không?,việc dịch một phần tác phẩm từ tiếng nước ngoài sang tiếng việt mà không ghi rõ nguồn gốc có vi phạm không?,910
khi lấy một đoạn văn bản từ nước ngoài để dịch ra tiếng việt mà không ghi rõ tên tác giả thì có phạm luật không?,việc dịch một phần tác phẩm từ tiếng nước ngoài sang tiếng việt mà không ghi rõ nguồn gốc có vi phạm không?,910
việc biến đổi một phần nội dung từ ngôn ngữ nước ngoài sang tiếng việt mà giấu mất nguồn gốc liệu có đúng quy định?,việc dịch một phần tác phẩm từ tiếng nước ngoài sang tiếng việt mà không ghi rõ nguồn gốc có vi phạm không?,910
có bị xử phạt nếu dịch thuật một đoạn trích từ nước ngoài sang tiếng việt mà không thể hiện rõ xuất xứ?,việc dịch một phần tác phẩm từ tiếng nước ngoài sang tiếng việt mà không ghi rõ nguồn gốc có vi phạm không?,910
hành vi sao chép nguyên văn ý tưởng người khác được gọi bằng thuật ngữ gì?,tự đạo văn là gì?,911
khi nào thì một hành động được xem là vi phạm quy tắc trích dẫn?,tự đạo văn là gì?,911
định nghĩa của việc chiếm đoạt nội dung của người khác là gì?,tự đạo văn là gì?,911
bản chất của hành động đánh cắp tư tưởng được hiểu như thế nào?,tự đạo văn là gì?,911
mức trần cho phần trăm nội dung trùng lặp trong khóa luận của sinh viên được quy định ở con số nào?,tỷ lệ trùng lặp toàn bài tối đa cho phép đối với khóa luận tốt nghiệp sinh viên là bao nhiêu?,912
sinh viên được phép có tỷ lệ lặp lại bao nhiêu phần trăm thì vẫn đảm bảo điều kiện tốt nghiệp?,tỷ lệ trùng lặp toàn bài tối đa cho phép đối với khóa luận tốt nghiệp sinh viên là bao nhiêu?,912
giới hạn tối đa về độ trùng lặp cho bài làm tốt nghiệp của sinh viên là bao nhiêu?,tỷ lệ trùng lặp toàn bài tối đa cho phép đối với khóa luận tốt nghiệp sinh viên là bao nhiêu?,912
con số cho phép cao nhất về mức độ giống nhau so với các nguồn khác trong luận văn của sinh viên là bao nhiêu?,tỷ lệ trùng lặp toàn bài tối đa cho phép đối với khóa luận tốt nghiệp sinh viên là bao nhiêu?,912
tỷ lệ các từ giống nhau so với tài liệu tham khảo được trích dẫn trong luận văn tốt nghiệp nên nằm ở con số nào?,mức độ trùng lặp từ một nguồn tham khảo có trích dẫn đối với khóa luận tốt nghiệp là bao nhiêu?,913
"khi làm khóa luận, giới hạn về số lượng từ trùng khớp với nguồn đã dẫn cần đạt mức bao nhiêu?",mức độ trùng lặp từ một nguồn tham khảo có trích dẫn đối với khóa luận tốt nghiệp là bao nhiêu?,913
mức chấp nhận được cho phần văn bản giống y hệt với tài liệu trích dẫn trong đồ án tốt nghiệp là bao phần trăm?,mức độ trùng lặp từ một nguồn tham khảo có trích dẫn đối với khóa luận tốt nghiệp là bao nhiêu?,913
"đối với luận văn, chỉ số phản ánh độ tương đồng giữa nội dung và nguồn tham khảo được nhắc đến là bao nhiêu?",mức độ trùng lặp từ một nguồn tham khảo có trích dẫn đối với khóa luận tốt nghiệp là bao nhiêu?,913
mức độ cho phép bị trùng toàn văn bản đối với đồ án thạc sĩ là bao nhiêu phần trăm?,tỷ lệ trùng lặp toàn bài tối đa đối với luận văn thạc sĩ là bao nhiêu?,914
giới hạn tối đa về tỷ lệ nội dung giống nhau trong luận án cấp thạc sĩ được quy định là bao nhiêu?,tỷ lệ trùng lặp toàn bài tối đa đối với luận văn thạc sĩ là bao nhiêu?,914
"đối với luận văn thạc sĩ, con số trần về độ lặp lại của toàn bộ bài viết là bao nhiêu?",tỷ lệ trùng lặp toàn bài tối đa đối với luận văn thạc sĩ là bao nhiêu?,914
mức độ cho phép trùng khớp toàn văn bản đối với nghiên cứu thạc sĩ cao nhất là bao nhiêu?,tỷ lệ trùng lặp toàn bài tối đa đối với luận văn thạc sĩ là bao nhiêu?,914
mức giới hạn về phần trăm nội dung trùng nhau được chấp nhận trong luận án tiến sĩ là bao nhiêu?,luận án tiến sĩ cho phép mức độ trùng lặp toàn bài tối đa là bao nhiêu?,915
"trong luận văn cấp tiến sĩ, con số tối đa cho phép về tỷ lệ lặp lại toàn văn bản là bao nhiêu?",luận án tiến sĩ cho phép mức độ trùng lặp toàn bài tối đa là bao nhiêu?,915
"theo quy định, luận án tiến sĩ có thể chứa bao nhiêu phần trăm là các đoạn văn bản giống nhau?",luận án tiến sĩ cho phép mức độ trùng lặp toàn bài tối đa là bao nhiêu?,915
giới hạn tối thượng về độ trùng lặp trên toàn bộ luận án tiến sĩ được đặt ở mức bao nhiêu?,luận án tiến sĩ cho phép mức độ trùng lặp toàn bài tối đa là bao nhiêu?,915
giới hạn tối đa về mức độ lặp lại trong bài báo khoa học kỹ thuật giáo dục của tạp chí là con số nào?,bài báo tạp chí khoa học giáo dục kỹ thuật có tỷ lệ trùng lặp tối đa là bao nhiêu?,916
"đối với các ấn phẩm khoa học về giáo dục kỹ thuật, tỷ lệ nội dung trùng lặp được cho phép cao nhất là bao nhiêu phần trăm?",bài báo tạp chí khoa học giáo dục kỹ thuật có tỷ lệ trùng lặp tối đa là bao nhiêu?,916
mức độ cho phép lặp lại lớn nhất trong các bài đăng lên tạp chí giáo dục kỹ thuật khoa học được quy định như thế nào?,bài báo tạp chí khoa học giáo dục kỹ thuật có tỷ lệ trùng lặp tối đa là bao nhiêu?,916
tạp chí chuyên ngành giáo dục kỹ thuật khoa học quy định giới hạn trùng lặp tối thượng cho bài báo là gì?,bài báo tạp chí khoa học giáo dục kỹ thuật có tỷ lệ trùng lặp tối đa là bao nhiêu?,916
giới hạn tỷ lệ nội dung trùng lặp cho bài báo cáo khoa học cấp trường là bao nhiêu phần trăm?,báo cáo đề tài nghiên cứu khoa học cấp trường có tỷ lệ trùng lặp tối đa là bao nhiêu?,917
quy định về mức độ tối đa cho phép trong việc sao chép nội dung của đề tài nghiên cứu cấp trường như thế nào?,báo cáo đề tài nghiên cứu khoa học cấp trường có tỷ lệ trùng lặp tối đa là bao nhiêu?,917
bài báo cáo khoa học cấp trường được phép có bao nhiêu phần trăm nội dung tương đồng với các nguồn khác?,báo cáo đề tài nghiên cứu khoa học cấp trường có tỷ lệ trùng lặp tối đa là bao nhiêu?,917
mức trần về tỷ lệ trùng lặp được quy định đối với đề tài nghiên cứu khoa học cấp trường là bao nhiêu?,báo cáo đề tài nghiên cứu khoa học cấp trường có tỷ lệ trùng lặp tối đa là bao nhiêu?,917
mức độ giống nhau cao nhất được quy định là bao nhiêu đối với bài nghiên cứu khoa học mà trường tổ chức hội thảo?,bài báo hội thảo khoa học do nhà trường tổ chức có mức trùng lặp tối đa là bao nhiêu?,918
bài viết khoa học do nhà trường sắp xếp hội thảo cho phép có bao nhiêu phần trăm nội dung trùng lặp tối đa?,bài báo hội thảo khoa học do nhà trường tổ chức có mức trùng lặp tối đa là bao nhiêu?,918
giới hạn cho phép về độ lặp lại trong bài báo hội thảo khoa học do đơn vị nhà trường tổ chức là bao nhiêu?,bài báo hội thảo khoa học do nhà trường tổ chức có mức trùng lặp tối đa là bao nhiêu?,918
"khi tổ chức hội thảo khoa học, nhà trường quy định mức độ giống nhau nhiều nhất cho bài báo là bao nhiêu?",bài báo hội thảo khoa học do nhà trường tổ chức có mức trùng lặp tối đa là bao nhiêu?,918
những tài liệu được liệt kê trong mục tham khảo liệu có bị cộng vào chỉ số trùng lặp hay không?,danh mục tài liệu tham khảo có bị tính vào tỷ lệ trùng lặp không?,919
làm sao để biết danh sách nguồn tham khảo có tác động đến phần trăm tương đồng không?,danh mục tài liệu tham khảo có bị tính vào tỷ lệ trùng lặp không?,919
việc đưa các trích dẫn vào mục tài liệu liệu có làm tăng tỷ lệ trùng lặp hay không?,danh mục tài liệu tham khảo có bị tính vào tỷ lệ trùng lặp không?,919
có hay không trường hợp các nguồn tham khảo bị tính toán khi xét về độ trùng lặp?,danh mục tài liệu tham khảo có bị tính vào tỷ lệ trùng lặp không?,919
nội dung ngắn đạt tiêu chí bị lược bỏ khi rà soát trùng lặp thường có đặc điểm gì?,những đoạn nội dung ngắn như thế nào thì được loại trừ khi kiểm tra trùng lặp?,920
khi nào thì các đoạn văn ngắn bị đào thải trong quy trình kiểm tra trùng lặp?,những đoạn nội dung ngắn như thế nào thì được loại trừ khi kiểm tra trùng lặp?,920
những tiêu chuẩn nào khiến các đoạn ngắn bị loại bỏ khỏi danh sách trùng lặp?,những đoạn nội dung ngắn như thế nào thì được loại trừ khi kiểm tra trùng lặp?,920
loại nội dung ngắn nào sẽ không được tính khi rà soát sự giống nhau?,những đoạn nội dung ngắn như thế nào thì được loại trừ khi kiểm tra trùng lặp?,920
khi nào một bài nghiên cứu sẽ không bị xem xét về vấn đề trùng lặp?,trường hợp nào bài báo khoa học được loại trừ khỏi quy định trùng lặp?,921
tình huống dẫn đến việc bài báo khoa học miễn trừ khỏi kiểm tra đạo văn là gì?,trường hợp nào bài báo khoa học được loại trừ khỏi quy định trùng lặp?,921
bài viết khoa học nào sẽ được xem là không thuộc diện phải đối mặt với quy định sao chép?,trường hợp nào bài báo khoa học được loại trừ khỏi quy định trùng lặp?,921
tiêu chí loại trừ bài báo khỏi quy chế về nội dung trùng lặp được áp dụng trong trường hợp nào?,trường hợp nào bài báo khoa học được loại trừ khỏi quy định trùng lặp?,921
những tác động tiêu cực nào mà việc nghiên cứu sai đạo đức mang lại cho các công trình khoa học?,hậu quả chung đối với sản phẩm học thuật vi phạm đạo đức nghiên cứu là gì?,922
sản phẩm học thuật khi vi phạm chuẩn mực đạo đức sẽ chịu hậu quả gì?,hậu quả chung đối với sản phẩm học thuật vi phạm đạo đức nghiên cứu là gì?,922
việc phá vỡ đạo đức trong nghiên cứu ảnh hưởng ra sao đến chất lượng và tính giá trị của các bài viết học thuật?,hậu quả chung đối với sản phẩm học thuật vi phạm đạo đức nghiên cứu là gì?,922
những gì sẽ xảy đến với các kết quả nghiên cứu nếu chúng chứa đựng những hành vi không tuân thủ đạo đức?,hậu quả chung đối với sản phẩm học thuật vi phạm đạo đức nghiên cứu là gì?,922
những trách nhiệm nào cần người viết gánh chịu khi họ vi phạm chuẩn mực trong nghiên cứu?,tác giả vi phạm đạo đức nghiên cứu phải thực hiện những nghĩa vụ gì?,923
"khi một tác giả có hành động trái đạo đức, họ phải làm gì để đối diện với hậu quả?",tác giả vi phạm đạo đức nghiên cứu phải thực hiện những nghĩa vụ gì?,923
vi phạm nguyên tắc đạo đức trong nghiên cứu sẽ bắt buộc người nghiên cứu phải chịu những nghĩa vụ gì?,tác giả vi phạm đạo đức nghiên cứu phải thực hiện những nghĩa vụ gì?,923
những nghĩa vụ cụ thể nào sẽ xuất hiện với người làm nghiên cứu khi họ không tuân thủ đạo đức?,tác giả vi phạm đạo đức nghiên cứu phải thực hiện những nghĩa vụ gì?,923
cơ sở pháp lý nào mà đơn vị đào tạo sẽ dùng để xử lý kỷ luật người lao động khi vi phạm?,nhà trường căn cứ vào đâu để xem xét kỷ luật lao động đối với tác giả vi phạm?,924
dựa trên tiêu chí gì mà ban giám hiệu sẽ xem xét việc kỷ luật đối với tác giả có hành vi vi phạm?,nhà trường căn cứ vào đâu để xem xét kỷ luật lao động đối với tác giả vi phạm?,924
khi nào và căn cứ vào đâu mà trường sẽ đưa ra quyết định kỷ luật đối với người vi phạm?,nhà trường căn cứ vào đâu để xem xét kỷ luật lao động đối với tác giả vi phạm?,924
việc xem xét kỷ luật đối với tác giả vi phạm sẽ được nhà trường thực hiện dựa trên những căn cứ nào?,nhà trường căn cứ vào đâu để xem xét kỷ luật lao động đối với tác giả vi phạm?,924
thời điểm nào văn bản vi phạm chuẩn mực nghiên cứu sẽ được chuyển cho cơ quan có thẩm quyền để xử lý hình sự?,khi nào hồ sơ vi phạm đạo đức nghiên cứu bị gửi đến cơ quan chức năng xử lý theo pháp luật?,925
cơ quan chức năng sẽ thụ lý hồ sơ sai phạm trong nghiên cứu theo quy định pháp luật vào lúc nào?,khi nào hồ sơ vi phạm đạo đức nghiên cứu bị gửi đến cơ quan chức năng xử lý theo pháp luật?,925
khi nào thì bộ hồ sơ chứa thông tin vi phạm đạo đức nghiên cứu bị chuyển giao để cơ quan nhà nước can thiệp?,khi nào hồ sơ vi phạm đạo đức nghiên cứu bị gửi đến cơ quan chức năng xử lý theo pháp luật?,925
vấn đề xử lý pháp lý đối với hồ sơ nghiên cứu phạm lỗi sẽ được triển khai vào thời gian nào?,khi nào hồ sơ vi phạm đạo đức nghiên cứu bị gửi đến cơ quan chức năng xử lý theo pháp luật?,925
"trước khi bảo vệ luận văn, nếu phát hiện hành vi đạo văn, sinh viên cần xử lý ra sao?","nếu phát hiện đạo văn lần thứ nhất trước khi bảo vệ, người học phải làm gì?",926
"trong trường hợp bị chỉ trích đạo văn ngay trước thời điểm bảo vệ, người học phải đối mặt với hậu quả gì?","nếu phát hiện đạo văn lần thứ nhất trước khi bảo vệ, người học phải làm gì?",926
làm thế nào để giải quyết vấn đề đạo văn lần đầu tiên nếu nó lộ ra trước buổi bảo vệ?,"nếu phát hiện đạo văn lần thứ nhất trước khi bảo vệ, người học phải làm gì?",926
"nếu phát hiện ai đó đạo văn trước khi tiến hành bảo vệ, người liên quan cần thực hiện bước gì tiếp theo?","nếu phát hiện đạo văn lần thứ nhất trước khi bảo vệ, người học phải làm gì?",926
"đợt bảo vệ sắp tới, sinh viên nào sẽ gặp tình trạng bị dừng học tập?",người học sẽ bị đình chỉ bảo vệ trong đợt đó khi nào?,927
vào thời điểm nào mà việc bảo vệ luận án sẽ bị tạm ngưng đối với người tham gia?,người học sẽ bị đình chỉ bảo vệ trong đợt đó khi nào?,927
ai sẽ phải chịu cảnh ngừng hẳn quy trình bảo vệ trong kỳ này và vào lúc nào?,người học sẽ bị đình chỉ bảo vệ trong đợt đó khi nào?,927
khi nào thì một học viên sẽ bị cắt đứt quyền tham gia bảo vệ tại đợt hiện tại?,người học sẽ bị đình chỉ bảo vệ trong đợt đó khi nào?,927
"nếu sản phẩm tiếp tục vi phạm đạo văn trong kỳ báo cáo hoặc bảo vệ sau này, hậu quả sẽ ra sao?",điều gì xảy ra nếu sản phẩm vẫn vi phạm đạo văn trong đợt báo cáo/bảo vệ kế tiếp?,928
hãy cho biết kết quả của việc vẫn giữ nguyên lỗi đạo văn khi đến đợt trình bày kế tiếp.,điều gì xảy ra nếu sản phẩm vẫn vi phạm đạo văn trong đợt báo cáo/bảo vệ kế tiếp?,928
"trong trường hợp sản phẩm còn tái phạm về đạo văn ở những lần báo cáo/bảo vệ sau, điều gì sẽ xảy đến?",điều gì xảy ra nếu sản phẩm vẫn vi phạm đạo văn trong đợt báo cáo/bảo vệ kế tiếp?,928
"nếu tình trạng đạo văn không được khắc phục mà kéo sang đợt trình bày lần sau, hệ quả sẽ thế nào?",điều gì xảy ra nếu sản phẩm vẫn vi phạm đạo văn trong đợt báo cáo/bảo vệ kế tiếp?,928
khi nào bị lộ vấn đề đạo văn giữa lúc trình bày luận án thì sẽ có biện pháp đối phó như thế nào?,"nếu hội đồng phát hiện đạo văn trong lúc đang bảo vệ, hướng xử lý là gì?",929
"nếu ban giám khảo bắt gặp hành vi chép lách trong quá trình bảo vệ, họ sẽ xử lý ra sao?","nếu hội đồng phát hiện đạo văn trong lúc đang bảo vệ, hướng xử lý là gì?",929
"giả sử có tình trạng đạo văn được phát hiện lúc bảo vệ, hậu quả và cách xử lý sẽ là gì?","nếu hội đồng phát hiện đạo văn trong lúc đang bảo vệ, hướng xử lý là gì?",929
"trường hợp hội đồng bắt gặp việc sao chép trong buổi bảo vệ, thì biện pháp phản ứng là gì?","nếu hội đồng phát hiện đạo văn trong lúc đang bảo vệ, hướng xử lý là gì?",929
"nếu lần sau vẫn bị phát hiện sao chép, hậu quả sẽ ra sao?",hậu quả nếu bảo vệ lần thứ hai vẫn vi phạm đạo văn là gì?,930
vi phạm đạo văn ở lượt tiếp theo sẽ dẫn đến những hệ lụy gì?,hậu quả nếu bảo vệ lần thứ hai vẫn vi phạm đạo văn là gì?,930
trường hợp bảo hộ lần thứ hai còn tái hiện lỗi plagiarism thì thế nào?,hậu quả nếu bảo vệ lần thứ hai vẫn vi phạm đạo văn là gì?,930
"khi tái phạm đạo văn trong lần bảo vệ kế tiếp, vấn đề cần đối mặt là gì?",hậu quả nếu bảo vệ lần thứ hai vẫn vi phạm đạo văn là gì?,930
giảng viên phụ trách cần làm gì khi sinh viên của mình vi phạm đạo văn một cách nghiêm trọng?,trách nhiệm của giảng viên hướng dẫn khi người học vi phạm đạo văn nghiêm trọng là gì?,931
hành động cụ thể nào mà người hướng dẫn phải thực hiện khi học viên phạm phải lỗi đạo văn nặng nề?,trách nhiệm của giảng viên hướng dẫn khi người học vi phạm đạo văn nghiêm trọng là gì?,931
"trong trường hợp học viên bị phát hiện làm gian lận học thuật nghiêm trọng, nhiệm vụ của người hướng dẫn là gì?",trách nhiệm của giảng viên hướng dẫn khi người học vi phạm đạo văn nghiêm trọng là gì?,931
"khi người học vi phạm đạo văn ở mức độ cao, giảng viên phụ trách cần hành động ra sao?",trách nhiệm của giảng viên hướng dẫn khi người học vi phạm đạo văn nghiêm trọng là gì?,931
phải làm gì khi bắt gặp vấn đề đạo văn trong bản dự thảo chưa được ra mắt?,xử lý như thế nào nếu phát hiện đạo văn trong bản lưu chiểu chưa công bố?,932
hành động thế nào nếu phát hiện tình trạng sao chép trong tài liệu chưa chính thức phát hành?,xử lý như thế nào nếu phát hiện đạo văn trong bản lưu chiểu chưa công bố?,932
"khi tìm thấy dấu hiệu ăn cắp ý tưởng trong bản lưu chiểu chưa công bố, cần xử lý ra sao?",xử lý như thế nào nếu phát hiện đạo văn trong bản lưu chiểu chưa công bố?,932
làm sao để giải quyết trường hợp bản thảo chưa đăng tải lại bị phát hiện là gian lận học thuật?,xử lý như thế nào nếu phát hiện đạo văn trong bản lưu chiểu chưa công bố?,932
"khi sản phẩm công bố bị phát hiện là đạo văn và đối mặt với kiện tụng, người sáng tạo cần hành động ra sao?",tác giả phải làm gì nếu sản phẩm đã công bố bị phát hiện và thưa kiện về đạo văn?,933
"nếu tác phẩm của mình dính phải vụ bê bối đạo văn và bị kiện, tác giả nên giải quyết vấn đề như thế nào?",tác giả phải làm gì nếu sản phẩm đã công bố bị phát hiện và thưa kiện về đạo văn?,933
"trong trường hợp sản phẩm đã đăng tải bị phát hiện ăn cắp ý tưởng và bị khởi kiện, chủ sở hữu phải làm gì?",tác giả phải làm gì nếu sản phẩm đã công bố bị phát hiện và thưa kiện về đạo văn?,933
"khi bị phát hiện là đạo văn và bị kiện vì sản phẩm đã xuất bản, tác giả cần đối phó thế nào?",tác giả phải làm gì nếu sản phẩm đã công bố bị phát hiện và thưa kiện về đạo văn?,933
"bên cạnh nghĩa vụ pháp lý, tác giả còn bị cơ quan chủ quản áp dụng những hình thức chế tài nào khi sản phẩm của họ bị phát hiện đạo văn?","ngoài trách nhiệm pháp lý, tác giả có sản phẩm đã công bố vi phạm đạo văn còn bị xử lý gì bởi trường?",934
"ngoài việc phải đối mặt với hệ quả pháp lý, tác giả vi phạm đạo văn sẽ chịu thêm những biện pháp xử lý nội bộ ra sao?","ngoài trách nhiệm pháp lý, tác giả có sản phẩm đã công bố vi phạm đạo văn còn bị xử lý gì bởi trường?",934
"trong trường hợp sản phẩm công bố bị chỉ trích vì đạo văn, ngoài trách nhiệm trước pháp luật, nhà trường có định chế tài thêm gì cho tác giả không?","ngoài trách nhiệm pháp lý, tác giả có sản phẩm đã công bố vi phạm đạo văn còn bị xử lý gì bởi trường?",934
"khi bị phát hiện đạo văn, ngoài việc phải gánh chịu hậu quả pháp lý, tác giả sẽ bị đơn vị tổ chức thực hiện những biện pháp trừng phạt gì?","ngoài trách nhiệm pháp lý, tác giả có sản phẩm đã công bố vi phạm đạo văn còn bị xử lý gì bởi trường?",934
tác giả có thời gian bao lâu để phản đối kết quả xử lý vụ việc đạo văn hay không?,thời hạn để tác giả khiếu nại kết quả xử lý đạo văn là bao lâu?,935
khoảng thời gian dành cho việc lên tiếng về kết quả xử lý hành vi đạo văn là bao nhiêu?,thời hạn để tác giả khiếu nại kết quả xử lý đạo văn là bao lâu?,935
nhà văn hóa được bao lâu mới phải nộp đơn phản đối kết quả xử lý bài viết đạo văn?,thời hạn để tác giả khiếu nại kết quả xử lý đạo văn là bao lâu?,935
thời gian cho phép tác giả trình bày ý kiến về kết luận xử lý hành vi làm giả văn bản là bao lâu?,thời hạn để tác giả khiếu nại kết quả xử lý đạo văn là bao lâu?,935
đâu là nơi có quyền hạn để xem xét các khiếu nại liên quan đến hình thức xử lý vấn đề đạo văn?,cơ quan nào có thẩm quyền giải quyết khiếu nại về hình thức xử lý đạo văn?,936
cơ quan nào được phép giải quyết các đơn tố giác về đạo văn theo hình thức xử lý hiện hành?,cơ quan nào có thẩm quyền giải quyết khiếu nại về hình thức xử lý đạo văn?,936
ai là đơn vị chịu trách nhiệm xử lý những phản ánh về cách thức điều tra đạo văn?,cơ quan nào có thẩm quyền giải quyết khiếu nại về hình thức xử lý đạo văn?,936
"về vấn đề đạo văn, cơ quan nào có thẩm quyền để giải quyết các đơn kiện về phương thức xử lý?",cơ quan nào có thẩm quyền giải quyết khiếu nại về hình thức xử lý đạo văn?,936
quyết định giải quyết khiếu nại của hội đồng mang lại hiệu lực ra sao?,quyết định giải quyết khiếu nại của hội đồng có giá trị như thế nào?,937
tính pháp lý của bản quyết định giải quyết khiếu nại từ hội đồng được xác định như thế nào?,quyết định giải quyết khiếu nại của hội đồng có giá trị như thế nào?,937
hiệu lực của quyết định giải quyết khiếu nại do hội đồng ban hành có đặc điểm gì?,quyết định giải quyết khiếu nại của hội đồng có giá trị như thế nào?,937
quyết định giải quyết khiếu nại của hội đồng được công nhận với giá trị thế nào?,quyết định giải quyết khiếu nại của hội đồng có giá trị như thế nào?,937
số điện thoại hay địa chỉ của bộ phận tuyển dụng là đâu?,thông tin liên hệ của phòng đào tạo là gì?,938
làm thế nào để liên lạc với phòng quản lý nhân sự?,thông tin liên hệ của phòng đào tạo là gì?,938
ai là người chịu trách nhiệm tiếp nhận liên hệ tại phòng đào tạo?,thông tin liên hệ của phòng đào tạo là gì?,938
bạn có thể cung cấp phương thức kết nối với ban huấn luyện không?,thông tin liên hệ của phòng đào tạo là gì?,938
bên nào đứng ra tổ chức và điều hành công tác huấn luyện này?,đơn vị nào phụ trách xây dựng và quản lý chương trình đào tạo?,939
cơ quan chủ quản cho việc lập kế hoạch cũng như triển khai khóa học là đâu?,đơn vị nào phụ trách xây dựng và quản lý chương trình đào tạo?,939
ai là người chịu trách nhiệm vận hành toàn bộ quy trình đào tạo?,đơn vị nào phụ trách xây dựng và quản lý chương trình đào tạo?,939
bộ phận nào đảm nhận cả việc xây dựng lẫn giám sát chương trình học?,đơn vị nào phụ trách xây dựng và quản lý chương trình đào tạo?,939
ai là người chịu trách nhiệm xây dựng kế hoạch cho học kỳ và cả năm học?,đơn vị nào lập kế hoạch học kỳ và năm học?,940
bên nào đã soạn thảo các phương án triển khai cho từng kỳ và toàn năm?,đơn vị nào lập kế hoạch học kỳ và năm học?,940
hãy chỉ ra bộ phận nắm giữ công việc lập kế hoạch cho năm và kỳ học này.,đơn vị nào lập kế hoạch học kỳ và năm học?,940
ai là đơn vị chủ trì việc đưa ra kế hoạch dạy học trong năm và các học kỳ?,đơn vị nào lập kế hoạch học kỳ và năm học?,940
vậy tôi nên gọi cho ai để đăng ký lớp và biết lịch học?,tôi cần liên hệ đâu để đăng ký môn học và xem thời khóa biểu?,941
ai chịu trách nhiệm nhận hồ sơ đăng ký môn và cung cấp thời gian biểu?,tôi cần liên hệ đâu để đăng ký môn học và xem thời khóa biểu?,941
"nếu muốn tham gia lớp học, tôi cần liên hệ phòng ban nào để lấy lịch và đăng ký?",tôi cần liên hệ đâu để đăng ký môn học và xem thời khóa biểu?,941
"để biết lịch giảng dạy và hoàn thành việc đăng ký, tôi phải tìm số điện thoại của ai?",tôi cần liên hệ đâu để đăng ký môn học và xem thời khóa biểu?,941
cơ quan nào phụ trách việc theo dõi thành tích và lưu trữ hồ sơ sinh viên?,đơn vị nào quản lý điểm số và hồ sơ học vụ của sinh viên?,942
bên nào có trách nhiệm nắm giữ điểm số cũng như các hồ sơ liên quan đến học tập của bạn?,đơn vị nào quản lý điểm số và hồ sơ học vụ của sinh viên?,942
ai là người chịu nhiệm vụ quản lý các chứng chỉ học lực và hồ sơ cá nhân sinh viên?,đơn vị nào quản lý điểm số và hồ sơ học vụ của sinh viên?,942
tổ chức nào giám sát quá trình đánh giá thành tích và bảo quản hồ sơ học vụ cho sinh viên?,đơn vị nào quản lý điểm số và hồ sơ học vụ của sinh viên?,942
ai là người tôi cần liên hệ khi muốn điều chỉnh hay chuyển đổi điểm số?,tôi muốn nộp đơn đính chính điểm hoặc chuyển điểm thì liên hệ đâu?,943
cơ quan nào chịu trách nhiệm giải quyết các vấn đề về sửa đổi hoặc thay đổi điểm?,tôi muốn nộp đơn đính chính điểm hoặc chuyển điểm thì liên hệ đâu?,943
làm sao để tìm đường liên hệ nhằm thực hiện việc chỉnh sửa hoặc di chuyển điểm?,tôi muốn nộp đơn đính chính điểm hoặc chuyển điểm thì liên hệ đâu?,943
bạn có thể chỉ cho tôi biết bộ phận nào tiếp nhận hồ sơ đính chính hoặc chuyển hạng điểm không?,tôi muốn nộp đơn đính chính điểm hoặc chuyển điểm thì liên hệ đâu?,943
tổ chức nào phụ trách việc chuyển đổi các điểm ngoại ngữ?,quy trình chuyển điểm ngoại ngữ do đơn vị nào thực hiện?,944
ai là bên thực hiện quá trình di chuyển điểm thi ngoại ngữ?,quy trình chuyển điểm ngoại ngữ do đơn vị nào thực hiện?,944
đơn vị chịu trách nhiệm cho hoạt động đổi điểm ngoại ngữ là ai?,quy trình chuyển điểm ngoại ngữ do đơn vị nào thực hiện?,944
bộ phận nào tiến hành công việc chuyển đổi điểm số ngoại ngữ?,quy trình chuyển điểm ngoại ngữ do đơn vị nào thực hiện?,944
ai là đơn vị phụ trách công tác xét cảnh báo cũng như xét tốt nghiệp?,đơn vị nào thực hiện xét cảnh báo học vụ và xét tốt nghiệp?,945
cơ quan nào chịu trách nhiệm xem xét hồ sơ để cảnh báo và cấp bằng tốt nghiệp?,đơn vị nào thực hiện xét cảnh báo học vụ và xét tốt nghiệp?,945
bộ phận nào đứng ra làm thủ tục xét cảnh báo học vụ và xét tốt nghiệp?,đơn vị nào thực hiện xét cảnh báo học vụ và xét tốt nghiệp?,945
tổ chức nào đảm nhận việc đánh giá để cảnh báo và cho phép sinh viên tốt nghiệp?,đơn vị nào thực hiện xét cảnh báo học vụ và xét tốt nghiệp?,945
tôi muốn biết nơi nào có thể nhận được bảng điểm và chứng nhận tốt nghiệp?,tôi có thể xin cấp bảng điểm và giấy chứng nhận tốt nghiệp ở đâu?,946
làm thế nào để tôi có thể đặt lời yêu cầu cấp bằng tốt nghiệp cùng bảng điểm?,tôi có thể xin cấp bảng điểm và giấy chứng nhận tốt nghiệp ở đâu?,946
địa điểm nào cung cấp dịch vụ in ấn và cấp phát giấy tờ tốt nghiệp cho sinh viên?,tôi có thể xin cấp bảng điểm và giấy chứng nhận tốt nghiệp ở đâu?,946
bạn chỉ giúp tôi tìm cơ quan nào để làm thủ tục lấy kết quả học tập và giấy xác nhận?,tôi có thể xin cấp bảng điểm và giấy chứng nhận tốt nghiệp ở đâu?,946
tổ chức nào chịu trách nhiệm cấp và in ấn bằng cấp?,đơn vị nào quản lý và in bằng tốt nghiệp?,947
ai là nơi thực hiện công việc trao và phát hành giấy chứng nhận tốt nghiệp?,đơn vị nào quản lý và in bằng tốt nghiệp?,947
cơ quan nào lo việc trao và sản xuất bằng tốt nghiệp cho sinh viên?,đơn vị nào quản lý và in bằng tốt nghiệp?,947
bộ phận nào đảm nhận nhiệm vụ cấp và làm ra bằng cử nhân?,đơn vị nào quản lý và in bằng tốt nghiệp?,947
đơn vị nào chịu trách nhiệm lo việc tổ chức cho bài thi đánh giá ngoại ngữ đầu vào cũng như đầu ra?,kỳ thi kiểm tra trình độ ngoại ngữ đầu vào và đầu ra do ai tổ chức?,948
ai là người đứng ra chỉ đạo và thực hiện việc tổ chức các kỳ kiểm tra năng lực ngoại ngữ ở hai mức đầu vào lẫn đầu ra?,kỳ thi kiểm tra trình độ ngoại ngữ đầu vào và đầu ra do ai tổ chức?,948
hãy cho biết ai đảm nhận vai trò tổ chức cho các bài kiểm tra trình độ ngoại ngữ với cả hai dạng đầu vào và đầu ra.,kỳ thi kiểm tra trình độ ngoại ngữ đầu vào và đầu ra do ai tổ chức?,948
người tổ chức các kỳ thi đo lường ngoại ngữ cho sinh viên mới và sinh viên cũ là ai vậy?,kỳ thi kiểm tra trình độ ngoại ngữ đầu vào và đầu ra do ai tổ chức?,948
"tôi đang gặp lúng túng với phần đăng ký online, vậy nên liên hệ ai?",tôi gặp khó khăn khi sử dụng trang đăng ký môn học online thì liên hệ đâu?,949
khi dùng hệ thống ghi danh trực tuyến bị vướng mắc thì báo cho bộ phận nào?,tôi gặp khó khăn khi sử dụng trang đăng ký môn học online thì liên hệ đâu?,949
"phần mềm đăng ký môn học kia tôi không thao tác được, xin hỏi liên hệ số điện thoại nào?",tôi gặp khó khăn khi sử dụng trang đăng ký môn học online thì liên hệ đâu?,949
vậy nếu quá trình chọn lớp trực tuyến gặp vấn đề thì nên tìm người chịu trách nhiệm ở đâu?,tôi gặp khó khăn khi sử dụng trang đăng ký môn học online thì liên hệ đâu?,949
làm thế nào để liên hệ với bộ phận phụ trách sinh viên và tuyển sinh?,thông tin liên hệ của phòng tuyển sinh và công tác sinh viên là gì?,950
số điện thoại hoặc địa chỉ của văn phòng tuyển dụng và công tác sinh viên có thể cung cấp được không?,thông tin liên hệ của phòng tuyển sinh và công tác sinh viên là gì?,950
người ta có thể tìm đâu ra thông tin kết nối với phòng ban quản lý sinh viên và tuyển sinh?,thông tin liên hệ của phòng tuyển sinh và công tác sinh viên là gì?,950
ai là người chịu trách nhiệm tiếp nhận liên hệ cho mảng công tác sinh viên cũng như tuyển sinh?,thông tin liên hệ của phòng tuyển sinh và công tác sinh viên là gì?,950
bộ phận nào có nhiệm vụ phát hành thẻ sinh viên và ấn định mã số cho sinh viên?,đơn vị nào phụ trách làm thẻ sinh viên và cấp mã số sinh viên?,951
ai là người chịu trách nhiệm tạo ra thẻ sinh viên cũng như cấp phát mã định danh cho bạn?,đơn vị nào phụ trách làm thẻ sinh viên và cấp mã số sinh viên?,951
cơ quan nào quản lý việc làm thẻ và gán mã số riêng cho sinh viên?,đơn vị nào phụ trách làm thẻ sinh viên và cấp mã số sinh viên?,951
việc cấp thẻ sinh viên và mã số được giao cho đơn vị nào thực hiện?,đơn vị nào phụ trách làm thẻ sinh viên và cấp mã số sinh viên?,951
"nếu định xin dừng học hoặc chấm dứt chương trình, mình cần liên hệ số nào?",tôi muốn làm thủ tục tạm dừng học hoặc thôi học thì liên hệ đâu?,952
"việc tạm ngừng hay nghỉ học, bộ phận nào phụ trách giải quyết cho mình?",tôi muốn làm thủ tục tạm dừng học hoặc thôi học thì liên hệ đâu?,952
"để làm thủ tục nghỉ hoặc tạm dừng học tập, địa chỉ liên hệ là ở đâu?",tôi muốn làm thủ tục tạm dừng học hoặc thôi học thì liên hệ đâu?,952
mình muốn biết số điện thoại để xin phép dừng hoặc thôi học thì làm sao ạ?,tôi muốn làm thủ tục tạm dừng học hoặc thôi học thì liên hệ đâu?,952
cơ quan nào có thẩm quyền cấp giấy xác nhận cho sinh viên vay vốn tín dụng?,đơn vị nào cấp giấy xác nhận vay vốn tín dụng cho sinh viên?,953
ai là đơn vị chịu trách nhiệm cấp giấy xác nhận vay vốn tín dụng cho sinh viên?,đơn vị nào cấp giấy xác nhận vay vốn tín dụng cho sinh viên?,953
đơn vị nào được giao nhiệm vụ xác nhận và cấp giấy vay vốn cho sinh viên?,đơn vị nào cấp giấy xác nhận vay vốn tín dụng cho sinh viên?,953
giấy xác nhận vay vốn tín dụng cho sinh viên do cơ quan nào cấp?,đơn vị nào cấp giấy xác nhận vay vốn tín dụng cho sinh viên?,953
phòng nào chịu trách nhiệm cấp giấy xác nhận sinh viên vậy?,tôi cần xin giấy chứng nhận sinh viên thì liên hệ phòng nào?,954
ai là bộ phận liên hệ để làm thủ tục xin giấy chứng nhận học sinh?,tôi cần xin giấy chứng nhận sinh viên thì liên hệ phòng nào?,954
"muốn được cấp giấy xác nhận sinh viên, mình cần đến phòng ban nào?",tôi cần xin giấy chứng nhận sinh viên thì liên hệ phòng nào?,954
bạn chỉ giúp mình biết đơn vị nào đứng đầu việc phát giấy chứng nhận sinh viên nhé.,tôi cần xin giấy chứng nhận sinh viên thì liên hệ phòng nào?,954
cơ quan nào chịu trách nhiệm xử lý các chính sách về giảm học phí và hỗ trợ xã hội?,đơn vị nào giải quyết các chính sách miễn giảm học phí và trợ cấp xã hội?,955
ai là đơn vị được giao nhiệm vụ triển khai các gói hỗ trợ tài chính và miễn giảm cho sinh viên?,đơn vị nào giải quyết các chính sách miễn giảm học phí và trợ cấp xã hội?,955
chính sách miễn giảm học phí cùng các khoản trợ cấp xã hội sẽ được cơ quan nào thực hiện?,đơn vị nào giải quyết các chính sách miễn giảm học phí và trợ cấp xã hội?,955
bạn có thể chỉ tôi đơn vị nào phụ trách các vấn đề về hỗ trợ kinh phí và giảm giá học tập không?,đơn vị nào giải quyết các chính sách miễn giảm học phí và trợ cấp xã hội?,955
bộ phận nào chịu trách nhiệm quản lý các suất hỗ trợ tài chính dành cho sinh viên?,việc xét học bổng khuyến khích học tập do đơn vị nào phụ trách?,956
ai là nơi làm chính cho việc phân công các khoản tiền thưởng khi thành tích học tập xuất sắc?,việc xét học bổng khuyến khích học tập do đơn vị nào phụ trách?,956
cơ quan nào tiến hành công tác trao tặng hỗ trợ về học phí cho những bạn học giỏi?,việc xét học bổng khuyến khích học tập do đơn vị nào phụ trách?,956
tổ chức nào lo liệu phần thưởng mang tính động viên khi kết quả thi cử đạt yêu cầu?,việc xét học bổng khuyến khích học tập do đơn vị nào phụ trách?,956
cơ quan nào chịu trách nhiệm giám sát công tác xã hội cũng như chấm điểm rèn luyện?,đơn vị nào quản lý việc đánh giá điểm rèn luyện và công tác xã hội?,957
ai là bên thực hiện việc xét duyệt điểm sinh viên và các hoạt động xã hội?,đơn vị nào quản lý việc đánh giá điểm rèn luyện và công tác xã hội?,957
bộ phận nào đảm nhận nhiệm vụ đánh giá thành tích và công tác đoàn thể của sinh viên?,đơn vị nào quản lý việc đánh giá điểm rèn luyện và công tác xã hội?,957
tổ chức nào có thẩm quyền phê duyệt kết quả rèn luyện cũng như hoạt động cộng đồng?,đơn vị nào quản lý việc đánh giá điểm rèn luyện và công tác xã hội?,957
đơn vị nào là nơi chịu trách nhiệm tổ chức tuần sinh hoạt dành cho sinh viên và công dân?,tuần sinh hoạt công dân - sinh viên do đơn vị nào tổ chức?,958
ai đứng ra chủ trì buổi sinh hoạt chung giữa sinh viên và cộng đồng trong tuần này?,tuần sinh hoạt công dân - sinh viên do đơn vị nào tổ chức?,958
ban tổ chức của hoạt động sinh hoạt dành cho sinh viên trong tuần là đơn vị nào?,tuần sinh hoạt công dân - sinh viên do đơn vị nào tổ chức?,958
hãy cho biết tổ chức nào đang phụ trách tuần sinh hoạt của sinh viên và công dân?,tuần sinh hoạt công dân - sinh viên do đơn vị nào tổ chức?,958
nơi nào tôi có thể xin lời khuyên về sức khỏe tinh thần và tâm lý?,tôi có thể tìm sự hỗ trợ về tư vấn tâm lý và sức khỏe ở đâu?,959
ai sẵn sàng lắng nghe và chia sẻ vấn đề về mặt tinh thần cho tôi?,tôi có thể tìm sự hỗ trợ về tư vấn tâm lý và sức khỏe ở đâu?,959
làm thế nào để tôi tìm được chỗ dựa cho những khúc mắc trong tâm hồn?,tôi có thể tìm sự hỗ trợ về tư vấn tâm lý và sức khỏe ở đâu?,959
ở đâu có thể gặp chuyên gia để được giải tỏa căng thẳng và lo âu?,tôi có thể tìm sự hỗ trợ về tư vấn tâm lý và sức khỏe ở đâu?,959
cơ quan nào chịu trách nhiệm điều phối công tác tư vấn học tập?,đơn vị nào quản lý hệ thống cố vấn học tập?,960
tổ chức nào được giao nhiệm vụ quản lý hệ thống tư vấn cho sinh viên?,đơn vị nào quản lý hệ thống cố vấn học tập?,960
bên nào đảm nhận vai trò vận hành dịch vụ cố vấn học đường?,đơn vị nào quản lý hệ thống cố vấn học tập?,960
ai là đơn vị đứng đầu trong việc quản lý mảng tư vấn sinh viên?,đơn vị nào quản lý hệ thống cố vấn học tập?,960
"đối với những buổi sinh hoạt văn hóa, thi đấu thể dục hay các nhóm câu lạc bộ, tôi cần liên hệ với ai thì được?","tôi muốn tham gia các hoạt động văn nghệ, thể thao và câu lạc bộ thì liên hệ đâu?",961
"muốn được biết đường liên hệ để đăng ký tham gia các môn nghệ thuật, thể thao và các hội nhóm, bạn vui lòng chỉ dẫn?","tôi muốn tham gia các hoạt động văn nghệ, thể thao và câu lạc bộ thì liên hệ đâu?",961
"những kênh nào là nơi tôi có thể kết nối để gia nhập các hoạt động nghệ thuật, thi đấu và các câu lạc bộ?","tôi muốn tham gia các hoạt động văn nghệ, thể thao và câu lạc bộ thì liên hệ đâu?",961
"ai là người chịu trách nhiệm tiếp nhận hồ sơ cho các sự kiện văn nghệ, bộ môn thể thao và các nhóm cộng đồng?","tôi muốn tham gia các hoạt động văn nghệ, thể thao và câu lạc bộ thì liên hệ đâu?",961
làm sao để liên lạc được với phòng kế hoạch tài chính?,thông tin liên hệ của phòng kế hoạch tài chính là gì?,962
số điện thoại hay địa chỉ của bộ phận kế hoạch tài chính là gì?,thông tin liên hệ của phòng kế hoạch tài chính là gì?,962
ai là người phụ trách việc liên lạc cho phòng kế hoạch tài chính?,thông tin liên hệ của phòng kế hoạch tài chính là gì?,962
có thể cung cấp thông tin liên hệ của phòng kế hoạch tài chính cho tôi không?,thông tin liên hệ của phòng kế hoạch tài chính là gì?,962
"để thanh toán học phí và yêu cầu hóa đơn, tôi nên liên hệ bộ phận nào?",tôi cần nộp học phí và lấy hóa đơn thì liên hệ phòng nào?,963
bộ phận nào chịu trách nhiệm hỗ trợ việc đóng tiền và xuất hóa đơn?,tôi cần nộp học phí và lấy hóa đơn thì liên hệ phòng nào?,963
ai là người nhận hồ sơ nộp lệ phí và phát hành giấy tờ xác nhận?,tôi cần nộp học phí và lấy hóa đơn thì liên hệ phòng nào?,963
"nếu muốn đóng học phí cùng lúc lấy hóa đơn, tôi cần tìm phòng ban nào?",tôi cần nộp học phí và lấy hóa đơn thì liên hệ phòng nào?,963
sinh viên sẽ nhận được học bổng và khoản tiền khen thưởng trực tiếp từ tổ chức nào?,đơn vị nào trực tiếp chi trả học bổng và tiền khen thưởng cho sinh viên?,964
cơ quan nào có trách nhiệm giải ngân cho phần thưởng và học bổng dành cho sinh viên?,đơn vị nào trực tiếp chi trả học bổng và tiền khen thưởng cho sinh viên?,964
ai là đơn vị đứng ra bỏ tiền ra để chi trả các khoản học bổng cùng tiền khen thưởng?,đơn vị nào trực tiếp chi trả học bổng và tiền khen thưởng cho sinh viên?,964
nguồn kinh phí cho học bổng và tiền khen thưởng được cấp trực tiếp bởi bên nào?,đơn vị nào trực tiếp chi trả học bổng và tiền khen thưởng cho sinh viên?,964
tôi cần làm gì để nhận được giấy xác nhận đã đóng học phí nhằm phục vụ xét tốt nghiệp?,làm sao để lấy xác nhận tình trạng đóng học phí phục vụ xét tốt nghiệp?,965
làm thế nào để lấy chứng từ xác nhận tiền học phí đã nộp cho công tác xét tốt nghiệp?,làm sao để lấy xác nhận tình trạng đóng học phí phục vụ xét tốt nghiệp?,965
cách nào để lấy xác nhận tình trạng đóng học phí dùng khi xét tốt nghiệp?,làm sao để lấy xác nhận tình trạng đóng học phí phục vụ xét tốt nghiệp?,965
"để phục vụ hồ sơ xét tốt nghiệp, tôi nên làm gì nhằm có xác nhận đã đóng học phí?",làm sao để lấy xác nhận tình trạng đóng học phí phục vụ xét tốt nghiệp?,965
làm sao để liên lạc với bộ phận hành chính tổ chức?,thông tin liên hệ của phòng tổ chức hành chính là gì?,966
bộ phận tổ chức hành chính có thể cung cấp thông tin liên hệ như thế nào?,thông tin liên hệ của phòng tổ chức hành chính là gì?,966
ai là người chịu trách nhiệm giữ dữ liệu liên hệ của phòng tổ chức hành chính?,thông tin liên hệ của phòng tổ chức hành chính là gì?,966
hãy cho biết đường dây nóng hoặc địa chỉ liên hệ của bộ phận hành chính tổ chức.,thông tin liên hệ của phòng tổ chức hành chính là gì?,966
ai sẽ giúp tôi xin lịch hẹn với ban lãnh đạo?,tôi muốn đăng ký lịch gặp ban giám hiệu thì liên hệ đâu?,967
tôi cần liên hệ bộ phận nào để đặt cuộc gặp gỡ với cấp trên?,tôi muốn đăng ký lịch gặp ban giám hiệu thì liên hệ đâu?,967
làm thế nào để tôi xin được lịch trình gặp gỡ ban giám đốc?,tôi muốn đăng ký lịch gặp ban giám hiệu thì liên hệ đâu?,967
số điện thoại hay địa chỉ nào dùng để đăng ký gặp lãnh đạo?,tôi muốn đăng ký lịch gặp ban giám hiệu thì liên hệ đâu?,967
tổ chức nào chịu trách nhiệm cung cấp và cho thuê các hội trường rộng lớn cho việc tổ chức lễ hội?,đơn vị nào quản lý và cho mượn các hội trường lớn để tổ chức sự kiện?,968
ai là cơ sở được giao nhiệm vụ cho phép sử dụng các phòng hội họp lớn để diễn ra các buổi họp?,đơn vị nào quản lý và cho mượn các hội trường lớn để tổ chức sự kiện?,968
cơ quan nào có thẩm quyền quản lý và cho phép thuê các không gian hội trường lớn để tổ chức chương trình?,đơn vị nào quản lý và cho mượn các hội trường lớn để tổ chức sự kiện?,968
đơn vị nào được chỉ định để cung cấp các hội trường lớn nhằm phục vụ cho các hoạt động tổ chức sự kiện?,đơn vị nào quản lý và cho mượn các hội trường lớn để tổ chức sự kiện?,968
"tôi cần liên hệ cơ quan nào để phàn nàn về cách ứng xử của viên chức, giảng viên?","tôi muốn khiếu nại về thái độ của cán bộ, giảng viên thì liên hệ đâu?",969
ai là người chịu trách nhiệm tiếp nhận đơn tố cáo thái độ làm việc thiếu chuẩn mực của giảng viên?,"tôi muốn khiếu nại về thái độ của cán bộ, giảng viên thì liên hệ đâu?",969
"nếu không hài lòng với phong thái của cán bộ hay giảng viên, tôi nên tìm bộ phận nào?","tôi muốn khiếu nại về thái độ của cán bộ, giảng viên thì liên hệ đâu?",969
tôi phải tìm đường đến đâu để trình bày sự bất bình về thái độ của nhân viên hay giảng viên?,"tôi muốn khiếu nại về thái độ của cán bộ, giảng viên thì liên hệ đâu?",969
số điện thoại hay địa chỉ của bộ phận an ninh và đội bảo vệ trường học có thể cung cấp được không?,thông tin liên hệ của ban an ninh trật tự - đội bảo vệ trường là gì?,970
làm sao để tìm được đường dây nóng của ban giữ gìn trật tự cũng như đội cảnh vệ tại cơ sở giáo dục này?,thông tin liên hệ của ban an ninh trật tự - đội bảo vệ trường là gì?,970
ai là người chịu trách nhiệm liên lạc trong trường hợp cần hỗ trợ an ninh hay bảo vệ tại trường?,thông tin liên hệ của ban an ninh trật tự - đội bảo vệ trường là gì?,970
địa điểm hay số liên hệ để gặp ban an ninh trật tự và đội bảo vệ trường nằm ở đâu?,thông tin liên hệ của ban an ninh trật tự - đội bảo vệ trường là gì?,970
"trong tình huống tôi gặp vấn đề về an ninh hoặc bị mất mát tài sản tại trường, tôi cần liên hệ với ai?",tôi bị mất tài sản hoặc gặp sự cố an ninh trong trường thì báo cho ai?,971
ai là người cần được thông báo khi tôi xảy ra sự cố bảo vệ hoặc mất đồ ở nơi học?,tôi bị mất tài sản hoặc gặp sự cố an ninh trong trường thì báo cho ai?,971
"trường hợp xảy ra mất mát hoặc bất an tại cơ sở, tôi phải nhắn tin cho bộ phận nào?",tôi bị mất tài sản hoặc gặp sự cố an ninh trong trường thì báo cho ai?,971
"nếu tôi gặp chuyện bất trắc hoặc bị thất lạc đồ đạc trong khuôn viên, tôi cần báo cho ai?",tôi bị mất tài sản hoặc gặp sự cố an ninh trong trường thì báo cho ai?,971
cơ quan nào có trách nhiệm tổ chức lớp đào tạo kỹ năng chữa cháy và phòng ngừa cho sinh viên?,đơn vị nào tổ chức tập huấn kỹ năng phòng cháy chữa cháy cho sinh viên?,972
ai là đơn vị chủ trì việc huấn luyện an toàn phòng cháy cho các bạn sinh viên?,đơn vị nào tổ chức tập huấn kỹ năng phòng cháy chữa cháy cho sinh viên?,972
bên nào đứng ra tổ chức chương trình bồi dưỡng kỹ năng thoát hiểm và chữa cháy cho sinh viên?,đơn vị nào tổ chức tập huấn kỹ năng phòng cháy chữa cháy cho sinh viên?,972
đơn vị nào đảm nhận công tác tập huấn kỹ năng pccc dành riêng cho sinh viên?,đơn vị nào tổ chức tập huấn kỹ năng phòng cháy chữa cháy cho sinh viên?,972
ai là người phụ trách việc liên lạc cho bộ phận quản lý tài sản tại đây?,thông tin liên hệ của phòng quản trị cơ sở vật chất là gì?,973
số điện thoại hay địa chỉ liên hệ của ban quản trị cơ sở vật chất là bao nhiêu?,thông tin liên hệ của phòng quản trị cơ sở vật chất là gì?,973
có thể cung cấp cho tôi thông tin kết nối của đơn vị quản lý công trình không?,thông tin liên hệ của phòng quản trị cơ sở vật chất là gì?,973
làm thế nào để tôi liên hệ được với bộ phận trông nom cơ sở vật chất?,thông tin liên hệ của phòng quản trị cơ sở vật chất là gì?,973
"nếu dự định dùng làm không gian tự học hay sinh hoạt nhóm, tôi cần liên hệ bộ phận nào?",tôi muốn mượn phòng học để tự học hoặc sinh hoạt clb thì liên hệ đâu?,974
tôi cần liên hệ đơn vị gì để xin phép sử dụng phòng cho việc học tập cá nhân hoặc các hoạt động câu lạc bộ?,tôi muốn mượn phòng học để tự học hoặc sinh hoạt clb thì liên hệ đâu?,974
ai là người chịu trách nhiệm quản lý việc cấp phép phòng học cho nhu cầu tự học hay sinh hoạt tập thể?,tôi muốn mượn phòng học để tự học hoặc sinh hoạt clb thì liên hệ đâu?,974
"để được hỗ trợ mượn phòng nhằm mục đích nghiên cứu hoặc tổ chức sinh hoạt, tôi nên liên hệ ai?",tôi muốn mượn phòng học để tự học hoặc sinh hoạt clb thì liên hệ đâu?,974
bên nào chịu trách nhiệm trông coi khu vực ăn uống và chỗ để xe tại trường?,đơn vị nào quản lý các dịch vụ bãi xe và căn tin trong trường?,975
tổ chức nào đảm nhiệm công việc vận hành căng tin cùng các dịch vụ gửi xe?,đơn vị nào quản lý các dịch vụ bãi xe và căn tin trong trường?,975
ai là đơn vị phụ trách quản lý dịch vụ ăn uống và bãi đỗ xe trong nhà trường?,đơn vị nào quản lý các dịch vụ bãi xe và căn tin trong trường?,975
việc khai thác căn tin và bãi xe tại trường được giao cho bộ phận nào?,đơn vị nào quản lý các dịch vụ bãi xe và căn tin trong trường?,975
"khi nào thiết bị như đèn, quạt hay cửa phòng gặp sự cố thì liên hệ với bộ phận nào?","nếu phòng học bị hỏng đèn, quạt hoặc cửa thì báo cho đơn vị nào?",976
"nếu xảy ra tình trạng hỏng hóc ở quạt, cửa hay đèn nơi học tập, hãy cho biết cần gọi ai?","nếu phòng học bị hỏng đèn, quạt hoặc cửa thì báo cho đơn vị nào?",976
"bộ phận chịu trách nhiệm sửa chữa các hạng mục như cửa, quạt hoặc đèn trong lớp là đơn vị gì?","nếu phòng học bị hỏng đèn, quạt hoặc cửa thì báo cho đơn vị nào?",976
"hãy chỉ rõ cơ quan nào sẽ xử lý khi phòng học gặp vấn đề về điện, cửa sổ hay hệ thống thông gió.","nếu phòng học bị hỏng đèn, quạt hoặc cửa thì báo cho đơn vị nào?",976
địa điểm tiếp nhận đề xuất cải thiện môi trường trường học là đâu nhỉ?,tôi có ý kiến đóng góp về vệ sinh môi trường trong trường thì gửi đâu?,977
"tôi muốn gửi ý kiến về vấn đề vệ sinh nhà trường, bạn cho biết nơi nộp nhé.",tôi có ý kiến đóng góp về vệ sinh môi trường trong trường thì gửi đâu?,977
ai phụ trách thu thập các ý kiến xây dựng liên quan đến bảo vệ môi trường trong trường?,tôi có ý kiến đóng góp về vệ sinh môi trường trong trường thì gửi đâu?,977
"để góp phần làm sạch trường, tôi cần gửi ý kiến của mình vào đâu?",tôi có ý kiến đóng góp về vệ sinh môi trường trong trường thì gửi đâu?,977
số điện thoại của bộ phận phụ trách thiết bị và nguyên vật liệu là bao nhiêu?,thông tin liên hệ của phòng thiết bị - vật tư là gì?,978
làm thế nào để liên lạc với nhóm chuyên quản lý các trang thiết bị?,thông tin liên hệ của phòng thiết bị - vật tư là gì?,978
ai là người chịu trách nhiệm tiếp nhận thông tin cho khoa vật tư?,thông tin liên hệ của phòng thiết bị - vật tư là gì?,978
số hotline để gọi cho phòng chuyên về thiết bị và nguyên liệu là gì?,thông tin liên hệ của phòng thiết bị - vật tư là gì?,978
cơ quan nào cung ứng dụng cụ thực hành cùng thiết bị cho thí nghiệm cho sinh viên?,đơn vị nào cung cấp vật tư thực tập và thí nghiệm cho sinh viên?,979
bên nào có chức năng trang bị dụng cụ thực tập và vật liệu dùng cho phòng thí nghiệm cho sinh viên?,đơn vị nào cung cấp vật tư thực tập và thí nghiệm cho sinh viên?,979
tổ chức nào chịu trách nhiệm cung cấp cả dụng cụ thực hành lẫn đồ dùng thí nghiệm cho sinh viên?,đơn vị nào cung cấp vật tư thực tập và thí nghiệm cho sinh viên?,979
ai là đơn vị cung ứng các loại dụng cụ cần thiết cho việc thực tập và làm thí nghiệm của sinh viên?,đơn vị nào cung cấp vật tư thực tập và thí nghiệm cho sinh viên?,979
"khi nào thiết bị trình chiếu hay màn hình trong lớp gặp trục trặc, làm cách nào để liên hệ sửa chữa?",tôi cần hỗ trợ khi tivi hoặc máy chiếu trong phòng học bị hỏng thì gọi đâu?,980
"nếu tivi hoặc máy chiếu ở phòng học không hoạt động được, xin vui lòng cung cấp số điện thoại cho bộ phận kỹ thuật.",tôi cần hỗ trợ khi tivi hoặc máy chiếu trong phòng học bị hỏng thì gọi đâu?,980
tôi muốn biết liên hệ ai để được hỗ trợ khi hệ thống hiển thị hình ảnh trong giảng đường bị lỗi.,tôi cần hỗ trợ khi tivi hoặc máy chiếu trong phòng học bị hỏng thì gọi đâu?,980
"trường hợp màn hình hoặc máy chiếu bị hỏng, cần gọi đến số nào để xử lý sự cố?",tôi cần hỗ trợ khi tivi hoặc máy chiếu trong phòng học bị hỏng thì gọi đâu?,980
tổ chức nào chịu trách nhiệm vận hành hệ thống lọc nước sinh hoạt tại trường?,đơn vị nào quản lý hệ thống máy lọc nước uống trong trường?,981
ai là người quản lý hệ thống lọc nước uống cho học sinh ở đây?,đơn vị nào quản lý hệ thống máy lọc nước uống trong trường?,981
bộ phận nào giám sát và bảo trì máy lọc nước dùng trong nhà trường?,đơn vị nào quản lý hệ thống máy lọc nước uống trong trường?,981
cơ quan nào đảm nhận việc điều hành hệ thống cung cấp nước sạch tại đơn vị này?,đơn vị nào quản lý hệ thống máy lọc nước uống trong trường?,981
số điện thoại hay địa chỉ liên lạc của bộ phận khoa học và công nghệ là bao nhiêu?,thông tin liên hệ của phòng khoa học công nghệ là gì?,982
làm thế nào để liên hệ với phòng nghiên cứu khoa học?,thông tin liên hệ của phòng khoa học công nghệ là gì?,982
hãy cho tôi biết cách liên lạc với khoa công nghệ như thế nào.,thông tin liên hệ của phòng khoa học công nghệ là gì?,982
ai là người phụ trách liên hệ trong phòng nghiên cứu khoa học?,thông tin liên hệ của phòng khoa học công nghệ là gì?,982
ai là người phụ trách việc đăng ký đề tài nghiên cứu khoa học nhỉ?,tôi muốn đăng ký đề tài nghiên cứu khoa học thì liên hệ đâu?,983
tôi cần tìm ai để làm thủ tục ghi danh cho đề tài khoa học?,tôi muốn đăng ký đề tài nghiên cứu khoa học thì liên hệ đâu?,983
làm thế nào để tôi có thể nộp hồ sơ đề tài nghiên cứu khoa học?,tôi muốn đăng ký đề tài nghiên cứu khoa học thì liên hệ đâu?,983
"để tham gia dự án nghiên cứu khoa học, tôi phải liên hệ bộ phận nào?",tôi muốn đăng ký đề tài nghiên cứu khoa học thì liên hệ đâu?,983
tổ chức nào giúp sinh viên làm thủ tục đăng ký bản quyền?,đơn vị nào hỗ trợ thủ tục đăng ký bảo hộ quyền sở hữu trí tuệ cho sinh viên?,984
ai là người hỗ trợ sinh viên trong việc xin bảo hộ sở hữu trí tuệ?,đơn vị nào hỗ trợ thủ tục đăng ký bảo hộ quyền sở hữu trí tuệ cho sinh viên?,984
cơ quan gì nhận hồ sơ đăng ký quyền sở hữu trí tuệ cho sinh viên?,đơn vị nào hỗ trợ thủ tục đăng ký bảo hộ quyền sở hữu trí tuệ cho sinh viên?,984
"sinh viên sẽ tìm ai để được hỗ trợ khi cần đăng ký bảo hộ sáng chế, kiểu mẫu...?",đơn vị nào hỗ trợ thủ tục đăng ký bảo hộ quyền sở hữu trí tuệ cho sinh viên?,984
nơi nào tôi có thể tra cứu các hoạt động thi đấu trí tuệ và sân chơi đổi mới sáng tạo?,tôi có thể tìm thông tin về các cuộc thi học thuật và sân chơi sáng tạo ở đâu?,985
làm sao để tôi biết được địa điểm tổ chức các giải đấu học thuật cũng như không gian thử nghiệm ý tưởng?,tôi có thể tìm thông tin về các cuộc thi học thuật và sân chơi sáng tạo ở đâu?,985
các nguồn tin về những kỳ thi tri thức và dịp thể hiện sự sáng tạo thường nằm ở đâu?,tôi có thể tìm thông tin về các cuộc thi học thuật và sân chơi sáng tạo ở đâu?,985
tôi cần đến đâu để tiếp cận thông tin chi tiết về các cuộc đua học vấn và sân chơi đổi mới?,tôi có thể tìm thông tin về các cuộc thi học thuật và sân chơi sáng tạo ở đâu?,985
số điện thoại và địa chỉ của phòng phụ trách quan hệ đối tác là bao nhiêu?,thông tin liên hệ của phòng quan hệ doanh nghiệp là gì?,986
làm thế nào để người khác có thể liên hệ trực tiếp với bộ phận chăm sóc khách hàng doanh nghiệp?,thông tin liên hệ của phòng quan hệ doanh nghiệp là gì?,986
ai sẽ là người chịu trách nhiệm tiếp nhận các cuộc gọi hoặc thư từ từ nhà cung cấp?,thông tin liên hệ của phòng quan hệ doanh nghiệp là gì?,986
"để kết nối với bộ phận làm việc với các doanh nghiệp đối tác, tôi cần gọi đến số nào?",thông tin liên hệ của phòng quan hệ doanh nghiệp là gì?,986
tôi cần liên hệ đơn vị nào để xin thực tập và tìm việc?,tôi muốn tìm cơ hội thực tập và việc làm thì liên hệ đơn vị nào?,987
ai là nơi tôi có thể nhờ để nhận cơ hội làm việc và tập sự?,tôi muốn tìm cơ hội thực tập và việc làm thì liên hệ đơn vị nào?,987
hãy chỉ tôi đơn vị có thể hỗ trợ tìm việc làm và chương trình thực tập.,tôi muốn tìm cơ hội thực tập và việc làm thì liên hệ đơn vị nào?,987
"để xin được thực tập hay nhận việc, tôi nên liên hệ với ai?",tôi muốn tìm cơ hội thực tập và việc làm thì liên hệ đơn vị nào?,987
sinh viên nào có thể tìm được nơi giúp làm việc bán thời gian?,đơn vị nào hỗ trợ giới thiệu việc làm bán thời gian cho sinh viên?,988
ai là tổ chức cung cấp thông tin tuyển dụng bán ngày cho sinh viên?,đơn vị nào hỗ trợ giới thiệu việc làm bán thời gian cho sinh viên?,988
tổ chức nào giúp các bạn sinh viên xin việc linh hoạt theo giờ?,đơn vị nào hỗ trợ giới thiệu việc làm bán thời gian cho sinh viên?,988
có đơn vị nào hỗ trợ giới thiệu công việc bán thời gian dành cho sinh viên không?,đơn vị nào hỗ trợ giới thiệu việc làm bán thời gian cho sinh viên?,988
địa điểm nào tôi sẽ nhận được giấy tạm tốt nghiệp?,tôi có thể nhận giấy chứng nhận tốt nghiệp tạm thời ở đâu?,989
làm thế nào để lấy văn bằng tạm thời của mình?,tôi có thể nhận giấy chứng nhận tốt nghiệp tạm thời ở đâu?,989
ai có thể cung cấp giấy chứng nhận tạm thời cho tôi?,tôi có thể nhận giấy chứng nhận tốt nghiệp tạm thời ở đâu?,989
tôi phải đến đâu mới lấy được bằng tạm thời?,tôi có thể nhận giấy chứng nhận tốt nghiệp tạm thời ở đâu?,989
tổ chức nào chịu trách nhiệm vận hành cổng career hub dành cho việc tìm kiếm công việc?,cổng thông tin career hub phục vụ tìm việc làm do đơn vị nào quản lý?,990
ai là đơn vị quản lý nền tảng career hub hỗ trợ người lao động tìm việc?,cổng thông tin career hub phục vụ tìm việc làm do đơn vị nào quản lý?,990
đơn vị nào đứng sau việc cung cấp dịch vụ tìm việc qua cổng thông tin career hub?,cổng thông tin career hub phục vụ tìm việc làm do đơn vị nào quản lý?,990
ai phụ trách hoạt động của cổng career hub giúp người dùng tìm việc làm?,cổng thông tin career hub phục vụ tìm việc làm do đơn vị nào quản lý?,990
số điện thoại và địa chỉ của bộ phận đối ngoại là gì vậy?,thông tin liên hệ của phòng quan hệ quốc tế là gì?,991
bạn có thể cho mình biết cách liên lạc với phòng hợp tác quốc tế được không?,thông tin liên hệ của phòng quan hệ quốc tế là gì?,991
làm sao để người ta có thể liên hệ với bộ phận quan hệ quốc tế của bạn?,thông tin liên hệ của phòng quan hệ quốc tế là gì?,991
ai là người phụ trách và làm thế nào để liên hệ với phòng làm việc về quốc tế?,thông tin liên hệ của phòng quan hệ quốc tế là gì?,991
cơ quan nào chịu trách nhiệm phổ biến thông tin về các học bổng cũng như hoạt động giao lưu văn hóa với nước ngoài?,đơn vị nào thông báo các chương trình học bổng và trao đổi văn hóa quốc tế?,992
ai là nơi cung cấp những tin tức liên quan đến việc tài trợ học tập và trao đổi sinh viên quốc tế?,đơn vị nào thông báo các chương trình học bổng và trao đổi văn hóa quốc tế?,992
tổ chức nào thường xuyên cập nhật các dự án hỗ trợ học tập cùng các chương trình kết nối văn hóa bên nước?,đơn vị nào thông báo các chương trình học bổng và trao đổi văn hóa quốc tế?,992
bạn có biết đơn vị nào công bố danh sách các suất hỗ trợ học tập và các sự kiện giao lưu văn hóa quốc tế không?,đơn vị nào thông báo các chương trình học bổng và trao đổi văn hóa quốc tế?,992
đơn vị nào giúp làm hồ sơ xin học tập nước ngoài cho tôi?,tôi cần hỗ trợ thủ tục visa để đi học tập tại nước ngoài thì liên hệ đâu?,993
"nếu muốn làm thủ tục du học ở nước ngoài, tôi phải gọi nơi nào?",tôi cần hỗ trợ thủ tục visa để đi học tập tại nước ngoài thì liên hệ đâu?,993
ai là người chịu trách phịp hỗ trợ hồ sơ xin giấy phép đi du học?,tôi cần hỗ trợ thủ tục visa để đi học tập tại nước ngoài thì liên hệ đâu?,993
"để xin được giấy phép sinh sống và học tập ra nước ngoài, tôi nên liên hệ chỗ nào?",tôi cần hỗ trợ thủ tục visa để đi học tập tại nước ngoài thì liên hệ đâu?,993
đơn vị nào sẽ chịu trách nhiệm quản lý sinh viên nước ngoài đăng ký học tập ở đây?,sinh viên quốc tế đến học tại trường sẽ do đơn vị nào quản lý?,994
ai là bộ phận phụ trách việc quản lý cho những bạn sinh viên đến từ nước ngoài?,sinh viên quốc tế đến học tại trường sẽ do đơn vị nào quản lý?,994
"khi sinh viên nước ngoài nhập học, đơn vị quản lý cụ thể là bên nào?",sinh viên quốc tế đến học tại trường sẽ do đơn vị nào quản lý?,994
có đơn vị nào đảm nhận công tác quản lý cho sinh viên quốc tế đến học tại trường không?,sinh viên quốc tế đến học tại trường sẽ do đơn vị nào quản lý?,994
những chi tiết liên hệ thuộc về bộ phận kiểm tra thi và duy trì tiêu chuẩn chất lượng hiện đang là gì?,thông tin liên hệ của phòng khảo thí và đảm bảo chất lượng là gì?,995
làm sao để biết được số điện thoại hoặc địa chỉ của đơn vị phụ trách công tác thi cử và bảo đảm phẩm chất?,thông tin liên hệ của phòng khảo thí và đảm bảo chất lượng là gì?,995
ai có thể cung cấp thông tin tiếp xúc cho khoa đo lường chất lượng và tổ chức các kỳ thi?,thông tin liên hệ của phòng khảo thí và đảm bảo chất lượng là gì?,995
những đường dây nóng hay địa chỉ nào thuộc về phòng giám sát chất lượng và tổ chức thi đang sử dụng?,thông tin liên hệ của phòng khảo thí và đảm bảo chất lượng là gì?,995
tôi muốn biết địa điểm nào để đưa ra góp ý về công tác giảng dạy?,tôi có thể đóng góp ý kiến về chất lượng giảng dạy ở đâu?,996
ở đâu thì tôi có thể bày tỏ quan điểm nhằm cải thiện chất lượng đào tạo?,tôi có thể đóng góp ý kiến về chất lượng giảng dạy ở đâu?,996
"nếu muốn phản ánh về việc dạy học, tôi cần tìm ở vị trí nào?",tôi có thể đóng góp ý kiến về chất lượng giảng dạy ở đâu?,996
"để thể hiện mong muốn nâng cao chất lượng giảng dạy, tôi có thể gửi ý kiến tại đâu?",tôi có thể đóng góp ý kiến về chất lượng giảng dạy ở đâu?,996
cơ quan nào chịu trách nhiệm cung cấp dữ liệu về tiêu chuẩn đầu ra và quy trình kiểm định chất lượng?,đơn vị nào cung cấp thông tin về kiểm định chất lượng và chuẩn đầu ra?,997
ai là bên cho ra thông tin liên quan đến đánh giá chất lượng cũng như các chuẩn mực sản phẩm cuối cùng?,đơn vị nào cung cấp thông tin về kiểm định chất lượng và chuẩn đầu ra?,997
thông tin về việc kiểm soát chất lượng và các chỉ tiêu đầu ra được cung cấp bởi đơn vị nào?,đơn vị nào cung cấp thông tin về kiểm định chất lượng và chuẩn đầu ra?,997
bên nào nắm giữ và cung cấp các dữ liệu về tiêu chuẩn đầu ra cũng như hoạt động kiểm định?,đơn vị nào cung cấp thông tin về kiểm định chất lượng và chuẩn đầu ra?,997
số điện thoại hay địa chỉ để liên hệ với bộ phận hợp tác và phát triển đào tạo của bên bạn là bao nhiêu?,thông tin liên hệ của phòng hợp tác và phát triển đào tạo là gì?,998
mình muốn biết cách liên lạc đến phòng phụ trách hợp tác cũng như phát triển nguồn nhân lực thì làm sao ạ?,thông tin liên hệ của phòng hợp tác và phát triển đào tạo là gì?,998
phòng quản lý các chương trình đào tạo và hợp tác có số liên hệ như thế nào không bạn?,thông tin liên hệ của phòng hợp tác và phát triển đào tạo là gì?,998
"để kết nối với bộ phận phát triển đào tạo và hợp tác, quý vị cần cung cấp thông tin gì?",thông tin liên hệ của phòng hợp tác và phát triển đào tạo là gì?,998
tổ chức nào chịu trách nhiệm điều hành các chương trình học tập kết hợp với công việc cùng đào tạo online?,đơn vị nào quản lý hệ đào tạo vừa làm vừa học và đào tạo từ xa?,999
ai là bên phụ trách việc tổ chức các khóa học vừa học việc và dạy từ xa?,đơn vị nào quản lý hệ đào tạo vừa làm vừa học và đào tạo từ xa?,999
thực thể nào đang quản lý mảng đào tạo kết hợp công việc lẫn đào tạo qua mạng?,đơn vị nào quản lý hệ đào tạo vừa làm vừa học và đào tạo từ xa?,999
ban nào giám sát hoạt động của hệ thống học tập trên môi trường làm việc và dạy từ xa?,đơn vị nào quản lý hệ đào tạo vừa làm vừa học và đào tạo từ xa?,999
ai chịu trách nhiệm hướng dẫn khi tôi cần đăng ký nghỉ học hoặc chuyển đổi ngành trong chương trình đào tạo từ xa?,tôi muốn làm thủ tục chuyển ngành hoặc tạm dừng học hệ đào tạo từ xa thì liên hệ đâu?,1000
"để tiến hành tạm ngừng hoặc thay đổi ngành học trong hệ thống online, tôi phải liên hệ bộ phận nào?",tôi muốn làm thủ tục chuyển ngành hoặc tạm dừng học hệ đào tạo từ xa thì liên hệ đâu?,1000
làm thế nào để tôi có thể nghỉ học hoặc chuyển ngành nếu đang theo học qua mạng?,tôi muốn làm thủ tục chuyển ngành hoặc tạm dừng học hệ đào tạo từ xa thì liên hệ đâu?,1000
bộ phận nào hỗ trợ các thủ tục thay đổi ngành hoặc tạm dừng việc học trực tuyến?,tôi muốn làm thủ tục chuyển ngành hoặc tạm dừng học hệ đào tạo từ xa thì liên hệ đâu?,1000
cơ quan nào chịu trách nhiệm điều hành tài khoản trực tuyến dành cho sinh viên đào tạo từ xa?,đơn vị nào quản lý tài khoản học tập trực tuyến cho sinh viên hệ đào tạo từ xa?,1001
ai là bên quản lý tài khoản học tập trên mạng cho khối sinh viên học từ xa?,đơn vị nào quản lý tài khoản học tập trực tuyến cho sinh viên hệ đào tạo từ xa?,1001
tổ chức nào phụ trách việc phân phối tài khoản online cho những bạn sinh viên hệ đào tạo ngoài trường?,đơn vị nào quản lý tài khoản học tập trực tuyến cho sinh viên hệ đào tạo từ xa?,1001
bạn có biết đơn vị nào trông coi tài khoản e-learning dành riêng cho sinh viên học cách xa trường?,đơn vị nào quản lý tài khoản học tập trực tuyến cho sinh viên hệ đào tạo từ xa?,1001
hệ thống đào tạo nào chịu trách nhiệm xử lý việc lưu trữ và di chuyển học điểm cho chương trình vừa học vừa làm?,đơn vị nào giải quyết việc bảo lưu và chuyển điểm cho hệ vừa làm vừa học?,1002
ai là cơ quan thực hiện quy trình giữ lại và chuyển đổi tín chỉ cho lớp học linh hoạt?,đơn vị nào giải quyết việc bảo lưu và chuyển điểm cho hệ vừa làm vừa học?,1002
tổ chức nào đảm nhận nhiệm vụ bảo quản và điều chuyển điểm số đối với khóa vừa học vừa làm?,đơn vị nào giải quyết việc bảo lưu và chuyển điểm cho hệ vừa làm vừa học?,1002
cơ quan nào quản lý việc tích điểm và di chuyển học lực cho sinh viên theo phương thức kết hợp?,đơn vị nào giải quyết việc bảo lưu và chuyển điểm cho hệ vừa làm vừa học?,1002
những bạn theo học chế độ làm và học cùng lúc thì nơi công bố kết quả thi cũng như điểm số là đâu vậy?,sinh viên hệ vừa làm vừa học xem kết quả thi và điểm số ở đâu?,1003
làm thế nào để người lao động vừa học vừa làm có thể tra cứu được thành tích thi của mình?,sinh viên hệ vừa làm vừa học xem kết quả thi và điểm số ở đâu?,1003
kết quả thi và số điểm của sinh viên đang đi làm tại trường được cập nhật ở đâu?,sinh viên hệ vừa làm vừa học xem kết quả thi và điểm số ở đâu?,1003
bạn có biết địa chỉ để những người học linh hoạt kiểm tra điểm số và kết quả kỳ thi không?,sinh viên hệ vừa làm vừa học xem kết quả thi và điểm số ở đâu?,1003
cơ quan nào chịu trách nhiệm kiểm tra sinh viên tốt nghiệp và trao bằng trong chương trình học tập từ xa?,đơn vị nào xét tốt nghiệp và cấp bảng điểm cho hệ đào tạo từ xa?,1004
ai là nơi làm thủ tục cấp bằng và đối chiếu kết quả tốt nghiệp cho những người học online?,đơn vị nào xét tốt nghiệp và cấp bảng điểm cho hệ đào tạo từ xa?,1004
cơ sở đào tạo trực tuyến nào có quyền phát hành bảng điểm và công nhận hoàn thành khóa học?,đơn vị nào xét tốt nghiệp và cấp bảng điểm cho hệ đào tạo từ xa?,1004
đơn vị nào quản lý quy trình xét công nhận tốt nghiệp cũng như cấp giấy chứng nhận cho sinh viên xa?,đơn vị nào xét tốt nghiệp và cấp bảng điểm cho hệ đào tạo từ xa?,1004
mình muốn hỏi địa chỉ liên hệ để được tư vấn về học phí của chương trình vừa học vừa làm thì ở đâu vậy?,tôi cần tư vấn về mức học phí hệ vừa làm vừa học thì liên hệ đâu?,1005
"hệ đào tạo bán thời gian có mức chi phí ra sao, và mình cần liên hệ số điện thoại nào để biết thêm chi tiết?",tôi cần tư vấn về mức học phí hệ vừa làm vừa học thì liên hệ đâu?,1005
ai có thể cho mình địa chỉ đặt vấn đề về bảng giá cho chương trình đào tạo kết hợp làm việc và học tập không?,tôi cần tư vấn về mức học phí hệ vừa làm vừa học thì liên hệ đâu?,1005
làm thế nào để tìm được bộ phận chịu trách nhiệm giải đáp thắc mắc về chi phí cho hệ vừa làm vừa học?,tôi cần tư vấn về mức học phí hệ vừa làm vừa học thì liên hệ đâu?,1005
người nào có thẩm quyền chứng nhận quá trình đào tạo dành cho sinh viên theo hình thức vừa lao động vừa học?,ai cấp xác nhận quá trình học tập cho sinh viên hệ vừa làm vừa học?,1006
ai là bên chịu trách nhiệm xác thực kết quả học tập của học viên trong chương trình kết hợp giữa việc làm và việc học?,ai cấp xác nhận quá trình học tập cho sinh viên hệ vừa làm vừa học?,1006
cơ quan hay cá nhân nào sẽ cấp giấy tờ công nhận năng lực cho sinh viên tham gia hệ thống giáo dục linh hoạt?,ai cấp xác nhận quá trình học tập cho sinh viên hệ vừa làm vừa học?,1006
làm thế nào để sinh viên vừa làm vừa học được cấp chứng chỉ xác nhận quá trình kiến thức đã tiếp thu?,ai cấp xác nhận quá trình học tập cho sinh viên hệ vừa làm vừa học?,1006
bộ phận nào làm thủ tục công nhận bằng cấp tương đương với đào tạo từ xa?,đơn vị nào phụ trách xét môn học tương đương cho hệ đào tạo từ xa?,1007
ai là người chịu trách nhiệm thẩm định và cấp bằng tương đương cho sinh viên học online?,đơn vị nào phụ trách xét môn học tương đương cho hệ đào tạo từ xa?,1007
đơn vị nào giải quyết vấn đề công nhận bằng từ xa sang bằng truyền thống?,đơn vị nào phụ trách xét môn học tương đương cho hệ đào tạo từ xa?,1007
hãy cho tôi biết phòng ban nào tiếp nhận hồ sơ công nhận giá trị bằng tương đương?,đơn vị nào phụ trách xét môn học tương đương cho hệ đào tạo từ xa?,1007
nơi đặt văn phòng của bộ phận thanh tra pháp chế là vị trí nào?,địa chỉ văn phòng của phòng thanh tra pháp chế nằm ở đâu?,1008
phòng thanh tra pháp chế có địa điểm làm việc cụ thể ở đâu không?,địa chỉ văn phòng của phòng thanh tra pháp chế nằm ở đâu?,1008
bạn có thể cho mình biết văn phòng của đơn vị thanh tra pháp chế tọa lạc tại đâu?,địa chỉ văn phòng của phòng thanh tra pháp chế nằm ở đâu?,1008
địa chỉ của cơ quan pháp chế thanh tra được bố trí ở khu vực nào?,địa chỉ văn phòng của phòng thanh tra pháp chế nằm ở đâu?,1008
số điện thoại liên hệ phòng thanh tra pháp chế là bao nhiêu?,làm thế nào để liên hệ với phòng thanh tra pháp chế qua điện thoại?,1009
tôi muốn biết số hotline của phòng thanh tra pháp chế để gọi ngay.,làm thế nào để liên hệ với phòng thanh tra pháp chế qua điện thoại?,1009
làm sao tìm được số máy gọi đến bộ phận thanh tra pháp chế?,làm thế nào để liên hệ với phòng thanh tra pháp chế qua điện thoại?,1009
phòng thanh tra pháp chế có thể cung cấp số điện thoại nhận cuộc gọi không?,làm thế nào để liên hệ với phòng thanh tra pháp chế qua điện thoại?,1009
những khó khăn nào được bộ phận pháp chế thanh tra giúp đỡ sinh viên giải quyết?,phòng thanh tra pháp chế hỗ trợ giải quyết những vấn đề gì cho sinh viên?,1010
sinh viên có thể nhờ phòng này hỗ trợ cho những vấn đề gì?,phòng thanh tra pháp chế hỗ trợ giải quyết những vấn đề gì cho sinh viên?,1010
"đối với sinh viên, lĩnh vực nào được ban pháp chế thanh tra trợ giúp?",phòng thanh tra pháp chế hỗ trợ giải quyết những vấn đề gì cho sinh viên?,1010
những vướng mắc gì của sinh viên sẽ được phòng thanh tra pháp chế hỗ trợ?,phòng thanh tra pháp chế hỗ trợ giải quyết những vấn đề gì cho sinh viên?,1010
phòng thanh tra pháp chế thực hiện nhiệm vụ giám sát đào tạo bằng những hình thức nào?,hoạt động giám sát đào tạo của phòng thanh tra pháp chế bao gồm những việc gì?,1011
những công việc cụ thể thuộc trách nhiệm giám sát lớp học của bộ phận pháp chế là gì?,hoạt động giám sát đào tạo của phòng thanh tra pháp chế bao gồm những việc gì?,1011
"khi nói đến công tác kiểm tra, giám sát quá trình đào tạo, phòng thanh tra pháp chế đã làm những điều gì?",hoạt động giám sát đào tạo của phòng thanh tra pháp chế bao gồm những việc gì?,1011
nội dung công việc mà phòng pháp chế đảm nhiệm trong lĩnh vực giám sát đào tạo gồm những gì?,hoạt động giám sát đào tạo của phòng thanh tra pháp chế bao gồm những việc gì?,1011
phương thức tuyên truyền luật pháp của bộ phận thanh tra pháp chế là gì?,phòng thanh tra pháp chế thực hiện công tác tuyên truyền pháp luật như thế nào?,1012
cơ quan pháp chế thanh tra đã phổ biến kiến thức pháp lý ra sao?,phòng thanh tra pháp chế thực hiện công tác tuyên truyền pháp luật như thế nào?,1012
bộ phận kiểm tra pháp lý triển khai hoạt động giáo dục luật định theo hình thức nào?,phòng thanh tra pháp chế thực hiện công tác tuyên truyền pháp luật như thế nào?,1012
làm thế nào để phòng thanh tra pháp chế phổ biến nội dung luật pháp đến quần chúng?,phòng thanh tra pháp chế thực hiện công tác tuyên truyền pháp luật như thế nào?,1012
trường học có cơ quan nào hỗ trợ về mặt pháp lý cho sinh viên không?,sinh viên có thể được tư vấn pháp lý tại đâu trong trường?,1013
"nếu cần tìm người tư vấn luật, sinh viên nên liên hệ bộ phận nào của nhà trường?",sinh viên có thể được tư vấn pháp lý tại đâu trong trường?,1013
ở đâu trong khuôn viên trường mà sinh viên có thể nhận được sự hỗ trợ pháp lý?,sinh viên có thể được tư vấn pháp lý tại đâu trong trường?,1013
sinh viên có thể đến bộ phận nào để được giải đáp các vấn đề pháp luật?,sinh viên có thể được tư vấn pháp lý tại đâu trong trường?,1013
khu vực đặt văn phòng phòng truyền thông là đâu?,văn phòng của phòng truyền thông nằm ở vị trí nào?,1014
bạn cho biết địa chỉ cụ thể của phòng truyền thông nhé?,văn phòng của phòng truyền thông nằm ở vị trí nào?,1014
phòng truyền thông được bố trí ở góc nào của tòa nhà?,văn phòng của phòng truyền thông nằm ở vị trí nào?,1014
vị trí của văn phòng phòng truyền thông ở đâu?,văn phòng của phòng truyền thông nằm ở vị trí nào?,1014
trường đại học sư phạm kỹ thuật tp.hcm có những trang mạng xã hội chính thức nào?,các kênh mạng xã hội chính thức của trường đại học sư phạm kỹ thuật tp.hcm là gì?,1015
hãy liệt kê tên các nền tảng mạng xã hội đại diện chính thức của trường sư phạm kỹ thuật tp.hcm.,các kênh mạng xã hội chính thức của trường đại học sư phạm kỹ thuật tp.hcm là gì?,1015
ai đang quản lý và vận hành các fanpage chính thức thuộc trường sư phạm kỹ thuật tp.hcm?,các kênh mạng xã hội chính thức của trường đại học sư phạm kỹ thuật tp.hcm là gì?,1015
những kênh truyền thông chính thức nào thuộc sở hữu của trường sư phạm kỹ thuật tp.hcm hiện nay?,các kênh mạng xã hội chính thức của trường đại học sư phạm kỹ thuật tp.hcm là gì?,1015
những sự kiện trọng đại nào của trường sẽ nhận được sự hậu thuẫn từ bộ phận truyền thông?,phòng truyền thông hỗ trợ các chương trình lớn nào của nhà trường?,1016
đơn vị thông tin liên lạc sẽ làm gì để giúp đỡ cho các hoạt động quy mô lớn của đơn vị?,phòng truyền thông hỗ trợ các chương trình lớn nào của nhà trường?,1016
chương trình nào mang tầm cỡ nhà trường cần có sự phối hợp từ phòng ban truyền thông?,phòng truyền thông hỗ trợ các chương trình lớn nào của nhà trường?,1016
nhiệm vụ hỗ trợ của bộ phận truyền thông dành cho những dự án lớn của trường là gì?,phòng truyền thông hỗ trợ các chương trình lớn nào của nhà trường?,1016
cơ quan nào chịu trách nhiệm điều hành các bảng điện tử và trang web đại diện chính thức của trường?,đơn vị nào quản lý các bảng led và website chính thức của nhà trường?,1017
bộ phận gì lo liệu việc quản trị các bảng quảng cáo led cùng với website công khai của nhà trường?,đơn vị nào quản lý các bảng led và website chính thức của nhà trường?,1017
ai là đơn vị được giao nhiệm vụ giám sát hoạt động của các bảng led và trang mạng chính thức?,đơn vị nào quản lý các bảng led và website chính thức của nhà trường?,1017
hãy chỉ ra cơ quan nào nắm quyền điều phối các bảng chữ cái phát sáng và trang web chính của trường.,đơn vị nào quản lý các bảng led và website chính thức của nhà trường?,1017
"những hoạt động nào sẽ có sự chung sức giữa bộ phận truyền thông và tổ chức đoàn, hội sinh viên?",phòng truyền thông phối hợp với đoàn - hội sinh viên trong những hoạt động nào?,1018
"đoàn, hội sinh viên cùng bộ phận truyền thông đã tham gia làm việc trong lĩnh vực nào?",phòng truyền thông phối hợp với đoàn - hội sinh viên trong những hoạt động nào?,1018
"bạn hãy nêu cụ thể các hoạt động mà phòng truyền thông và đoàn, hội sinh viên đã thực hiện chung.",phòng truyền thông phối hợp với đoàn - hội sinh viên trong những hoạt động nào?,1018
"lĩnh vực hoạt động nào đã có sự phối hợp giữa hai bên là phòng truyền thông và đoàn, hội sinh viên?",phòng truyền thông phối hợp với đoàn - hội sinh viên trong những hoạt động nào?,1018
"nếu sinh viên muốn biết cách dùng dấu hiệu nhận diện của trường, phải liên hệ đơn vị nào?",sinh viên cần hướng dẫn sử dụng nhận diện thương hiệu của trường thì liên hệ đâu?,1019
"trường cung cấp hướng dẫn về nhận diện thương hiệu, vậy bộ phận liên hệ dành cho sinh viên là ai?",sinh viên cần hướng dẫn sử dụng nhận diện thương hiệu của trường thì liên hệ đâu?,1019
"để nhận tư vấn về hình ảnh và logo của trường, sinh viên cần liên hệ với phòng nào?",sinh viên cần hướng dẫn sử dụng nhận diện thương hiệu của trường thì liên hệ đâu?,1019
ai sẽ hỗ trợ sinh viên trong việc sử dụng các yếu tố nhận diện trường?,sinh viên cần hướng dẫn sử dụng nhận diện thương hiệu của trường thì liên hệ đâu?,1019
những loại hỗ trợ kỹ thuật nào được phòng truyền thông cung ứng cho sinh viên trong các hoạt động của họ?,phòng truyền thông hỗ trợ kỹ thuật gì cho các hoạt động của sinh viên?,1020
sinh viên nhận được sự hỗ trợ chuyên môn nào từ ban truyền thông liên quan đến công việc của mình?,phòng truyền thông hỗ trợ kỹ thuật gì cho các hoạt động của sinh viên?,1020
"trong lĩnh vực kỹ thuật, bộ phận truyền thông đã có những gì để giúp đỡ các sự kiện do sinh viên tổ chức?",phòng truyền thông hỗ trợ kỹ thuật gì cho các hoạt động của sinh viên?,1020
hoạt động của sinh viên được nhà trường hỗ trợ bằng công nghệ hay phương tiện nào qua bộ phận truyền thông?,phòng truyền thông hỗ trợ kỹ thuật gì cho các hoạt động của sinh viên?,1020
nhà trường đã quy hoạch những khu vực nào dành cho việc học tập của sinh viên?,thư viện của nhà trường có những địa điểm nào để sinh viên đến học tập?,1021
sinh viên có thể tìm thấy đâu những nơi thuận lợi nhất để nghiên cứu bên trong thư viện?,thư viện của nhà trường có những địa điểm nào để sinh viên đến học tập?,1021
"tại thư viện, có những góc nào được bố trí riêng phục vụ quá trình học tập của bạn?",thư viện của nhà trường có những địa điểm nào để sinh viên đến học tập?,1021
những không gian cụ thể nào trong thư viện mà sinh viên có thể ghé qua để học bài?,thư viện của nhà trường có những địa điểm nào để sinh viên đến học tập?,1021
bạn cho biết trang web nào phục vụ thư viện nhà trường?,địa chỉ website của thư viện trường là gì?,1022
làm thế nào để truy cập vào hệ thống online của thư viện?,địa chỉ website của thư viện trường là gì?,1022
trang mạng quản lý sách của trường có địa chỉ ở đâu?,địa chỉ website của thư viện trường là gì?,1022
ai có thể chỉ dẫn đường link cho kho sách của chúng tôi?,địa chỉ website của thư viện trường là gì?,1022
sinh viên có thể tiếp cận được những nguồn tư liệu gì từ phía thư viện?,thư viện cung cấp những loại tài nguyên thông tin nào cho sinh viên?,1023
những dạng nguồn dữ liệu mà thư viện hỗ trợ sinh viên là gì?,thư viện cung cấp những loại tài nguyên thông tin nào cho sinh viên?,1023
thư viện cung cấp cho sinh viên các loại thông tin ra sao?,thư viện cung cấp những loại tài nguyên thông tin nào cho sinh viên?,1023
sinh viên được cung ứng những thứ gì dưới hình thức tài nguyên thông tin bởi thư viện?,thư viện cung cấp những loại tài nguyên thông tin nào cho sinh viên?,1023
"tại thư viện, sinh viên cần thực hiện quy trình nào để vay và nộp lại tài liệu?",làm sao để sinh viên có thể mượn và trả sách tại thư viện?,1024
quy trình cho mượn và hoàn trả sách dành cho sinh viên ở thư viện diễn ra thế nào?,làm sao để sinh viên có thể mượn và trả sách tại thư viện?,1024
"muốn mượn và trả sách tại phòng đọc, sinh viên phải làm gì?",làm sao để sinh viên có thể mượn và trả sách tại thư viện?,1024
ai là người hướng dẫn sinh viên về cách thức đưa và nhận sách tại thư viện?,làm sao để sinh viên có thể mượn và trả sách tại thư viện?,1024
bên thư viện có cho phép sinh viên tìm kiếm văn bản qua mạng internet hay không?,thư viện có hỗ trợ sinh viên tra cứu tài liệu trực tuyến không?,1025
việc tra cứu tài liệu từ xa trên mạng có được thư viện cho phép với sinh viên không?,thư viện có hỗ trợ sinh viên tra cứu tài liệu trực tuyến không?,1025
liệu sinh viên có thể tìm kiếm sách báo trực tuyến dưới sự hỗ trợ của thư viện được không?,thư viện có hỗ trợ sinh viên tra cứu tài liệu trực tuyến không?,1025
thư viện có cung cấp dịch vụ truy cập tài liệu điện tử cho sinh viên hay không?,thư viện có hỗ trợ sinh viên tra cứu tài liệu trực tuyến không?,1025
đặc trưng gì làm nên điểm nhấn của không gian ong trong thư viện?,khu vực beehive của thư viện có đặc điểm gì nổi bật?,1026
phần khu ong tại thư viện sở hữu những nét gì đáng chú ý?,khu vực beehive của thư viện có đặc điểm gì nổi bật?,1026
cái gì khiến khu vực dành cho ong trong thư viện trở nên đặc biệt?,khu vực beehive của thư viện có đặc điểm gì nổi bật?,1026
những yếu tố nổi bật nào thuộc về vùng ong của thư viện?,khu vực beehive của thư viện có đặc điểm gì nổi bật?,1026
những biện pháp gì mà thư viện triển khai nhằm thúc đẩy sinh viên yêu thích việc đọc?,thư viện có các hoạt động nào để khuyến khích sinh viên đọc sách?,1027
"để khơi gợi đam mê đọc sách ở sinh viên, thư viện đang vận hành các chương trình gì?",thư viện có các hoạt động nào để khuyến khích sinh viên đọc sách?,1027
sinh viên có thể tham gia những hoạt động nào tại thư viện nhằm khuyến khích việc đọc?,thư viện có các hoạt động nào để khuyến khích sinh viên đọc sách?,1027
mục đích thúc đẩy thói quen đọc sách ở sinh viên được thư viện thực hiện qua những hình thức nào?,thư viện có các hoạt động nào để khuyến khích sinh viên đọc sách?,1027
tổ chức nào được giao nhiệm vụ xuất bản tài liệu giảng dạy chính thức dành cho sinh viên?,đơn vị nào phụ trách phát hành giáo trình chính thống cho sinh viên?,1028
ai là bên chịu trách nhiệm đưa ra cuốn sách giáo khoa chuẩn cho các bạn sinh viên?,đơn vị nào phụ trách phát hành giáo trình chính thống cho sinh viên?,1028
cơ quan nào nắm quyền phát hành các tài liệu học tập chính quy cho người học?,đơn vị nào phụ trách phát hành giáo trình chính thống cho sinh viên?,1028
bên nào có chức năng ấn hành giáo trình được công nhận là chính thống cho sinh viên?,đơn vị nào phụ trách phát hành giáo trình chính thống cho sinh viên?,1028
vị trí cụ thể của văn phòng ban quản lý khu ký túc xá là nơi nào?,văn phòng ban quản lý ký túc xá nằm ở đâu?,1029
người ta có thể tìm thấy phòng điều hành khu trọ ở đâu?,văn phòng ban quản lý ký túc xá nằm ở đâu?,1029
địa điểm đóng văn phòng ban quản lý sinh viên là ở vùng nào?,văn phòng ban quản lý ký túc xá nằm ở đâu?,1029
khu vực đặt văn phòng phụ trách khu ký túc xá nằm bên đâu?,văn phòng ban quản lý ký túc xá nằm ở đâu?,1029
ban quản lý ký túc xá để lại số điện thoại nào để liên lạc?,số điện thoại liên hệ của ban quản lý ký túc xá là bao nhiêu?,1030
làm sao để gọi cho ban điều hành khu trọ này?,số điện thoại liên hệ của ban quản lý ký túc xá là bao nhiêu?,1030
số máy liên hệ của ban phụ trách ký túc xá là số bao nhiêu?,số điện thoại liên hệ của ban quản lý ký túc xá là bao nhiêu?,1030
anh/chị cho biết số điện thoại của bộ phận quản lý nhà trọ nhé.,số điện thoại liên hệ của ban quản lý ký túc xá là bao nhiêu?,1030
những nhiệm vụ nào thuộc quyền quản lý của ban phụ trách ký túc xá?,ban quản lý ký túc xá phụ trách những công tác gì?,1031
công tác vận hành tại khu ký túc xá được phân công cho bộ phận nào đảm nhận?,ban quản lý ký túc xá phụ trách những công tác gì?,1031
ai là người chịu trách nhiệm giải quyết các vấn đề liên quan đến khu ký túc xá?,ban quản lý ký túc xá phụ trách những công tác gì?,1031
ban điều hành ký túc xá đảm nhiệm những hoạt động gì trong công việc?,ban quản lý ký túc xá phụ trách những công tác gì?,1031
vị trí đặt trạm y tế của trường học là đâu?,trạm y tế của nhà trường nằm ở vị trí nào?,1032
trường mình có trạm y tế đặt tại đâu vậy?,trạm y tế của nhà trường nằm ở vị trí nào?,1032
nơi đặt trạm y tế cho nhà trường ở chỗ nào?,trạm y tế của nhà trường nằm ở vị trí nào?,1032
trạm y tế của trường tọa lạc tại địa điểm nào?,trạm y tế của nhà trường nằm ở vị trí nào?,1032
số liên lạc khẩn cấp của trạm y tế là bao nhiêu?,số điện thoại hotline của trạm y tế dùng trong trường hợp khẩn cấp là gì?,1033
"khi cần hỗ trợ gấp, mình nên gọi số nào thuộc trạm y tế?",số điện thoại hotline của trạm y tế dùng trong trường hợp khẩn cấp là gì?,1033
hãy cho biết mã số gọi cứu trợ của trạm y tế.,số điện thoại hotline của trạm y tế dùng trong trường hợp khẩn cấp là gì?,1033
trạm y tế dùng số điện thoại nào để xử lý tình huống cấp bách?,số điện thoại hotline của trạm y tế dùng trong trường hợp khẩn cấp là gì?,1033
sinh viên được cung cấp những dịch vụ chăm sóc sức khỏe gì tại cơ sở y tế này?,trạm y tế thực hiện các dịch vụ y tế nào cho sinh viên?,1034
các hoạt động y tế mà bệnh xá triển khai dành cho học sinh sinh viên là gì?,trạm y tế thực hiện các dịch vụ y tế nào cho sinh viên?,1034
loại dịch vụ y tế nào nơi đây cung ứng cho đối tượng sinh viên?,trạm y tế thực hiện các dịch vụ y tế nào cho sinh viên?,1034
sinh viên có thể tìm thấy những gì về mặt y tế trong trạm này?,trạm y tế thực hiện các dịch vụ y tế nào cho sinh viên?,1034
"khi muốn được tư vấn về bảo hiểm y tế bắt buộc, học sinh hay sinh viên phải liên hệ tổ chức nào?",sinh viên cần tư vấn về bảo hiểm y tế bắt buộc thì liên hệ đơn vị nào?,1035
cơ quan hay đơn vị nào tiếp nhận yêu cầu tư vấn cho đối tượng sinh viên về loại bảo hiểm bắt buộc?,sinh viên cần tư vấn về bảo hiểm y tế bắt buộc thì liên hệ đơn vị nào?,1035
ai là đơn vị chịu trách nhiệm hỗ trợ sinh viên trong vấn đề đăng ký bảo hiểm y tế bắt buộc?,sinh viên cần tư vấn về bảo hiểm y tế bắt buộc thì liên hệ đơn vị nào?,1035
"để được hướng dẫn về bảo hiểm y tế bắt buộc, sinh viên cần tìm đến bộ phận hay tổ chức nào?",sinh viên cần tư vấn về bảo hiểm y tế bắt buộc thì liên hệ đơn vị nào?,1035
đơn vị y tế đó đã triển khai những hoạt động nào nhằm nâng cao nhận thức sức khỏe cho các bạn sinh viên chưa?,trạm y tế có hoạt động gì về giáo dục sức khỏe cho sinh viên?,1036
những chương trình giáo dục liên quan đến sức khỏe dành riêng cho học sinh viên mà trạm đang thực hiện là gì vậy?,trạm y tế có hoạt động gì về giáo dục sức khỏe cho sinh viên?,1036
trạm chăm sóc sức khỏe có đang tổ chức các buổi chia sẻ hay huấn luyện nào cho sinh viên không?,trạm y tế có hoạt động gì về giáo dục sức khỏe cho sinh viên?,1036
đối tượng là sinh viên thì đơn vị này đã cung cấp thông tin hay kiến thức sức khỏe như thế nào?,trạm y tế có hoạt động gì về giáo dục sức khỏe cho sinh viên?,1036
ai là người chịu trách nhiệm về công tác vệ sinh cũng như an toàn thực phẩm tại trường?,đơn vị nào xử lý vấn đề vệ sinh và an toàn thực phẩm trong trường?,1037
cơ quan chức năng nào đảm nhận nhiệm vụ quản lý vấn đề ăn uống và vệ sinh ở trường này?,đơn vị nào xử lý vấn đề vệ sinh và an toàn thực phẩm trong trường?,1037
vấn đề về an toàn cũng như vệ sinh khi ăn uống được phân công cho đơn vị nào tại trường?,đơn vị nào xử lý vấn đề vệ sinh và an toàn thực phẩm trong trường?,1037
tại đơn vị nào ở trường đang trực tiếp giải quyết các vấn đề liên quan đến vệ sinh và thực phẩm?,đơn vị nào xử lý vấn đề vệ sinh và an toàn thực phẩm trong trường?,1037
các văn phòng làm việc của máy tính và trung tâm thông tin nằm ở vị trí nào?,"trung tâm thông tin, máy tính có các văn phòng làm việc tại đâu?",1038
ở đâu bố trí các phòng làm việc thuộc về trung tâm thông tin cũng như máy tính?,"trung tâm thông tin, máy tính có các văn phòng làm việc tại đâu?",1038
vị trí đặt các văn phòng cho máy tính và trung tâm dữ liệu là nơi nào?,"trung tâm thông tin, máy tính có các văn phòng làm việc tại đâu?",1038
hãy chỉ ra địa điểm có các phòng làm việc của bộ phận máy tính và thông tin.,"trung tâm thông tin, máy tính có các văn phòng làm việc tại đâu?",1038
hệ thống máy tính tại trung tâm đang lưu giữ danh mục tài khoản của sinh viên ra sao?,"trung tâm thông tin, máy tính quản lý những loại tài khoản nào của sinh viên?",1039
những loại hồ sơ nào mà phần mềm quản lý của trung tâm đang theo dõi cho sinh viên?,"trung tâm thông tin, máy tính quản lý những loại tài khoản nào của sinh viên?",1039
trung tâm có đang quản lý những thông tin gì của sinh viên qua nền tảng số hay không?,"trung tâm thông tin, máy tính quản lý những loại tài khoản nào của sinh viên?",1039
phần mềm điều hành của đơn vị này ghi nhận những chi tiết nào về tài khoản sinh viên?,"trung tâm thông tin, máy tính quản lý những loại tài khoản nào của sinh viên?",1039
làm thế nào mà sinh viên có thể khôi phục lại mật khẩu tài khoản email nhà trường?,làm thế nào để sinh viên lấy lại mật khẩu email do trường cấp?,1040
quy trình lấy lại mật khẩu thư điện tử do trường ban hành dành cho học sinh là gì?,làm thế nào để sinh viên lấy lại mật khẩu email do trường cấp?,1040
sinh viên cần làm gì để lấy lại mã đăng nhập email của đơn vị?,làm thế nào để sinh viên lấy lại mật khẩu email do trường cấp?,1040
làm sao để một học trò lấy lại được từ khóa truy cập vào hộp thư của trường?,làm thế nào để sinh viên lấy lại mật khẩu email do trường cấp?,1040
phòng thông tin có cung cấp dịch vụ mail điện tử cho sinh viên không?,"trung tâm thông tin, máy tính có hỗ trợ sinh viên sử dụng email không?",1041
hệ thống máy tính tại đây cho phép sinh viên gửi nhận thư điện tử hay chưa?,"trung tâm thông tin, máy tính có hỗ trợ sinh viên sử dụng email không?",1041
sinh viên được hỗ trợ dùng email qua trung tâm tin học hay không?,"trung tâm thông tin, máy tính có hỗ trợ sinh viên sử dụng email không?",1041
có hỗ trợ tài khoản mail cho sinh viên sử dụng tại phòng tin không?,"trung tâm thông tin, máy tính có hỗ trợ sinh viên sử dụng email không?",1041
thực thể nào chịu trách nhiệm vận hành khu vực phòng máy ở trường?,đơn vị nào quản lý các phòng máy tính trong nhà trường?,1042
bộ phận nào giám sát hoạt động của các phòng máy trong đơn vị giáo dục này?,đơn vị nào quản lý các phòng máy tính trong nhà trường?,1042
ai là người quản lý trực tiếp các khu vực chứa máy tính tại ngôi trường?,đơn vị nào quản lý các phòng máy tính trong nhà trường?,1042
cơ quan nội bộ nào đảm nhận công việc điều hành các phòng máy của trường?,đơn vị nào quản lý các phòng máy tính trong nhà trường?,1042
vậy trung tâm thông tin dùng con số nào để liên hệ bộ phận hỗ trợ kỹ thuật máy tính?,"số điện thoại hotline hỗ trợ kỹ thuật của trung tâm thông tin, máy tính là gì?",1043
con số liên lạc dành riêng cho việc sửa chữa máy tính của đơn vị thông tin là gì vậy?,"số điện thoại hotline hỗ trợ kỹ thuật của trung tâm thông tin, máy tính là gì?",1043
quý trung tâm thông tin có thể cho biết mã số hotline chăm sóc kỹ thuật phần cứng không?,"số điện thoại hotline hỗ trợ kỹ thuật của trung tâm thông tin, máy tính là gì?",1043
làm sao để tìm ra đường dây nóng của bộ phận giải quyết lỗi máy tính tại đây?,"số điện thoại hotline hỗ trợ kỹ thuật của trung tâm thông tin, máy tính là gì?",1043
địa chỉ cụ thể của văn phòng trung tâm giáo dục thể chất là nơi nào?,văn phòng trung tâm giáo dục thể chất nằm ở đâu?,1044
chúng ta có thể tìm thấy văn phòng trung tâm giáo dục thể chất ở đâu không?,văn phòng trung tâm giáo dục thể chất nằm ở đâu?,1044
vị trí đặt văn phòng trung tâm giáo dục thể chất hiện nay nằm tại đâu?,văn phòng trung tâm giáo dục thể chất nằm ở đâu?,1044
ai biết địa điểm chính xác của văn phòng trung tâm giáo dục thể chất?,văn phòng trung tâm giáo dục thể chất nằm ở đâu?,1044
những mảng đào tạo nào do trung tâm giáo dục thể chất đảm nhận?,trung tâm giáo dục thể chất phụ trách những mảng đào tạo nào?,1045
phạm vi đào tạo của trung tâm giáo dục thể chất bao gồm những nội dung gì?,trung tâm giáo dục thể chất phụ trách những mảng đào tạo nào?,1045
trung tâm giáo dục thể chất được giao quản lý những lĩnh vực đào tạo nào?,trung tâm giáo dục thể chất phụ trách những mảng đào tạo nào?,1045
hãy cho biết các mảng đào tạo mà trung tâm này chịu trách nhiệm.,trung tâm giáo dục thể chất phụ trách những mảng đào tạo nào?,1045
ai là nơi cần đến nếu bạn học sinh viên cần xin giảm môn thể dục?,sinh viên muốn làm thủ tục miễn giảm môn giáo dục thể chất thì đến đâu?,1046
địa điểm tiếp nhận hồ sơ miễn giảm môn giáo dục thể chất dành cho sinh viên nằm ở đâu?,sinh viên muốn làm thủ tục miễn giảm môn giáo dục thể chất thì đến đâu?,1046
khi sinh viên có nguyện vọng được miễn môn thể chất thì phải làm việc với bộ phận nào?,sinh viên muốn làm thủ tục miễn giảm môn giáo dục thể chất thì đến đâu?,1046
"để được giảm môn giáo dục thể chất, sinh viên cần mang hồ sơ đến phòng nào?",sinh viên muốn làm thủ tục miễn giảm môn giáo dục thể chất thì đến đâu?,1046
bộ phận nào chịu trách nhiệm điều hành các clb và tổ chức các giải đấu thể thao trong trường?,đơn vị nào quản lý các câu lạc bộ thể thao và tổ chức hội thao trong trường?,1047
ai là người trực tiếp quản lý hoạt động của các câu lạc bộ cũng như sắp xếp hội thi thể thao?,đơn vị nào quản lý các câu lạc bộ thể thao và tổ chức hội thao trong trường?,1047
tổ chức nào đảm nhiệm công tác vận hành các câu lạc bộ và tổ chức các kỳ hội thao?,đơn vị nào quản lý các câu lạc bộ thể thao và tổ chức hội thao trong trường?,1047
cơ quan nào phụ trách việc quản lý các clb cũng như tổ chức các giải đấu thể thao nội bộ?,đơn vị nào quản lý các câu lạc bộ thể thao và tổ chức hội thao trong trường?,1047
cơ sở làm việc của đơn vị giáo dục quốc phòng và an ninh tọa lạc tại vị trí nào?,văn phòng của trung tâm giáo dục quốc phòng và an ninh nằm ở đâu?,1048
"địa chỉ cụ thể của bộ phận đảm nhận nhiệm vụ giáo dục quốc phòng, an ninh là gì?",văn phòng của trung tâm giáo dục quốc phòng và an ninh nằm ở đâu?,1048
"người ta có thể tìm thấy văn phòng quản lý công tác quốc phòng, an ninh ở đâu không?",văn phòng của trung tâm giáo dục quốc phòng và an ninh nằm ở đâu?,1048
vị trí đặt trụ sở chính của trung tâm chuyên về giáo dục quốc phòng và an ninh ra sao?,văn phòng của trung tâm giáo dục quốc phòng và an ninh nằm ở đâu?,1048
những nhiệm vụ cụ thể nào được đơn vị này đảm nhận?,trung tâm giáo dục quốc phòng và an ninh phụ trách những công việc gì?,1049
các hoạt động thuộc lĩnh vực quốc phòng và an ninh do trung tâm này lo liệu là gì?,trung tâm giáo dục quốc phòng và an ninh phụ trách những công việc gì?,1049
đơn vị chịu trách nhiệm quản lý những vấn đề gì trong mảng giáo dục quốc phòng?,trung tâm giáo dục quốc phòng và an ninh phụ trách những công việc gì?,1049
công tác nào thuộc về phạm vi hoạt động của cơ quan này?,trung tâm giáo dục quốc phòng và an ninh phụ trách những công việc gì?,1049
có tổ chức huấn luyện phòng chống và xử lý cháy nổ tại trung tâm giáo dục quốc phòng an ninh không?,trung tâm giáo dục quốc phòng và an ninh có đào tạo về phòng cháy chữa cháy không?,1050
việc đào tạo kỹ năng cứu hỏa có được triển khai ở đơn vị giáo dục quốc phòng và an ninh này không?,trung tâm giáo dục quốc phòng và an ninh có đào tạo về phòng cháy chữa cháy không?,1050
bạn có biết chương trình học tại trung tâm này có bao gồm nội dung về phòng cháy chữa cháy hay không?,trung tâm giáo dục quốc phòng và an ninh có đào tạo về phòng cháy chữa cháy không?,1050
trung tâm giáo dục quốc phòng an ninh có tổ chức lớp bồi dưỡng kỹ năng thoát hiểm và chữa cháy hay không?,trung tâm giáo dục quốc phòng và an ninh có đào tạo về phòng cháy chữa cháy không?,1050
địa chỉ văn phòng của đơn vị thúc đẩy khởi nghiệp và chuyển giao công nghệ là ở đâu?,trung tâm sáng tạo - khởi nghiệp và chuyển giao công nghệ đặt văn phòng tại đâu?,1051
cơ quan chủ trì các hoạt động sáng tạo cùng chuyển giao kỹ thuật đang đặt trụ sở tại đâu?,trung tâm sáng tạo - khởi nghiệp và chuyển giao công nghệ đặt văn phòng tại đâu?,1051
bạn có thể cho biết địa điểm văn phòng của tổ chức hỗ trợ khởi nghiệp và chuyển giao công nghệ không?,trung tâm sáng tạo - khởi nghiệp và chuyển giao công nghệ đặt văn phòng tại đâu?,1051
trụ sở chính của nơi khởi xướng sáng tạo và chuyển giao công nghệ tọa lạc tại đâu?,trung tâm sáng tạo - khởi nghiệp và chuyển giao công nghệ đặt văn phòng tại đâu?,1051
"làm thế nào để sinh viên nhận được sự hỗ trợ từ trung tâm đổi mới sáng tạo, khởi nghiệp và chuyển giao công nghệ?",trung tâm sáng tạo - khởi nghiệp và chuyển giao công nghệ hỗ trợ sinh viên như thế nào?,1052
"trung tâm công nghệ, khởi nghiệp và sáng tạo đã hỗ trợ sinh viên ra sao?",trung tâm sáng tạo - khởi nghiệp và chuyển giao công nghệ hỗ trợ sinh viên như thế nào?,1052
"sinh viên được hỗ trợ những gì từ đơn vị chuyên về sáng tạo, khởi nghiệp và chuyển giao công nghệ?",trung tâm sáng tạo - khởi nghiệp và chuyển giao công nghệ hỗ trợ sinh viên như thế nào?,1052
"sự hỗ trợ dành cho sinh viên của trung tâm chuyển giao công nghệ, khởi nghiệp và sáng tạo diễn ra như thế nào?",trung tâm sáng tạo - khởi nghiệp và chuyển giao công nghệ hỗ trợ sinh viên như thế nào?,1052
vị trí đặt của trung tâm giáo dục điện tử là đâu?,trung tâm dạy học số nằm ở vị trí nào?,1053
trung tâm đào tạo qua mạng đang hoạt động tại địa điểm nào?,trung tâm dạy học số nằm ở vị trí nào?,1053
làm sao để xác định địa điểm của khu vực dạy học số?,trung tâm dạy học số nằm ở vị trí nào?,1053
nơi tọa lạc của trung tâm hỗ trợ học tập kỹ thuật số nằm ở đâu?,trung tâm dạy học số nằm ở vị trí nào?,1053
hoạt động cốt lõi mà nhà trường trực tuyến hướng tới đối với học viên là cái gì?,chức năng chính của trung tâm dạy học số đối với sinh viên là gì?,1054
sinh viên sẽ nhận được những giá trị chủ yếu từ trung tâm giáo dục điện tử này như thế nào?,chức năng chính của trung tâm dạy học số đối với sinh viên là gì?,1054
mục đích lớn nhất của đơn vị đào tạo online dành cho sinh viên là gì?,chức năng chính của trung tâm dạy học số đối với sinh viên là gì?,1054
đối tượng là học sinh cần tìm hiểu chức năng quan trọng nhất của trung tâm học tập số ra sao?,chức năng chính của trung tâm dạy học số đối với sinh viên là gì?,1054
địa chỉ của trụ sở chính chuyên xử lý vấn đề giao tiếp nằm ở vị trí nào?,văn phòng trung tâm phát triển ngôn ngữ nằm ở đâu?,1055
vị trí đặt văn phòng điều hành chương trình tăng cường vốn từ vựng là chỗ nào?,văn phòng trung tâm phát triển ngôn ngữ nằm ở đâu?,1055
làm sao để biết địa điểm hoạt động của bộ phận phát triển kỹ năng ngôn ngữ?,văn phòng trung tâm phát triển ngôn ngữ nằm ở đâu?,1055
trụ sở làm việc của đơn vị phụ trách đào tạo kỹ năng nói và viết tọa lạc tại đâu?,văn phòng trung tâm phát triển ngôn ngữ nằm ở đâu?,1055
liệu nơi đây có cung cấp chương trình học ngoại ngữ cho sinh viên hay không?,trung tâm phát triển ngôn ngữ có đào tạo ngoại ngữ cho sinh viên không?,1056
chương trình đào tạo ngoại ngữ dành cho sinh viên có được tổ chức tại đây không?,trung tâm phát triển ngôn ngữ có đào tạo ngoại ngữ cho sinh viên không?,1056
bên mình có mở lớp dạy ngôn ngữ nước ngoài cho sinh viên chưa?,trung tâm phát triển ngôn ngữ có đào tạo ngoại ngữ cho sinh viên không?,1056
sinh viên có cơ hội được bồi dưỡng kỹ năng ngoại ngữ tại trung tâm này không?,trung tâm phát triển ngôn ngữ có đào tạo ngoại ngữ cho sinh viên không?,1056
bên nào là đơn vị phụ trách việc tổ chức các kỳ thi năng lực tiếng anh cho sinh viên tại trường?,đơn vị nào tổ chức các kỳ thi đánh giá năng lực tiếng anh cho sinh viên tại trường?,1057
ai là người đứng ra chỉ đạo và tổ chức các bài kiểm tra năng lực tiếng anh dành cho sinh viên của trường?,đơn vị nào tổ chức các kỳ thi đánh giá năng lực tiếng anh cho sinh viên tại trường?,1057
cơ quan nào trong trường chịu trách nhiệm sắp xếp các kỳ thi đánh giá năng lực tiếng anh cho sinh viên?,đơn vị nào tổ chức các kỳ thi đánh giá năng lực tiếng anh cho sinh viên tại trường?,1057
đâu là đơn vị được giao nhiệm vụ tổ chức các đợt thi năng lực tiếng anh cho sinh viên tại đây?,đơn vị nào tổ chức các kỳ thi đánh giá năng lực tiếng anh cho sinh viên tại trường?,1057
địa điểm đặt văn phòng trung tâm tin học là đâu?,văn phòng trung tâm tin học nằm ở vị trí nào?,1058
trung tâm tin học đang đóng trụ sở tại vị trí nào vậy?,văn phòng trung tâm tin học nằm ở vị trí nào?,1058
bạn có thể cho mình biết vị trí của văn phòng trung tâm tin học được không?,văn phòng trung tâm tin học nằm ở vị trí nào?,1058
trụ sở chính của trung tâm tin học tọa lạc ở nơi nào?,văn phòng trung tâm tin học nằm ở vị trí nào?,1058
những chương trình đào tạo nào được trung tâm tin học cung cấp?,trung tâm tin học đào tạo những khóa học nào?,1059
loại bài học gì mà trung tâm này đang dạy cho học viên?,trung tâm tin học đào tạo những khóa học nào?,1059
danh mục các khóa huấn luyện của trung tâm tin học gồm những gì?,trung tâm tin học đào tạo những khóa học nào?,1059
trung tâm ấy tổ chức giảng dạy các môn học ra sao?,trung tâm tin học đào tạo những khóa học nào?,1059
ở đâu mà sinh viên có thể đăng ký để thi lấy chứng chỉ quốc gia về ứng dụng cntt?,sinh viên có thể thi lấy chứng chỉ ứng dụng công nghệ thông tin quốc gia tại đâu?,1060
nơi nào dành cho học sinh/sinh viên để thi lấy bằng chứng chỉ quốc gia về công nghệ thông tin?,sinh viên có thể thi lấy chứng chỉ ứng dụng công nghệ thông tin quốc gia tại đâu?,1060
"để thi lấy chứng chỉ quốc gia về ứng dụng cntt, sinh viên cần đến địa điểm nào?",sinh viên có thể thi lấy chứng chỉ ứng dụng công nghệ thông tin quốc gia tại đâu?,1060
địa điểm nào cho phép sinh viên tham gia kỳ thi lấy chứng chỉ quốc gia về công nghệ thông tin?,sinh viên có thể thi lấy chứng chỉ ứng dụng công nghệ thông tin quốc gia tại đâu?,1060
vị trí của phòng việt nhật được đặt ở đâu trong khuôn viên trường?,trung tâm việt nhật nằm ở vị trí nào trong trường?,1061
khu vực trung tâm giao lưu việt nhật tọa lạc tại đâu trong ngôi trường này?,trung tâm việt nhật nằm ở vị trí nào trong trường?,1061
làm sao để tìm ra nơi đặt trung tâm việt nhật bên trong trường?,trung tâm việt nhật nằm ở vị trí nào trong trường?,1061
ở đâu trong trường có đặt văn phòng trung tâm việt nhật?,trung tâm việt nhật nằm ở vị trí nào trong trường?,1061
cơ sở giáo dục việt nhật có mở lớp dạy tiếng nhật cho sinh viên hay không?,trung tâm việt nhật có đào tạo tiếng nhật cho sinh viên không?,1062
sinh viên có thể tham gia khóa học tiếng nhật tại trung tâm này không?,trung tâm việt nhật có đào tạo tiếng nhật cho sinh viên không?,1062
trung tâm có cung cấp chương trình đào tạo tiếng nhật dành riêng cho sinh viên chưa?,trung tâm việt nhật có đào tạo tiếng nhật cho sinh viên không?,1062
liệu chương trình tiếng nhật của trung tâm có chấp nhận sinh viên đăng ký hay không?,trung tâm việt nhật có đào tạo tiếng nhật cho sinh viên không?,1062
"bên cạnh việc học nhật ngữ, trung tâm này còn cung cấp thêm những kỹ năng nào?","ngoài tiếng nhật, trung tâm việt nhật còn đào tạo kỹ năng gì?",1063
"ngoài khả năng giao tiếp bằng tiếng nhật, nơi đây còn bồi dưỡng kỹ năng gì khác nữa?","ngoài tiếng nhật, trung tâm việt nhật còn đào tạo kỹ năng gì?",1063
trung tâm việt nhật đã tổ chức các lớp dạy kỹ năng nào nữa ngoài chương trình tiếng nhật?,"ngoài tiếng nhật, trung tâm việt nhật còn đào tạo kỹ năng gì?",1063
"khi đã biết tiếng nhật rồi, sinh viên sẽ được trang bị thêm những năng lực gì tại đây?","ngoài tiếng nhật, trung tâm việt nhật còn đào tạo kỹ năng gì?",1063
trung tâm việt nhật thực hiện hỗ trợ sinh viên trong việc săn tìm công việc ra sao?,trung tâm việt nhật hỗ trợ sinh viên tìm kiếm việc làm như thế nào?,1064
quy trình giúp đỡ sinh viên tìm việc của trung tâm này diễn ra thế nào?,trung tâm việt nhật hỗ trợ sinh viên tìm kiếm việc làm như thế nào?,1064
làm thế nào để trung tâm việt nhật đồng hành cùng sinh viên tìm được việc làm?,trung tâm việt nhật hỗ trợ sinh viên tìm kiếm việc làm như thế nào?,1064
sinh viên có thể được hỗ trợ tìm kiếm việc làm như thế nào qua trung tâm này?,trung tâm việt nhật hỗ trợ sinh viên tìm kiếm việc làm như thế nào?,1064
học sinh có nguyện vọng đi du học nhật cần liên hệ tổ chức nào?,sinh viên muốn tư vấn du học nhật bản thì liên hệ đơn vị nào?,1065
đơn vị nào đang cung cấp dịch vụ tư vấn cho các bạn sinh viên dự định sang nhật?,sinh viên muốn tư vấn du học nhật bản thì liên hệ đơn vị nào?,1065
ai là đơn vị chuyên tiếp nhận hồ sơ tư vấn du học nhật bản cho sinh viên?,sinh viên muốn tư vấn du học nhật bản thì liên hệ đơn vị nào?,1065
bạn nào muốn nộp hồ sơ sang nhật thì hãy tìm đến tổ chức nào?,sinh viên muốn tư vấn du học nhật bản thì liên hệ đơn vị nào?,1065
địa chỉ của phòng ban ủy ban đảng trường là chỗ nào vậy?,văn phòng đảng ủy trường nằm ở đâu?,1066
bạn có thể cho tôi biết nơi đặt văn phòng của ban chấp hành đảng bộ trường không?,văn phòng đảng ủy trường nằm ở đâu?,1066
phòng làm việc của ủy ban đảng trường tọa lạc tại đâu?,văn phòng đảng ủy trường nằm ở đâu?,1066
ở khu vực nào có văn phòng quản lý đảng ủy của ngôi trường này?,văn phòng đảng ủy trường nằm ở đâu?,1066
những hoạt động nào thuộc trách nhiệm của bộ phận lãnh đạo trường?,văn phòng đảng ủy trường phụ trách những công tác gì?,1067
các nhiệm vụ cụ thể mà tập thể lãnh đạo đơn vị đang đảm nhận là gì?,văn phòng đảng ủy trường phụ trách những công tác gì?,1067
bộ máy chỉ huy trường đang trực tiếp quản lý những hạng mục công việc gì?,văn phòng đảng ủy trường phụ trách những công tác gì?,1067
lĩnh vực công tác nào do nhóm lãnh đạo cấp trên tại đơn vị này phụ trách?,văn phòng đảng ủy trường phụ trách những công tác gì?,1067
vị trí đặt phòng ban đại diện tập thể cũng như hội đồng sinh viên của nhà trường là nơi nào?,văn phòng đoàn trường và hội sinh viên trường nằm ở đâu?,1068
làm thế nào để tìm ra địa điểm của bộ phận công tác sinh viên và đoàn thể tại đây?,văn phòng đoàn trường và hội sinh viên trường nằm ở đâu?,1068
địa chỉ của hai bộ phận là đoàn đội và hội sinh viên thuộc về trường được bố trí ở đâu?,văn phòng đoàn trường và hội sinh viên trường nằm ở đâu?,1068
ở đâu có thể tìm thấy văn phòng của các tổ chức đoàn thể và sinh viên trong trường?,văn phòng đoàn trường và hội sinh viên trường nằm ở đâu?,1068
những loại tài liệu nào được đoàn trường cùng hội sinh viên giữ quản?,đoàn trường và hội sinh viên trường quản lý những loại hồ sơ nào?,1069
loại hồ sơ nào nằm trong phạm vi quản lý của tổ chức đoàn và hội sinh viên?,đoàn trường và hội sinh viên trường quản lý những loại hồ sơ nào?,1069
đoàn trường kết hợp với hội sinh viên chịu trách nhiệm trông coi những gì?,đoàn trường và hội sinh viên trường quản lý những loại hồ sơ nào?,1069
những văn bản hay hồ sơ nào do hai bên đoàn trường và hội sinh viên điều hành?,đoàn trường và hội sinh viên trường quản lý những loại hồ sơ nào?,1069
"bên cạnh việc rèn luyện, đoàn trường và hội sinh viên có đưa ra hỗ trợ nào cho sinh viên không?",đoàn trường và hội sinh viên có hỗ trợ sinh viên về vấn đề rèn luyện không?,1070
"trong vấn đề tu dưỡng bản thân, liệu sinh viên có nhận được sự giúp đỡ từ tổ chức đoàn và hội không?",đoàn trường và hội sinh viên có hỗ trợ sinh viên về vấn đề rèn luyện không?,1070
đoàn thanh niên cùng hội sinh viên có giải quyết hỗ trợ các vấn đề về quá trình rèn luyện của sinh viên hay chưa?,đoàn trường và hội sinh viên có hỗ trợ sinh viên về vấn đề rèn luyện không?,1070
"về mặt nâng cao kỹ năng và đạo đức, liệu các cơ quan đoàn thể có cung cấp sự trợ giúp cho sinh viên không?",đoàn trường và hội sinh viên có hỗ trợ sinh viên về vấn đề rèn luyện không?,1070
đâu là đơn vị chịu trách nhiệm tổ chức cho những công việc thiện nguyện mà sinh viên tham gia?,các hoạt động tình nguyện của sinh viên do đơn vị nào tổ chức?,1071
cơ quan nào đứng ra sắp xếp các hoạt động làm vì cộng đồng dành riêng cho sinh viên?,các hoạt động tình nguyện của sinh viên do đơn vị nào tổ chức?,1071
ai là bên triển khai những sự kiện tình nguyện mà sinh viên được tham gia?,các hoạt động tình nguyện của sinh viên do đơn vị nào tổ chức?,1071
đơn vị quản lý hay điều hành các chương trình thiện nguyện của sinh viên là ai?,các hoạt động tình nguyện của sinh viên do đơn vị nào tổ chức?,1071
link trang web của ban lãnh đạo trường có thể chia sẻ với em không?,địa chỉ website của đoàn trường là gì?,1072
bạn cho biết đường link mạng xã hội hay cổng thông tin của trường nhé.,địa chỉ website của đoàn trường là gì?,1072
website chính thức của khối ban giám hiệu trường nằm ở đâu vậy?,địa chỉ website của đoàn trường là gì?,1072
làm sao để truy cập vào trang điện tử đại diện cho đoàn trường?,địa chỉ website của đoàn trường là gì?,1072
số điện thoại hoặc địa chỉ mail để liên hệ với hội sinh viên trường đang là gì?,email liên hệ của hội sinh viên trường là gì?,1073
trường bạn có thể cung cấp thông tin liên lạc của hội sinh viên không?,email liên hệ của hội sinh viên trường là gì?,1073
ai là người quản lý email và số điện thoại của hội sinh viên trường?,email liên hệ của hội sinh viên trường là gì?,1073
địa chỉ thư điện tử dùng để kết nối với ban chủ tịch hội sinh viên là đâu?,email liên hệ của hội sinh viên trường là gì?,1073
số gì là số điện thoại để liên lạc với văn phòng đoàn trường?,số điện thoại liên hệ của văn phòng đoàn trường là bao nhiêu?,1074
"để gọi vào văn phòng đoàn trường, mình cần số nào?",số điện thoại liên hệ của văn phòng đoàn trường là bao nhiêu?,1074
ai có thể cung cấp cho tôi số liên hệ của phòng đoàn?,số điện thoại liên hệ của văn phòng đoàn trường là bao nhiêu?,1074
số điện thoại của ban chấp hành đoàn ở đâu vậy?,số điện thoại liên hệ của văn phòng đoàn trường là bao nhiêu?,1074
có thể liên hệ trực tuyến qua ứng dụng zalo với đơn vị tổ chức lớp học này được không?,trung tâm dạy học số có hotline hỗ trợ qua zalo không?,1075
số điện thoại của họ có hỗ trợ nhắn tin trên zalo hay không?,trung tâm dạy học số có hotline hỗ trợ qua zalo không?,1075
bên em có dịch vụ trả lời qua zalo để giải đáp thắc mắc không?,trung tâm dạy học số có hotline hỗ trợ qua zalo không?,1075
người dùng có thể đặt vấn đề qua zalo với phía quản lý không?,trung tâm dạy học số có hotline hỗ trợ qua zalo không?,1075
làm thế nào để tôi gọi điện tới văn phòng việt nhật?,làm sao để liên hệ với trung tâm việt nhật qua điện thoại?,1076
số điện thoại của trung tâm việt nhật là gì để mình liên lạc?,làm sao để liên hệ với trung tâm việt nhật qua điện thoại?,1076
ai có thể hướng dẫn mình gọi cho trụ sở việt nhật qua điện thoại?,làm sao để liên hệ với trung tâm việt nhật qua điện thoại?,1076
phương thức liên hệ với văn phòng việt nhật bằng đường dây điện thoại là ra sao?,làm sao để liên hệ với trung tâm việt nhật qua điện thoại?,1076
có trang facebook đại diện chính thức cho trung tâm tin học này không?,trung tâm tin học có fanpage chính thức không?,1077
trung tâm ấy đã có kênh thông tin chính hãng trên mạng xã hội chưa?,trung tâm tin học có fanpage chính thức không?,1077
tôi muốn biết trang fanpage chủ lực của trung tâm tin học nằm ở đâu.,trung tâm tin học có fanpage chính thức không?,1077
liệt kê địa chỉ fanpage chính thức nếu trung tâm có đăng tải.,trung tâm tin học có fanpage chính thức không?,1077
địa điểm cụ thể của phòng ban chuyên trách về kỹ thuật số là nơi nào?,văn phòng khoa điện - điện tử nằm ở đâu?,1078
bạn có thể chỉ cho tôi vị trí đặt văn phòng phụ trách lĩnh vực điện tử và công nghệ không?,văn phòng khoa điện - điện tử nằm ở đâu?,1078
tổ chức quản lý các vấn đề liên quan đến hệ thống điện sẽ tọa lạc tại đâu?,văn phòng khoa điện - điện tử nằm ở đâu?,1078
hãy cho biết địa chỉ hiện hữu của bộ phận điều hành mảng kỹ thuật số này.,văn phòng khoa điện - điện tử nằm ở đâu?,1078
làm sao để biết trang web đại diện chính của bộ môn điện - điện tử?,website chính thức của khoa điện - điện tử là gì?,1079
địa chỉ trang mạng trực thuộc khoa điện - điện tử là đâu?,website chính thức của khoa điện - điện tử là gì?,1079
tôi cần tìm hiểu trang chủ của khoa điện - điện tử ra sao?,website chính thức của khoa điện - điện tử là gì?,1079
tên miền của khoa điện - điện tử được công nhận chính thức là gì?,website chính thức của khoa điện - điện tử là gì?,1079
số điện thoại và địa chỉ email của khoa điện - điện tử được cung cấp ở đâu?,thông tin liên hệ điện thoại và email của khoa điện - điện tử như thế nào?,1080
làm sao để tìm được thông tin liên lạc gồm cả điện thoại và mail của khoa điện - điện tử?,thông tin liên hệ điện thoại và email của khoa điện - điện tử như thế nào?,1080
khoa điện - điện tử có thể chia sẻ số điện thoại và địa chỉ email của họ không?,thông tin liên hệ điện thoại và email của khoa điện - điện tử như thế nào?,1080
ai có thể cho biết số điện thoại cùng email liên hệ của khoa điện - điện tử?,thông tin liên hệ điện thoại và email của khoa điện - điện tử như thế nào?,1080
ngành nào nằm trong khối đào tạo của khoa điện - điện tử?,khoa điện - điện tử quản lý những ngành đào tạo nào?,1081
danh mục các lĩnh vực đào tạo do khoa điện - điện tử phụ trách gồm những gì?,khoa điện - điện tử quản lý những ngành đào tạo nào?,1081
hãy cho tôi biết khoa điện - điện tử tuyển sinh cho những chuyên ngành nào.,khoa điện - điện tử quản lý những ngành đào tạo nào?,1081
những bộ môn đào tạo nào thuộc thẩm quyền của khoa điện - điện tử?,khoa điện - điện tử quản lý những ngành đào tạo nào?,1081
thông tin liên hệ của nhóm facebook dành riêng cho sinh viên ngành điện - điện tử là địa chỉ nào?,địa chỉ group facebook dành cho sinh viên khoa điện - điện tử là gì?,1082
nhóm fb phục vụ sinh viên chuyên ngành điện điện tử đang nằm ở đâu?,địa chỉ group facebook dành cho sinh viên khoa điện - điện tử là gì?,1082
làm thế nào để tìm được đường link của cộng đồng sinh viên khoa điện - điện tử trên facebook?,địa chỉ group facebook dành cho sinh viên khoa điện - điện tử là gì?,1082
ai có thể cung cấp cho tôi địa chỉ trang nhóm facebook của sinh viên ngành điện tử?,địa chỉ group facebook dành cho sinh viên khoa điện - điện tử là gì?,1082
vị trí của phòng khoa cơ khí chế tạo máy là nơi nào vậy?,văn phòng khoa cơ khí chế tạo máy nằm ở đâu?,1083
khoa cơ khí chế tạo máy đặt tại đâu trong trường?,văn phòng khoa cơ khí chế tạo máy nằm ở đâu?,1083
bạn có thể cho mình biết địa điểm của bộ môn cơ khí chế tạo máy không?,văn phòng khoa cơ khí chế tạo máy nằm ở đâu?,1083
địa chỉ của văn phòng khoa cơ khí chế tạo máy nằm ở đâu?,văn phòng khoa cơ khí chế tạo máy nằm ở đâu?,1083
tên trang web dành cho khoa cơ khí chế tạo máy là gì?,website của khoa cơ khí chế tạo máy là gì?,1084
làm thế nào để tìm địa chỉ web của khoa cơ khí chế tạo máy?,website của khoa cơ khí chế tạo máy là gì?,1084
khoa cơ khí chế tạo máy sở hữu website nào?,website của khoa cơ khí chế tạo máy là gì?,1084
website riêng của khoa cơ khí chế tạo máy được đặt ở đâu?,website của khoa cơ khí chế tạo máy là gì?,1084
làm sao có thể gọi điện hoặc gửi mail đến bộ môn cơ khí chế tạo máy?,làm thế nào để liên hệ với khoa cơ khí chế tạo máy qua điện thoại và email?,1085
cần liên hệ với phòng cơ khí chế tạo máy bằng điện thoại hay thư điện tử thế nào?,làm thế nào để liên hệ với khoa cơ khí chế tạo máy qua điện thoại và email?,1085
phương thức nào để gọi hoặc nhắn tin qua email tới khoa cơ khí chế tạo máy?,làm thế nào để liên hệ với khoa cơ khí chế tạo máy qua điện thoại và email?,1085
có thể kết nối với khoa cơ khí chế tạo máy qua đường dây điện thoại hay hộp thư điện tử không?,làm thế nào để liên hệ với khoa cơ khí chế tạo máy qua điện thoại và email?,1085
những ngành học nào thuộc quyền quản lý của khoa cơ khí chế tạo máy?,các ngành đào tạo do khoa cơ khí chế tạo máy quản lý bao gồm những ngành nào?,1086
khoa cơ khí chế tạo máy đang trực tiếp quản lý những lĩnh vực đào tạo nào?,các ngành đào tạo do khoa cơ khí chế tạo máy quản lý bao gồm những ngành nào?,1086
danh sách các ngành do khoa cơ khí chế tạo máy phụ trách gồm những gì?,các ngành đào tạo do khoa cơ khí chế tạo máy quản lý bao gồm những ngành nào?,1086
hãy cho biết các ngành học được khoa cơ khí chế tạo máy điều hành là gì?,các ngành đào tạo do khoa cơ khí chế tạo máy quản lý bao gồm những ngành nào?,1086
các trang mạng xã hội của khoa cơ khí chế tạo máy có tên là gì?,fanpage và group facebook của khoa cơ khí chế tạo máy là gì?,1087
nhóm và trang fanpage thuộc khoa cơ khí chế tạo máy được đặt tên ra sao?,fanpage và group facebook của khoa cơ khí chế tạo máy là gì?,1087
tên của fanpage và nhóm facebook dành cho khoa cơ khí chế tạo máy là gì?,fanpage và group facebook của khoa cơ khí chế tạo máy là gì?,1087
khoa cơ khí chế tạo máy đang quản lý những fanpage và group nào trên facebook?,fanpage và group facebook của khoa cơ khí chế tạo máy là gì?,1087
khoa kinh tế đặt trụ sở tại đâu?,văn phòng khoa kinh tế nằm ở vị trí nào?,1088
vị trí của phòng ban khoa kinh tế là nơi nào?,văn phòng khoa kinh tế nằm ở vị trí nào?,1088
làm thế nào để tìm địa điểm của khoa kinh tế?,văn phòng khoa kinh tế nằm ở vị trí nào?,1088
khoa kinh tế tọa lạc ở góc nào của tòa nhà?,văn phòng khoa kinh tế nằm ở vị trí nào?,1088
làm thế nào để liên hệ với khoa kinh tế qua đường link trang web hay hòm thư điện tử?,địa chỉ website và email liên hệ của khoa kinh tế là gì?,1089
bạn có thể cung cấp địa chỉ mạng và thư điện tử để kết nối với bộ môn kinh tế không?,địa chỉ website và email liên hệ của khoa kinh tế là gì?,1089
thông tin liên lạc trực tuyến của khoa kinh tế gồm website và email là những gì?,địa chỉ website và email liên hệ của khoa kinh tế là gì?,1089
"để giao tiếp với khoa kinh tế, chúng ta cần biết link trang web và địa chỉ email cụ thể.",địa chỉ website và email liên hệ của khoa kinh tế là gì?,1089
khoa kinh tế có thể cung cấp cho tôi số điện thoại liên hệ được không?,số điện thoại liên lạc của khoa kinh tế là số nào?,1090
làm sao để tôi biết được số máy gọi vào khoa kinh tế?,số điện thoại liên lạc của khoa kinh tế là số nào?,1090
số liên lạc dành cho khoa kinh tế hiện đang là bao nhiêu?,số điện thoại liên lạc của khoa kinh tế là số nào?,1090
ai có thể cho tôi biết số điện thoại của phòng kinh tế?,số điện thoại liên lạc của khoa kinh tế là số nào?,1090
những ngành đào tạo nào thuộc quyền điều hành của bộ phận kinh tế lúc này?,khoa kinh tế hiện đang quản lý những ngành học nào?,1091
"hiện tại, lĩnh vực kinh tế đang bao quát những chuyên ngành gì?",khoa kinh tế hiện đang quản lý những ngành học nào?,1091
bộ phận kinh tế hiện quản lý những hệ thống học thuật ra sao?,khoa kinh tế hiện đang quản lý những ngành học nào?,1091
ai đang chịu trách nhiệm cho các ngành học trong khoa kinh tế?,khoa kinh tế hiện đang quản lý những ngành học nào?,1091
làm thế nào để tìm trang facebook chính của khoa kinh tế?,địa chỉ fanpage chính thức của khoa kinh tế là gì?,1092
khoa kinh tế sử dụng địa chỉ nào cho fanpage chính thức?,địa chỉ fanpage chính thức của khoa kinh tế là gì?,1092
bạn biết trang web facebook đại diện chính thức của khoa kinh tế là đâu không?,địa chỉ fanpage chính thức của khoa kinh tế là gì?,1092
hãy cho tôi biết địa chỉ fanpage thuộc về khoa kinh tế.,địa chỉ fanpage chính thức của khoa kinh tế là gì?,1092
vị trí cụ thể của phòng ban phụ trách xây dựng đang tọa lạc tại đâu?,văn phòng khoa xây dựng nằm ở đâu?,1093
làm thế nào để tìm ra địa chỉ của nơi quản lý các công trình xây dựng?,văn phòng khoa xây dựng nằm ở đâu?,1093
ai có thể cho biết địa điểm hiện hữu của bộ phận thiết kế công trình?,văn phòng khoa xây dựng nằm ở đâu?,1093
địa chỉ của cơ quan chuyên môn lo việc xây dựng nằm ở vùng nào?,văn phòng khoa xây dựng nằm ở đâu?,1093
những phương thức kết nối mạng mà khoa kiến trúc đang sử dụng là gì?,khoa xây dựng có những kênh liên lạc trực tuyến nào?,1094
bạn cho tôi biết các đường truyền trực tuyến phục vụ cho khoa xây dựng đi nhé.,khoa xây dựng có những kênh liên lạc trực tuyến nào?,1094
khoa kiến trúc vận hành qua những nền tảng hội thoại online nào vậy?,khoa xây dựng có những kênh liên lạc trực tuyến nào?,1094
liệt kê giúp tôi các kênh trao đổi trực tuyến hiện có tại khoa xây dựng.,khoa xây dựng có những kênh liên lạc trực tuyến nào?,1094
số liên hệ của phòng xây dựng là gì?,số điện thoại của khoa xây dựng là bao nhiêu?,1095
khoa kiến trúc xây dựng có thể cung cấp số máy nào không?,số điện thoại của khoa xây dựng là bao nhiêu?,1095
xin vui lòng cho biết số điện thoại thuộc khoa xây dựng.,số điện thoại của khoa xây dựng là bao nhiêu?,1095
làm thế nào để liên lạc với bộ phận xây dựng qua số điện thoại?,số điện thoại của khoa xây dựng là bao nhiêu?,1095
ngành khoa nào có các ngành đào tạo nằm dưới quyền quản lý của khoa xây dựng?,danh sách các ngành đào tạo thuộc khoa xây dựng quản lý là gì?,1096
những lĩnh vực đào tạo nào thuộc phạm vi quản lý của khoa xây dựng?,danh sách các ngành đào tạo thuộc khoa xây dựng quản lý là gì?,1096
khoa xây dựng đang quản lý những chương trình đào tạo cụ thể nào?,danh sách các ngành đào tạo thuộc khoa xây dựng quản lý là gì?,1096
danh mục các ngành học trong khoa xây dựng là gì?,danh sách các ngành đào tạo thuộc khoa xây dựng quản lý là gì?,1096
số điện thoại hay địa chỉ trang facebook của khoa kiến trúc xây dựng có thể cho mình xin được không?,link fanpage của khoa xây dựng là gì?,1097
mình đang cần biết trang chuyên trang của khoa xây dựng được đặt ở đâu trên mạng xã hội?,link fanpage của khoa xây dựng là gì?,1097
bạn có thể hướng dẫn mình tìm đến trang fanpage của khoa xây dựng được không?,link fanpage của khoa xây dựng là gì?,1097
địa chỉ trang mạng xã hội dành riêng cho khoa xây dựng nằm ở vị trí nào?,link fanpage của khoa xây dựng là gì?,1097
địa chỉ của phòng thuộc khoa cơ khí động lực là đâu?,văn phòng khoa cơ khí động lực nằm ở địa chỉ nào?,1098
làm thế nào để tìm địa điểm của khoa cơ khí động lực?,văn phòng khoa cơ khí động lực nằm ở địa chỉ nào?,1098
khoa cơ khí động lực đóng tại vị trí nào?,văn phòng khoa cơ khí động lực nằm ở địa chỉ nào?,1098
bạn có thể cho biết địa chỉ cụ thể của văn phòng khoa cơ khí động lực được không?,văn phòng khoa cơ khí động lực nằm ở địa chỉ nào?,1098
làm sao để tìm được link web và trang fanpage của khoa cơ khí động lực?,thông tin website và fanpage của khoa cơ khí động lực là gì?,1099
website và fanpage của khoa cơ khí động lực đang đăng tải ở đâu?,thông tin website và fanpage của khoa cơ khí động lực là gì?,1099
bạn có thể chia sẻ địa chỉ trang web cùng fanpage thuộc khoa cơ khí động lực không?,thông tin website và fanpage của khoa cơ khí động lực là gì?,1099
địa chỉ liên hệ trực tuyến và fanpage của khoa cơ khí động lực là bao nhiêu?,thông tin website và fanpage của khoa cơ khí động lực là gì?,1099
làm thế nào để tôi có thể liên hệ với phòng cơ khí động lực qua số điện thoại?,số điện thoại liên hệ của khoa cơ khí động lực là số nào?,1100
bộ phận cơ khí động lực đang quản lý số di động nào để gọi?,số điện thoại liên hệ của khoa cơ khí động lực là số nào?,1100
ai có thể cung cấp cho tôi thông tin đường dây nóng của khoa cơ khí động lực?,số điện thoại liên hệ của khoa cơ khí động lực là số nào?,1100
tôi cần biết mã số điện thoại nào để gọi vào nhóm cơ khí động lực?,số điện thoại liên hệ của khoa cơ khí động lực là số nào?,1100
ngành đào tạo nào nằm trong phạm vi quản lý của khoa cơ khí động lực?,khoa cơ khí động lực quản lý các ngành đào tạo nào?,1101
khoa cơ khí động lực chịu trách nhiệm điều hành những chương trình đào tạo cụ thể nào?,khoa cơ khí động lực quản lý các ngành đào tạo nào?,1101
có những ngành nghề đào tạo nào mà khoa cơ khí động lực đang quản lý?,khoa cơ khí động lực quản lý các ngành đào tạo nào?,1101
những lĩnh vực đào tạo nào được khoa cơ khí động lực đảm nhiệm?,khoa cơ khí động lực quản lý các ngành đào tạo nào?,1101
địa điểm đặt bộ phận công nghệ thông tin của khoa là vị trí nào?,văn phòng khoa công nghệ thông tin nằm ở đâu?,1102
khoa công nghệ thông tin đang bố trí văn phòng tại đâu?,văn phòng khoa công nghệ thông tin nằm ở đâu?,1102
ở đâu có văn phòng làm việc của khoa công nghệ thông tin?,văn phòng khoa công nghệ thông tin nằm ở đâu?,1102
vị trí đặt phòng làm việc thuộc khoa công nghệ thông tin nằm ở chỗ nào?,văn phòng khoa công nghệ thông tin nằm ở đâu?,1102
địa chỉ trang web và hộp thư của bộ môn tin học là gì?,website và email của khoa công nghệ thông tin là gì?,1103
khoa công nghệ thông tin có những liên kết mạng và địa chỉ email nào?,website và email của khoa công nghệ thông tin là gì?,1103
bạn hãy cho biết website và địa chỉ thư điện tử của đơn vị tin học nhé.,website và email của khoa công nghệ thông tin là gì?,1103
những thông tin về trang mạng và email thuộc khoa công nghệ thông tin là gì?,website và email của khoa công nghệ thông tin là gì?,1103
khoa công nghệ thông tin để số điện thoại liên hệ ở đâu vậy?,số điện thoại liên hệ của khoa công nghệ thông tin là số nào?,1104
làm sao để lấy được số điện thoại của bộ phận công nghệ thông tin?,số điện thoại liên hệ của khoa công nghệ thông tin là số nào?,1104
ai có thể cung cấp số máy của khoa công nghệ thông tin cho tôi?,số điện thoại liên hệ của khoa công nghệ thông tin là số nào?,1104
số hotline của khoa công nghệ thông tin là bao nhiêu?,số điện thoại liên hệ của khoa công nghệ thông tin là số nào?,1104
những lĩnh vực nào thuộc về ngành quản lý được bao hàm trong khoa công nghệ thông tin?,khoa công nghệ thông tin quản lý những ngành nào?,1105
phạm vi các ngành nghề mà khoa này điều hành là gì?,khoa công nghệ thông tin quản lý những ngành nào?,1105
bạn có thể liệt kê các chuyên ngành nằm trong khoa công nghệ thông tin không?,khoa công nghệ thông tin quản lý những ngành nào?,1105
khoa công nghệ thông tin đào tạo hay quản lý cho những lĩnh vực nào?,khoa công nghệ thông tin quản lý những ngành nào?,1105
khoa công nghệ thông tin sở hữu những nhóm cộng đồng nào trên mạng xã hội?,fanpage và group sinh viên của khoa công nghệ thông tin là gì?,1106
làm thế nào để tìm hiểu về các trang và nhóm dành cho sinh viên thuộc ngành công nghệ?,fanpage và group sinh viên của khoa công nghệ thông tin là gì?,1106
những diễn đàn trực tuyến phục vụ sinh viên kỹ thuật tại đây có tên là gì?,fanpage và group sinh viên của khoa công nghệ thông tin là gì?,1106
chúng ta có thể xác định được các hội nhóm và fanpage của khoa it không?,fanpage và group sinh viên của khoa công nghệ thông tin là gì?,1106
địa điểm đặt văn phòng khoa hóa học công nghệ và thực phẩm là nơi nào?,văn phòng khoa công nghệ hóa học và thực phẩm nằm ở vị trí nào?,1107
văn phòng của bộ môn hóa học công nghệ cùng thực phẩm tọa lạc ở đâu?,văn phòng khoa công nghệ hóa học và thực phẩm nằm ở vị trí nào?,1107
hãy cho biết vị trí cụ thể của văn phòng khoa thực phẩm và hóa học công nghệ.,văn phòng khoa công nghệ hóa học và thực phẩm nằm ở vị trí nào?,1107
bạn có thể chỉ cho mình chỗ văn phòng khoa hóa học thực phẩm nằm ở đâu không?,văn phòng khoa công nghệ hóa học và thực phẩm nằm ở vị trí nào?,1107
làm sao để liên hệ với bộ môn công nghệ hóa học và thực phẩm qua mạng hay hộp thư?,website và email của khoa công nghệ hóa học và thực phẩm là gì?,1108
địa chỉ trang web cùng như hòm thư điện tử của khoa công nghệ hóa học và thực phẩm ở đâu?,website và email của khoa công nghệ hóa học và thực phẩm là gì?,1108
xin cho biết liên lạc bằng internet hay email của khoa chuyên về hóa học và thực phẩm ra sao?,website và email của khoa công nghệ hóa học và thực phẩm là gì?,1108
muốn biết đường dây truyền tin và site web thuộc khoa công nghệ hóa học và thực phẩm thì phải làm thế nào?,website và email của khoa công nghệ hóa học và thực phẩm là gì?,1108
làm ơn cho tôi biết số điện thoại liên lạc của bộ môn công nghệ thực phẩm và hóa học.,số điện thoại liên hệ của khoa công nghệ hóa học và thực phẩm là số nào?,1109
tôi muốn biết cần gọi số nào để liên hệ với phòng nghiên cứu hóa học và thực phẩm.,số điện thoại liên hệ của khoa công nghệ hóa học và thực phẩm là số nào?,1109
số hotline dành cho khoa công nghệ hóa học cùng thực phẩm là bao nhiêu?,số điện thoại liên hệ của khoa công nghệ hóa học và thực phẩm là số nào?,1109
ai có thể cung cấp cho tôi đường dây thông tin của khoa hóa học và thực phẩm công nghệ?,số điện thoại liên hệ của khoa công nghệ hóa học và thực phẩm là số nào?,1109
khoa công nghệ hóa học và thực phẩm phụ trách những lĩnh vực cũng như khóa học nào?,các ngành và chương trình đào tạo do khoa công nghệ hóa học và thực phẩm quản lý là gì?,1110
những ngành nghề và chương trình đào tạo nào thuộc thẩm quyền quản lý của khoa này?,các ngành và chương trình đào tạo do khoa công nghệ hóa học và thực phẩm quản lý là gì?,1110
khoa công nghệ hóa học và thực phẩm đang điều hành những bộ môn gì?,các ngành và chương trình đào tạo do khoa công nghệ hóa học và thực phẩm quản lý là gì?,1110
"ai chịu trách nhiệm quản lý các ngành và khóa học trong khoa này, cụ thể là những lĩnh vực nào?",các ngành và chương trình đào tạo do khoa công nghệ hóa học và thực phẩm quản lý là gì?,1110
khoa công nghệ hóa học và thực phẩm vận hành các kênh mạng xã hội nào?,kênh mạng xã hội của khoa công nghệ hóa học và thực phẩm gồm những gì?,1111
những nền tảng mạng xã hội nào thuộc về khoa hóa học và thực phẩm?,kênh mạng xã hội của khoa công nghệ hóa học và thực phẩm gồm những gì?,1111
danh sách trang mạng xã hội của khoa công nghệ hóa học và thực phẩm gồm những cái gì?,kênh mạng xã hội của khoa công nghệ hóa học và thực phẩm gồm những gì?,1111
khoa công nghệ hóa học và thực phẩm có những kênh mạng xã hội ra sao?,kênh mạng xã hội của khoa công nghệ hóa học và thực phẩm gồm những gì?,1111
địa điểm đặt phòng ban bộ môn thời trang cùng du lịch là đâu?,văn phòng khoa thời trang và du lịch nằm ở đâu?,1112
phòng làm việc của khoa thời trang và du lịch tọa lạc ở nơi nào?,văn phòng khoa thời trang và du lịch nằm ở đâu?,1112
vị trí của văn phòng thuộc khoa thời trang du lịch ở đâu vậy?,văn phòng khoa thời trang và du lịch nằm ở đâu?,1112
"anh/chị có thể chỉ chỗ đặt văn phòng khoa thời trang, du lịch được không?",văn phòng khoa thời trang và du lịch nằm ở đâu?,1112
làm thế nào để liên hệ với khoa thời trang và du lịch qua đường truyền thông điện tử?,website và email của khoa thời trang và du lịch là gì?,1113
xin hãy cho biết địa chỉ trang web cũng như hộp thư điện tử của khoa thời trang và du lịch.,website và email của khoa thời trang và du lịch là gì?,1113
tôi cần tìm thông tin gì về website và email của bộ môn thời trang du lịch?,website và email của khoa thời trang và du lịch là gì?,1113
thông tin liên lạc bằng mạng và thư điện tử của khoa thời trang du lịch là gì vậy?,website và email của khoa thời trang và du lịch là gì?,1113
khoa thời trang và du lịch có thể cung cấp cho tôi số điện thoại liên hệ được không?,số điện thoại của khoa thời trang và du lịch là số nào?,1114
làm thế nào để tôi biết được số điện thoại của phòng khoa thời trang và du lịch?,số điện thoại của khoa thời trang và du lịch là số nào?,1114
ai có thể cho tôi số điện thoại của khoa thời trang và du lịch?,số điện thoại của khoa thời trang và du lịch là số nào?,1114
bạn có biết số liên lạc của khoa thời trang và du lịch là bao nhiêu không?,số điện thoại của khoa thời trang và du lịch là số nào?,1114
ngành học thời trang cùng du lịch sẽ bao gồm các chương trình đào tạo ra sao?,khoa thời trang và du lịch quản lý những ngành đào tạo nào?,1115
những lĩnh vực giáo dục nào nằm trong khối ngành thời trang và du lịch?,khoa thời trang và du lịch quản lý những ngành đào tạo nào?,1115
việc học tập về du lịch và thời trang cung cấp những chuyên ngành gì?,khoa thời trang và du lịch quản lý những ngành đào tạo nào?,1115
các chương trình đào tạo thuộc nhóm thời trang và du lịch được phân loại thế nào?,khoa thời trang và du lịch quản lý những ngành đào tạo nào?,1115
thế nào là fanpage và nhóm dành riêng cho sinh viên thuộc khoa thời trang và du lịch?,fanpage và group sinh viên của khoa thời trang và du lịch là gì?,1116
khoa thời trang và du lịch đang có fanpage cùng nhóm nào để phục vụ sinh viên?,fanpage và group sinh viên của khoa thời trang và du lịch là gì?,1116
bạn có thể giới thiệu fanpage và hội nhóm sinh viên của khoa thời trang và du lịch không?,fanpage và group sinh viên của khoa thời trang và du lịch là gì?,1116
"những nền tảng mạng xã hội nào (fanpage, group) của khoa thời trang và du lịch dành cho sinh viên?",fanpage và group sinh viên của khoa thời trang và du lịch là gì?,1116
địa điểm đặt phòng làm việc của bộ môn ngoại ngữ ở đâu?,văn phòng khoa ngoại ngữ nằm ở vị trí nào?,1117
phòng ban chuyên giảng dạy ngoại ngữ được bố trí tại vị trí nào trong cơ quan?,văn phòng khoa ngoại ngữ nằm ở vị trí nào?,1117
bạn có thể chỉ cho mình khu vực văn phòng phụ trách các ngôn ngữ không?,văn phòng khoa ngoại ngữ nằm ở vị trí nào?,1117
khu vực làm việc của giảng viên ngoại ngữ tọa lạc ở đâu vậy?,văn phòng khoa ngoại ngữ nằm ở vị trí nào?,1117
số điện thoại và địa chỉ trang mạng của bộ môn ngôn ngữ là bao nhiêu?,website và email của khoa ngoại ngữ là gì?,1118
làm thế nào để liên hệ với phòng đào tạo tiếng nước ngoài qua mail hay web?,website và email của khoa ngoại ngữ là gì?,1118
địa chỉ email và trang thông tin điện tử của khoa ngoại ngữ nằm ở đâu?,website và email của khoa ngoại ngữ là gì?,1118
bạn có thể cung cấp cho tôi đường link và hộp thư của ngành học ngôn ngữ được không?,website và email của khoa ngoại ngữ là gì?,1118
làm sao để tìm được số điện thoại của phòng khoa ngoại ngữ?,số điện thoại liên hệ của khoa ngoại ngữ là số nào?,1119
số liên lạc của bộ môn ngoại ngữ là gì?,số điện thoại liên hệ của khoa ngoại ngữ là số nào?,1119
xin cho biết cách liên hệ với khoa ngoại ngữ qua điện thoại.,số điện thoại liên hệ của khoa ngoại ngữ là số nào?,1119
số hotline để gọi vào khoa ngoại ngữ là bao nhiêu?,số điện thoại liên hệ của khoa ngoại ngữ là số nào?,1119
bộ phận ngoại khoa chịu trách nhiệm đào tạo những lĩnh vực gì?,khoa ngoại ngữ quản lý các ngành đào tạo nào?,1120
những ngành nghề nào do khoa phẫu thuật điều phối việc học tập?,khoa ngoại ngữ quản lý các ngành đào tạo nào?,1120
"đối với lĩnh vực ngoại, các chương trình đào tạo được triển khai ở những ngành nào?",khoa ngoại ngữ quản lý các ngành đào tạo nào?,1120
khoa trị liệu bên ngoài quản lý việc dạy những nghề gì?,khoa ngoại ngữ quản lý các ngành đào tạo nào?,1120
khoa ngoại ngữ có trang fanpage chính thức nào không?,fanpage chính thức của khoa ngoại ngữ là gì?,1121
làm sao để biết fanpage chủ yếu của khoa ngoại ngữ là trang nào?,fanpage chính thức của khoa ngoại ngữ là gì?,1121
ai là chủ sở hữu hay quản lý fanpage chính thức của khoa ngoại ngữ?,fanpage chính thức của khoa ngoại ngữ là gì?,1121
fanpage đại diện cho khoa ngoại ngữ được đặt tên như thế nào?,fanpage chính thức của khoa ngoại ngữ là gì?,1121
địa điểm đặt của bộ phận phụ trách các chương trình đào tạo liên quốc gia là nơi nào?,văn phòng khoa đào tạo quốc tế nằm ở đâu?,1122
bộ phận quản lý du học nước ngoài được bố trí ở vị trí nào trong cơ quan?,văn phòng khoa đào tạo quốc tế nằm ở đâu?,1122
ở đâu có văn phòng chuyên về công tác đào tạo cho sinh viên quốc tế?,văn phòng khoa đào tạo quốc tế nằm ở đâu?,1122
bạn có thể chỉ cho tôi nơi đặt đơn vị làm nhiệm vụ tuyển sinh và đào tạo nước ngoài không?,văn phòng khoa đào tạo quốc tế nằm ở đâu?,1122
làm thế nào để tìm được phương thức liên lạc trực tuyến dành cho khoa đào tạo quốc tế?,thông tin liên hệ trực tuyến của khoa đào tạo quốc tế như thế nào?,1123
bạn có thể chia sẻ cách thức kết nối qua mạng với bộ phận quốc tế được không?,thông tin liên hệ trực tuyến của khoa đào tạo quốc tế như thế nào?,1123
khoa quốc tế hỗ trợ liên hệ online ra sao?,thông tin liên hệ trực tuyến của khoa đào tạo quốc tế như thế nào?,1123
làm gì để tiếp cận thông tin liên hệ trực tuyến của khoa quốc tế?,thông tin liên hệ trực tuyến của khoa đào tạo quốc tế như thế nào?,1123
số liên hệ của bộ phận đào tạo nước ngoài là gì vậy?,số điện thoại của khoa đào tạo quốc tế là số nào?,1124
ai có thể cung cấp cho tôi mã số liên lạc của khoa tuyển sinh quốc tế?,số điện thoại của khoa đào tạo quốc tế là số nào?,1124
làm thế nào để tôi biết được số điện thoại của khoa quốc tế?,số điện thoại của khoa đào tạo quốc tế là số nào?,1124
bộ phận đào tạo sinh viên nước ngoài thì gọi số nào đây?,số điện thoại của khoa đào tạo quốc tế là số nào?,1124
chương trình đào tạo nào đang do bộ phận đào tạo quốc tế phụ trách?,khoa đào tạo quốc tế quản lý các ngành thuộc chương trình đào tạo nào?,1125
nhiệm vụ quản lý các ngành học thuộc chương trình nào được giao cho khoa đào tạo quốc tế?,khoa đào tạo quốc tế quản lý các ngành thuộc chương trình đào tạo nào?,1125
khoa nào chịu trách nhiệm điều hành các ngành trong chương trình đào tạo quốc tế?,khoa đào tạo quốc tế quản lý các ngành thuộc chương trình đào tạo nào?,1125
các ngành thuộc chương trình đào tạo nào đang nằm dưới sự quản lý của khoa quốc tế?,khoa đào tạo quốc tế quản lý các ngành thuộc chương trình đào tạo nào?,1125
khoa đào tạo quốc tế đang chịu trách nhiệm quản lý những chương trình đào tạo nào theo tiêu chuẩn tiếng anh?,liệt kê các ngành đào tạo chất lượng cao tiếng anh do khoa đào tạo quốc tế quản lý?,1126
những ngành học chất lượng cao bằng tiếng anh mà khoa quản lý quốc tế điều hành là những ngành gì?,liệt kê các ngành đào tạo chất lượng cao tiếng anh do khoa đào tạo quốc tế quản lý?,1126
ai là đơn vị phụ trách các khóa học tiếng anh chất lượng cao và đó là những ngành cụ thể nào?,liệt kê các ngành đào tạo chất lượng cao tiếng anh do khoa đào tạo quốc tế quản lý?,1126
danh sách các ngành đào tạo tiếng anh chất lượng do khoa quốc tế quản lý được cung cấp như thế nào?,liệt kê các ngành đào tạo chất lượng cao tiếng anh do khoa đào tạo quốc tế quản lý?,1126
vị trí cụ thể của bộ phận in ấn và truyền thông khoa là ở đâu?,văn phòng khoa in và truyền thông nằm ở đâu?,1127
phòng in và các hoạt động truyền thông của khoa đặt tại đâu?,văn phòng khoa in và truyền thông nằm ở đâu?,1127
bạn cho biết địa điểm của đơn vị phụ trách in ấn cũng như truyền thông khoa nhé.,văn phòng khoa in và truyền thông nằm ở đâu?,1127
"khoa có bộ phận nào làm việc về in và truyền thông, và chúng đang đóng tại vị trí nào?",văn phòng khoa in và truyền thông nằm ở đâu?,1127
"thông tin liên hệ bao gồm địa chỉ web và hộp thư của bộ phận in ấn, truyền thông là gì?",website và email của khoa in và truyền thông là gì?,1128
khoa có trang web và địa chỉ email nào để liên hệ không?,website và email của khoa in và truyền thông là gì?,1128
hãy cho biết đường dẫn online cùng địa chỉ thư điện tử của đơn vị in và truyền thông.,website và email của khoa in và truyền thông là gì?,1128
"đơn vị phụ trách in ấn, truyền thông có trang web và email liên lạc ra sao?",website và email của khoa in và truyền thông là gì?,1128
số liên lạc của bộ phận in ấn và truyền thông là bao nhiêu?,số điện thoại liên hệ của khoa in và truyền thông là số nào?,1129
ai có thể cung cấp cho tôi số máy thuộc khoa in và truyền thông?,số điện thoại liên hệ của khoa in và truyền thông là số nào?,1129
làm thế nào để tôi lấy được số điện thoại của khoa in và truyền thông?,số điện thoại liên hệ của khoa in và truyền thông là số nào?,1129
xin vui lòng cho biết số hotline của khoa in và truyền thông.,số điện thoại liên hệ của khoa in và truyền thông là số nào?,1129
những lĩnh vực đào tạo nào chịu sự điều phối của khoa in cùng truyền thông?,khoa in và truyền thông quản lý những ngành đào tạo nào?,1130
lĩnh vực nào được khoa in và bộ phận truyền thông phụ trách trong công tác giáo dục?,khoa in và truyền thông quản lý những ngành đào tạo nào?,1130
nhiệm vụ quản lý các ngành học của khoa in liên kết với truyền thông bao gồm những mảng nào?,khoa in và truyền thông quản lý những ngành đào tạo nào?,1130
khoa in cộng với truyền thông sẽ trực tiếp quản lý những chương trình đào tạo ra sao?,khoa in và truyền thông quản lý những ngành đào tạo nào?,1130
bạn có thể cung cấp đường liên kết trang chuyên của khoa in và truyền thông được không?,địa chỉ fanpage của khoa in và truyền thông là gì?,1131
"khoa in và truyền thông đang quản lý fanpage nào, bạn cho mình xin địa chỉ với?",địa chỉ fanpage của khoa in và truyền thông là gì?,1131
làm sao để mình tìm được trang facebook của khoa in và truyền thông?,địa chỉ fanpage của khoa in và truyền thông là gì?,1131
mong bạn chia sẻ link fanpage chính thức của khoa in và truyền thông.,địa chỉ fanpage của khoa in và truyền thông là gì?,1131
vị trí của văn phòng thuộc khoa nghiên cứu ứng dụng là ở đâu?,văn phòng khoa khoa học ứng dụng nằm ở đâu?,1132
làm thế nào để tìm địa điểm của văn phòng khoa công nghệ ứng dụng?,văn phòng khoa khoa học ứng dụng nằm ở đâu?,1132
khoa nghiên cứu ứng dụng đặt văn phòng hành chính tại nơi nào?,văn phòng khoa khoa học ứng dụng nằm ở đâu?,1132
bạn có thể cho biết địa chỉ của văn phòng khoa ứng dụng khoa học không?,văn phòng khoa khoa học ứng dụng nằm ở đâu?,1132
bạn có thể chia sẻ địa chỉ trang web và hòm thư điện tử của bộ môn khoa học ứng dụng không?,thông tin website và email của khoa khoa học ứng dụng là gì?,1133
"làm sao để tôi biết được thông tin liên lạc của khoa học ứng dụng, bao gồm cả site và email?",thông tin website và email của khoa khoa học ứng dụng là gì?,1133
khoa học ứng dụng đang sử dụng website nào và địa chỉ email nào để liên hệ?,thông tin website và email của khoa khoa học ứng dụng là gì?,1133
"hãy cho biết phương thức liên hệ của khoa học ứng dụng, cụ thể là trang web và hộp thư.",thông tin website và email của khoa khoa học ứng dụng là gì?,1133
vậy thì liên hệ với bộ môn khoa học ứng dụng qua số máy nào?,số điện thoại của khoa khoa học ứng dụng là bao nhiêu?,1134
làm sao để tìm được số điện thoại của khoa ứng dụng khoa học?,số điện thoại của khoa khoa học ứng dụng là bao nhiêu?,1134
xin vui lòng cho biết con số gọi đến khoa nghiên cứu ứng dụng.,số điện thoại của khoa khoa học ứng dụng là bao nhiêu?,1134
bộ môn khoa học ứng dụng đang sử dụng số liên lạc gì?,số điện thoại của khoa khoa học ứng dụng là bao nhiêu?,1134
những lĩnh vực nào được khoa ứng dụng quản lý trong nghiên cứu của mình?,khoa khoa học ứng dụng quản lý những ngành học nào?,1135
ngành học nào nằm trong phạm vi quản lý của khoa ứng dụng này?,khoa khoa học ứng dụng quản lý những ngành học nào?,1135
bạn có thể liệt kê các ngành mà khoa ứng dụng quản lý không?,khoa khoa học ứng dụng quản lý những ngành học nào?,1135
đối tượng quản lý của khoa này bao gồm những ngành học gì?,khoa khoa học ứng dụng quản lý những ngành học nào?,1135
lĩnh vực nghiên cứu trọng tâm của toàn bộ nhà trường là khoa nào?,vai trò chính của khoa khoa học ứng dụng trong toàn trường là gì?,1136
khoa nào đảm nhận chức năng chủ đạo trong hệ thống giáo dục của trường?,vai trò chính của khoa khoa học ứng dụng trong toàn trường là gì?,1136
mảng khoa học thực tiễn đóng góp vai trò lớn nhất ở đâu trong toàn trường?,vai trò chính của khoa khoa học ứng dụng trong toàn trường là gì?,1136
"trong toàn bộ cấu trúc nhà trường, khoa nào giữ nhiệm vụ then chốt nhất?",vai trò chính của khoa khoa học ứng dụng trong toàn trường là gì?,1136
khoa khoa học ứng dụng có trang fanpage chính thức là đâu?,fanpage chính thức của khoa khoa học ứng dụng là gì?,1137
"bạn biết không, fanpage đại diện cho khoa khoa học ứng dụng nằm ở đâu?",fanpage chính thức của khoa khoa học ứng dụng là gì?,1137
tên của fanpage chính thức thuộc khoa khoa học ứng dụng là gì?,fanpage chính thức của khoa khoa học ứng dụng là gì?,1137
hãy cho mình biết fanpage chính thức của khoa khoa học ứng dụng.,fanpage chính thức của khoa khoa học ứng dụng là gì?,1137
địa chỉ của phòng ban chuyên trách về công tác tư tưởng và pháp luật là khu vực nào?,văn phòng khoa chính trị và luật nằm ở đâu?,1138
cơ quan chịu trách nhiệm mảng chính trị pháp lý được đặt tại đâu trong trường?,văn phòng khoa chính trị và luật nằm ở đâu?,1138
bạn có thể chỉ cho tôi vị trí của bộ phận quản lý công tác tư tưởng và luật lệ không?,văn phòng khoa chính trị và luật nằm ở đâu?,1138
phòng làm việc của khoa liên quan đến lý luận chính trị và pháp luật tọa lạc ở nơi nào?,văn phòng khoa chính trị và luật nằm ở đâu?,1138
xin hãy cung cấp địa chỉ web và hộp thư điện tử dành riêng cho khoa luật cũng như khoa chính trị.,website và email của khoa chính trị và luật là gì?,1139
làm thế nào để liên hệ với khoa chính trị và luật qua mạng hay email?,website và email của khoa chính trị và luật là gì?,1139
thông tin liên lạc trực tuyến bao gồm website và email của khoa luật cùng khoa chính trị là gì?,website và email của khoa chính trị và luật là gì?,1139
bộ phận chính trị và luật có thể chia sẻ địa chỉ trang web và hòm thư điện tử của họ không?,website và email của khoa chính trị và luật là gì?,1139
số điện thoại liên lạc của khoa chính trị và luật là gì vậy?,số điện thoại liên hệ của khoa chính trị và luật là số nào?,1140
khoa chính trị và luật đang dùng số máy nào để người ta gọi tới?,số điện thoại liên hệ của khoa chính trị và luật là số nào?,1140
làm sao để tìm ra số hotline của khoa chính trị và luật?,số điện thoại liên hệ của khoa chính trị và luật là số nào?,1140
có thể cung cấp cho tôi số máy gọi của khoa chính trị và luật được không?,số điện thoại liên hệ của khoa chính trị và luật là số nào?,1140
ngành học nào bao gồm các lĩnh vực chính trị và quản lý luật?,khoa chính trị và luật quản lý ngành học nào?,1141
chính trị cùng luật quản lý nằm trong ngành gì?,khoa chính trị và luật quản lý ngành học nào?,1141
ngành khoa học nào được nghiên cứu về chính trị và quy phạm pháp luật?,khoa chính trị và luật quản lý ngành học nào?,1141
lĩnh vực nào chuyên về chính trị và luật điều hành?,khoa chính trị và luật quản lý ngành học nào?,1141
những môn gì thuộc lĩnh vực chính trị và pháp lý đang được bộ môn này phụ trách?,khoa chính trị và luật đảm nhận giảng dạy những môn học nào?,1142
nhiệm vụ đào tạo của khoa chính trị cũng như luật bao gồm các khối kiến thức nào?,khoa chính trị và luật đảm nhận giảng dạy những môn học nào?,1142
nội dung giảng dạy tại khoa này tập trung vào những chủ đề gì?,khoa chính trị và luật đảm nhận giảng dạy những môn học nào?,1142
bên khoa chính trị và luật có những lớp học nào là họ đang quản lý?,khoa chính trị và luật đảm nhận giảng dạy những môn học nào?,1142
vậy khoa chính trị và luật đang quản lý những trang nào trên facebook?,các kênh facebook của khoa chính trị và luật là gì?,1143
bạn có thể chỉ cho mình danh sách các trang mạng xã hội thuộc khoa chính trị và luật được không?,các kênh facebook của khoa chính trị và luật là gì?,1143
những kênh facebook đại diện cho khoa chính trị và luật là những cái nào?,các kênh facebook của khoa chính trị và luật là gì?,1143
"ai sở hữu các trang fanpage của khoa chính trị và luật, hãy liệt kê giúp tôi.",các kênh facebook của khoa chính trị và luật là gì?,1143
địa chỉ cụ thể của cơ sở làm việc thuộc viện sư phạm kỹ thuật là nơi nào?,văn phòng viện sư phạm kỹ thuật nằm ở địa chỉ nào?,1144
bạn có thể cho biết vị trí đặt văn phòng của viện này ra sao không?,văn phòng viện sư phạm kỹ thuật nằm ở địa chỉ nào?,1144
cơ quan quản lý về kỹ thuật sư phạm đang trụ sở tại đâu?,văn phòng viện sư phạm kỹ thuật nằm ở địa chỉ nào?,1144
làm thế nào để tìm ra địa điểm văn phòng của viện sư phạm kỹ thuật?,văn phòng viện sư phạm kỹ thuật nằm ở địa chỉ nào?,1144
viện sư phạm kỹ thuật có những địa chỉ email và trang web nào đang sử dụng?,thông tin website và email của viện sư phạm kỹ thuật là gì?,1145
làm thế nào để liên hệ qua mạng và thư điện tử với bên viện sư phạm kỹ thuật?,thông tin website và email của viện sư phạm kỹ thuật là gì?,1145
hãy cho biết đường dẫn website và hộp thư điện tử của tổ chức này.,thông tin website và email của viện sư phạm kỹ thuật là gì?,1145
người ta thường dùng địa chỉ email hay trang mạng gì để tiếp cận viện sư phạm kỹ thuật?,thông tin website và email của viện sư phạm kỹ thuật là gì?,1145
số điện thoại nào dùng để gọi trực tiếp tới viện sư phạm kỹ thuật?,làm thế nào để liên hệ trực tiếp với viện sư phạm kỹ thuật qua điện thoại?,1146
phải làm gì để nghe được tiếng người của viện sư phạm kỹ thuật qua đường dây điện thoại?,làm thế nào để liên hệ trực tiếp với viện sư phạm kỹ thuật qua điện thoại?,1146
đường dây nóng nào thuộc về viện sư phạm kỹ thuật để bạn có thể gọi ngay lập tức?,làm thế nào để liên hệ trực tiếp với viện sư phạm kỹ thuật qua điện thoại?,1146
làm thế nào để có thể trò chuyện trực tiếp với nhân viên viện sư phạm kỹ thuật qua điện?,làm thế nào để liên hệ trực tiếp với viện sư phạm kỹ thuật qua điện thoại?,1146
ngành nghề nào chịu sự điều hành của viện sư phạm kỹ thuật?,viện sư phạm kỹ thuật quản lý những ngành đào tạo nào?,1147
viện sư phạm kỹ thuật đang bao gồm những lĩnh vực đào tạo ra sao?,viện sư phạm kỹ thuật quản lý những ngành đào tạo nào?,1147
những chuyên ngành nào nằm dưới sự quản lý của cơ sở giáo dục này?,viện sư phạm kỹ thuật quản lý những ngành đào tạo nào?,1147
ai là nơi trực tiếp quản lý các ngành đào tạo tại viện sư phạm kỹ thuật?,viện sư phạm kỹ thuật quản lý những ngành đào tạo nào?,1147
làm thế nào để tìm ra thông tin liên hệ của trang facebook thuộc về viện sư phạm kỹ thuật?,địa chỉ fanpage của viện sư phạm kỹ thuật là gì?,1148
quý viện đang quản lý fanpage bằng địa chỉ nào?,địa chỉ fanpage của viện sư phạm kỹ thuật là gì?,1148
bạn có thể cung cấp đường dẫn trang cộng đồng cho viện sư phạm kỹ thuật không?,địa chỉ fanpage của viện sư phạm kỹ thuật là gì?,1148
tôi muốn biết liên kết mạng xã hội chính thức của cơ sở đào tạo này.,địa chỉ fanpage của viện sư phạm kỹ thuật là gì?,1148
