sentence1,sentence2,faq_id
Bức thư dành cho tân sinh viên khóa 2025 do ai viết?,bức thư gửi tân sinh viên khóa 2025 là của ai?,1
Ai là người đã gửi bức thư tới các bạn tân sinh viên khóa 2025?,bức thư gửi tân sinh viên khóa 2025 là của ai?,1
Tác giả của bức thư gửi tân sinh viên khóa 2025 là ai vậy?,bức thư gửi tân sinh viên khóa 2025 là của ai?,1
Xin hỏi bức thư chào mừng tân sinh viên khóa 2025 là của ai?,bức thư gửi tân sinh viên khóa 2025 là của ai?,1
Bức thư gửi tân sinh viên khóa 2025 này do đơn vị nào hay cá nhân nào soạn thảo?,bức thư gửi tân sinh viên khóa 2025 là của ai?,1
Thư này gửi cho ai vậy?,đối tượng nhận thư là ai?,2
Người nhận bức thư là ai?,đối tượng nhận thư là ai?,2
Ai là đối tượng được gửi thư?,đối tượng nhận thư là ai?,2
Bạn có thể cho biết thư gửi cho ai không?,đối tượng nhận thư là ai?,2
Thông tin người nhận thư là gì?,đối tượng nhận thư là ai?,2
Mái nhà chung trường Đại học Sư phạm Kỹ thuật TP. Hồ Chí Minh có tên gọi thân thương là gì?,tên gọi thân thương của mái nhà chung trường đại học sư phạm kỹ thuật tp. hồ chí minh là gì?,3
Người ta thường gọi thân mật trường Đại học Sư phạm Kỹ thuật TP. Hồ Chí Minh bằng cái tên nào?,tên gọi thân thương của mái nhà chung trường đại học sư phạm kỹ thuật tp. hồ chí minh là gì?,3
Tên gọi gần gũi và thân thương nhất dành cho trường Đại học Sư phạm Kỹ thuật TP. Hồ Chí Minh là gì?,tên gọi thân thương của mái nhà chung trường đại học sư phạm kỹ thuật tp. hồ chí minh là gì?,3
Mái trường Đại học Sư phạm Kỹ thuật TP. Hồ Chí Minh được gọi là gì một cách thân tình?,tên gọi thân thương của mái nhà chung trường đại học sư phạm kỹ thuật tp. hồ chí minh là gì?,3
Bạn có thể cho mình biết tên gọi thân thương của trường Đại học Sư phạm Kỹ thuật TP. Hồ Chí Minh không?,tên gọi thân thương của mái nhà chung trường đại học sư phạm kỹ thuật tp. hồ chí minh là gì?,3
Việc lựa chọn theo học tại HCMUTE mang lại ý nghĩa gì đối với sinh viên?,việc chọn học tại hcmute có ý nghĩa như thế nào đối với sinh viên?,4
Sinh viên sẽ nhận được giá trị như thế nào khi quyết định chọn trường HCMUTE?,việc chọn học tại hcmute có ý nghĩa như thế nào đối với sinh viên?,4
Làm thế nào để đánh giá tầm quan trọng của việc học tại HCMUTE đối với sinh viên?,việc chọn học tại hcmute có ý nghĩa như thế nào đối với sinh viên?,4
Ý nghĩa cụ thể của việc sinh viên chọn HCMUTE là gì?,việc chọn học tại hcmute có ý nghĩa như thế nào đối với sinh viên?,4
Quyết định theo học tại HCMUTE có tác động ra sao đến sinh viên?,việc chọn học tại hcmute có ý nghĩa như thế nào đối với sinh viên?,4
Nghị quyết 71-NQ/TW của Bộ Chính trị đã khẳng định điều gì liên quan đến giáo dục?,nghị quyết 71-nq/tw của bộ chính trị khẳng định điều gì về giáo dục?,5
"Theo nghị quyết 71-NQ/TW của Bộ Chính trị, giáo dục được xác định như thế nào?",nghị quyết 71-nq/tw của bộ chính trị khẳng định điều gì về giáo dục?,5
Nghị quyết 71-NQ/TW của Bộ Chính trị có những nội dung khẳng định nào về lĩnh vực giáo dục?,nghị quyết 71-nq/tw của bộ chính trị khẳng định điều gì về giáo dục?,5
Giáo dục được Bộ Chính trị nhấn mạnh điều gì trong nghị quyết 71-NQ/TW?,nghị quyết 71-nq/tw của bộ chính trị khẳng định điều gì về giáo dục?,5
Những điểm cốt lõi về giáo dục mà nghị quyết 71-NQ/TW của Bộ Chính trị đưa ra là gì?,nghị quyết 71-nq/tw của bộ chính trị khẳng định điều gì về giáo dục?,5
Nhiệm vụ đặc biệt mà thế hệ trẻ hiện nay được giao là gì?,sứ mệnh đặc biệt đặt lên vai thế hệ trẻ hiện nay là gì?,6
Giới trẻ ngày nay cần phải gánh vác sứ mệnh nào?,sứ mệnh đặc biệt đặt lên vai thế hệ trẻ hiện nay là gì?,6
Sứ mệnh trọng đại đặt lên vai thanh niên Việt Nam hiện nay là gì?,sứ mệnh đặc biệt đặt lên vai thế hệ trẻ hiện nay là gì?,6
"Hiện nay, thế hệ trẻ đang phải đối mặt với trách nhiệm đặc biệt nào?",sứ mệnh đặc biệt đặt lên vai thế hệ trẻ hiện nay là gì?,6
Nhiệm vụ đặc biệt được giao cho thế hệ trẻ hôm nay là gì?,sứ mệnh đặc biệt đặt lên vai thế hệ trẻ hiện nay là gì?,6
Điểm khác biệt lớn nhất giữa bậc đại học và bậc phổ thông là gì?,sự khác biệt lớn nhất giữa bậc đại học và bậc phổ thông là gì?,7
Điều gì phân biệt bậc đại học và bậc phổ thông nhiều nhất?,sự khác biệt lớn nhất giữa bậc đại học và bậc phổ thông là gì?,7
Sự khác nhau giữa bậc phổ thông và bậc đại học thể hiện rõ nhất ở đâu?,sự khác biệt lớn nhất giữa bậc đại học và bậc phổ thông là gì?,7
"Giữa bậc phổ thông và bậc đại học, yếu tố nào khác biệt nhất?",sự khác biệt lớn nhất giữa bậc đại học và bậc phổ thông là gì?,7
Cái gì là điểm mấu chốt phân chia giữa bậc phổ thông và bậc đại học?,sự khác biệt lớn nhất giữa bậc đại học và bậc phổ thông là gì?,7
Sinh viên cần đặt ra những mục tiêu gì khi bước vào năm thứ nhất?,sinh viên cần xác lập những mục tiêu nào khi bắt đầu năm thứ nhất?,8
"Khi bắt đầu năm nhất, sinh viên nên xác định những mục tiêu nào cho bản thân?",sinh viên cần xác lập những mục tiêu nào khi bắt đầu năm thứ nhất?,8
Những mục tiêu quan trọng nào mà sinh viên cần thiết lập ngay từ đầu năm nhất?,sinh viên cần xác lập những mục tiêu nào khi bắt đầu năm thứ nhất?,8
Sinh viên cần xác định rõ các mục tiêu cụ thể khi khởi đầu năm học thứ nhất không?,sinh viên cần xác lập những mục tiêu nào khi bắt đầu năm thứ nhất?,8
Làm thế nào để sinh viên xác lập những mục tiêu phù hợp khi vừa vào năm thứ nhất?,sinh viên cần xác lập những mục tiêu nào khi bắt đầu năm thứ nhất?,8
Làm thế nào để quản lý mục tiêu cá nhân một cách cụ thể?,cách thức cụ thể để quản lý mục tiêu cá nhân là gì?,9
Phương pháp cụ thể nhằm quản lý mục tiêu cá nhân là gì?,cách thức cụ thể để quản lý mục tiêu cá nhân là gì?,9
Quy trình chi tiết để quản lý mục tiêu cá nhân được gọi là gì?,cách thức cụ thể để quản lý mục tiêu cá nhân là gì?,9
Bạn có thể chia sẻ cách thức cụ thể trong việc quản lý mục tiêu cá nhân không?,cách thức cụ thể để quản lý mục tiêu cá nhân là gì?,9
Quản lý mục tiêu cá nhân cần áp dụng những bước cụ thể nào?,cách thức cụ thể để quản lý mục tiêu cá nhân là gì?,9
Điểm số trong bậc đại học thực sự muốn truyền tải điều gì?,ý nghĩa thực sự của điểm số ở bậc đại học là gì?,10
Ý nghĩa thật sự của việc lấy điểm ở trường đại học là gì?,ý nghĩa thực sự của điểm số ở bậc đại học là gì?,10
Chúng ta cần hiểu điểm số đại học mang lại giá trị thực tế ra sao?,ý nghĩa thực sự của điểm số ở bậc đại học là gì?,10
Điểm số bậc đại học phản ánh đúng thực chất vấn đề gì?,ý nghĩa thực sự của điểm số ở bậc đại học là gì?,10
Vậy rốt cuộc ý nghĩa của điểm số ở trường đại học là gì?,ý nghĩa thực sự của điểm số ở bậc đại học là gì?,10
Mục đích của việc theo học đại học là gì?,mục tiêu của việc học đại học là gì?,11
Sinh viên học đại học nhằm đạt được điều gì?,mục tiêu của việc học đại học là gì?,11
Làm gì để biết được mục tiêu chính của chương trình đại học?,mục tiêu của việc học đại học là gì?,11
"Khi đi học đại học, chúng ta hướng tới mục đích gì?",mục tiêu của việc học đại học là gì?,11
Việc học tại trường đại học có mục tiêu cụ thể nào không?,mục tiêu của việc học đại học là gì?,11
Một mục tiêu rõ ràng mang lại lợi ích gì cho sinh viên trong việc học tập?,một mục tiêu rõ ràng giúp ích gì cho sinh viên trong quá trình học tập?,12
Việc xác định rõ mục tiêu sẽ giúp ích như thế nào cho quá trình học của sinh viên?,một mục tiêu rõ ràng giúp ích gì cho sinh viên trong quá trình học tập?,12
Sinh viên được hỗ trợ ra sao khi có một mục tiêu học tập cụ thể và rõ ràng?,một mục tiêu rõ ràng giúp ích gì cho sinh viên trong quá trình học tập?,12
Làm thế nào một mục tiêu rõ ràng lại có thể giúp ích cho sinh viên trong môn học?,một mục tiêu rõ ràng giúp ích gì cho sinh viên trong quá trình học tập?,12
Lợi ích của việc đặt mục tiêu rõ ràng đối với sinh viên khi học tập là gì?,một mục tiêu rõ ràng giúp ích gì cho sinh viên trong quá trình học tập?,12
Yếu tố then chốt nào quyết định đến hiệu quả của việc học đại học?,mấu chốt của phương pháp học đại học hiệu quả là gì?,13
Điều quan trọng nhất để học sinh đại học học tốt là gì?,mấu chốt của phương pháp học đại học hiệu quả là gì?,13
Mấu chốt của việc học hiệu quả trong môi trường đại học nằm ở đâu?,mấu chốt của phương pháp học đại học hiệu quả là gì?,13
Bạn nghĩ gì là điểm cốt lõi giúp sinh viên học hành thành công tại trường đại học?,mấu chốt của phương pháp học đại học hiệu quả là gì?,13
Vậy then chốt để nâng cao hiệu quả học tập khi đi đại học chính là gì?,mấu chốt của phương pháp học đại học hiệu quả là gì?,13
Sinh viên cần chuẩn bị những gì trước khi đến lớp?,sinh viên nên chuẩn bị gì trước khi đến lớp?,14
"Trước khi đến lớp, sinh viên nên chuẩn bị đồ đạc ra sao?",sinh viên nên chuẩn bị gì trước khi đến lớp?,14
Những gì cần chuẩn bị cho buổi học của sinh viên?,sinh viên nên chuẩn bị gì trước khi đến lớp?,14
Sinh viên có nên chuẩn bị gì trước giờ vào lớp không?,sinh viên nên chuẩn bị gì trước khi đến lớp?,14
"Để chuẩn bị cho buổi học, sinh viên cần mang theo những gì?",sinh viên nên chuẩn bị gì trước khi đến lớp?,14
"Sau khi kết thúc buổi học, chúng ta cần làm những gì tiếp theo?",những việc cần làm sau khi kết thúc buổi học là gì?,15
Những công việc cần thực hiện ngay sau buổi học là gì?,những việc cần làm sau khi kết thúc buổi học là gì?,15
"Khi kết thúc lớp, sinh viên cần hoàn thành nhiệm vụ nào?",những việc cần làm sau khi kết thúc buổi học là gì?,15
Việc cần làm ngay sau khi tan lớp là những gì?,những việc cần làm sau khi kết thúc buổi học là gì?,15
Hãy liệt kê các bước cần thực hiện sau khi buổi học kết thúc.,những việc cần làm sau khi kết thúc buổi học là gì?,15
Những thói quen tích cực nào cần được rèn luyện trong học tập?,những thói quen tích cực nào cần được rèn luyện trong học tập?,16
Học sinh nên hình thành những thói quen tốt nào để phục vụ việc học?,những thói quen tích cực nào cần được rèn luyện trong học tập?,16
"Trong lĩnh vực học tập, chúng ta cần tập luyện những thói quen tích cực gì?",những thói quen tích cực nào cần được rèn luyện trong học tập?,16
Những hành vi tích cực nào đáng để rèn luyện nhằm nâng cao hiệu quả học tập?,những thói quen tích cực nào cần được rèn luyện trong học tập?,16
Bạn có thể nêu tên những thói quen tốt cần phát triển trong quá trình học không?,những thói quen tích cực nào cần được rèn luyện trong học tập?,16
Làm thế nào để duy trì tính trung thực trong nghiên cứu học thuật?,làm thế nào để bảo đảm trung thực học thuật trong nghiên cứu?,17
Chúng ta cần làm gì để đảm bảo tính liêm chính khi tiến hành nghiên cứu?,làm thế nào để bảo đảm trung thực học thuật trong nghiên cứu?,17
Những biện pháp nào giúp bảo vệ sự trung thực trong công trình nghiên cứu?,làm thế nào để bảo đảm trung thực học thuật trong nghiên cứu?,17
Làm sao để giữ vững đạo đức nghiên cứu và tránh gian lận học thuật?,làm thế nào để bảo đảm trung thực học thuật trong nghiên cứu?,17
Cần thực hiện những bước nào để đảm bảo tính xác thực của nghiên cứu?,làm thế nào để bảo đảm trung thực học thuật trong nghiên cứu?,17
Sinh viên cần lựa chọn những công cụ số nào nhằm nâng cao hiệu quả học tập?,sinh viên nên sử dụng những công cụ số nào để tối ưu hiệu quả học tập?,18
"Để tối ưu hóa quá trình học tập, sinh viên nên sử dụng các công cụ số gì?",sinh viên nên sử dụng những công cụ số nào để tối ưu hiệu quả học tập?,18
Những phần mềm hay nền tảng số nào phù hợp để sinh viên dùng nhằm cải thiện kết quả học tập?,sinh viên nên sử dụng những công cụ số nào để tối ưu hiệu quả học tập?,18
Sinh viên có thể dùng công cụ số nào để giúp việc học trở nên hiệu quả hơn?,sinh viên nên sử dụng những công cụ số nào để tối ưu hiệu quả học tập?,18
Làm thế nào để sinh viên chọn được các công cụ số hỗ trợ tốt nhất cho việc học?,sinh viên nên sử dụng những công cụ số nào để tối ưu hiệu quả học tập?,18
"Hai yếu tố nào được xem là ""đôi cánh"" giúp sinh viên hội nhập?","hai yếu tố nào được ví như ""đôi cánh"" để sinh viên hội nhập?",19
"Sinh viên cần hai yếu tố gì để được ví như có ""đôi cánh"" trong công cuộc hội nhập?","hai yếu tố nào được ví như ""đôi cánh"" để sinh viên hội nhập?",19
"Yếu tố nào đóng vai trò như ""đôi cánh"", hỗ trợ sinh viên tham gia hội nhập?","hai yếu tố nào được ví như ""đôi cánh"" để sinh viên hội nhập?",19
"Theo bạn, hai yếu tố nào sẽ là ""đôi cánh"" đưa sinh viên bước vào hội nhập?","hai yếu tố nào được ví như ""đôi cánh"" để sinh viên hội nhập?",19
"Hai điều kiện nào được ví là ""đôi cánh"" để sinh viên có thể hội nhập hiệu quả?","hai yếu tố nào được ví như ""đôi cánh"" để sinh viên hội nhập?",19
Lộ trình học ngoại ngữ cần ưu tiên những phần nào?,lộ trình học ngoại ngữ nên tập trung vào những nội dung gì?,20
Nên tập trung vào những nội dung gì khi xây dựng lộ trình học ngoại ngữ?,lộ trình học ngoại ngữ nên tập trung vào những nội dung gì?,20
Những mảng kiến thức nào là trọng tâm trong lộ trình học ngoại ngữ?,lộ trình học ngoại ngữ nên tập trung vào những nội dung gì?,20
"Khi lập kế hoạch học ngoại ngữ, chúng ta nên chú trọng vào nội dung gì?",lộ trình học ngoại ngữ nên tập trung vào những nội dung gì?,20
Lộ trình học ngoại ngữ cần bao gồm những nội dung chính nào?,lộ trình học ngoại ngữ nên tập trung vào những nội dung gì?,20
Sinh viên cần tiếp cận những năng lực số cơ bản nào?,những năng lực số cơ bản nào sinh viên cần làm quen?,21
Những kỹ năng số nền tảng nào mà sinh viên nên làm quen?,những năng lực số cơ bản nào sinh viên cần làm quen?,21
Sinh viên cần được hướng dẫn về những năng lực số cơ bản ra sao?,những năng lực số cơ bản nào sinh viên cần làm quen?,21
Các năng lực số cơ bản nào là điều sinh viên phải biết?,những năng lực số cơ bản nào sinh viên cần làm quen?,21
Bạn nghĩ sinh viên cần làm quen với những năng lực số cơ bản nào?,những năng lực số cơ bản nào sinh viên cần làm quen?,21
Cần tư duy như thế nào khi sử dụng các công cụ tự động hóa và ai là người phù hợp nhất?,tư duy cần có khi sử dụng công cụ tự động hóa và ai là gì?,22
Bạn có thể chia sẻ về tư duy cần thiết khi làm việc với công cụ tự động hóa cũng như giới thiệu về nhân vật này không?,tư duy cần có khi sử dụng công cụ tự động hóa và ai là gì?,22
Loại tư duy nào là bắt buộc khi khai thác công cụ tự động hóa và ai chính là chủ thể của nó?,tư duy cần có khi sử dụng công cụ tự động hóa và ai là gì?,22
Để vận hành công cụ tự động hóa hiệu quả cần có mindset gì và ai là người đại diện cho tư duy đó?,tư duy cần có khi sử dụng công cụ tự động hóa và ai là gì?,22
Hãy nêu rõ tư duy cần trang bị khi dùng công cụ tự động hóa và xác định ai là người sở hữu tư duy ấy.,tư duy cần có khi sử dụng công cụ tự động hóa và ai là gì?,22
Đặc điểm định hướng đào tạo của môi trường HCMUTE là như thế nào?,đặc điểm định hướng đào tạo của môi trường hcmute là gì?,23
Môi trường HCMUTE có những đặc điểm gì về định hướng đào tạo?,đặc điểm định hướng đào tạo của môi trường hcmute là gì?,23
Bạn có thể cho biết đặc điểm định hướng đào tạo tại môi trường HCMUTE không?,đặc điểm định hướng đào tạo của môi trường hcmute là gì?,23
Định hướng đào tạo trong môi trường HCMUTE mang lại những đặc điểm gì?,đặc điểm định hướng đào tạo của môi trường hcmute là gì?,23
Các đặc điểm nổi bật về định hướng đào tạo của môi trường HCMUTE là gì?,đặc điểm định hướng đào tạo của môi trường hcmute là gì?,23
Sinh viên được tham gia nghiên cứu khoa học ở đâu?,sinh viên có thể tham gia nghiên cứu khoa học tại những khu vực nào?,24
Những khu vực nào mở cửa cho sinh viên tham gia làm nghiên cứu khoa học?,sinh viên có thể tham gia nghiên cứu khoa học tại những khu vực nào?,24
Sinh viên có thể tiến hành nghiên cứu khoa học tại những nơi nào?,sinh viên có thể tham gia nghiên cứu khoa học tại những khu vực nào?,24
Địa điểm nào cho phép sinh viên tham gia vào các hoạt động nghiên cứu khoa học?,sinh viên có thể tham gia nghiên cứu khoa học tại những khu vực nào?,24
Sinh viên được phép tham gia nghiên cứu khoa học trong những vùng nào?,sinh viên có thể tham gia nghiên cứu khoa học tại những khu vực nào?,24
Học sinh năm nhất có được bắt đầu tham gia nghiên cứu khoa học hay không?,sinh viên năm thứ nhất có thể bắt đầu nghiên cứu khoa học không?,25
Sinh viên mới vào năm nhất có thể khởi động công việc nghiên cứu khoa học chưa?,sinh viên năm thứ nhất có thể bắt đầu nghiên cứu khoa học không?,25
Những sinh viên năm thứ nhất có quyền bắt tay vào làm nghiên cứu khoa học không vậy?,sinh viên năm thứ nhất có thể bắt đầu nghiên cứu khoa học không?,25
Việc bắt đầu nghiên cứu khoa học có dành cho sinh viên năm nhất không?,sinh viên năm thứ nhất có thể bắt đầu nghiên cứu khoa học không?,25
Sinh viên năm nhất có thể bắt đầu làm quen với nghiên cứu khoa học từ bây giờ chưa?,sinh viên năm thứ nhất có thể bắt đầu nghiên cứu khoa học không?,25
Năng lực giải quyết vấn đề thực tiễn mang lại những lợi ích cụ thể nào?,lợi ích của năng lực giải quyết vấn đề thực tiễn là gì?,26
Chúng ta có thể thấy những ích lợi gì khi phát triển năng lực giải quyết vấn đề thực tiễn?,lợi ích của năng lực giải quyết vấn đề thực tiễn là gì?,26
Việc rèn luyện năng lực giải quyết vấn đề thực tiễn sẽ giúp ích ra sao?,lợi ích của năng lực giải quyết vấn đề thực tiễn là gì?,26
Những giá trị tích cực nào mà năng lực giải quyết vấn đề thực tiễn mang lại?,lợi ích của năng lực giải quyết vấn đề thực tiễn là gì?,26
Làm thế nào để nhận thấy lợi ích của năng lực giải quyết vấn đề thực tiễn?,lợi ích của năng lực giải quyết vấn đề thực tiễn là gì?,26
Yếu tố nào khởi đầu cho thành công bền vững của sinh viên?,thành công bền vững của sinh viên bắt đầu từ đâu?,27
Từ đâu mà sinh viên có thể xây dựng được thành công lâu dài?,thành công bền vững của sinh viên bắt đầu từ đâu?,27
Điểm khởi đầu của hành trình thành công bền vững dành cho sinh viên là gì?,thành công bền vững của sinh viên bắt đầu từ đâu?,27
Thành công bền vững của sinh viên thường bắt nguồn từ những đâu?,thành công bền vững của sinh viên bắt đầu từ đâu?,27
Sinh viên cần tìm đâu để đạt được thành công bền vững?,thành công bền vững của sinh viên bắt đầu từ đâu?,27
Sinh viên cần duy trì những thói quen kỷ luật nào một cách nghiêm túc?,những thói quen kỷ luật nào sinh viên cần thực hiện nghiêm túc?,28
Những quy tắc kỷ luật nào mà sinh viên phải thực hiện thật nghiêm ngặt?,những thói quen kỷ luật nào sinh viên cần thực hiện nghiêm túc?,28
Sinh viên cần tuân thủ những nề nếp kỷ luật nào cho thật chặt chẽ?,những thói quen kỷ luật nào sinh viên cần thực hiện nghiêm túc?,28
Những hành vi kỷ luật nào sinh viên cần rèn luyện và thực hiện nghiêm?,những thói quen kỷ luật nào sinh viên cần thực hiện nghiêm túc?,28
Sinh viên cần áp dụng những thói quen kỷ luật nào với tinh thần nghiêm túc?,những thói quen kỷ luật nào sinh viên cần thực hiện nghiêm túc?,28
"Tại trường Đại học Mở Thành phố Hồ Chí Minh, sinh viên bị nghiêm cấm những hành vi nào trong lĩnh vực học thuật?",những hành vi nào bị nghiêm cấm trong học thuật tại hcmute?,29
Học viện Mở TP.HCM quy định cụ thể những hành vi nào là nghiêm cấm đối với sinh viên trong công việc học tập và nghiên cứu?,những hành vi nào bị nghiêm cấm trong học thuật tại hcmute?,29
Những hành động nào bị coi là bị cấm tuyệt đối trong môi trường học thuật tại HUTECH?,những hành vi nào bị nghiêm cấm trong học thuật tại hcmute?,29
Sinh viên HUTECH cần tránh những hành vi vi phạm đạo đức học thuật nào theo quy định của trường?,những hành vi nào bị nghiêm cấm trong học thuật tại hcmute?,29
Quy chế của Đại học Mở Thành phố Hồ Chí Minh cấm sinh viên thực hiện những hành vi gì trong lĩnh vực nghiên cứu và học tập?,những hành vi nào bị nghiêm cấm trong học thuật tại hcmute?,29
Những yếu tố nào cấu thành văn hóa ứng xử chuẩn mực dành cho sinh viên trường HCMUTE?,văn hóa ứng xử chuẩn mực của sinh viên hcmute bao gồm những gì?,30
Nội dung cụ thể của văn hóa ứng xử chuẩn mực đối với sinh viên HCMUTE là gì?,văn hóa ứng xử chuẩn mực của sinh viên hcmute bao gồm những gì?,30
Sinh viên HCMUTE cần tuân thủ những quy tắc nào trong văn hóa ứng xử chuẩn mực?,văn hóa ứng xử chuẩn mực của sinh viên hcmute bao gồm những gì?,30
Văn hóa ứng xử chuẩn mực của sinh viên trường HCMUTE bao hàm những khía cạnh gì?,văn hóa ứng xử chuẩn mực của sinh viên hcmute bao gồm những gì?,30
Các thành phần chính trong văn hóa ứng xử chuẩn mực của sinh viên HCMUTE là những gì?,văn hóa ứng xử chuẩn mực của sinh viên hcmute bao gồm những gì?,30
Mỗi sinh viên trường HCMUTE đóng góp gì cho cộng đồng?,mỗi sinh viên hcmute đóng vai trò gì đối với cộng đồng?,31
Vai trò của mỗi sinh viên HCMUTE đối với cộng đồng là gì?,mỗi sinh viên hcmute đóng vai trò gì đối với cộng đồng?,31
Chúng ta có thể nói mỗi sinh viên HCMUTE đã làm gì cho cộng đồng chưa?,mỗi sinh viên hcmute đóng vai trò gì đối với cộng đồng?,31
Hãy cho tôi biết mỗi sinh viên HCMUTE đang đảm nhận vai trò nào trong cộng đồng.,mỗi sinh viên hcmute đóng vai trò gì đối với cộng đồng?,31
"Đối với cộng đồng, mỗi sinh viên HCMUTE có ý nghĩa ra sao?",mỗi sinh viên hcmute đóng vai trò gì đối với cộng đồng?,31
Nhà trường mong đợi sinh viên như thế nào về kiến thức pháp luật?,thầy hiệu trưởng mong muốn điều gì ở sinh viên về mặt pháp luật?,32
Hiệu trưởng kỳ vọng những điều gì ở sinh viên liên quan đến vấn đề pháp lý?,thầy hiệu trưởng mong muốn điều gì ở sinh viên về mặt pháp luật?,32
Thầy hiệu trưởng muốn sinh viên nắm vững pháp luật như thế nào?,thầy hiệu trưởng mong muốn điều gì ở sinh viên về mặt pháp luật?,32
"Về mặt luật pháp, hiệu trưởng có nguyện vọng gì với sinh viên không?",thầy hiệu trưởng mong muốn điều gì ở sinh viên về mặt pháp luật?,32
Pháp luật là lĩnh vực mà hiệu trưởng hy vọng sinh viên sẽ đạt được điều gì?,thầy hiệu trưởng mong muốn điều gì ở sinh viên về mặt pháp luật?,32
Sinh viên cần phải cảnh giác với những nguy cơ nào khi sống trong thời đại số?,sinh viên cần cảnh giác với những nguy cơ nào trong thời đại số?,33
"Trong kỷ nguyên số, sinh viên cần lưu ý những rủi ro nào?",sinh viên cần cảnh giác với những nguy cơ nào trong thời đại số?,33
Những mối nguy hiểm mà sinh viên cần thận trọng trong thời đại số là gì?,sinh viên cần cảnh giác với những nguy cơ nào trong thời đại số?,33
Sinh viên nên đề phòng những thách thức nào của thời đại số?,sinh viên cần cảnh giác với những nguy cơ nào trong thời đại số?,33
Thời đại số đặt ra những nguy cơ gì mà sinh viên cần chú ý?,sinh viên cần cảnh giác với những nguy cơ nào trong thời đại số?,33
Sống có kỷ luật và tôn trọng pháp luật sẽ mang lại những lợi ích gì?,việc sống kỷ luật và thượng tôn pháp luật mang lại lợi ích gì?,34
"Khi sống theo kỷ luật và thượng tôn pháp luật, con người sẽ nhận được lợi ích như thế nào?",việc sống kỷ luật và thượng tôn pháp luật mang lại lợi ích gì?,34
Việc duy trì lối sống kỷ luật cùng việc tuân thủ pháp luật sẽ đem lại lợi ích gì cho chúng ta?,việc sống kỷ luật và thượng tôn pháp luật mang lại lợi ích gì?,34
Sống kỷ luật và tôn trọng luật pháp sẽ giúp mỗi người đạt được những điều tốt đẹp gì?,việc sống kỷ luật và thượng tôn pháp luật mang lại lợi ích gì?,34
Làm sao để biết được lợi ích cụ thể khi chúng ta sống có kỷ luật và tôn trọng pháp luật?,việc sống kỷ luật và thượng tôn pháp luật mang lại lợi ích gì?,34
Những áp lực nào có thể khiến tân sinh viên bị căng thẳng?,những áp lực nào có thể khiến tân sinh viên căng thẳng?,35
Tân sinh viên thường gặp phải những áp lực gì dẫn đến căng thẳng?,những áp lực nào có thể khiến tân sinh viên căng thẳng?,35
Điều gì gây ra căng thẳng cho sinh viên năm nhất?,những áp lực nào có thể khiến tân sinh viên căng thẳng?,35
"Bạn biết không, những áp lực nào làm cho tân sinh viên cảm thấy stress?",những áp lực nào có thể khiến tân sinh viên căng thẳng?,35
Hãy liệt kê những nguồn gây căng thẳng mà tân sinh viên phải đối mặt.,những áp lực nào có thể khiến tân sinh viên căng thẳng?,35
Làm thế nào để chăm sóc sức khỏe thể chất một cách hiệu quả?,cách thức chăm sóc sức khỏe thể chất hiệu quả là gì?,36
Việc chăm sóc sức khỏe thể chất hiệu quả cần thực hiện như thế nào?,cách thức chăm sóc sức khỏe thể chất hiệu quả là gì?,36
Phương pháp nào giúp chăm sóc sức khỏe thể chất tốt nhất?,cách thức chăm sóc sức khỏe thể chất hiệu quả là gì?,36
Chúng ta nên áp dụng cách nào để chăm sóc cơ thể hiệu quả?,cách thức chăm sóc sức khỏe thể chất hiệu quả là gì?,36
Làm sao để duy trì và chăm sóc sức khỏe thể chất một cách hiệu quả?,cách thức chăm sóc sức khỏe thể chất hiệu quả là gì?,36
Sinh viên phải làm những gì để giữ gìn sức khỏe tâm thần?,sinh viên cần làm gì để duy trì sức khỏe tinh thần tốt?,37
Làm sao để sinh viên duy trì được tinh thần tốt?,sinh viên cần làm gì để duy trì sức khỏe tinh thần tốt?,37
Những hoạt động nào giúp sinh viên chăm sóc sức khỏe tinh thần?,sinh viên cần làm gì để duy trì sức khỏe tinh thần tốt?,37
Sinh viên cần thực hiện các bước gì nhằm bảo vệ sức khỏe tâm lý?,sinh viên cần làm gì để duy trì sức khỏe tinh thần tốt?,37
"Để có một tâm trạng ổn định, sinh viên nên làm gì?",sinh viên cần làm gì để duy trì sức khỏe tinh thần tốt?,37
Việc tuân thủ kỷ luật trên mạng xã hội diễn ra ra sao?,kỷ luật khi sử dụng mạng xã hội được thể hiện như thế nào?,38
Làm thế nào để biểu hiện được tính kỷ luật khi sử dụng mạng xã hội?,kỷ luật khi sử dụng mạng xã hội được thể hiện như thế nào?,38
Hành vi kỷ luật trong môi trường mạng xã hội thể hiện cụ thể như thế nào?,kỷ luật khi sử dụng mạng xã hội được thể hiện như thế nào?,38
Người dùng mạng xã hội thể hiện kỷ luật qua những dấu hiệu gì?,kỷ luật khi sử dụng mạng xã hội được thể hiện như thế nào?,38
Tính kỷ luật khi lướt mạng xã hội được phản ánh ra sao?,kỷ luật khi sử dụng mạng xã hội được thể hiện như thế nào?,38
Văn phòng tư vấn và hỗ trợ sinh viên đặt ở đâu?,địa chỉ của văn phòng tư vấn và hỗ trợ sinh viên ở đâu?,39
Địa chỉ cụ thể của phòng tư vấn sinh viên là nơi nào?,địa chỉ của văn phòng tư vấn và hỗ trợ sinh viên ở đâu?,39
Bạn có thể cho biết địa điểm của văn phòng hỗ trợ sinh viên không?,địa chỉ của văn phòng tư vấn và hỗ trợ sinh viên ở đâu?,39
Văn phòng giúp đỡ sinh viên đang nằm tại địa chỉ nào?,địa chỉ của văn phòng tư vấn và hỗ trợ sinh viên ở đâu?,39
Chúng ta có thể tìm thấy văn phòng tư vấn sinh viên ở đâu?,địa chỉ của văn phòng tư vấn và hỗ trợ sinh viên ở đâu?,39
Sức khỏe tinh thần đóng vai trò như thế nào đối với sinh viên?,vai trò của sức khỏe tinh thần đối với sinh viên là gì?,40
Sinh viên cần hiểu vai trò của sức khỏe tinh thần ra sao?,vai trò của sức khỏe tinh thần đối với sinh viên là gì?,40
Vai trò cụ thể của sức khỏe tinh thần trong đời sống sinh viên là gì?,vai trò của sức khỏe tinh thần đối với sinh viên là gì?,40
Sức khỏe tinh thần tác động đến sinh viên như thế nào?,vai trò của sức khỏe tinh thần đối với sinh viên là gì?,40
Tại sao sức khỏe tinh thần lại quan trọng với sinh viên?,vai trò của sức khỏe tinh thần đối với sinh viên là gì?,40
Sinh viên có thể tham gia những tổ chức nào để rèn luyện kỹ năng?,sinh viên có thể tham gia những tổ chức nào để rèn luyện kỹ năng?,41
Những tổ chức nào dành cho sinh viên để giúp trau dồi kỹ năng?,sinh viên có thể tham gia những tổ chức nào để rèn luyện kỹ năng?,41
Sinh viên nên gia nhập tổ chức nào nhằm nâng cao kỹ năng của mình?,sinh viên có thể tham gia những tổ chức nào để rèn luyện kỹ năng?,41
"Để rèn luyện kỹ năng, sinh viên có thể tham gia vào các tổ chức nào?",sinh viên có thể tham gia những tổ chức nào để rèn luyện kỹ năng?,41
Sinh viên có thể tham gia những câu lạc bộ hay tổ chức nào để học thêm kỹ năng?,sinh viên có thể tham gia những tổ chức nào để rèn luyện kỹ năng?,41
"Mục đích của việc tham gia các hoạt động trong đoàn, hội và câu lạc bộ là gì?","mục đích của việc tham gia các hoạt động đoàn, hội, câu lạc bộ là gì?",42
"Làm sao để biết lý do chính đáng cho việc sinh viên tham gia các hoạt động đoàn, hội, câu lạc bộ?","mục đích của việc tham gia các hoạt động đoàn, hội, câu lạc bộ là gì?",42
"Tại sao lại cần phải tham gia vào các hoạt động của đoàn, hội hay câu lạc bộ?","mục đích của việc tham gia các hoạt động đoàn, hội, câu lạc bộ là gì?",42
"Bạn có thể cho mình biết mục tiêu của việc tham gia các hoạt động đoàn, hội, câu lạc bộ không?","mục đích của việc tham gia các hoạt động đoàn, hội, câu lạc bộ là gì?",42
"Ý nghĩa thực sự của việc tham gia các hoạt động đoàn, hội, câu lạc bộ nằm ở đâu?","mục đích của việc tham gia các hoạt động đoàn, hội, câu lạc bộ là gì?",42
Sinh viên sẽ học hỏi được điều gì khi tham gia các hoạt động tình nguyện?,sinh viên học được điều gì khi tham gia các phong trào tình nguyện?,43
Việc tham gia phong trào tình nguyện giúp sinh viên học được những gì?,sinh viên học được điều gì khi tham gia các phong trào tình nguyện?,43
Những bài học nào mà sinh viên có thể rút ra từ việc tham gia các phong trào tình nguyện?,sinh viên học được điều gì khi tham gia các phong trào tình nguyện?,43
"Khi tham gia tình nguyện, sinh viên sẽ tiếp thu được kiến thức và kỹ năng gì?",sinh viên học được điều gì khi tham gia các phong trào tình nguyện?,43
Hoạt động tình nguyện mang lại cho sinh viên những giá trị và bài học gì?,sinh viên học được điều gì khi tham gia các phong trào tình nguyện?,43
Có thể mô tả hình ảnh đẹp của sinh viên trường HCMUTE như thế nào không?,hình ảnh đẹp của tuổi trẻ hcmute được mô tả như thế nào?,44
Hình ảnh thanh niên trường HCMUTE được nhìn nhận ra sao?,hình ảnh đẹp của tuổi trẻ hcmute được mô tả như thế nào?,44
Các bạn có thể chia sẻ về vẻ đẹp của tuổi trẻ HCMUTE được không?,hình ảnh đẹp của tuổi trẻ hcmute được mô tả như thế nào?,44
Làm thế nào để diễn tả hình ảnh đẹp của sinh viên trường Đại học Mở TP.HCM?,hình ảnh đẹp của tuổi trẻ hcmute được mô tả như thế nào?,44
Người ta thường mô tả hình ảnh của tuổi trẻ HCMUTE ra sao?,hình ảnh đẹp của tuổi trẻ hcmute được mô tả như thế nào?,44
Nhà trường cam kết hỗ trợ sinh viên bằng những hình thức nào?,nhà trường cam kết hỗ trợ sinh viên thông qua những hình thức nào?,45
Những hình thức nào mà nhà trường cam kết sẽ hỗ trợ sinh viên?,nhà trường cam kết hỗ trợ sinh viên thông qua những hình thức nào?,45
Nhà trường đã cam kết hỗ trợ sinh viên thông qua các phương thức gì?,nhà trường cam kết hỗ trợ sinh viên thông qua những hình thức nào?,45
Sinh viên sẽ nhận được sự hỗ trợ từ nhà trường dưới những hình thức nào theo cam kết?,nhà trường cam kết hỗ trợ sinh viên thông qua những hình thức nào?,45
Cam kết của nhà trường đối với sinh viên bao gồm những hình thức hỗ trợ nào?,nhà trường cam kết hỗ trợ sinh viên thông qua những hình thức nào?,45
Nhà trường cung cấp những dịch vụ tư vấn gì cho sinh viên?,những dịch vụ tư vấn nào được nhà trường cung cấp cho sinh viên?,46
Sinh viên có thể nhận được những dịch vụ tư vấn nào từ nhà trường?,những dịch vụ tư vấn nào được nhà trường cung cấp cho sinh viên?,46
Những loại dịch vụ tư vấn nào mà nhà trường đang hỗ trợ sinh viên?,những dịch vụ tư vấn nào được nhà trường cung cấp cho sinh viên?,46
Nhà trường có những dịch vụ tư vấn nào dành riêng cho sinh viên không?,những dịch vụ tư vấn nào được nhà trường cung cấp cho sinh viên?,46
Sinh viên cần biết nhà trường cung cấp dịch vụ tư vấn ra sao?,những dịch vụ tư vấn nào được nhà trường cung cấp cho sinh viên?,46
Chìa khóa quyết định để thành công nằm ở đâu?,chìa khóa cuối cùng để đạt được thành công nằm ở đâu?,47
Vậy yếu tố then chốt dẫn đến thành công chính là gì?,chìa khóa cuối cùng để đạt được thành công nằm ở đâu?,47
"Theo bạn, điều quan trọng nhất để đạt thành công là gì?",chìa khóa cuối cùng để đạt được thành công nằm ở đâu?,47
Thành công thực sự phụ thuộc vào yếu tố nào cuối cùng?,chìa khóa cuối cùng để đạt được thành công nằm ở đâu?,47
Yếu tố nào là mấu chốt giúp ta đạt được thành công?,chìa khóa cuối cùng để đạt được thành công nằm ở đâu?,47
Thầy hiệu trưởng tin tưởng tân sinh viên khóa 2025 sẽ để lại dấu ấn bởi những thành tựu cụ thể nào?,thầy hiệu trưởng tin tưởng tân sinh viên khóa 2025 sẽ ghi dấu bằng những thành tựu gì?,48
Những thành tựu nào mà thầy hiệu trưởng kỳ vọng sẽ thấy từ tân sinh viên khóa 2025?,thầy hiệu trưởng tin tưởng tân sinh viên khóa 2025 sẽ ghi dấu bằng những thành tựu gì?,48
"Theo thầy hiệu trưởng, sinh viên mới khóa 2025 sẽ đạt được những thành tựu gì để ghi dấu?",thầy hiệu trưởng tin tưởng tân sinh viên khóa 2025 sẽ ghi dấu bằng những thành tựu gì?,48
Thầy hiệu trưởng tin rằng tân sinh viên khóa 2025 sẽ tạo nên dấu ấn qua những thành tích gì?,thầy hiệu trưởng tin tưởng tân sinh viên khóa 2025 sẽ ghi dấu bằng những thành tựu gì?,48
Những kết quả nào sẽ giúp tân sinh viên khóa 2025 ghi dấu trong mắt thầy hiệu trưởng?,thầy hiệu trưởng tin tưởng tân sinh viên khóa 2025 sẽ ghi dấu bằng những thành tựu gì?,48
Những phẩm chất nào mà người trẻ cần rèn luyện để đạt được thành công?,phẩm chất cần có của người trẻ để thành công là gì?,49
Làm thế nào để xác định được phẩm chất cần thiết cho người trẻ nhằm gặt hái thành công?,phẩm chất cần có của người trẻ để thành công là gì?,49
"Khi nói đến thành công, bạn cho rằng người trẻ cần sở hữu những phẩm chất gì?",phẩm chất cần có của người trẻ để thành công là gì?,49
Phẩm chất cốt lõi giúp người trẻ trẻ vươn tới thành công là điều gì?,phẩm chất cần có của người trẻ để thành công là gì?,49
"Để thành công trong cuộc sống, người trẻ phải có những phẩm chất nào?",phẩm chất cần có của người trẻ để thành công là gì?,49
Hiệu trưởng đã gửi thông điệp gì đến tân sinh viên trong buổi lễ khai giảng?,thông điệp cuối cùng mà hiệu trưởng gửi đến tân sinh viên là gì?,50
Thông điệp cuối cùng mà hiệu trưởng nhắn nhủ đến các bạn tân sinh viên là gì?,thông điệp cuối cùng mà hiệu trưởng gửi đến tân sinh viên là gì?,50
Có thể cho tôi biết nội dung lời nhắn cuối cùng của hiệu trưởng dành cho tân sinh viên không?,thông điệp cuối cùng mà hiệu trưởng gửi đến tân sinh viên là gì?,50
Lời căn dặn cuối cùng của hiệu trưởng gửi tới tân sinh viên là gì vậy?,thông điệp cuối cùng mà hiệu trưởng gửi đến tân sinh viên là gì?,50
Hiệu trưởng muốn nhắn nhủ điều gì với tân sinh viên trong phần kết thúc buổi chào mừng?,thông điệp cuối cùng mà hiệu trưởng gửi đến tân sinh viên là gì?,50
Ai đang đảm nhiệm vị trí hiệu trưởng tại Trường Đại học Sư phạm Kỹ thuật Thành phố Hồ Chí Minh?,hiệu trưởng của trường đại học sư phạm kỹ thuật tp. hồ chí minh là ai?,51
Người đứng đầu Trường Đại học Sư phạm Kỹ thuật TP. Hồ Chí Minh hiện nay là ai?,hiệu trưởng của trường đại học sư phạm kỹ thuật tp. hồ chí minh là ai?,51
Họ tên hiệu trưởng của trường Đại học Sư phạm Kỹ thuật Thành phố Hồ Chí Minh là ai?,hiệu trưởng của trường đại học sư phạm kỹ thuật tp. hồ chí minh là ai?,51
Chức vụ hiệu trưởng thuộc Trường Đại học Sư phạm Kỹ thuật TP. Hồ Chí Minh do ai đảm nhiệm?,hiệu trưởng của trường đại học sư phạm kỹ thuật tp. hồ chí minh là ai?,51
Ai là người làm việc ở vị trí hiệu trưởng cho trường Đại học Sư phạm Kỹ thuật Thành phố Hồ Chí Minh?,hiệu trưởng của trường đại học sư phạm kỹ thuật tp. hồ chí minh là ai?,51
Ký hiệu HCMUTE viết tắt cho tổ chức nào?,hcmute là viết tắt của đơn vị nào?,52
Tên đầy đủ của đơn vị mang mã HCMUTE là gì?,hcmute là viết tắt của đơn vị nào?,52
HCMUTE là từ viết tắt của trường đại học nào?,hcmute là viết tắt của đơn vị nào?,52
Đơn vị có ký hiệu HCMUTE thuộc hệ thống giáo dục nào?,hcmute là viết tắt của đơn vị nào?,52
Hãy cho biết HCMUTE là viết tắt của tên đơn vị nào?,hcmute là viết tắt của đơn vị nào?,52
Tên đầy đủ của trường được nhắc đến trong tài liệu là gì?,tên gọi đầy đủ của nhà trường được đề cập trong tài liệu là gì?,53
"Trong tài liệu, nhà trường được gọi bằng tên chính thức nào?",tên gọi đầy đủ của nhà trường được đề cập trong tài liệu là gì?,53
Tài liệu đề cập đến tên gọi hoàn chỉnh của trường như thế nào?,tên gọi đầy đủ của nhà trường được đề cập trong tài liệu là gì?,53
Chúng ta có thể tìm thấy tên đầy đủ của trường trong tài liệu ở đâu?,tên gọi đầy đủ của nhà trường được đề cập trong tài liệu là gì?,53
Tên chính thức được ghi trong tài liệu cho nhà trường là gì?,tên gọi đầy đủ của nhà trường được đề cập trong tài liệu là gì?,53
Trường Đại học Sư phạm Kỹ thuật Thành phố Hồ Chí Minh được thành lập từ tổ chức nào?,tiền thân của trường đại học sư phạm kỹ thuật thành phố hồ chí minh là gì?,54
Tổ chức tiền thân của trường Đại học Sư phạm Kỹ thuật Thành phố Hồ Chí Minh là gì?,tiền thân của trường đại học sư phạm kỹ thuật thành phố hồ chí minh là gì?,54
"Trước khi có tên gọi hiện nay, trường Đại học Sư phạm Kỹ thuật Thành phố Hồ Chí Minh xuất phát từ đâu?",tiền thân của trường đại học sư phạm kỹ thuật thành phố hồ chí minh là gì?,54
Tên gọi ban đầu hay tiền thân của trường Đại học Sư phạm Kỹ thuật Thành phố Hồ Chí Minh là gì?,tiền thân của trường đại học sư phạm kỹ thuật thành phố hồ chí minh là gì?,54
Trường Đại học Sư phạm Kỹ thuật Thành phố Hồ Chí Minh kế thừa từ cơ sở giáo dục nào?,tiền thân của trường đại học sư phạm kỹ thuật thành phố hồ chí minh là gì?,54
Trường cao đẳng sư phạm kỹ thuật được thành lập vào thời điểm nào?,ban cao đẳng sư phạm kỹ thuật được thành lập vào ngày tháng năm nào?,55
Ban lãnh đạo cao đẳng sư phạm kỹ thuật đã chính thức thành lập vào ngày tháng năm cụ thể là gì?,ban cao đẳng sư phạm kỹ thuật được thành lập vào ngày tháng năm nào?,55
Thời điểm thành lập của ban cao đẳng sư phạm kỹ thuật diễn ra vào năm nào và vào ngày tháng nào?,ban cao đẳng sư phạm kỹ thuật được thành lập vào ngày tháng năm nào?,55
"Bạn có thể cho biết ngày, tháng, năm thành lập của ban cao đẳng sư phạm kỹ thuật không?",ban cao đẳng sư phạm kỹ thuật được thành lập vào ngày tháng năm nào?,55
Ban cao đẳng sư phạm kỹ thuật có được thành lập vào khoảng thời gian nào trong lịch sử?,ban cao đẳng sư phạm kỹ thuật được thành lập vào ngày tháng năm nào?,55
"Vào ngày 21 tháng 9 năm 1972, Trường Đại học Sư phạm Kỹ thuật Thành phố Hồ Chí Minh đã được đổi tên thành trường nào?","vào ngày 21/09/1972, trường đại học sư phạm kỹ thuật thành phố hồ chí minh được đổi tên thành gì?",56
Tên gọi mới của Trường Đại học Sư phạm Kỹ thuật Thành phố Hồ Chí Minh vào ngày 21/09/1972 là gì?,"vào ngày 21/09/1972, trường đại học sư phạm kỹ thuật thành phố hồ chí minh được đổi tên thành gì?",56
"Vào năm 1972, cụ thể vào ngày 21 tháng 9, cơ quan nào đã đổi tên từ Trường Đại học Sư phạm Kỹ thuật Thành phố Hồ Chí Minh thành tên mới?","vào ngày 21/09/1972, trường đại học sư phạm kỹ thuật thành phố hồ chí minh được đổi tên thành gì?",56
Khi nào và tên mới là gì cho Trường Đại học Sư phạm Kỹ thuật Thành phố Hồ Chí Minh vào ngày 21 tháng 9 năm 1972?,"vào ngày 21/09/1972, trường đại học sư phạm kỹ thuật thành phố hồ chí minh được đổi tên thành gì?",56
Trường Đại học Sư phạm Kỹ thuật Thành phố Hồ Chí Minh được đổi tên thành tên gì vào thời điểm ngày 21/09/1972?,"vào ngày 21/09/1972, trường đại học sư phạm kỹ thuật thành phố hồ chí minh được đổi tên thành gì?",56
Trường Đại học Sư phạm Kỹ thuật Thành phố Hồ Chí Minh gọi tên như thế nào vào năm 1974?,tên gọi của trường đại học sư phạm kỹ thuật thành phố hồ chí minh vào năm 1974 là gì?,57
Tên chính thức của nhà trường này năm 1974 là gì?,tên gọi của trường đại học sư phạm kỹ thuật thành phố hồ chí minh vào năm 1974 là gì?,57
"Năm 1974, sinh viên Việt Nam có thể gọi tên trường này ra sao?",tên gọi của trường đại học sư phạm kỹ thuật thành phố hồ chí minh vào năm 1974 là gì?,57
Người ta đặt tên cho trường Đại học Sư phạm Kỹ thuật TP.HCM vào năm 1974 là gì?,tên gọi của trường đại học sư phạm kỹ thuật thành phố hồ chí minh vào năm 1974 là gì?,57
"Vào năm 1974, tên gọi chính xác của trường sư phạm kỹ thuật TP.HCM là gì?",tên gọi của trường đại học sư phạm kỹ thuật thành phố hồ chí minh vào năm 1974 là gì?,57
"Năm 1974, trường Đại học Giáo dục Thủ Đức là thành viên của đơn vị nào?",trường đại học giáo dục thủ đức là thành viên của đơn vị nào vào năm 1974?,58
Đơn vị nào đã bao gồm trường Đại học Giáo dục Thủ Đức làm thành viên vào năm 1974?,trường đại học giáo dục thủ đức là thành viên của đơn vị nào vào năm 1974?,58
"Vào thời điểm năm 1974, trường Đại học Giáo dục Thủ Đức thuộc thành phần của đơn vị nào?",trường đại học giáo dục thủ đức là thành viên của đơn vị nào vào năm 1974?,58
Trường Đại học Giáo dục Thủ Đức đã trở thành thành viên của đơn vị nào trong năm 1974?,trường đại học giáo dục thủ đức là thành viên của đơn vị nào vào năm 1974?,58
Đơn vị nào xem trường Đại học Giáo dục Thủ Đức là thành viên của mình vào năm 1974?,trường đại học giáo dục thủ đức là thành viên của đơn vị nào vào năm 1974?,58
"Năm 1974, trường Đại học Giáo dục Thủ Đức là thành viên thứ mấy của Viện Đại học Bách khoa Thủ Đức?","năm 1974, trường đại học giáo dục thủ đức là một trong bao nhiêu thành viên của viện đại học bách khoa thủ đức?",59
"Trong năm 1974, số lượng thành viên của Viện Đại học Bách khoa Thủ Đức bao gồm trường Đại học Giáo dục Thủ Đức và những trường khác, vậy trường này đứng thứ bao nhiêu?","năm 1974, trường đại học giáo dục thủ đức là một trong bao nhiêu thành viên của viện đại học bách khoa thủ đức?",59
"Khi thành lập Viện Đại học Bách khoa Thủ Đức vào năm 1974, trường Đại học Giáo dục Thủ Đức được xếp vào thành viên thứ mấy trong số các thành viên?","năm 1974, trường đại học giáo dục thủ đức là một trong bao nhiêu thành viên của viện đại học bách khoa thủ đức?",59
"Năm 1974, Viện Đại học Bách khoa Thủ Đức có bao nhiêu thành viên và trường Đại học Giáo dục Thủ Đức là một trong số đó, cụ thể là thành viên thứ mấy?","năm 1974, trường đại học giáo dục thủ đức là một trong bao nhiêu thành viên của viện đại học bách khoa thủ đức?",59
"Hãy cho biết năm 1974, trường Đại học Giáo dục Thủ Đức thuộc thành viên thứ bao nhiêu trong tổng số các thành viên của Viện Đại học Bách khoa Thủ Đức?","năm 1974, trường đại học giáo dục thủ đức là một trong bao nhiêu thành viên của viện đại học bách khoa thủ đức?",59
Trường Đại học Sư phạm Kỹ thuật Thủ Đức được quyết định thành lập vào ngày nào?,quyết định thành lập trường đại học sư phạm kỹ thuật thủ đức được ký vào ngày nào?,60
Ngày ký quyết định thành lập trường Đại học Sư phạm Kỹ thuật Thủ Đức là khi nào?,quyết định thành lập trường đại học sư phạm kỹ thuật thủ đức được ký vào ngày nào?,60
Khi nào chính phủ có văn bản quyết định thành lập trường Đại học Sư phạm Kỹ thuật Thủ Đức?,quyết định thành lập trường đại học sư phạm kỹ thuật thủ đức được ký vào ngày nào?,60
Quyết định thành lập trường Đại học Sư phạm Kỹ thuật Thủ Đức được ban hành vào ngày mấy?,quyết định thành lập trường đại học sư phạm kỹ thuật thủ đức được ký vào ngày nào?,60
Bạn có biết ngày ký quyết định thành lập trường Đại học Sư phạm Kỹ thuật Thủ Đức không?,quyết định thành lập trường đại học sư phạm kỹ thuật thủ đức được ký vào ngày nào?,60
Cơ sở để thành lập Trường Đại học Sư phạm Kỹ thuật Thủ Đức vào năm 1976 là gì?,cơ sở để thành lập trường đại học sư phạm kỹ thuật thủ đức vào năm 1976 là gì?,61
"Năm 1976, trường Đại học Sư phạm Kỹ thuật Thủ Đức được thành lập dựa trên cơ sở nào?",cơ sở để thành lập trường đại học sư phạm kỹ thuật thủ đức vào năm 1976 là gì?,61
Ai hay cơ quan nào là cơ sở để thành lập trường Đại học Sư phạm Kỹ thuật Thủ Đức năm 1976?,cơ sở để thành lập trường đại học sư phạm kỹ thuật thủ đức vào năm 1976 là gì?,61
Hãy nêu cơ sở dẫn đến việc thành lập Trường Đại học Sư phạm Kỹ thuật Thủ Đức vào năm 1976.,cơ sở để thành lập trường đại học sư phạm kỹ thuật thủ đức vào năm 1976 là gì?,61
Cơ sở nào đã được sử dụng để thành lập trường Đại học Sư phạm Kỹ thuật Thủ Đức trong năm 1976?,cơ sở để thành lập trường đại học sư phạm kỹ thuật thủ đức vào năm 1976 là gì?,61
Người nào đã ký quyết định thành lập Trường Đại học Sư phạm Kỹ thuật Thủ Đức vào năm 1976?,ai là người ký quyết định thành lập trường đại học sư phạm kỹ thuật thủ đức năm 1976?,62
Ai là người trực tiếp ký ban hành quyết định thành lập Trường Đại học Sư phạm Kỹ thuật Thủ Đức năm 1976?,ai là người ký quyết định thành lập trường đại học sư phạm kỹ thuật thủ đức năm 1976?,62
Quyết định thành lập Trường Đại học Sư phạm Kỹ thuật Thủ Đức năm 1976 do ai ký?,ai là người ký quyết định thành lập trường đại học sư phạm kỹ thuật thủ đức năm 1976?,62
Bạn có biết ai là người ký quyết định thành lập Trường Đại học Sư phạm Kỹ thuật Thủ Đức năm 1976 không?,ai là người ký quyết định thành lập trường đại học sư phạm kỹ thuật thủ đức năm 1976?,62
"Năm 1976, ai là người đã ký quyết định thành lập Trường Đại học Sư phạm Kỹ thuật Thủ Đức?",ai là người ký quyết định thành lập trường đại học sư phạm kỹ thuật thủ đức năm 1976?,62
Trường đã có sự kiện quan trọng nào vào năm 1984?,sự kiện quan trọng nào diễn ra đối với trường vào năm 1984?,63
"Năm 1984, trường chúng ta đã tổ chức hay xảy ra sự kiện gì đặc biệt?",sự kiện quan trọng nào diễn ra đối với trường vào năm 1984?,63
Bạn có thể kể cho tôi biết sự kiện trọng đại nào của trường diễn ra năm 1984 không?,sự kiện quan trọng nào diễn ra đối với trường vào năm 1984?,63
Sự kiện nào đáng chú ý nhất đã xảy ra tại trường trong năm 1984?,sự kiện quan trọng nào diễn ra đối với trường vào năm 1984?,63
"Vào năm 1984, nhà trường đã chứng kiến sự kiện quan trọng gì?",sự kiện quan trọng nào diễn ra đối với trường vào năm 1984?,63
Năm nào trường Trung học công nghiệp Thủ Đức đã được sáp nhập vào Trường Đại học Sư phạm Kỹ thuật Thành phố Hồ Chí Minh?,trường trung học công nghiệp thủ đức được sáp nhập vào trường đại học sư phạm kỹ thuật thành phố hồ chí minh vào năm nào?,64
Trường Đại học Sư phạm Kỹ thuật Thành phố Hồ Chí Minh tiếp nhận Trường Trung học công nghiệp Thủ Đức vào thời điểm nào?,trường trung học công nghiệp thủ đức được sáp nhập vào trường đại học sư phạm kỹ thuật thành phố hồ chí minh vào năm nào?,64
Sự kiện sáp nhập Trường Trung học công nghiệp Thủ Đức vào Trường Đại học Sư phạm Kỹ thuật Thành phố Hồ Chí Minh diễn ra vào năm nào?,trường trung học công nghiệp thủ đức được sáp nhập vào trường đại học sư phạm kỹ thuật thành phố hồ chí minh vào năm nào?,64
Bạn có thể cho biết năm nào Trường Trung học công nghiệp Thủ Đức trở thành một phần của Trường Đại học Sư phạm Kỹ thuật Thành phố Hồ Chí Minh không?,trường trung học công nghiệp thủ đức được sáp nhập vào trường đại học sư phạm kỹ thuật thành phố hồ chí minh vào năm nào?,64
Vào năm nào thì Trường Trung học công nghiệp Thủ Đức chính thức được hợp nhất với Trường Đại học Sư phạm Kỹ thuật Thành phố Hồ Chí Minh?,trường trung học công nghiệp thủ đức được sáp nhập vào trường đại học sư phạm kỹ thuật thành phố hồ chí minh vào năm nào?,64
"Năm 1991, đơn vị nào đã được sáp nhập vào Trường Đại học Sư phạm Kỹ thuật Thành phố Hồ Chí Minh?","năm 1991, đơn vị nào được sáp nhập vào trường đại học sư phạm kỹ thuật thành phố hồ chí minh?",65
Đơn vị nào được nhập vào Trường Đại học Sư phạm Kỹ thuật Thành phố Hồ Chí Minh vào năm 1991?,"năm 1991, đơn vị nào được sáp nhập vào trường đại học sư phạm kỹ thuật thành phố hồ chí minh?",65
Ai là đơn vị đã bị sáp nhập vào Trường Đại học Sư phạm Kỹ thuật Thành phố Hồ Chí Minh trong năm 1991?,"năm 1991, đơn vị nào được sáp nhập vào trường đại học sư phạm kỹ thuật thành phố hồ chí minh?",65
"Năm 1991, Trường Đại học Sư phạm Kỹ thuật Thành phố Hồ Chí Minh đã tiếp nhận đơn vị nào để sáp nhập?","năm 1991, đơn vị nào được sáp nhập vào trường đại học sư phạm kỹ thuật thành phố hồ chí minh?",65
Hãy cho biết đơn vị nào đã được hợp nhất vào Trường Đại học Sư phạm Kỹ thuật Thành phố Hồ Chí Minh vào năm 1991?,"năm 1991, đơn vị nào được sáp nhập vào trường đại học sư phạm kỹ thuật thành phố hồ chí minh?",65
Từ khi nào trường Đại học Sư phạm Kỹ thuật Thành phố Hồ Chí Minh bắt đầu trực thuộc Đại học Quốc gia?,trường đại học sư phạm kỹ thuật thành phố hồ chí minh bắt đầu trực thuộc đại học quốc gia từ thời gian nào?,66
Thời điểm chuyển đổi để trường Sư phạm Kỹ thuật TP.HCM trực thuộc Đại học Quốc gia là lúc nào?,trường đại học sư phạm kỹ thuật thành phố hồ chí minh bắt đầu trực thuộc đại học quốc gia từ thời gian nào?,66
Trường Đại học Sư phạm Kỹ thuật Thành phố Hồ Chí Minh trở thành đơn vị trực thuộc Đại học Quốc gia từ bao giờ?,trường đại học sư phạm kỹ thuật thành phố hồ chí minh bắt đầu trực thuộc đại học quốc gia từ thời gian nào?,66
Khi nào trường Sư phạm Kỹ thuật Thành phố Hồ Chí Minh chính thức nhập vào hệ thống Đại học Quốc gia?,trường đại học sư phạm kỹ thuật thành phố hồ chí minh bắt đầu trực thuộc đại học quốc gia từ thời gian nào?,66
Điểm khởi đầu cho việc trường Sư phạm Kỹ thuật TP.HCM trực thuộc Đại học Quốc gia diễn ra vào thời gian nào?,trường đại học sư phạm kỹ thuật thành phố hồ chí minh bắt đầu trực thuộc đại học quốc gia từ thời gian nào?,66
Quyết định số 118/2000/QĐ-TTg được ban hành vào ngày cụ thể nào?,quyết định số 118/2000/qđ-ttg được ban hành vào ngày nào?,67
"Theo bạn, ngày ban hành của quyết định số 118/2000/QĐ-TTg là khi nào?",quyết định số 118/2000/qđ-ttg được ban hành vào ngày nào?,67
Ai đã ký ban hành quyết định số 118/2000/QĐ-TTG và vào ngày tháng năm nào?,quyết định số 118/2000/qđ-ttg được ban hành vào ngày nào?,67
Hãy cho biết ngày chính xác khi quyết định số 118/2000/QĐ-TTG có hiệu lực ban hành.,quyết định số 118/2000/qđ-ttg được ban hành vào ngày nào?,67
Quyết định số 118/2000/QĐ-TTg được đưa ra vào ngày nào trong lịch sử?,quyết định số 118/2000/qđ-ttg được ban hành vào ngày nào?,67
"Theo quyết định số 118/2000/QĐ-TTg, Trường Đại học Sư phạm Kỹ thuật Thành phố Hồ Chí Minh trực thuộc đơn vị nào?","theo quyết định số 118/2000/qđ-ttg, trường đại học sư phạm kỹ thuật thành phố hồ chí minh trực thuộc đơn vị nào?",68
Đơn vị trực tiếp quản lý Trường Đại học Sư phạm Kỹ thuật Thành phố Hồ Chí Minh theo quyết định 118/2000/QĐ-TTg là gì?,"theo quyết định số 118/2000/qđ-ttg, trường đại học sư phạm kỹ thuật thành phố hồ chí minh trực thuộc đơn vị nào?",68
Quyết định số 118/2000/QĐ-TTg quy định Trường Đại học Sư phạm Kỹ thuật Thành phố Hồ Chí Minh thuộc thẩm quyền của cơ quan nào?,"theo quyết định số 118/2000/qđ-ttg, trường đại học sư phạm kỹ thuật thành phố hồ chí minh trực thuộc đơn vị nào?",68
Ai là đơn vị trực tiếp quản lý Trường Đại học Sư phạm Kỹ thuật Thành phố Hồ Chí Minh dựa trên quyết định 118/2000/QĐ-TTg?,"theo quyết định số 118/2000/qđ-ttg, trường đại học sư phạm kỹ thuật thành phố hồ chí minh trực thuộc đơn vị nào?",68
Trường Đại học Sư phạm Kỹ thuật Thành phố Hồ Chí Minh được giao trực thuộc cho cơ quan nào theo văn bản số 118/2000/QĐ-TTg?,"theo quyết định số 118/2000/qđ-ttg, trường đại học sư phạm kỹ thuật thành phố hồ chí minh trực thuộc đơn vị nào?",68
Trường Đại học Sư phạm Kỹ thuật Thành phố Hồ Chí Minh được tách khỏi Đại học Quốc gia vào năm nào?,trường đại học sư phạm kỹ thuật thành phố hồ chí minh được tách khỏi đại học quốc gia vào năm nào?,69
Năm nào trường Đại học Sư phạm Kỹ thuật Thành phố Hồ Chí Minh được tách ra khỏi Đại học Quốc gia?,trường đại học sư phạm kỹ thuật thành phố hồ chí minh được tách khỏi đại học quốc gia vào năm nào?,69
Khi nào thì Đại học Sư phạm Kỹ thuật Thành phố Hồ Chí Minh rời khỏi hệ thống Đại học Quốc gia?,trường đại học sư phạm kỹ thuật thành phố hồ chí minh được tách khỏi đại học quốc gia vào năm nào?,69
Việc tách Trường Đại học Sư phạm Kỹ thuật Thành phố Hồ Chí Minh khỏi Đại học Quốc gia diễn ra vào năm bao nhiêu?,trường đại học sư phạm kỹ thuật thành phố hồ chí minh được tách khỏi đại học quốc gia vào năm nào?,69
Bạn có biết năm nào Trường Đại học Sư phạm Kỹ thuật Thành phố Hồ Chí Minh được tách khỏi Đại học Quốc gia không?,trường đại học sư phạm kỹ thuật thành phố hồ chí minh được tách khỏi đại học quốc gia vào năm nào?,69
Trường Đại học Sư phạm Kỹ thuật Thành phố Hồ Chí Minh có sứ mệnh gì trong việc cung cấp nguồn nhân lực?,sứ mệnh của trường đại học sư phạm kỹ thuật thành phố hồ chí minh về nguồn nhân lực là gì?,70
Nhiệm vụ của trường Đại học Sư phạm Kỹ thuật Thành phố Hồ Chí Minh đối với nguồn nhân lực là như thế nào?,sứ mệnh của trường đại học sư phạm kỹ thuật thành phố hồ chí minh về nguồn nhân lực là gì?,70
Nguồn nhân lực đóng vai trò gì trong sứ mệnh của trường Đại học Sư phạm Kỹ thuật Thành phố Hồ Chí Minh?,sứ mệnh của trường đại học sư phạm kỹ thuật thành phố hồ chí minh về nguồn nhân lực là gì?,70
Trường Đại học Sư phạm Kỹ thuật Thành phố Hồ Chí Minh định hướng phát triển nguồn nhân lực ra sao?,sứ mệnh của trường đại học sư phạm kỹ thuật thành phố hồ chí minh về nguồn nhân lực là gì?,70
Mục tiêu chính của trường Đại học Sư phạm Kỹ thuật Thành phố Hồ Chí Minh liên quan đến nguồn nhân lực là gì?,sứ mệnh của trường đại học sư phạm kỹ thuật thành phố hồ chí minh về nguồn nhân lực là gì?,70
Trường đại học đóng góp kiến thức cho nhân loại bằng hoạt động nào?,trường đóng góp tri thức cho nhân loại thông qua hoạt động nào?,71
Thông qua hoạt động gì thì trường có thể đóng góp tri thức cho nhân loại?,trường đóng góp tri thức cho nhân loại thông qua hoạt động nào?,71
Hoạt động nào giúp trường đưa tri thức đến với nhân loại?,trường đóng góp tri thức cho nhân loại thông qua hoạt động nào?,71
Trường đang thực hiện hoạt động gì để đóng góp tri thức cho nhân loại?,trường đóng góp tri thức cho nhân loại thông qua hoạt động nào?,71
Bằng hình thức nào trường có thể đóng góp kiến thức cho cộng đồng quốc tế?,trường đóng góp tri thức cho nhân loại thông qua hoạt động nào?,71
Các nghiên cứu khoa học tại trường được thực hiện nhằm mục đích gì?,mục đích của các nghiên cứu khoa học tại trường là gì?,72
Mục tiêu của những nghiên cứu khoa học ở trường là cái gì?,mục đích của các nghiên cứu khoa học tại trường là gì?,72
Trường tiến hành các nghiên cứu khoa học với mục đích như thế nào?,mục đích của các nghiên cứu khoa học tại trường là gì?,72
Làm gì là mục đích chính của các nghiên cứu khoa học tại trường?,mục đích của các nghiên cứu khoa học tại trường là gì?,72
Tại sao trường lại tổ chức các nghiên cứu khoa học?,mục đích của các nghiên cứu khoa học tại trường là gì?,72
Trường thể hiện trách nhiệm với cộng đồng như thế nào trong sứ mệnh của mình?,trách nhiệm của trường đối với cộng đồng được thể hiện như thế nào trong sứ mệnh?,73
"Trong sứ mệnh, trách nhiệm của nhà trường đối với cộng đồng được nêu rõ ra sao?",trách nhiệm của trường đối với cộng đồng được thể hiện như thế nào trong sứ mệnh?,73
Sứ mệnh của trường phản ánh trách nhiệm với cộng đồng qua những khía cạnh nào?,trách nhiệm của trường đối với cộng đồng được thể hiện như thế nào trong sứ mệnh?,73
Trách nhiệm đối với cộng đồng được thể hiện cụ thể trong sứ mệnh của trường ra sao?,trách nhiệm của trường đối với cộng đồng được thể hiện như thế nào trong sứ mệnh?,73
"Khi xem sứ mệnh, trách nhiệm của trường với cộng đồng được diễn đạt như thế nào?",trách nhiệm của trường đối với cộng đồng được thể hiện như thế nào trong sứ mệnh?,73
Trường Đại học Sư phạm Kỹ thuật Thành phố Hồ Chí Minh có tầm nhìn như thế nào?,tầm nhìn của trường đại học sư phạm kỹ thuật thành phố hồ chí minh là gì?,74
Tầm nhìn của trường Đại học Sư phạm Kỹ thuật TP.HCM được xác định ra sao?,tầm nhìn của trường đại học sư phạm kỹ thuật thành phố hồ chí minh là gì?,74
Nhà trường mong muốn đạt được những gì trong tương lai theo tầm nhìn của mình?,tầm nhìn của trường đại học sư phạm kỹ thuật thành phố hồ chí minh là gì?,74
Mục tiêu dài hạn mà trường Đại học Sư phạm Kỹ thuật Thành phố Hồ Chí Minh hướng tới là gì?,tầm nhìn của trường đại học sư phạm kỹ thuật thành phố hồ chí minh là gì?,74
Kế hoạch phát triển của trường được định hướng qua tầm nhìn ra sao?,tầm nhìn của trường đại học sư phạm kỹ thuật thành phố hồ chí minh là gì?,74
Trường Đại học Sư phạm Kỹ thuật Thành phố Hồ Chí Minh có những yếu tố nào trong triết lý giáo dục của mình?,triết lý giáo dục của trường đại học sư phạm kỹ thuật thành phố hồ chí minh gồm những yếu tố nào?,75
Triết lý giáo dục tại trường Đại học Sư phạm Kỹ thuật Thành phố Hồ Chí Minh bao gồm những nội dung gì?,triết lý giáo dục của trường đại học sư phạm kỹ thuật thành phố hồ chí minh gồm những yếu tố nào?,75
Bạn có thể liệt kê các yếu tố cấu thành nên triết lý giáo dục của trường Đại học Sư phạm Kỹ thuật Thành phố Hồ Chí Minh được không?,triết lý giáo dục của trường đại học sư phạm kỹ thuật thành phố hồ chí minh gồm những yếu tố nào?,75
Những điểm nào được nêu trong triết lý giáo dục của trường Đại học Sư phạm Kỹ thuật Thành phố Hồ Chí Minh?,triết lý giáo dục của trường đại học sư phạm kỹ thuật thành phố hồ chí minh gồm những yếu tố nào?,75
Triết lý giáo dục của trường Đại học Sư phạm Kỹ thuật Thành phố Hồ Chí Minh đề cập đến những khía cạnh nào?,triết lý giáo dục của trường đại học sư phạm kỹ thuật thành phố hồ chí minh gồm những yếu tố nào?,75
Trường Đại học Sư phạm Kỹ thuật Thành phố Hồ Chí Minh tôn vinh và phát huy giá trị cốt lõi nào?,trường đại học sư phạm kỹ thuật thành phố hồ chí minh tôn vinh và phát huy giá trị cốt lõi nào?,76
Giá trị cốt lõi mà trường Đại học Sư phạm Kỹ thuật Thành phố Hồ Chí Minh đề cao là gì?,trường đại học sư phạm kỹ thuật thành phố hồ chí minh tôn vinh và phát huy giá trị cốt lõi nào?,76
Những giá trị cốt lõi nào được trường Đại học Sư phạm Kỹ thuật Thành phố Hồ Chí Minh chú trọng phát huy?,trường đại học sư phạm kỹ thuật thành phố hồ chí minh tôn vinh và phát huy giá trị cốt lõi nào?,76
Trường Đại học Sư phạm Kỹ thuật Thành phố Hồ Chí Minh đang tôn vinh những giá trị cốt lõi gì?,trường đại học sư phạm kỹ thuật thành phố hồ chí minh tôn vinh và phát huy giá trị cốt lõi nào?,76
Giá trị cốt lõi nào mà sinh viên và giảng viên trường Đại học Sư phạm Kỹ thuật Thành phố Hồ Chí Minh cần phải phát huy?,trường đại học sư phạm kỹ thuật thành phố hồ chí minh tôn vinh và phát huy giá trị cốt lõi nào?,76
Trường đang ưu tiên bảo tồn và phát huy giá trị truyền thống nào?,giá trị truyền thống nào được trường chú trọng gìn giữ và phát huy?,77
"Trong các giá trị truyền thống, trường tập trung gìn giữ và làm sao phát huy nhất?",giá trị truyền thống nào được trường chú trọng gìn giữ và phát huy?,77
Giá trị truyền thống nào mà nhà trường chú trọng duy trì và đề cao?,giá trị truyền thống nào được trường chú trọng gìn giữ và phát huy?,77
"Bên cạnh các hoạt động khác, trường đang nỗ lực gìn giữ và phát huy giá trị truyền thống nào?",giá trị truyền thống nào được trường chú trọng gìn giữ và phát huy?,77
Giá trị truyền thống nào được trường xem trọng để gìn giữ cũng như phát huy?,giá trị truyền thống nào được trường chú trọng gìn giữ và phát huy?,77
Trường đóng vai trò thế nào trong việc phát triển tài năng và tính sáng tạo?,trường thực hiện vai trò gì đối với tài năng và tính sáng tạo?,78
"Đối với tài năng và tính sáng tạo, nhà trường có chức năng gì?",trường thực hiện vai trò gì đối với tài năng và tính sáng tạo?,78
Trường học hỗ trợ như thế nào để nuôi dưỡng tài năng và khơi dậy sáng tạo?,trường thực hiện vai trò gì đối với tài năng và tính sáng tạo?,78
Vai trò của trường trong việc hình thành tài năng và sáng tạo là gì?,trường thực hiện vai trò gì đối với tài năng và tính sáng tạo?,78
Nhà trường tác động ra sao đến sự phát triển tài năng cũng như tính sáng tạo của người học?,trường thực hiện vai trò gì đối với tài năng và tính sáng tạo?,78
"Trong quá trình đào tạo, nhà trường ưu tiên bồi dưỡng những kỹ năng nào cho sinh viên?","trong đào tạo, trường chú trọng vào những yếu tố kỹ năng nào?",79
"Khi tổ chức giảng dạy, trường tập trung phát triển các kỹ năng gì cho học sinh?","trong đào tạo, trường chú trọng vào những yếu tố kỹ năng nào?",79
Chương trình đào tạo của trường chú trọng nâng cao những kỹ năng cụ thể nào?,"trong đào tạo, trường chú trọng vào những yếu tố kỹ năng nào?",79
Nhà trường đặt nặng việc rèn luyện những kỹ năng nào trong suốt khóa học?,"trong đào tạo, trường chú trọng vào những yếu tố kỹ năng nào?",79
Những kỹ năng nào mà trường dành sự quan tâm đặc biệt trong công tác đào tạo?,"trong đào tạo, trường chú trọng vào những yếu tố kỹ năng nào?",79
Trường quan tâm như thế nào đến lợi ích của người học và cộng đồng?,trường có thái độ như thế nào đối với lợi ích của người học và cộng đồng?,80
Thái độ của trường đối với lợi ích của người học và cộng đồng là ra sao?,trường có thái độ như thế nào đối với lợi ích của người học và cộng đồng?,80
Trường thể hiện thái độ thế nào khi bảo vệ lợi ích của người học và cộng đồng?,trường có thái độ như thế nào đối với lợi ích của người học và cộng đồng?,80
"Trong vấn đề lợi ích của người học và cộng đồng, trường có thái độ cụ thể nào?",trường có thái độ như thế nào đối với lợi ích của người học và cộng đồng?,80
Trường đặt ra thái độ gì đối với việc đảm bảo lợi ích cho người học và cộng đồng?,trường có thái độ như thế nào đối với lợi ích của người học và cộng đồng?,80
Nhà trường đang hướng đến việc xây dựng mô hình xã hội nào dựa trên các giá trị cốt lõi?,trường hướng tới xây dựng mô hình xã hội nào trong giá trị cốt lõi?,81
"Trong hệ thống giá trị cốt lõi, mô hình xã hội mà trường hướng tới là gì?",trường hướng tới xây dựng mô hình xã hội nào trong giá trị cốt lõi?,81
Các giá trị cốt lõi của nhà trường phản ánh mong muốn xây dựng một mô hình xã hội như thế nào?,trường hướng tới xây dựng mô hình xã hội nào trong giá trị cốt lõi?,81
Nhà trường muốn kiến tạo mô hình xã hội nào thông qua việc phát huy các giá trị cốt lõi?,trường hướng tới xây dựng mô hình xã hội nào trong giá trị cốt lõi?,81
"Dựa trên các giá trị cốt lõi, mô hình xã hội mà trường hướng tới có tên gọi hoặc đặc điểm gì?",trường hướng tới xây dựng mô hình xã hội nào trong giá trị cốt lõi?,81
Trường ưu tiên những yếu tố nào trong hoạt động của mình?,những yếu tố nào được đề cao trong các hoạt động của trường?,82
Các hoạt động tại trường đề cao yếu tố gì nhất?,những yếu tố nào được đề cao trong các hoạt động của trường?,82
Những giá trị nào được trường xem trọng nhất trong công tác?,những yếu tố nào được đề cao trong các hoạt động của trường?,82
"Khi tổ chức hoạt động, trường thường nhấn mạnh điều gì?",những yếu tố nào được đề cao trong các hoạt động của trường?,82
Trường coi trọng những khía cạnh nào trong sinh hoạt chung?,những yếu tố nào được đề cao trong các hoạt động của trường?,82
Trường thực hiện hợp tác với bên ngoài dựa trên những nguyên tắc gì?,các hoạt động hợp tác của trường dựa trên các nguyên tắc nào?,83
Những nguyên tắc nào được trường áp dụng khi tiến hành các hoạt động hợp tác?,các hoạt động hợp tác của trường dựa trên các nguyên tắc nào?,83
Các hoạt động hợp tác của nhà trường tuân thủ theo những nguyên tắc gì?,các hoạt động hợp tác của trường dựa trên các nguyên tắc nào?,83
"Khi hợp tác, trường đặt ra những nguyên tắc nào cho các bên liên quan?",các hoạt động hợp tác của trường dựa trên các nguyên tắc nào?,83
Việc phối hợp của trường với đối tác dựa trên nền tảng các nguyên tắc nào?,các hoạt động hợp tác của trường dựa trên các nguyên tắc nào?,83
Văn hóa chất lượng của nhà trường tập trung phát triển những hoạt động nào?,văn hóa chất lượng của trường tập trung vào việc nâng cao các hoạt động nào?,84
Những hoạt động nào được văn hóa chất lượng của trường chú trọng nâng cao?,văn hóa chất lượng của trường tập trung vào việc nâng cao các hoạt động nào?,84
Trường ưu tiên phát triển những hoạt động gì trong văn hóa chất lượng?,văn hóa chất lượng của trường tập trung vào việc nâng cao các hoạt động nào?,84
Hoạt động nào là trọng tâm của văn hóa chất lượng tại trường?,văn hóa chất lượng của trường tập trung vào việc nâng cao các hoạt động nào?,84
Văn hóa chất lượng của trường hướng tới việc cải thiện những hoạt động nào?,văn hóa chất lượng của trường tập trung vào việc nâng cao các hoạt động nào?,84
Mục tiêu cuối cùng của văn hóa chất lượng ở trường là gì?,mục tiêu cuối cùng của văn hóa chất lượng tại trường là gì?,85
Trường định hướng đến mục đích cuối cùng nào của việc xây dựng văn hóa chất lượng?,mục tiêu cuối cùng của văn hóa chất lượng tại trường là gì?,85
Kết quả cuối cùng mà văn hóa chất lượng tại trường hướng tới là điều gì?,mục tiêu cuối cùng của văn hóa chất lượng tại trường là gì?,85
Chúng ta đang hướng đến đích cuối cùng nào trong văn hóa chất lượng của trường?,mục tiêu cuối cùng của văn hóa chất lượng tại trường là gì?,85
Mục đích tối hậu của chương trình văn hóa chất lượng tại trường là gì?,mục tiêu cuối cùng của văn hóa chất lượng tại trường là gì?,85
Năng lực của người học được phát triển để đáp ứng nhu cầu cụ thể nào?,năng lực của người học được phát triển nhằm đáp ứng nhu cầu gì?,86
Việc phát triển năng lực cho người học hướng tới việc thỏa mãn nhu cầu gì?,năng lực của người học được phát triển nhằm đáp ứng nhu cầu gì?,86
Mục tiêu của việc bồi dưỡng năng lực người học là để giải quyết nhu cầu nào?,năng lực của người học được phát triển nhằm đáp ứng nhu cầu gì?,86
Năng lực người học được xây dựng nhằm phục vụ cho những đòi hỏi gì?,năng lực của người học được phát triển nhằm đáp ứng nhu cầu gì?,86
Sự hình thành năng lực trong người học hướng đến việc đáp ứng nhu cầu gì?,năng lực của người học được phát triển nhằm đáp ứng nhu cầu gì?,86
Trường Đại học Sư phạm Kỹ thuật Thành phố Hồ Chí Minh được nhận huân chương Độc lập hạng nhì vào năm nào?,trường đại học sư phạm kỹ thuật thành phố hồ chí minh nhận huân chương độc lập hạng nhì vào năm nào?,87
Vào năm nào trường Đại học Sư phạm Kỹ thuật TP.HCM vinh dự nhận huân chương Độc lập hạng nhì?,trường đại học sư phạm kỹ thuật thành phố hồ chí minh nhận huân chương độc lập hạng nhì vào năm nào?,87
Huân chương Độc lập hạng nhì của trường Đại học Sư phạm Kỹ thuật Thành phố Hồ Chí Minh được trao vào năm bao nhiêu?,trường đại học sư phạm kỹ thuật thành phố hồ chí minh nhận huân chương độc lập hạng nhì vào năm nào?,87
Khi nào trường Đại học Sư phạm Kỹ thuật Thành phố Hồ Chí Minh nhận được huân chương Độc lập hạng nhì?,trường đại học sư phạm kỹ thuật thành phố hồ chí minh nhận huân chương độc lập hạng nhì vào năm nào?,87
Năm nào trường Đại học Sư phạm Kỹ thuật TP.HCM lần đầu tiên được phong tặng huân chương Độc lập hạng nhì?,trường đại học sư phạm kỹ thuật thành phố hồ chí minh nhận huân chương độc lập hạng nhì vào năm nào?,87
Trường được tặng Huân chương Độc lập hạng ba vào năm nào?,năm nào trường nhận được huân chương độc lập hạng ba?,88
Khi nào trường vinh dự nhận được Huân chương Độc lập hạng ba?,năm nào trường nhận được huân chương độc lập hạng ba?,88
Huân chương Độc lập hạng ba của trường được trao vào thời gian nào?,năm nào trường nhận được huân chương độc lập hạng ba?,88
Năm nào trường có thành tích nhận Huân chương Độc lập hạng ba?,năm nào trường nhận được huân chương độc lập hạng ba?,88
Sự kiện trường nhận Huân chương Độc lập hạng ba diễn ra năm bao nhiêu?,năm nào trường nhận được huân chương độc lập hạng ba?,88
Trường nhận huân chương Lao động hạng nhất vào năm nào?,huân chương lao động hạng nhất được trao tặng cho trường vào năm nào?,89
Năm nào trường được trao tặng huân chương Lao động hạng nhất?,huân chương lao động hạng nhất được trao tặng cho trường vào năm nào?,89
Huân chương Lao động hạng nhất của trường được cấp vào thời điểm nào?,huân chương lao động hạng nhất được trao tặng cho trường vào năm nào?,89
Chúng ta đã nhận huân chương Lao động hạng nhất từ bao lâu?,huân chương lao động hạng nhất được trao tặng cho trường vào năm nào?,89
Thời gian trường vinh dự nhận huân chương Lao động hạng nhất là năm bao nhiêu?,huân chương lao động hạng nhất được trao tặng cho trường vào năm nào?,89
Trường được nhận huân chương Lao động hạng nhì vào thời điểm nào?,trường nhận huân chương lao động hạng nhì vào thời gian nào?,90
Khi nào trường có huân chương Lao động hạng nhì?,trường nhận huân chương lao động hạng nhì vào thời gian nào?,90
Thời gian nào trường nhận được huân chương Lao động hạng nhì?,trường nhận huân chương lao động hạng nhì vào thời gian nào?,90
Huân chương Lao động hạng nhì của trường được trao vào lúc nào?,trường nhận huân chương lao động hạng nhì vào thời gian nào?,90
Trường vinh dự nhận huân chương Lao động hạng nhì vào năm nào?,trường nhận huân chương lao động hạng nhì vào thời gian nào?,90
Trường nhận huân chương Lao động hạng ba vào năm nào?,huân chương lao động hạng ba được trao cho trường vào năm nào?,91
Năm nào trường được trao huân chương Lao động hạng ba?,huân chương lao động hạng ba được trao cho trường vào năm nào?,91
Huân chương Lao động hạng ba của trường được trao từ năm bao nhiêu?,huân chương lao động hạng ba được trao cho trường vào năm nào?,91
Khi nào trường vinh dự nhận huân chương Lao động hạng ba?,huân chương lao động hạng ba được trao cho trường vào năm nào?,91
Thời điểm trường được cấp huân chương Lao động hạng ba là năm nào?,huân chương lao động hạng ba được trao cho trường vào năm nào?,91
Trường đã đạt được bao nhiêu cấp bậc Huân chương Độc lập?,có bao nhiêu cấp bậc huân chương độc lập mà trường đã đạt được?,92
Có bao nhiêu hạng Huân chương Độc lập mà trường mình đã nhận được?,có bao nhiêu cấp bậc huân chương độc lập mà trường đã đạt được?,92
Tổng số cấp bậc Huân chương Độc lập của trường là bao nhiêu?,có bao nhiêu cấp bậc huân chương độc lập mà trường đã đạt được?,92
Trường chúng ta đã vinh dự nhận được bao nhiêu cấp Huân chương Độc lập?,có bao nhiêu cấp bậc huân chương độc lập mà trường đã đạt được?,92
Nhà trường đã đạt được bao nhiêu hạng trong danh sách Huân chương Độc lập?,có bao nhiêu cấp bậc huân chương độc lập mà trường đã đạt được?,92
Trường đã trao những huân chương lao động nào?,liệt kê các loại huân chương lao động trường đã nhận được?,93
Những loại huân chương lao động nào mà trường đã nhận được?,liệt kê các loại huân chương lao động trường đã nhận được?,93
Danh sách các huân chương lao động của trường gồm những gì?,liệt kê các loại huân chương lao động trường đã nhận được?,93
Trường đã được vinh danh bằng những huân chương lao động cụ thể nào?,liệt kê các loại huân chương lao động trường đã nhận được?,93
Các huân chương lao động mà trường đã tiếp nhận là những loại nào?,liệt kê các loại huân chương lao động trường đã nhận được?,93
Văn bản nào quy định việc trường trực thuộc Bộ Giáo dục và Đào tạo?,văn bản nào quyết định việc trường trực thuộc bộ giáo dục và đào tạo?,94
Cơ quan nào ban hành văn bản quyết định việc trường thuộc Bộ Giáo dục và Đào tạo?,văn bản nào quyết định việc trường trực thuộc bộ giáo dục và đào tạo?,94
Trường trực thuộc Bộ Giáo dục và Đào tạo được quyết định theo văn bản nào?,văn bản nào quyết định việc trường trực thuộc bộ giáo dục và đào tạo?,94
Ai là người có thẩm quyền ban hành văn bản quyết định việc trường trực thuộc Bộ Giáo dục và Đào tạo?,văn bản nào quyết định việc trường trực thuộc bộ giáo dục và đào tạo?,94
Văn bản pháp luật nào quy định về việc thành lập trường trực thuộc Bộ Giáo dục và Đào tạo?,văn bản nào quyết định việc trường trực thuộc bộ giáo dục và đào tạo?,94
Tên chính thức của trường từ năm 1984 được gọi là gì?,tên đầy đủ của trường được xác định từ năm 1984 là gì?,95
"Từ năm 1984, trường này có tên đầy đủ là cái gì?",tên đầy đủ của trường được xác định từ năm 1984 là gì?,95
"Năm 1984, tên gọi hoàn chỉnh của trường là gì?",tên đầy đủ của trường được xác định từ năm 1984 là gì?,95
Làm thế nào để biết tên đầy đủ của trường từ thời điểm 1984?,tên đầy đủ của trường được xác định từ năm 1984 là gì?,95
Tên gọi chính thức của trường kể từ năm 1984 là gì?,tên đầy đủ của trường được xác định từ năm 1984 là gì?,95
Trường học này có sứ mệnh đóng góp điều gì cho nhân loại không?,sứ mệnh của trường đề cập đến việc đóng góp điều gì cho nhân loại?,96
"Theo sứ mệnh của mình, nhà trường hướng tới việc đóng góp gì cho cộng đồng nhân loại?",sứ mệnh của trường đề cập đến việc đóng góp điều gì cho nhân loại?,96
Sứ mệnh của ngôi trường này liên quan đến việc đóng góp cụ thể nào cho nhân loại?,sứ mệnh của trường đề cập đến việc đóng góp điều gì cho nhân loại?,96
Bạn có thể chia sẻ sứ mệnh của trường trong việc đóng góp cho nhân loại là gì không?,sứ mệnh của trường đề cập đến việc đóng góp điều gì cho nhân loại?,96
Sứ mệnh của trường định hướng để đóng góp những giá trị gì cho nhân loại?,sứ mệnh của trường đề cập đến việc đóng góp điều gì cho nhân loại?,96
Tầm nhìn của trường đã định hướng mục tiêu phát triển quy mô cho các ngành nghề ra sao?,tầm nhìn của trường xác định mục tiêu phát triển về quy mô ngành nghề như thế nào?,97
"Theo tầm nhìn chung, trường dự kiến sẽ phát triển quy mô các ngành nghề như thế nào?",tầm nhìn của trường xác định mục tiêu phát triển về quy mô ngành nghề như thế nào?,97
Mục tiêu phát triển quy mô ngành nghề của trường được xác định trong tầm nhìn cụ thể thế nào?,tầm nhìn của trường xác định mục tiêu phát triển về quy mô ngành nghề như thế nào?,97
Tầm nhìn của trường quy định việc mở rộng quy mô các ngành nghề theo hướng nào?,tầm nhìn của trường xác định mục tiêu phát triển về quy mô ngành nghề như thế nào?,97
Trường định hướng phát triển quy mô các ngành nghề ra sao dựa trên tầm nhìn đã đề ra?,tầm nhìn của trường xác định mục tiêu phát triển về quy mô ngành nghề như thế nào?,97
Trường có bao nhiêu nội dung trong giá trị cốt lõi?,giá trị cốt lõi của trường có bao nhiêu nội dung chính?,98
Số lượng nội dung chính của giá trị cốt lõi trường là bao nhiêu?,giá trị cốt lõi của trường có bao nhiêu nội dung chính?,98
Giá trị cốt lõi của trường được xây dựng gồm những nội dung chính nào về số lượng?,giá trị cốt lõi của trường có bao nhiêu nội dung chính?,98
Có bao nhiêu điểm chính cấu thành nên giá trị cốt lõi của trường?,giá trị cốt lõi của trường có bao nhiêu nội dung chính?,98
Giá trị cốt lõi trường bao gồm mấy nội dung chính?,giá trị cốt lõi của trường có bao nhiêu nội dung chính?,98
Công ty thực hiện việc nâng đỡ tài năng như thế nào dựa trên các giá trị cốt lõi?,việc nâng đỡ tài năng được thực hiện một cách như thế nào theo giá trị cốt lõi?,99
"Theo các giá trị cốt lõi, quá trình phát huy và nâng đỡ tài năng được triển khai ra sao?",việc nâng đỡ tài năng được thực hiện một cách như thế nào theo giá trị cốt lõi?,99
Giá trị cốt lõi định hướng việc hỗ trợ và phát triển tài năng của nhân sự như thế nào?,việc nâng đỡ tài năng được thực hiện một cách như thế nào theo giá trị cốt lõi?,99
Chúng ta đã áp dụng các giá trị cốt lõi để nâng đỡ tài năng cụ thể thế nào?,việc nâng đỡ tài năng được thực hiện một cách như thế nào theo giá trị cốt lõi?,99
Việc hỗ trợ tài năng trong tổ chức được thực hiện ra sao khi căn cứ vào giá trị cốt lõi?,việc nâng đỡ tài năng được thực hiện một cách như thế nào theo giá trị cốt lõi?,99
Trường coi trọng lợi ích nào nhất đối với đối tượng nào?,đối tượng nào được trường tôn trọng lợi ích hàng đầu?,100
Đối tượng nào mà trường ưu tiên bảo đảm lợi ích hàng đầu cho họ?,đối tượng nào được trường tôn trọng lợi ích hàng đầu?,100
Ai là đối tượng nhận được sự tôn trọng lợi ích tối thượng từ trường?,đối tượng nào được trường tôn trọng lợi ích hàng đầu?,100
Trường dành sự ưu tiên về lợi ích cho đối tượng nào nhất?,đối tượng nào được trường tôn trọng lợi ích hàng đầu?,100
Đối tượng nào được trường xem xét và bảo vệ lợi ích đứng đầu?,đối tượng nào được trường tôn trọng lợi ích hàng đầu?,100
Trường đề cao yếu tố nào để đảm bảo hiệu quả trong mọi hoạt động?,yếu tố nào được đề cao để đảm bảo hiệu quả trong mọi hoạt động của trường?,101
"Để mọi hoạt động của trường đạt hiệu quả, yếu tố nào được coi trọng nhất?",yếu tố nào được đề cao để đảm bảo hiệu quả trong mọi hoạt động của trường?,101
Yếu tố quan trọng nào cần được nhấn mạnh nhằm nâng cao hiệu quả các hoạt động tại trường?,yếu tố nào được đề cao để đảm bảo hiệu quả trong mọi hoạt động của trường?,101
Hoạt động nào của trường cần tập trung vào yếu tố gì để đảm bảo hiệu quả?,yếu tố nào được đề cao để đảm bảo hiệu quả trong mọi hoạt động của trường?,101
Yếu tố nào là then chốt giúp đảm bảo hiệu quả cho mọi hoạt động của nhà trường?,yếu tố nào được đề cao để đảm bảo hiệu quả trong mọi hoạt động của trường?,101
Trường thực hiện những hoạt động gì trong giá trị cốt lõi để hướng tới hội nhập quốc tế?,trường hướng tới hội nhập quốc tế thông qua các hoạt động nào trong giá trị cốt lõi?,102
"Để phát triển hội nhập quốc tế, các hoạt động nào của trường phản ánh được giá trị cốt lõi?",trường hướng tới hội nhập quốc tế thông qua các hoạt động nào trong giá trị cốt lõi?,102
Những hoạt động nào trong hệ giá trị cốt lõi của nhà trường thể hiện định hướng hội nhập quốc tế?,trường hướng tới hội nhập quốc tế thông qua các hoạt động nào trong giá trị cốt lõi?,102
Trường dựa vào hoạt động nào trong giá trị cốt lõi để thúc đẩy quá trình hội nhập quốc tế?,trường hướng tới hội nhập quốc tế thông qua các hoạt động nào trong giá trị cốt lõi?,102
"Trong bối cảnh hội nhập quốc tế, các hoạt động nào của trường được gắn liền với giá trị cốt lõi?",trường hướng tới hội nhập quốc tế thông qua các hoạt động nào trong giá trị cốt lõi?,102
Trường cung cấp nguồn nhân lực cho những thị trường nào?,trường cung cấp nguồn nhân lực cho những thị trường nào?,103
Những thị trường nào nhận được nguồn nhân lực từ trường?,trường cung cấp nguồn nhân lực cho những thị trường nào?,103
Trường đào tạo nhân lực phục vụ cho những thị trường ra sao?,trường cung cấp nguồn nhân lực cho những thị trường nào?,103
Nguồn nhân lực của trường được phân bổ cho các thị trường nào?,trường cung cấp nguồn nhân lực cho những thị trường nào?,103
Các thị trường nào là đối tượng tiếp nhận nguồn nhân lực từ trường?,trường cung cấp nguồn nhân lực cho những thị trường nào?,103
Hoạt động nghiên cứu khoa học của trường hướng tới mục tiêu gì đối với nhân loại?,hoạt động nghiên cứu khoa học của trường nhắm đến mục tiêu gì cho nhân loại?,104
Mục tiêu của hoạt động nghiên cứu khoa học trong trường là gì cho nhân loại?,hoạt động nghiên cứu khoa học của trường nhắm đến mục tiêu gì cho nhân loại?,104
Trường đặt ra mục đích gì cho nhân loại thông qua hoạt động nghiên cứu khoa học?,hoạt động nghiên cứu khoa học của trường nhắm đến mục tiêu gì cho nhân loại?,104
Nghiên cứu khoa học tại trường nhằm giải quyết hay đóng góp điều gì cho nhân loại?,hoạt động nghiên cứu khoa học của trường nhắm đến mục tiêu gì cho nhân loại?,104
Những mục tiêu mà hoạt động nghiên cứu khoa học của trường hướng tới cho nhân loại là gì?,hoạt động nghiên cứu khoa học của trường nhắm đến mục tiêu gì cho nhân loại?,104
Tầm nhìn của trường tập trung vào yếu tố nào nhằm đảm bảo sự phát triển bền vững?,tầm nhìn của trường nhấn mạnh yếu tố nào để phát triển lâu dài?,105
"Theo bạn, yếu tố nào trong tầm nhìn của trường là then chốt cho quá trình phát triển lâu dài?",tầm nhìn của trường nhấn mạnh yếu tố nào để phát triển lâu dài?,105
Mục tiêu phát triển dài hạn của trường được nhấn mạnh qua yếu tố gì trong tầm nhìn?,tầm nhìn của trường nhấn mạnh yếu tố nào để phát triển lâu dài?,105
"Để trường phát triển vững chắc về lâu dài, tầm nhìn của nhà trường ưu tiên yếu tố nào?",tầm nhìn của trường nhấn mạnh yếu tố nào để phát triển lâu dài?,105
Yếu tố nào được xem là trọng tâm trong tầm nhìn của trường nhằm thúc đẩy sự phát triển bền vững?,tầm nhìn của trường nhấn mạnh yếu tố nào để phát triển lâu dài?,105
Huân chương Độc lập nào mà trường đã trao có thành tích cao nhất?,thành tích cao nhất trong các huân chương độc lập trường đã nhận là gì?,106
"Trong số các Huân chương Độc lập đã nhận, thành tích nào là cao nhất?",thành tích cao nhất trong các huân chương độc lập trường đã nhận là gì?,106
Trường đã đạt được thành tích cao nhất ở hạng nào của Huân chương Độc lập?,thành tích cao nhất trong các huân chương độc lập trường đã nhận là gì?,106
Huân chương Độc lập với thành tích xuất sắc nhất mà trường từng nhận là gì?,thành tích cao nhất trong các huân chương độc lập trường đã nhận là gì?,106
Hãy nêu tên thành tích cao nhất trong các Huân chương Độc lập mà trường đã được trao.,thành tích cao nhất trong các huân chương độc lập trường đã nhận là gì?,106
Danh sách khen thưởng của trường có phần thưởng sớm nhất là gì?,thành tích sớm nhất trong danh sách khen thưởng của trường là gì?,107
Giải thưởng đầu tiên trong danh sách khen thưởng của trường là gì?,thành tích sớm nhất trong danh sách khen thưởng của trường là gì?,107
Phần thưởng nào trong danh sách của trường được trao sớm nhất?,thành tích sớm nhất trong danh sách khen thưởng của trường là gì?,107
Giải cao nhất theo thời gian trong danh sách khen thưởng của trường là gì?,thành tích sớm nhất trong danh sách khen thưởng của trường là gì?,107
"Trong danh sách khen thưởng của trường, giải nào có thời gian trao thưởng sớm nhất?",thành tích sớm nhất trong danh sách khen thưởng của trường là gì?,107
Hiện nay ai đang đảm nhiệm vai trò chủ tịch hội đồng trường của trường Đại học Bách khoa TP.HCM?,chủ tịch hội đồng trường hcmute hiện nay là ai?,108
Chủ tịch hội đồng trường thuộc trường Đại học Bách khoa TP.HCM hiện tại là ai?,chủ tịch hội đồng trường hcmute hiện nay là ai?,108
Bạn có thể cho tôi biết tên chủ tịch hội đồng trường của trường Đại học Bách khoa TP.HCM lúc này không?,chủ tịch hội đồng trường hcmute hiện nay là ai?,108
Hiện tại vị trí chủ tịch hội đồng trường ở trường Đại học Bách khoa TP.HCM được người nào giữ?,chủ tịch hội đồng trường hcmute hiện nay là ai?,108
Ai là chủ tịch hội đồng trường đang công tác tại trường Đại học Bách khoa TP.HCM vào thời điểm hiện nay?,chủ tịch hội đồng trường hcmute hiện nay là ai?,108
Ai hiện là bí thư Đảng ủy nhà trường?,ai hiện đang giữ chức vụ bí thư đảng ủy nhà trường?,109
Chức vụ bí thư Đảng ủy nhà trường đang do ai đảm nhiệm?,ai hiện đang giữ chức vụ bí thư đảng ủy nhà trường?,109
Hiện nay ai được giao nhiệm vụ làm bí thư Đảng ủy trường?,ai hiện đang giữ chức vụ bí thư đảng ủy nhà trường?,109
Người nào đang giữ chức bí thư Đảng ủy của nhà trường?,ai hiện đang giữ chức vụ bí thư đảng ủy nhà trường?,109
Ai đang nắm giữ chức danh bí thư Đảng ủy nhà trường?,ai hiện đang giữ chức vụ bí thư đảng ủy nhà trường?,109
Email liên lạc của tiến sĩ Trương Thị Hiền là gì?,email liên hệ của tiến sĩ trương thị hiền là gì?,110
Số điện thoại hay email để liên hệ với tiến sĩ Trương Thị Hiền là gì?,email liên hệ của tiến sĩ trương thị hiền là gì?,110
Bạn có thể cho mình địa chỉ email của tiến sĩ Trương Thị Hiền được không?,email liên hệ của tiến sĩ trương thị hiền là gì?,110
Mình cần biết email của tiến sĩ Trương Thị Hiền để gửi thư.,email liên hệ của tiến sĩ trương thị hiền là gì?,110
Tiến sĩ Trương Thị Hiền thường dùng email nào để nhận tin?,email liên hệ của tiến sĩ trương thị hiền là gì?,110
Hiệu trưởng Lê Hiếu Giang có học hàm và học vị chính xác là gì?,học hàm và học vị đầy đủ của hiệu trưởng lê hiếu giang là gì?,111
Bạn hãy cho biết học hàm và học vị đầy đủ của ông Lê Hiếu Giang.,học hàm và học vị đầy đủ của hiệu trưởng lê hiếu giang là gì?,111
Học hàm và học vị hiện tại của Hiệu trưởng Lê Hiếu Giang là những gì?,học hàm và học vị đầy đủ của hiệu trưởng lê hiếu giang là gì?,111
"Lê Hiếu Giang, trong vai trò hiệu trưởng, được phong học hàm và học vị nào?",học hàm và học vị đầy đủ của hiệu trưởng lê hiếu giang là gì?,111
Chức danh học hàm và học vị chính thức của Hiệu trưởng Lê Hiếu Giang ra sao?,học hàm và học vị đầy đủ của hiệu trưởng lê hiếu giang là gì?,111
Người nào đang giữ chức Phó Bí thư Đảng ủy nhà trường?,ai là người giữ chức vụ phó bí thư đảng ủy nhà trường?,112
Ai là Phó Bí thư Đảng ủy của trường chúng ta?,ai là người giữ chức vụ phó bí thư đảng ủy nhà trường?,112
Chức vụ Phó Bí thư Đảng ủy nhà trường hiện do ai đảm nhiệm?,ai là người giữ chức vụ phó bí thư đảng ủy nhà trường?,112
Anh/chị nào là Phó Bí thư Đảng ủy trường này?,ai là người giữ chức vụ phó bí thư đảng ủy nhà trường?,112
Vị trí Phó Bí thư Đảng ủy nhà trường thuộc về ai?,ai là người giữ chức vụ phó bí thư đảng ủy nhà trường?,112
Email chính thức của Hiệu trưởng Lê Hiếu Giang là địa chỉ nào?,email chính thức của hiệu trưởng lê hiếu giang là gì?,113
Làm ơn cho tôi biết email làm việc của ngài Hiệu trưởng Lê Hiếu Giang.,email chính thức của hiệu trưởng lê hiếu giang là gì?,113
Tôi cần xin email chính thức thuộc về Hiệu trưởng Lê Hiếu Giang.,email chính thức của hiệu trưởng lê hiếu giang là gì?,113
Vui lòng cung cấp cho tôi địa chỉ email công vụ của Hiệu trưởng Lê Hiếu Giang.,email chính thức của hiệu trưởng lê hiếu giang là gì?,113
Email liên lạc chính thức của Hiệu trưởng Lê Hiếu Giang hiện đang là gì?,email chính thức của hiệu trưởng lê hiếu giang là gì?,113
Trường hiện nay có những ai đang đảm nhiệm chức danh phó hiệu trưởng?,danh sách các phó hiệu trưởng hiện nay của trường gồm những ai?,114
Ai là những người đang giữ chức phó hiệu trưởng tại trường lúc này?,danh sách các phó hiệu trưởng hiện nay của trường gồm những ai?,114
Danh sách các phó hiệu trưởng hiện tại của trường được cập nhật như thế nào?,danh sách các phó hiệu trưởng hiện nay của trường gồm những ai?,114
Hiện tại đội ngũ phó hiệu trưởng của trường bao gồm những đồng chí nào?,danh sách các phó hiệu trưởng hiện nay của trường gồm những ai?,114
Bạn có thể cung cấp cho tôi thông tin về những người đang làm phó hiệu trưởng không?,danh sách các phó hiệu trưởng hiện nay của trường gồm những ai?,114
Chức vụ trong Đảng của Phó hiệu trưởng Quách Thanh Hải là gì?,chức vụ đảng của phó hiệu trưởng quách thanh hải là gì?,115
Phó hiệu trưởng Quách Thanh Hải đang giữ chức vụ Đảng nào?,chức vụ đảng của phó hiệu trưởng quách thanh hải là gì?,115
"Quách Thanh Hải, Phó hiệu trưởng, có chức vụ gì trong Đảng?",chức vụ đảng của phó hiệu trưởng quách thanh hải là gì?,115
Chức danh Đảng viên của ông Quách Thanh Hải là gì?,chức vụ đảng của phó hiệu trưởng quách thanh hải là gì?,115
"Trong Đảng, ông Quách Thanh Hải đảm nhận chức vụ nào với tư cách Phó hiệu trưởng?",chức vụ đảng của phó hiệu trưởng quách thanh hải là gì?,115
Số điện thoại hay email để liên hệ với Phó Hiệu trưởng Quách Thanh Hải là gì?,email liên hệ của phó hiệu trưởng quách thanh hải là gì?,116
Bạn có thể cho mình địa chỉ email của Phó Hiệu trưởng Quách Thanh Hải được không?,email liên hệ của phó hiệu trưởng quách thanh hải là gì?,116
Email liên hệ trực tiếp của Phó Hiệu trưởng Quách Thanh Hải nằm ở đâu?,email liên hệ của phó hiệu trưởng quách thanh hải là gì?,116
Làm thế nào để liên lạc với Phó Hiệu trưởng Quách Thanh Hải qua email?,email liên hệ của phó hiệu trưởng quách thanh hải là gì?,116
Địa chỉ thư điện tử của Phó Hiệu trưởng Quách Thanh Hải là gì vậy?,email liên hệ của phó hiệu trưởng quách thanh hải là gì?,116
"Chức danh và học hàm, học vị hiện tại của Phó hiệu trưởng Châu Đình Thành là gì?",học hàm và học vị của phó hiệu trưởng châu đình thành là gì?,117
Phó hiệu trưởng Châu Đình Thành đang giữ học hàm và học vị cụ thể nào?,học hàm và học vị của phó hiệu trưởng châu đình thành là gì?,117
Bạn có thể cho biết học hàm cũng như học vị của Phó hiệu trưởng Châu Đình Thành được không?,học hàm và học vị của phó hiệu trưởng châu đình thành là gì?,117
Hiện nay Phó hiệu trưởng Châu Đình Thành có học hàm và học vị gì?,học hàm và học vị của phó hiệu trưởng châu đình thành là gì?,117
"Tôi muốn biết thông tin về học hàm, học vị của Phó hiệu trưởng Châu Đình Thành.",học hàm và học vị của phó hiệu trưởng châu đình thành là gì?,117
Phó hiệu trưởng Châu Đình Thành giữ chức vụ gì trong Đảng?,chức vụ trong đảng của phó hiệu trưởng châu đình thành là gì?,118
"Trong Đảng, chức vụ cụ thể của anh Châu Đình Thành là gì?",chức vụ trong đảng của phó hiệu trưởng châu đình thành là gì?,118
Anh Châu Đình Thành đang đảm nhiệm cương vị nào trong tổ chức Đảng?,chức vụ trong đảng của phó hiệu trưởng châu đình thành là gì?,118
Chức danh đảng viên của Phó hiệu trưởng Châu Đình Thành là gì?,chức vụ trong đảng của phó hiệu trưởng châu đình thành là gì?,118
Bạn có thể cho tôi biết chức vụ Đảng của ông Châu Đình Thành không?,chức vụ trong đảng của phó hiệu trưởng châu đình thành là gì?,118
Số điện thoại liên lạc của Phó Hiệu trưởng Châu Đình Thành là bao nhiêu?,email liên hệ của phó hiệu trưởng châu đình thành là gì?,119
"Làm thế nào để liên hệ trực tiếp với ông Châu Đình Thành, Phó Hiệu trưởng?",email liên hệ của phó hiệu trưởng châu đình thành là gì?,119
Số máy của Phó Hiệu trưởng Châu Đình Thành là gì ạ?,email liên hệ của phó hiệu trưởng châu đình thành là gì?,119
Tôi có thể gọi đến số điện thoại nào để tìm ông Châu Đình Thành?,email liên hệ của phó hiệu trưởng châu đình thành là gì?,119
Thông tin liên hệ của Phó Hiệu trưởng Châu Đình Thành là gì?,email liên hệ của phó hiệu trưởng châu đình thành là gì?,119
"Trong ban lãnh đạo nhà trường, những ai đang giữ học hàm phó giáo sư?",những thành viên nào trong ban lãnh đạo trường có học hàm phó giáo sư?,120
Ai trong ban lãnh đạo trường có học hàm phó giáo sư?,những thành viên nào trong ban lãnh đạo trường có học hàm phó giáo sư?,120
Những thành viên nào của ban lãnh đạo trường được phong hàm phó giáo sư?,những thành viên nào trong ban lãnh đạo trường có học hàm phó giáo sư?,120
"Trong đội ngũ lãnh đạo trường, số người nào có học hàm phó giáo sư?",những thành viên nào trong ban lãnh đạo trường có học hàm phó giáo sư?,120
Bạn cho biết những vị nào trong ban lãnh đạo trường hiện nay là phó giáo sư?,những thành viên nào trong ban lãnh đạo trường có học hàm phó giáo sư?,120
Tiến sĩ Trương Thị Hiền đang đảm nhận những vị trí quan trọng nào tại trường?,tiến sĩ trương thị hiền đảm nhận những vai trò quan trọng nào tại trường?,121
Hiện nay Tiến sĩ Trương Thị Hiền giữ những chức vụ trọng yếu gì ở trường?,tiến sĩ trương thị hiền đảm nhận những vai trò quan trọng nào tại trường?,121
Những vai trò nào quan trọng mà Tiến sĩ Trương Thị Hiền đang thực hiện tại trường?,tiến sĩ trương thị hiền đảm nhận những vai trò quan trọng nào tại trường?,121
Tiến sĩ Trương Thị Hiền đảm nhiệm những công việc quan trọng nào trong ngôi trường này?,tiến sĩ trương thị hiền đảm nhận những vai trò quan trọng nào tại trường?,121
"Tại trường, Tiến sĩ Trương Thị Hiền đang phụ trách những mảng công việc nào quan trọng?",tiến sĩ trương thị hiền đảm nhận những vai trò quan trọng nào tại trường?,121
"Sinh viên cần làm gì để thực hiện chủ trương, đường lối của Đảng và chính sách, pháp luật của Nhà nước?","sinh viên có nhiệm vụ gì đối với chủ trương, đường lối của đảng và chính sách, pháp luật của nhà nước?",122
"Nhiệm vụ cụ thể của sinh viên trong việc quán triệt và thi hành chủ trương của Đảng, chính sách của Nhà nước là gì?","sinh viên có nhiệm vụ gì đối với chủ trương, đường lối của đảng và chính sách, pháp luật của nhà nước?",122
"Theo quy định, sinh viên phải đóng góp như thế nào đối với đường lối của Đảng và pháp luật của Nhà nước?","sinh viên có nhiệm vụ gì đối với chủ trương, đường lối của đảng và chính sách, pháp luật của nhà nước?",122
"Sinh viên cần hành động ra sao để phù hợp với chủ trương, đường lối của Đảng và chính sách, pháp luật của Nhà nước?","sinh viên có nhiệm vụ gì đối với chủ trương, đường lối của đảng và chính sách, pháp luật của nhà nước?",122
"Những trách nhiệm nào mà sinh viên cần gánh vác đối với chủ trương của Đảng và chính sách, pháp luật của Nhà nước?","sinh viên có nhiệm vụ gì đối với chủ trương, đường lối của đảng và chính sách, pháp luật của nhà nước?",122
Nhà trường quy định sinh viên phải tuân thủ những điều nào?,sinh viên phải chấp hành các quy định nào của nhà trường?,123
Sinh viên cần thực hiện đúng các quy định gì của trường?,sinh viên phải chấp hành các quy định nào của nhà trường?,123
Những quy định nào mà sinh viên bắt buộc phải chấp hành tại nhà trường?,sinh viên phải chấp hành các quy định nào của nhà trường?,123
Nhà trường yêu cầu sinh viên phải làm gì theo các quy định hiện hành?,sinh viên phải chấp hành các quy định nào của nhà trường?,123
Sinh viên có những nghĩa vụ tuân thủ quy định nào ở trường?,sinh viên phải chấp hành các quy định nào của nhà trường?,123
Sinh viên cần làm gì để thực hiện tốt nhiệm vụ học tập và rèn luyện?,nhiệm vụ của sinh viên trong việc học tập và rèn luyện là gì?,124
Nhiệm vụ cốt lõi của sinh viên trong quá trình học tập và tu dưỡng là những gì?,nhiệm vụ của sinh viên trong việc học tập và rèn luyện là gì?,124
"Khi nói đến học tập và rèn luyện, sinh viên phải đảm bảo những nhiệm vụ nào?",nhiệm vụ của sinh viên trong việc học tập và rèn luyện là gì?,124
Việc học tập và rèn luyện của sinh viên đòi hỏi phải hoàn thành nhiệm vụ gì?,nhiệm vụ của sinh viên trong việc học tập và rèn luyện là gì?,124
Sinh viên có những nhiệm vụ cụ thể nào trong công cuộc học tập và phấn đấu rèn luyện?,nhiệm vụ của sinh viên trong việc học tập và rèn luyện là gì?,124
Nhà trường quy định thái độ của sinh viên ra sao đối với công tác tự học và nghiên cứu khoa học?,thái độ của sinh viên đối với việc tự học và nghiên cứu khoa học được quy định như thế nào?,125
Quy định về thái độ của sinh viên trong việc tự học cũng như nghiên cứu khoa học được thể hiện như thế nào?,thái độ của sinh viên đối với việc tự học và nghiên cứu khoa học được quy định như thế nào?,125
Sinh viên cần có thái độ thế nào về tự học và nghiên cứu khoa học theo quy định hiện hành?,thái độ của sinh viên đối với việc tự học và nghiên cứu khoa học được quy định như thế nào?,125
Nội dung quy định liên quan đến thái độ của sinh viên đối với tự học và nghiên cứu khoa học được mô tả cụ thể thế nào?,thái độ của sinh viên đối với việc tự học và nghiên cứu khoa học được quy định như thế nào?,125
Việc tự học và nghiên cứu khoa học đòi hỏi sinh viên phải có thái độ ra sao theo quy định?,thái độ của sinh viên đối với việc tự học và nghiên cứu khoa học được quy định như thế nào?,125
Sinh viên cần rèn luyện đạo đức và lối sống như thế nào?,sinh viên có nhiệm vụ rèn luyện đạo đức và lối sống như thế nào?,126
Làm thế nào để sinh viên có thể tu dưỡng đạo đức và lối sống?,sinh viên có nhiệm vụ rèn luyện đạo đức và lối sống như thế nào?,126
"Nhiệm vụ rèn luyện đạo đức, lối sống của sinh viên là gì?",sinh viên có nhiệm vụ rèn luyện đạo đức và lối sống như thế nào?,126
Sinh viên phải thực hiện những gì để hoàn thành nhiệm vụ rèn luyện đạo đức và lối sống?,sinh viên có nhiệm vụ rèn luyện đạo đức và lối sống như thế nào?,126
Chúng ta nên hướng dẫn sinh viên rèn luyện đạo đức và lối sống ra sao?,sinh viên có nhiệm vụ rèn luyện đạo đức và lối sống như thế nào?,126
Sinh viên có thái độ ra sao đối với nhà giáo và cán bộ quản lý nhà trường?,thái độ của sinh viên đối với nhà giáo và cán bộ quản lý trong trường như thế nào?,127
Các em sinh viên nhìn nhận thế nào về thái độ của thầy cô và lãnh đạo trường?,thái độ của sinh viên đối với nhà giáo và cán bộ quản lý trong trường như thế nào?,127
Thái độ của sinh viên đối với đội ngũ giảng viên và ban giám hiệu như thế nào?,thái độ của sinh viên đối với nhà giáo và cán bộ quản lý trong trường như thế nào?,127
Sinh viên có cảm nhận gì về cách ứng xử của giáo viên và cán bộ quản lý?,thái độ của sinh viên đối với nhà giáo và cán bộ quản lý trong trường như thế nào?,127
Mức độ hài lòng của sinh viên đối với thái độ của nhà giáo và cán bộ quản lý ra sao?,thái độ của sinh viên đối với nhà giáo và cán bộ quản lý trong trường như thế nào?,127
Sinh viên cần đảm nhận những trách nhiệm nào đối với bạn bè trong quá trình học tập?,trách nhiệm của sinh viên đối với bạn bè trong quá trình học tập là gì?,128
"Trong bối cảnh học tập, trách nhiệm mà sinh viên phải thực hiện với bạn bè là gì?",trách nhiệm của sinh viên đối với bạn bè trong quá trình học tập là gì?,128
Bạn có thể chia sẻ về trách nhiệm của sinh viên đối với đồng trang lứa trong việc học không?,trách nhiệm của sinh viên đối với bạn bè trong quá trình học tập là gì?,128
Trách nhiệm của sinh viên đối với bạn bè khi cùng nhau học tập được hiểu như thế nào?,trách nhiệm của sinh viên đối với bạn bè trong quá trình học tập là gì?,128
"Khi tham gia học tập, sinh viên có những nghĩa vụ gì dành cho bạn bè của mình?",trách nhiệm của sinh viên đối với bạn bè trong quá trình học tập là gì?,128
Sinh viên cần sống theo những chuẩn mực văn hóa ra sao?,sinh viên cần thực hiện nếp sống văn hóa như thế nào?,129
Các bạn sinh viên nên duy trì nếp sống văn hóa như thế nào?,sinh viên cần thực hiện nếp sống văn hóa như thế nào?,129
Nếp sống văn hóa của sinh viên cần được thực hiện cụ thể thế nào?,sinh viên cần thực hiện nếp sống văn hóa như thế nào?,129
Sinh viên cần tuân thủ những quy tắc về văn hóa ra sao?,sinh viên cần thực hiện nếp sống văn hóa như thế nào?,129
"Để có nếp sống văn hóa, sinh viên cần làm gì?",sinh viên cần thực hiện nếp sống văn hóa như thế nào?,129
Sinh viên cần phải gánh chịu những trách nhiệm nào đối với tài sản của nhà trường?,trách nhiệm của sinh viên đối với tài sản của nhà trường là gì?,130
"Khi nói đến tài sản của nhà trường, sinh viên cần thực hiện những nghĩa vụ gì?",trách nhiệm của sinh viên đối với tài sản của nhà trường là gì?,130
Hãy nêu rõ trách nhiệm của sinh viên trong việc bảo vệ tài sản công của nhà trường.,trách nhiệm của sinh viên đối với tài sản của nhà trường là gì?,130
"Theo quy định hiện hành, sinh viên cần làm gì để đảm bảo không làm thất thoát tài sản nhà trường?",trách nhiệm của sinh viên đối với tài sản của nhà trường là gì?,130
Trách nhiệm cụ thể mà mỗi sinh viên phải thực hiện đối với tài sản của cơ sở giáo dục là gì?,trách nhiệm của sinh viên đối với tài sản của nhà trường là gì?,130
Sinh viên cần thực hiện những hành động cụ thể nào để phát huy tốt hơn truyền thống của nhà trường?,sinh viên cần làm gì để phát huy truyền thống của nhà trường?,131
"Để gìn giữ và phát huy truyền thống nhà trường, sinh viên nên làm gì?",sinh viên cần làm gì để phát huy truyền thống của nhà trường?,131
Những việc làm thiết thực nào sinh viên cần tiến hành nhằm phát huy truyền thống của trường mình?,sinh viên cần làm gì để phát huy truyền thống của nhà trường?,131
Sinh viên cần nỗ lực như thế nào để tiếp nối và phát huy truyền thống của nhà trường?,sinh viên cần làm gì để phát huy truyền thống của nhà trường?,131
Làm thế nào để sinh viên có thể phát huy hiệu quả truyền thống của nhà trường trong đời sống hàng ngày?,sinh viên cần làm gì để phát huy truyền thống của nhà trường?,131
Sinh viên cần tuân thủ quy định nào về khám sức khỏe đầu khóa?,quy định về việc khám sức khỏe đầu khóa đối với sinh viên là gì?,132
Nội dung quy định liên quan đến khám sức khỏe cho sinh viên mới nhập học là gì?,quy định về việc khám sức khỏe đầu khóa đối với sinh viên là gì?,132
Trường có quy định cụ thể gì về việc khám sức khỏe đầu khóa dành cho sinh viên không?,quy định về việc khám sức khỏe đầu khóa đối với sinh viên là gì?,132
Hãy nêu rõ quy định về khám sức khỏe đầu khóa mà sinh viên phải thực hiện.,quy định về việc khám sức khỏe đầu khóa đối với sinh viên là gì?,132
Sinh viên cần biết quy định nào khi tham gia đợt khám sức khỏe đầu khóa?,quy định về việc khám sức khỏe đầu khóa đối với sinh viên là gì?,132
Sinh viên có cần thực hiện khám sức khỏe định kỳ trong suốt quá trình học không?,sinh viên có phải khám sức khỏe định kỳ trong quá trình học tập không?,133
"Trong thời gian đi học, sinh viên có bắt buộc phải khám sức khỏe định kỳ hay không?",sinh viên có phải khám sức khỏe định kỳ trong quá trình học tập không?,133
Quy định về việc sinh viên phải đi khám sức khỏe định kỳ khi đang học là như thế nào?,sinh viên có phải khám sức khỏe định kỳ trong quá trình học tập không?,133
Sinh viên có phải tham gia khám sức khỏe định kỳ mỗi năm trong quá trình đào tạo không?,sinh viên có phải khám sức khỏe định kỳ trong quá trình học tập không?,133
Việc sinh viên khám sức khỏe định kỳ trong quá trình học có thực sự bắt buộc không?,sinh viên có phải khám sức khỏe định kỳ trong quá trình học tập không?,133
Sinh viên cần thực hiện những nghĩa vụ tài chính nào đối với nhà trường?,nghĩa vụ tài chính của sinh viên đối với nhà trường bao gồm những gì?,134
Những khoản đóng góp nào mà sinh viên phải thực hiện với trường đại học?,nghĩa vụ tài chính của sinh viên đối với nhà trường bao gồm những gì?,134
Nội dung nghĩa vụ tài chính của sinh viên đối với cơ sở giáo dục bao gồm những gì?,nghĩa vụ tài chính của sinh viên đối với nhà trường bao gồm những gì?,134
Nhà trường yêu cầu sinh viên đóng những khoản tiền nào theo quy định?,nghĩa vụ tài chính của sinh viên đối với nhà trường bao gồm những gì?,134
Sinh viên cần biết những nghĩa vụ chi phí cụ thể nào khi học tại trường?,nghĩa vụ tài chính của sinh viên đối với nhà trường bao gồm những gì?,134
Sinh viên có bắt buộc phải tham gia hoạt động lao động công ích hay không?,sinh viên có phải tham gia lao động công ích không?,135
Có cần thiết để sinh viên tham gia làm việc công ích không vậy?,sinh viên có phải tham gia lao động công ích không?,135
Quy định có yêu cầu sinh viên phải đi lao động công ích mỗi năm không?,sinh viên có phải tham gia lao động công ích không?,135
Sinh viên có bị bắt buộc tham gia chương trình lao động công ích không?,sinh viên có phải tham gia lao động công ích không?,135
Việc sinh viên tham gia lao động công ích là bắt buộc hay tự nguyện?,sinh viên có phải tham gia lao động công ích không?,135
Sinh viên có cần tham gia các hoạt động tình nguyện không?,sinh viên có phải tham gia các hoạt động tình nguyện không?,136
Sinh viên có phải bắt buộc phải làm tình nguyện hay không?,sinh viên có phải tham gia các hoạt động tình nguyện không?,136
Quy định có yêu cầu sinh viên tham gia hoạt động tình nguyện không?,sinh viên có phải tham gia các hoạt động tình nguyện không?,136
Sinh viên Việt Nam có phải đóng góp trong các công tác thiện nguyện không?,sinh viên có phải tham gia các hoạt động tình nguyện không?,136
Việc tham gia hoạt động tình nguyện có là nghĩa vụ của sinh viên không?,sinh viên có phải tham gia các hoạt động tình nguyện không?,136
Hoạt động xã hội của sinh viên cần tuân theo quy định trách nhiệm nào?,trách nhiệm tham gia hoạt động xã hội của sinh viên được quy định như thế nào?,137
Sinh viên phải thực hiện trách nhiệm tham gia hoạt động xã hội như thế nào theo quy định?,trách nhiệm tham gia hoạt động xã hội của sinh viên được quy định như thế nào?,137
"Theo quy định hiện hành, trách nhiệm tham gia các hoạt động xã hội của sinh viên được xác định ra sao?",trách nhiệm tham gia hoạt động xã hội của sinh viên được quy định như thế nào?,137
Quy định về trách nhiệm tham gia hoạt động xã hội dành cho sinh viên được diễn đạt cụ thể thế nào?,trách nhiệm tham gia hoạt động xã hội của sinh viên được quy định như thế nào?,137
Sinh viên cần làm gì để đáp ứng quy định về trách nhiệm tham gia hoạt động xã hội?,trách nhiệm tham gia hoạt động xã hội của sinh viên được quy định như thế nào?,137
Học sinh được nhà nước cấp học bổng thì phải thực hiện những nghĩa vụ nào?,nghĩa vụ của sinh viên khi được hưởng học bổng do nhà nước cấp là gì?,138
"Khi nhận học bổng từ nhà nước, sinh viên cần làm những gì để đáp ứng nghĩa vụ?",nghĩa vụ của sinh viên khi được hưởng học bổng do nhà nước cấp là gì?,138
Nghĩa vụ của sinh viên sau khi được trao học bổng của nhà nước là gì?,nghĩa vụ của sinh viên khi được hưởng học bổng do nhà nước cấp là gì?,138
Sinh viên được hưởng học bổng nhà nước thì phải tuân thủ các quy định gì?,nghĩa vụ của sinh viên khi được hưởng học bổng do nhà nước cấp là gì?,138
"Sau khi nhận học bổng do nhà nước tài trợ, sinh viên cần thực hiện những trách nhiệm gì?",nghĩa vụ của sinh viên khi được hưởng học bổng do nhà nước cấp là gì?,138
Sinh viên được nước ngoài tài trợ chi phí đào tạo theo hiệp định với nhà nước cần thực hiện những nghĩa vụ gì?,sinh viên được nước ngoài tài trợ chi phí đào tạo theo hiệp định với nhà nước có nghĩa vụ gì?,139
"Khi nhận học bổng từ nước ngoài theo thỏa thuận với chính phủ, sinh viên Việt Nam có những nghĩa vụ gì?",sinh viên được nước ngoài tài trợ chi phí đào tạo theo hiệp định với nhà nước có nghĩa vụ gì?,139
"Theo hiệp định hợp tác quốc gia, sinh viên được nước ngoài tài trợ đào tạo phải gánh chịu nghĩa vụ gì?",sinh viên được nước ngoài tài trợ chi phí đào tạo theo hiệp định với nhà nước có nghĩa vụ gì?,139
Những nghĩa vụ nào mà sinh viên Việt Nam phải tuân thủ khi được nước ngoài tài trợ đào tạo theo hiệp định với nhà nước?,sinh viên được nước ngoài tài trợ chi phí đào tạo theo hiệp định với nhà nước có nghĩa vụ gì?,139
Việc được nước ngoài tài trợ chi phí đào tạo theo hiệp định với nhà nước đặt ra những nghĩa vụ gì cho sinh viên?,sinh viên được nước ngoài tài trợ chi phí đào tạo theo hiệp định với nhà nước có nghĩa vụ gì?,139
Sinh viên nhận học bổng nhà nước sẽ ra sao nếu không tuân thủ lệnh điều động công tác?,điều gì xảy ra nếu sinh viên hưởng học bổng nhà nước không chấp hành sự điều động làm việc?,140
Trường hợp sinh viên được cấp học bổng nhà nước nhưng từ chối đi làm theo chỉ đạo thì hậu quả thế nào?,điều gì xảy ra nếu sinh viên hưởng học bổng nhà nước không chấp hành sự điều động làm việc?,140
"Nếu sinh viên hưởng học bổng của nhà nước không chấp hành việc được điều động, điều gì sẽ xảy ra?",điều gì xảy ra nếu sinh viên hưởng học bổng nhà nước không chấp hành sự điều động làm việc?,140
Hậu quả đối với sinh viên nhận học bổng nhà nước khi không đi làm theo sự phân công là gì?,điều gì xảy ra nếu sinh viên hưởng học bổng nhà nước không chấp hành sự điều động làm việc?,140
Sinh viên nào được hưởng học bổng nhà nước mà không nghe lời điều động sẽ gặp tình huống gì?,điều gì xảy ra nếu sinh viên hưởng học bổng nhà nước không chấp hành sự điều động làm việc?,140
Sinh viên cần làm gì để góp phần phòng chống gian lận trong học tập?,trách nhiệm của sinh viên trong việc phòng chống gian lận học tập là gì?,141
Trách nhiệm cụ thể của sinh viên trong vấn đề chống gian lận học đường là gì?,trách nhiệm của sinh viên trong việc phòng chống gian lận học tập là gì?,141
Sinh viên có những nhiệm vụ nào để ngăn chặn hành vi gian lận khi học?,trách nhiệm của sinh viên trong việc phòng chống gian lận học tập là gì?,141
Làm thế nào để sinh viên thực hiện trách nhiệm của mình trong công tác phòng chống gian lận?,trách nhiệm của sinh viên trong việc phòng chống gian lận học tập là gì?,141
Nội dung trách nhiệm của sinh viên đối với việc hạn chế gian lận trong học tập là gì?,trách nhiệm của sinh viên trong việc phòng chống gian lận học tập là gì?,141
"Khi sinh viên phát hiện hành vi gian lận trong thi cử, họ cần làm gì?",sinh viên cần làm gì khi phát hiện hành vi gian lận trong thi cử?,142
Sinh viên nên xử lý thế nào nếu bắt gặp bạn đồng môn gian lận thi cử?,sinh viên cần làm gì khi phát hiện hành vi gian lận trong thi cử?,142
Hành động đúng đắn của sinh viên khi phát hiện gian lận thi cử là gì?,sinh viên cần làm gì khi phát hiện hành vi gian lận trong thi cử?,142
"Nếu thấy ai đó gian lận trong kỳ thi, sinh viên cần thực hiện bước gì tiếp theo?",sinh viên cần làm gì khi phát hiện hành vi gian lận trong thi cử?,142
Quy trình sinh viên cần tuân thủ khi phát hiện trường hợp gian lận thi cử ra sao?,sinh viên cần làm gì khi phát hiện hành vi gian lận trong thi cử?,142
Sinh viên có phải báo cáo hành vi vi phạm pháp luật của cán bộ nhà trường hay không?,sinh viên có nhiệm vụ báo cáo hành vi vi phạm pháp luật của cán bộ trường không?,143
Có yêu cầu sinh viên phải trình bày về những hành vi vi phạm pháp luật mà cán bộ trường thực hiện không?,sinh viên có nhiệm vụ báo cáo hành vi vi phạm pháp luật của cán bộ trường không?,143
Nhiệm vụ của sinh viên là phải khai báo các vi phạm pháp luật của cán bộ trường đúng chưa?,sinh viên có nhiệm vụ báo cáo hành vi vi phạm pháp luật của cán bộ trường không?,143
Liệu sinh viên có cần phải thông báo cho cơ quan chức năng về hành vi phạm pháp của lãnh đạo trường không?,sinh viên có nhiệm vụ báo cáo hành vi vi phạm pháp luật của cán bộ trường không?,143
Quy định có bắt buộc sinh viên phải tố cáo hành vi vi phạm pháp luật của cán bộ trường không?,sinh viên có nhiệm vụ báo cáo hành vi vi phạm pháp luật của cán bộ trường không?,143
Sinh viên cần phải đảm nhận những trách nhiệm nào đối với an ninh trật tự trong nhà trường?,trách nhiệm của sinh viên đối với an ninh trật tự trong trường học là gì?,144
Làm thế nào để sinh viên thể hiện trách nhiệm của mình đối với việc giữ gìn an ninh trật tự tại trường?,trách nhiệm của sinh viên đối với an ninh trật tự trong trường học là gì?,144
Những nghĩa vụ cụ thể nào mà sinh viên phải thực hiện để bảo đảm an ninh trật tự trong khuôn viên trường?,trách nhiệm của sinh viên đối với an ninh trật tự trong trường học là gì?,144
"Trách nhiệm của sinh viên trong công tác giữ gìn an ninh, trật tự tại trường học được quy định như thế nào?",trách nhiệm của sinh viên đối với an ninh trật tự trong trường học là gì?,144
Sinh viên có những hành động gì để gánh vác trách nhiệm về an ninh trật tự ở trường?,trách nhiệm của sinh viên đối với an ninh trật tự trong trường học là gì?,144
Sinh viên cần thực hiện những trách nhiệm nào để đảm bảo an toàn giao thông?,sinh viên có trách nhiệm gì đối với an toàn giao thông?,145
"Theo quy định, sinh viên phải làm gì khi tham gia giao thông?",sinh viên có trách nhiệm gì đối với an toàn giao thông?,145
Những nghĩa vụ nào của sinh viên liên quan trực tiếp đến vấn đề an toàn đường bộ?,sinh viên có trách nhiệm gì đối với an toàn giao thông?,145
Sinh viên cần phải ý thức và tuân thủ những điều gì để giữ gìn trật tự giao thông?,sinh viên có trách nhiệm gì đối với an toàn giao thông?,145
Trách nhiệm cụ thể của sinh viên trong việc bảo đảm an toàn khi đi lại là gì?,sinh viên có trách nhiệm gì đối với an toàn giao thông?,145
Sinh viên có cần tham gia công tác phòng chống tệ nạn xã hội không?,sinh viên có phải tham gia phòng chống tệ nạn xã hội không?,146
Việc tham gia phòng chống tệ nạn xã hội có bắt buộc đối với sinh viên hay không?,sinh viên có phải tham gia phòng chống tệ nạn xã hội không?,146
Các sinh viên có phải đóng góp vào hoạt động phòng chống tệ nạn xã hội không?,sinh viên có phải tham gia phòng chống tệ nạn xã hội không?,146
Sinh viên có cần phải tham gia các chương trình phòng chống tệ nạn xã hội không?,sinh viên có phải tham gia phòng chống tệ nạn xã hội không?,146
Có bắt buộc sinh viên tham gia vào công tác chống tệ nạn xã hội không?,sinh viên có phải tham gia phòng chống tệ nạn xã hội không?,146
"Ngoài những quy định cụ thể, sinh viên còn cần thực hiện thêm những nhiệm vụ gì khác?","ngoài các quy định cụ thể, sinh viên còn phải thực hiện nhiệm vụ nào khác?",147
"Bên cạnh các quy định đã nêu, sinh viên phải đảm nhận thêm nhiệm vụ nào?","ngoài các quy định cụ thể, sinh viên còn phải thực hiện nhiệm vụ nào khác?",147
"Ngoài quy định cụ thể kia, sinh viên còn có nhiệm vụ gì nữa không?","ngoài các quy định cụ thể, sinh viên còn phải thực hiện nhiệm vụ nào khác?",147
Các sinh viên cần làm thêm những việc gì ngoài việc tuân thủ các quy định cụ thể?,"ngoài các quy định cụ thể, sinh viên còn phải thực hiện nhiệm vụ nào khác?",147
"Ngoài những quy định cụ thể đã đề cập, sinh viên còn phải thực hiện bổ sung nhiệm vụ nào?","ngoài các quy định cụ thể, sinh viên còn phải thực hiện nhiệm vụ nào khác?",147
Sinh viên cần những điều kiện gì để được nhập học đúng ngành đã đăng ký?,điều kiện để sinh viên được nhận vào học đúng ngành đã đăng ký là gì?,148
Điều kiện để được nhận vào học đúng ngành mình đã đăng ký là gì?,điều kiện để sinh viên được nhận vào học đúng ngành đã đăng ký là gì?,148
Muốn được vào học đúng ngành đã đăng ký thì sinh viên phải đáp ứng những yêu cầu nào?,điều kiện để sinh viên được nhận vào học đúng ngành đã đăng ký là gì?,148
Những tiêu chuẩn nào quyết định việc sinh viên có được nhận vào đúng ngành hay không?,điều kiện để sinh viên được nhận vào học đúng ngành đã đăng ký là gì?,148
Trường hợp sinh viên được nhận vào học đúng ngành đã đăng ký thì điều kiện cụ thể là gì?,điều kiện để sinh viên được nhận vào học đúng ngành đã đăng ký là gì?,148
Các quyền lợi liên quan đến sự tôn trọng và bình đẳng dành cho sinh viên được quy định cụ thể ra sao?,quyền lợi về sự tôn trọng và bình đẳng của sinh viên được quy định như thế nào?,149
Luật pháp quy định về quyền được tôn trọng và đối xử bình đẳng của sinh viên như thế nào?,quyền lợi về sự tôn trọng và bình đẳng của sinh viên được quy định như thế nào?,149
Những quy định nào bảo đảm quyền lợi về sự tôn trọng và bình đẳng cho sinh viên?,quyền lợi về sự tôn trọng và bình đẳng của sinh viên được quy định như thế nào?,149
Sinh viên được hưởng những quyền lợi gì về mặt tôn trọng và bình đẳng theo quy định hiện hành?,quyền lợi về sự tôn trọng và bình đẳng của sinh viên được quy định như thế nào?,149
Chế độ quy định về quyền được tôn trọng và bình đẳng của sinh viên được tổ chức ra sao?,quyền lợi về sự tôn trọng và bình đẳng của sinh viên được quy định như thế nào?,149
Sinh viên có được cung cấp thông tin cá nhân liên quan đến học tập hay không?,sinh viên có quyền được cung cấp thông tin cá nhân về học tập không?,150
Liệu sinh viên có quyền nhận được dữ liệu cá nhân về kết quả học tập của mình không?,sinh viên có quyền được cung cấp thông tin cá nhân về học tập không?,150
Thông tin cá nhân về quá trình học tập có được chia sẻ cho sinh viên hay không?,sinh viên có quyền được cung cấp thông tin cá nhân về học tập không?,150
Sinh viên có thể tiếp cận và biết rõ thông tin cá nhân của mình trong lĩnh vực học tập không?,sinh viên có quyền được cung cấp thông tin cá nhân về học tập không?,150
Quyền được cung cấp thông tin cá nhân về học tập của sinh viên có được đảm bảo không?,sinh viên có quyền được cung cấp thông tin cá nhân về học tập không?,150
Nhà trường có nghĩa vụ thông báo nội quy và quy chế cho sinh viên hay không?,"nhà trường có trách nhiệm phổ biến nội quy, quy chế cho sinh viên không?",151
"Việc phổ biến nội quy, quy chế đến sinh viên là trách nhiệm của nhà trường đúng không?","nhà trường có trách nhiệm phổ biến nội quy, quy chế cho sinh viên không?",151
Nhà trường đã và sẽ có trách nhiệm tuyên truyền các quy định nội quy cho sinh viên chưa?,"nhà trường có trách nhiệm phổ biến nội quy, quy chế cho sinh viên không?",151
"Trách nhiệm phổ biến nội quy, quy chế cho sinh viên thuộc về phía nhà trường không?","nhà trường có trách nhiệm phổ biến nội quy, quy chế cho sinh viên không?",151
"Nhà trường có phải là bên chịu trách nhiệm trong việc phổ biến nội quy, quy chế đến sinh viên không?","nhà trường có trách nhiệm phổ biến nội quy, quy chế cho sinh viên không?",151
Sinh viên có được quyền biết thông tin về các chế độ và chính sách của nhà nước hay không?,"sinh viên có quyền được biết về các chế độ, chính sách của nhà nước không?",152
"Nhà nước có cung cấp đầy đủ thông tin về các chế độ, chính sách cho sinh viên không?","sinh viên có quyền được biết về các chế độ, chính sách của nhà nước không?",152
Các chế độ và chính sách của nhà nước có được công khai để sinh viên được biết rõ không?,"sinh viên có quyền được biết về các chế độ, chính sách của nhà nước không?",152
Sinh viên có quyền tiếp cận và nắm bắt các chính sách cũng như chế độ từ phía nhà nước không?,"sinh viên có quyền được biết về các chế độ, chính sách của nhà nước không?",152
"Có hay không quyền lợi cho phép sinh viên được tìm hiểu về các chế độ, chính sách do nhà nước ban hành?","sinh viên có quyền được biết về các chế độ, chính sách của nhà nước không?",152
Sinh viên có được phép sử dụng hệ thống thư viện của trường hay không?,sinh viên có quyền sử dụng hệ thống thư viện của trường không?,153
Hệ thống thư viện của trường có mở cửa cho sinh viên sử dụng không?,sinh viên có quyền sử dụng hệ thống thư viện của trường không?,153
Sinh viên có quyền truy cập và dùng hệ thống thư viện trường mình không?,sinh viên có quyền sử dụng hệ thống thư viện của trường không?,153
Liệu sinh viên có thể vào dùng hệ thống thư viện của trường được không?,sinh viên có quyền sử dụng hệ thống thư viện của trường không?,153
Trường có cho phép sinh viên sử dụng hệ thống thư viện hay không?,sinh viên có quyền sử dụng hệ thống thư viện của trường không?,153
Sinh viên được dùng những trang thiết bị gì của trường?,sinh viên được sử dụng các trang thiết bị nào của trường?,154
Nhà trường cung cấp những thiết bị nào cho sinh viên sử dụng?,sinh viên được sử dụng các trang thiết bị nào của trường?,154
Sinh viên có thể tiếp cận các trang thiết bị nào tại trường?,sinh viên được sử dụng các trang thiết bị nào của trường?,154
Những trang thiết bị nào của trường mà sinh viên được phép dùng?,sinh viên được sử dụng các trang thiết bị nào của trường?,154
"Trường cho phép sinh viên sử dụng những công cụ, thiết bị gì?",sinh viên được sử dụng các trang thiết bị nào của trường?,154
Sinh viên có quyền tham gia nghiên cứu khoa học hay không?,quyền tham gia nghiên cứu khoa học của sinh viên là gì?,155
Nội dung về quyền tham gia nghiên cứu khoa học của sinh viên là gì?,quyền tham gia nghiên cứu khoa học của sinh viên là gì?,155
Quyền được tham gia vào hoạt động nghiên cứu khoa học của sinh viên được quy định ra sao?,quyền tham gia nghiên cứu khoa học của sinh viên là gì?,155
Định nghĩa về quyền tham gia nghiên cứu khoa học dành cho sinh viên là gì?,quyền tham gia nghiên cứu khoa học của sinh viên là gì?,155
Sinh viên được hiểu như thế nào về quyền tham gia nghiên cứu khoa học?,quyền tham gia nghiên cứu khoa học của sinh viên là gì?,155
Sinh viên có được tham gia thi Olympic môn học không?,sinh viên có được tham gia các kỳ thi olympic môn học không?,156
Có cho phép sinh viên tham gia các kỳ thi Olympic thuộc lĩnh vực học thuật hay không?,sinh viên có được tham gia các kỳ thi olympic môn học không?,156
Sinh viên có cơ hội được đăng ký dự thi Olympic chuyên môn không?,sinh viên có được tham gia các kỳ thi olympic môn học không?,156
Quy chế có cho phép sinh viên tham gia vào các cuộc thi Olympic học thuật không?,sinh viên có được tham gia các kỳ thi olympic môn học không?,156
Sinh viên có thể tham gia thi Olympic các môn hay không?,sinh viên có được tham gia các kỳ thi olympic môn học không?,156
Quyền lợi về chăm sóc sức khỏe của sinh viên được quy định như thế nào?,quyền lợi về chăm sóc sức khỏe của sinh viên được quy định thế nào?,157
Các quy định liên quan đến quyền lợi chăm sóc sức khỏe dành cho sinh viên là gì?,quyền lợi về chăm sóc sức khỏe của sinh viên được quy định thế nào?,157
Sinh viên được hưởng những quyền lợi nào về mặt chăm sóc sức khỏe theo quy định?,quyền lợi về chăm sóc sức khỏe của sinh viên được quy định thế nào?,157
Pháp luật quy định cụ thể thế nào về quyền lợi chăm sóc sức khỏe của sinh viên?,quyền lợi về chăm sóc sức khỏe của sinh viên được quy định thế nào?,157
Quyền lợi về y tế của sinh viên được sắp xếp và quy định ra sao?,quyền lợi về chăm sóc sức khỏe của sinh viên được quy định thế nào?,157
Sinh viên được phép tham gia dự tuyển du học ở nước ngoài không?,sinh viên có quyền dự tuyển đi học ở nước ngoài không?,158
Có quy định nào cấm sinh viên nộp hồ sơ dự tuyển đi học nước ngoài không?,sinh viên có quyền dự tuyển đi học ở nước ngoài không?,158
Liệu sinh viên có thể đăng ký dự tuyển chương trình học tại nước ngoài hay không?,sinh viên có quyền dự tuyển đi học ở nước ngoài không?,158
Nhà trường có cho phép sinh viên dự tuyển du học ra nước ngoài không?,sinh viên có quyền dự tuyển đi học ở nước ngoài không?,158
Sinh viên có quyền nộp đơn xin dự tuyển vào các trường đại học nước ngoài không?,sinh viên có quyền dự tuyển đi học ở nước ngoài không?,158
Sinh viên có được phép chuyển tiếp lên các bậc học cao hơn không?,sinh viên có được quyền học chuyển tiếp lên các trình độ cao hơn không?,159
Học sinh có thể đăng ký chuyển cấp sang trình độ cao hơn được không?,sinh viên có được quyền học chuyển tiếp lên các trình độ cao hơn không?,159
Làm sao để sinh viên được chuyển lên các trình độ đào tạo cao hơn?,sinh viên có được quyền học chuyển tiếp lên các trình độ cao hơn không?,159
Có quy định cho phép sinh viên học chuyển tiếp lên bậc cao hơn không?,sinh viên có được quyền học chuyển tiếp lên các trình độ cao hơn không?,159
Sinh viên có quyền được xét chuyển tiếp lên các trình độ cao hơn hay không?,sinh viên có được quyền học chuyển tiếp lên các trình độ cao hơn không?,159
Sinh viên có được phép gia nhập Đảng Cộng sản Việt Nam hay không?,sinh viên có quyền tham gia vào tổ chức đảng cộng sản việt nam không?,160
Liệu sinh viên có đủ điều kiện trở thành đảng viên Đảng Cộng sản Việt Nam không?,sinh viên có quyền tham gia vào tổ chức đảng cộng sản việt nam không?,160
Sinh viên Việt Nam có quyền tham gia tổ chức Đảng Cộng sản Việt Nam được không?,sinh viên có quyền tham gia vào tổ chức đảng cộng sản việt nam không?,160
Có quy định cấm sinh viên tham gia vào Đảng Cộng sản Việt Nam không?,sinh viên có quyền tham gia vào tổ chức đảng cộng sản việt nam không?,160
Sinh viên có thể nộp đơn xin vào Đảng Cộng sản Việt Nam không?,sinh viên có quyền tham gia vào tổ chức đảng cộng sản việt nam không?,160
Quyền tham gia Đoàn TNCS Hồ Chí Minh của sinh viên là như thế nào?,quyền tham gia đoàn tncs hồ chí minh của sinh viên là gì?,161
Sinh viên được hưởng những quyền gì khi tham gia Đoàn TNCS Hồ Chí Minh?,quyền tham gia đoàn tncs hồ chí minh của sinh viên là gì?,161
Nội dung quyền tham gia của sinh viên trong Đoàn TNCS Hồ Chí Minh là gì?,quyền tham gia đoàn tncs hồ chí minh của sinh viên là gì?,161
Làm thế nào để xác định quyền tham gia của sinh viên trong tổ chức Đoàn TNCS Hồ Chí Minh?,quyền tham gia đoàn tncs hồ chí minh của sinh viên là gì?,161
Quyền lợi mà sinh viên có khi trở thành thành viên Đoàn TNCS Hồ Chí Minh là gì?,quyền tham gia đoàn tncs hồ chí minh của sinh viên là gì?,161
Sinh viên có được phép tham gia vào hội sinh viên Việt Nam không?,sinh viên có được tham gia hội sinh viên việt nam không?,162
Có hay không sinh viên được tham gia hoạt động trong hội sinh viên Việt Nam?,sinh viên có được tham gia hội sinh viên việt nam không?,162
Hội sinh viên Việt Nam có chấp nhận sinh viên làm thành viên hay không?,sinh viên có được tham gia hội sinh viên việt nam không?,162
Sinh viên có quyền tham gia cộng đồng hội sinh viên Việt Nam được không?,sinh viên có được tham gia hội sinh viên việt nam không?,162
Liệu sinh viên có thể gia nhập hội sinh viên Việt Nam không?,sinh viên có được tham gia hội sinh viên việt nam không?,162
Sinh viên được phép tham gia vào các tổ chức tự quản của trường không?,sinh viên có quyền tham gia các tổ chức tự quản không?,163
"Có hay không, sinh viên có quyền gia nhập các hội sinh viên tự quản?",sinh viên có quyền tham gia các tổ chức tự quản không?,163
Liệu sinh viên có thể tham gia hoạt động trong các tổ chức tự quản hay không?,sinh viên có quyền tham gia các tổ chức tự quản không?,163
Sinh viên có quyền trở thành thành viên của các tổ chức tự quản không?,sinh viên có quyền tham gia các tổ chức tự quản không?,163
Việc sinh viên tham gia các tổ chức tự quản có được coi là một quyền lợi chính đáng không?,sinh viên có quyền tham gia các tổ chức tự quản không?,163
Sinh viên được tham gia các hoạt động xã hội bên ngoài nhà trường ra sao?,quyền tham gia các hoạt động xã hội ngoài trường của sinh viên như thế nào?,164
Mức độ tham gia của sinh viên vào các hoạt động cộng đồng ngoài trường là như thế nào?,quyền tham gia các hoạt động xã hội ngoài trường của sinh viên như thế nào?,164
Các hoạt động xã hội ngoài trường dành cho sinh viên được tổ chức thế nào?,quyền tham gia các hoạt động xã hội ngoài trường của sinh viên như thế nào?,164
Sinh viên có quyền tham gia những hoạt động xã hội nào ngoài khuôn viên trường?,quyền tham gia các hoạt động xã hội ngoài trường của sinh viên như thế nào?,164
Quy trình sinh viên tham gia các hoạt động xã hội bên ngoài nhà trường được quy định ra sao?,quyền tham gia các hoạt động xã hội ngoài trường của sinh viên như thế nào?,164
"Sinh viên có thể tham gia vào các hoạt động văn hóa, văn nghệ tại trường không?","sinh viên có được tham gia các hoạt động văn hóa, văn nghệ trong trường không?",165
Nhà trường có tổ chức cho sinh viên được tham gia các buổi biểu diễn văn nghệ hay không?,"sinh viên có được tham gia các hoạt động văn hóa, văn nghệ trong trường không?",165
"Bên cạnh học tập, sinh viên có cơ hội tham gia các hoạt động văn hóa nghệ thuật trong trường không?","sinh viên có được tham gia các hoạt động văn hóa, văn nghệ trong trường không?",165
"Các sinh viên có được phép tham gia các sự kiện văn hóa, văn nghệ của trường hay không?","sinh viên có được tham gia các hoạt động văn hóa, văn nghệ trong trường không?",165
Trường có hỗ trợ sinh viên tham gia vào các hoạt động về văn hóa và nghệ thuật không?,"sinh viên có được tham gia các hoạt động văn hóa, văn nghệ trong trường không?",165
Sinh viên được phép tham gia các hoạt động thể thao hay không?,sinh viên có quyền tham gia các hoạt động thể thao không?,166
Có hay không sinh viên có quyền tham gia vào các hoạt động thể thao?,sinh viên có quyền tham gia các hoạt động thể thao không?,166
Liệu sinh viên có thể tham gia các hoạt động thể thao được không?,sinh viên có quyền tham gia các hoạt động thể thao không?,166
Quy định có cho phép sinh viên tham gia hoạt động thể thao không?,sinh viên có quyền tham gia các hoạt động thể thao không?,166
Sinh viên có quyền tham gia chơi thể thao hay không?,sinh viên có quyền tham gia các hoạt động thể thao không?,166
Những dịch vụ công tác xã hội nào mà sinh viên được phép sử dụng?,các dịch vụ công tác xã hội nào sinh viên được phép sử dụng?,167
Sinh viên có thể dùng những dịch vụ nào trong lĩnh vực công tác xã hội?,các dịch vụ công tác xã hội nào sinh viên được phép sử dụng?,167
Danh mục các dịch vụ công tác xã hội dành cho sinh viên là gì?,các dịch vụ công tác xã hội nào sinh viên được phép sử dụng?,167
Sinh viên được tiếp cận với những dịch vụ công tác xã hội nào?,các dịch vụ công tác xã hội nào sinh viên được phép sử dụng?,167
Các dịch vụ công tác xã hội nào thuộc quyền sử dụng của sinh viên?,các dịch vụ công tác xã hội nào sinh viên được phép sử dụng?,167
Những sinh viên có hoàn cảnh đặc biệt sẽ được hỗ trợ bằng dịch vụ nào?,sinh viên có hoàn cảnh đặc biệt được hỗ trợ thông qua dịch vụ nào?,168
Sinh viên thuộc diện hoàn cảnh đặc biệt có thể nhận được sự hỗ trợ qua dịch vụ gì?,sinh viên có hoàn cảnh đặc biệt được hỗ trợ thông qua dịch vụ nào?,168
Hoàn cảnh đặc biệt của sinh viên được giải quyết hỗ trợ thông qua dịch vụ nào?,sinh viên có hoàn cảnh đặc biệt được hỗ trợ thông qua dịch vụ nào?,168
"Đối với sinh viên có hoàn cảnh đặc biệt, nhà trường hỗ trợ qua dịch vụ nào?",sinh viên có hoàn cảnh đặc biệt được hỗ trợ thông qua dịch vụ nào?,168
Dịch vụ nào sẽ cung cấp sự hỗ trợ cho sinh viên có hoàn cảnh đặc biệt?,sinh viên có hoàn cảnh đặc biệt được hỗ trợ thông qua dịch vụ nào?,168
Sinh viên được phép nghỉ học tạm thời hay không?,sinh viên có quyền nghỉ học tạm thời không?,169
Có quyền được tạm dừng việc học tập hay không đối với sinh viên?,sinh viên có quyền nghỉ học tạm thời không?,169
Liệu sinh viên có thể xin nghỉ học trong một khoảng thời gian nhất định được không?,sinh viên có quyền nghỉ học tạm thời không?,169
Quy định có cho phép sinh viên tạm rời bỏ lớp học hay không?,sinh viên có quyền nghỉ học tạm thời không?,169
Sinh viên có thể được phép ngừng học một thời gian ngắn hay không?,sinh viên có quyền nghỉ học tạm thời không?,169
Quy định nào liên quan đến việc sinh viên được phép tạm dừng học?,quy định về việc tạm ngừng học của sinh viên là gì?,170
Sinh viên cần biết những quy định gì khi muốn tạm ngừng việc học?,quy định về việc tạm ngừng học của sinh viên là gì?,170
Nội dung quy định về việc tạm ngừng học đối với sinh viên là như thế nào?,quy định về việc tạm ngừng học của sinh viên là gì?,170
Trường có quy định cụ thể nào về việc sinh viên tạm ngừng học không?,quy định về việc tạm ngừng học của sinh viên là gì?,170
Sinh viên phải làm gì và tuân theo quy định gì để được tạm dừng học?,quy định về việc tạm ngừng học của sinh viên là gì?,170
Sinh viên được tự chọn tốc độ học nhanh hay chậm không?,sinh viên có được học theo tiến độ nhanh hoặc chậm không?,171
Có cho phép sinh viên học nhanh hoặc chậm tùy theo khả năng của mình không?,sinh viên có được học theo tiến độ nhanh hoặc chậm không?,171
Sinh viên có thể điều chỉnh tiến độ học tập nhanh hay chậm được không?,sinh viên có được học theo tiến độ nhanh hoặc chậm không?,171
Chương trình cho phép sinh viên học nhanh hoặc chậm tùy ý không?,sinh viên có được học theo tiến độ nhanh hoặc chậm không?,171
Có linh hoạt trong việc sinh viên học nhanh hay chậm không?,sinh viên có được học theo tiến độ nhanh hoặc chậm không?,171
Sinh viên có thể học đồng thời hai chương trình không?,sinh viên có được học cùng lúc hai chương trình không?,172
Có được phép đăng ký hai chương trình cùng lúc hay không?,sinh viên có được học cùng lúc hai chương trình không?,172
Liệu sinh viên có thể tham gia cả hai chương trình trong cùng một thời điểm không?,sinh viên có được học cùng lúc hai chương trình không?,172
Trường có cho phép sinh viên theo học song song hai chương trình không?,sinh viên có được học cùng lúc hai chương trình không?,172
Việc học cùng lúc hai chương trình có được chấp nhận với sinh viên không?,sinh viên có được học cùng lúc hai chương trình không?,172
Liệu sinh viên có được phép chuyển sang trường khác hay không?,sinh viên có quyền chuyển trường không?,173
Sinh viên có quyền được chuyển trường hay không?,sinh viên có quyền chuyển trường không?,173
Tôi muốn hỏi xem sinh viên có thể chuyển trường được không nhé.,sinh viên có quyền chuyển trường không?,173
Quy định có cho phép sinh viên chuyển từ trường này sang trường khác không?,sinh viên có quyền chuyển trường không?,173
Bạn cho biết sinh viên có quyền chuyển trường hay không?,sinh viên có quyền chuyển trường không?,173
Sinh viên được nghỉ lễ và Tết như thế nào?,"quyền lợi về nghỉ lễ, tết của sinh viên như thế nào?",174
"Chế độ nghỉ lễ, Tết dành cho sinh viên ra sao?","quyền lợi về nghỉ lễ, tết của sinh viên như thế nào?",174
Quy định về quyền nghỉ lễ và Tết của sinh viên hiện hành là gì?,"quyền lợi về nghỉ lễ, tết của sinh viên như thế nào?",174
Sinh viên có quyền được nghỉ lễ và Tết theo quy định nào?,"quyền lợi về nghỉ lễ, tết của sinh viên như thế nào?",174
"Quyền lợi nghỉ lễ, Tết của sinh viên được quy định cụ thể thế nào?","quyền lợi về nghỉ lễ, tết của sinh viên như thế nào?",174
Sinh viên có được cấp học bổng khuyến khích học tập hay không?,sinh viên có được nhận học bổng khuyến khích học tập không?,175
Có chính sách phát hành học bổng khuyến khích cho sinh viên không?,sinh viên có được nhận học bổng khuyến khích học tập không?,175
Học bổng khuyến khích học tập có dành cho sinh viên hay không?,sinh viên có được nhận học bổng khuyến khích học tập không?,175
Liệu sinh viên có đủ điều kiện nhận học bổng khuyến khích không?,sinh viên có được nhận học bổng khuyến khích học tập không?,175
Trường có trao học bổng khuyến khích học tập cho sinh viên chưa?,sinh viên có được nhận học bổng khuyến khích học tập không?,175
Sinh viên được hưởng những quyền lợi nào về học bổng từ các tổ chức quốc tế?,quyền lợi của sinh viên đối với học bổng từ các tổ chức ngoài nước là gì?,176
Các tổ chức nước ngoài cấp học bổng cho sinh viên Việt Nam với những điều gì?,quyền lợi của sinh viên đối với học bổng từ các tổ chức ngoài nước là gì?,176
Nội dung về quyền lợi của sinh viên khi nhận học bổng từ bên nước ngoài là như thế nào?,quyền lợi của sinh viên đối với học bổng từ các tổ chức ngoài nước là gì?,176
Những quyền lợi cụ thể mà sinh viên có được từ học bổng của tổ chức nước ngoài gồm những gì?,quyền lợi của sinh viên đối với học bổng từ các tổ chức ngoài nước là gì?,176
Học bổng từ các tổ chức nước ngoài dành cho sinh viên mang lại những quyền lợi ra sao?,quyền lợi của sinh viên đối với học bổng từ các tổ chức ngoài nước là gì?,176
Sinh viên được nhận những chính sách ưu đãi gì khi đi xe buýt hay tàu điện?,sinh viên được hưởng ưu đãi gì khi sử dụng phương tiện giao thông công cộng?,177
"Khi sử dụng phương tiện công cộng, sinh viên có được giảm giá hay miễn phí không?",sinh viên được hưởng ưu đãi gì khi sử dụng phương tiện giao thông công cộng?,177
Ưu đãi dành cho sinh viên trong việc sử dụng giao thông công cộng là gì?,sinh viên được hưởng ưu đãi gì khi sử dụng phương tiện giao thông công cộng?,177
Các loại hình giao thông công cộng hiện đang hỗ trợ sinh viên như thế nào?,sinh viên được hưởng ưu đãi gì khi sử dụng phương tiện giao thông công cộng?,177
Sinh viên cần biết những gì về chính sách ưu đãi khi đi xe buýt/tàu điện?,sinh viên được hưởng ưu đãi gì khi sử dụng phương tiện giao thông công cộng?,177
Sinh viên có được giảm giá khi tham quan bảo tàng hay di tích lịch sử không?,"sinh viên có được giảm giá vé tham quan bảo tàng, di tích lịch sử không?",178
Giá vé vào các bảo tàng và di tích có chính sách ưu đãi cho sinh viên không?,"sinh viên có được giảm giá vé tham quan bảo tàng, di tích lịch sử không?",178
Mình có thể mua vé giá sinh viên để vào bảo tàng hay di tích lịch sử được không?,"sinh viên có được giảm giá vé tham quan bảo tàng, di tích lịch sử không?",178
"Việc sinh viên có được giảm giá vé tại các nơi như bảo tàng, di tích hay không?","sinh viên có được giảm giá vé tham quan bảo tàng, di tích lịch sử không?",178
Có chính sách giảm giá vé dành riêng cho sinh viên khi tham quan bảo tàng và di tích lịch sử không?,"sinh viên có được giảm giá vé tham quan bảo tàng, di tích lịch sử không?",178
Sinh viên được hưởng những quyền lợi gì khi tham quan các điểm giải trí?,quyền lợi của sinh viên trong việc tham quan các điểm giải trí là gì?,179
Quyền lợi dành cho sinh viên khi đi tham quan các địa điểm vui chơi là như thế nào?,quyền lợi của sinh viên trong việc tham quan các điểm giải trí là gì?,179
"Khi tham quan các điểm giải trí, sinh viên nhận được những đặc quyền gì?",quyền lợi của sinh viên trong việc tham quan các điểm giải trí là gì?,179
Các quyền lợi cụ thể của sinh viên trong hoạt động tham quan điểm vui chơi là gì?,quyền lợi của sinh viên trong việc tham quan các điểm giải trí là gì?,179
Sinh viên có những lợi ích gì khi được phép tham quan các khu giải trí?,quyền lợi của sinh viên trong việc tham quan các điểm giải trí là gì?,179
Sinh viên có được phép đưa ra ý kiến về các hoạt động giáo dục của trường không?,sinh viên có quyền góp ý cho hoạt động giáo dục của trường không?,180
Nhà trường có lắng nghe và tiếp thu ý kiến đóng góp từ phía sinh viên trong công tác giáo dục hay không?,sinh viên có quyền góp ý cho hoạt động giáo dục của trường không?,180
Quyền được góp ý cho các hoạt động giáo dục của trường có thuộc về sinh viên không?,sinh viên có quyền góp ý cho hoạt động giáo dục của trường không?,180
Liệu sinh viên có thể tham gia đóng góp ý kiến cho các hoạt động đào tạo tại trường được không?,sinh viên có quyền góp ý cho hoạt động giáo dục của trường không?,180
"Trong hoạt động giáo dục, sinh viên có quyền trình bày quan điểm của mình với nhà trường hay không?",sinh viên có quyền góp ý cho hoạt động giáo dục của trường không?,180
Quyền giám sát các điều kiện đảm bảo chất lượng giáo dục dành cho sinh viên là quyền gì?,quyền giám sát các điều kiện đảm bảo chất lượng giáo dục của sinh viên là gì?,181
Làm thế nào để xác định quyền giám sát các điều kiện đảm bảo chất lượng giáo dục của sinh viên?,quyền giám sát các điều kiện đảm bảo chất lượng giáo dục của sinh viên là gì?,181
Nội dung quyền giám sát các điều kiện đảm bảo chất lượng giáo dục đối với sinh viên được quy định như thế nào?,quyền giám sát các điều kiện đảm bảo chất lượng giáo dục của sinh viên là gì?,181
Quyền giám sát các điều kiện đảm bảo chất lượng giáo dục của sinh viên mang lại nghĩa vụ gì?,quyền giám sát các điều kiện đảm bảo chất lượng giáo dục của sinh viên là gì?,181
Ai có quyền giám sát các điều kiện đảm bảo chất lượng giáo dục đối với sinh viên và đó là quyền gì?,quyền giám sát các điều kiện đảm bảo chất lượng giáo dục của sinh viên là gì?,181
Sinh viên có thể đề xuất những giải pháp nào để phát triển nhà trường?,sinh viên có thể kiến nghị giải pháp phát triển nhà trường thông qua hình thức nào?,182
Hình thức nào cho phép sinh viên kiến nghị các biện pháp cải thiện môi trường giáo dục?,sinh viên có thể kiến nghị giải pháp phát triển nhà trường thông qua hình thức nào?,182
Sinh viên có thể gửi ý kiến đóng góp về việc phát triển trường qua kênh nào?,sinh viên có thể kiến nghị giải pháp phát triển nhà trường thông qua hình thức nào?,182
Bằng phương thức nào sinh viên có thể đưa ra các kiến nghị nhằm nâng cao chất lượng đào tạo?,sinh viên có thể kiến nghị giải pháp phát triển nhà trường thông qua hình thức nào?,182
Sinh viên nên lựa chọn hình thức gì để kiến nghị những giải pháp phát triển cho trường?,sinh viên có thể kiến nghị giải pháp phát triển nhà trường thông qua hình thức nào?,182
Sinh viên có thể khiếu nại đến cơ quan nào khi gặp vấn đề liên quan đến quyền lợi chính đáng của mình?,sinh viên có quyền khiếu nại lên ai về các vấn đề liên quan đến lợi ích chính đáng?,183
"Đối với những vấn đề bất lợi hợp lý, sinh viên nên hướng tới ai để trình bày đơn khiếu nại?",sinh viên có quyền khiếu nại lên ai về các vấn đề liên quan đến lợi ích chính đáng?,183
Ai là người sinh viên có thể gửi đơn tố giác hoặc khiếu nại về các vấn đề ảnh hưởng đến lợi ích chính đáng?,sinh viên có quyền khiếu nại lên ai về các vấn đề liên quan đến lợi ích chính đáng?,183
"Khi có vấn đề về quyền lợi chính đáng, sinh viên được phép gửi đơn khiếu nại cho bộ phận nào?",sinh viên có quyền khiếu nại lên ai về các vấn đề liên quan đến lợi ích chính đáng?,183
Sinh viên cần liên hệ với ai để giải quyết các vấn đề liên quan đến lợi ích chính đáng thông qua cơ chế khiếu nại?,sinh viên có quyền khiếu nại lên ai về các vấn đề liên quan đến lợi ích chính đáng?,183
Nhà trường có cho phép sinh viên nêu lên nguyện vọng cá nhân của mình không?,sinh viên có quyền đề đạt nguyện vọng cá nhân với nhà trường không?,184
Liệu sinh viên có được phép đề xuất những mong muốn riêng tư với nhà trường hay không?,sinh viên có quyền đề đạt nguyện vọng cá nhân với nhà trường không?,184
Sinh viên có thể bày tỏ ý kiến cá nhân với nhà trường được phép không?,sinh viên có quyền đề đạt nguyện vọng cá nhân với nhà trường không?,184
Nhà trường có chấp nhận lắng nghe nguyện vọng riêng của sinh viên không?,sinh viên có quyền đề đạt nguyện vọng cá nhân với nhà trường không?,184
Có quy định nào cấm sinh viên đưa ra mong muốn cá nhân với nhà trường không?,sinh viên có quyền đề đạt nguyện vọng cá nhân với nhà trường không?,184
Sinh viên được hưởng những quyền lợi nào khi ở ký túc xá?,quyền lợi của sinh viên đối với việc ở ký túc xá là gì?,185
Ký túc xá dành cho sinh viên có những quyền lợi gì?,quyền lợi của sinh viên đối với việc ở ký túc xá là gì?,185
Làm thế nào để biết quyền lợi của sinh viên trong việc ở ký túc xá?,quyền lợi của sinh viên đối với việc ở ký túc xá là gì?,185
Những lợi ích mà sinh viên nhận được khi sinh sống tại ký túc xá là gì?,quyền lợi của sinh viên đối với việc ở ký túc xá là gì?,185
"Khi ở ký túc xá, sinh viên được quy định những quyền lợi cụ thể nào?",quyền lợi của sinh viên đối với việc ở ký túc xá là gì?,185
"Sau khi tốt nghiệp, sinh viên sẽ nhận được những loại giấy tờ nào?",sinh viên sau khi tốt nghiệp được cấp những giấy tờ gì?,186
Sinh viên được cấp những chứng từ gì khi hoàn thành chương trình học?,sinh viên sau khi tốt nghiệp được cấp những giấy tờ gì?,186
Những giấy tờ nào sẽ được trao cho sinh viên ngay sau khi tốt nghiệp?,sinh viên sau khi tốt nghiệp được cấp những giấy tờ gì?,186
"Khi tốt nghiệp xong, sinh viên cần làm thủ tục để nhận những chứng từ gì?",sinh viên sau khi tốt nghiệp được cấp những giấy tờ gì?,186
Việc tốt nghiệp sẽ mang lại cho sinh viên những giấy tờ chứng nhận cụ thể nào?,sinh viên sau khi tốt nghiệp được cấp những giấy tờ gì?,186
Nhà trường hỗ trợ sinh viên tốt nghiệp làm những thủ tục hành chính gì?,nhà trường giải quyết các thủ tục hành chính nào cho sinh viên tốt nghiệp?,187
Sinh viên khi ra trường sẽ được nhà trường lo liệu các thủ tục hành chính nào?,nhà trường giải quyết các thủ tục hành chính nào cho sinh viên tốt nghiệp?,187
Những giấy tờ hay thủ tục hành chính nào mà nhà trường giúp sinh viên tốt nghiệp hoàn tất?,nhà trường giải quyết các thủ tục hành chính nào cho sinh viên tốt nghiệp?,187
"Đối với sinh viên đã tốt nghiệp, nhà trường giải quyết vấn đề gì liên quan đến thủ tục hành chính?",nhà trường giải quyết các thủ tục hành chính nào cho sinh viên tốt nghiệp?,187
Nhà trường có hỗ trợ sinh viên tốt nghiệp trong việc thực hiện các thủ tục hành chính cụ thể nào không?,nhà trường giải quyết các thủ tục hành chính nào cho sinh viên tốt nghiệp?,187
Các văn bản nào quy định những hành vi sinh viên không được phép thực hiện?,các hành vi sinh viên không được làm được quy định dựa trên các văn bản nào?,188
Dựa trên những quy định nào mà sinh viên bị cấm làm một số hành vi nhất định?,các hành vi sinh viên không được làm được quy định dựa trên các văn bản nào?,188
Làm thế nào để xác định các hành vi bị cấm đối với sinh viên theo quy định hiện hành?,các hành vi sinh viên không được làm được quy định dựa trên các văn bản nào?,188
Những tài liệu pháp lý nào đã liệt kê các hành vi sinh viên không được làm?,các hành vi sinh viên không được làm được quy định dựa trên các văn bản nào?,188
Sinh viên cần căn cứ vào văn bản nào để biết những việc không được làm?,các hành vi sinh viên không được làm được quy định dựa trên các văn bản nào?,188
"Sinh viên có quyền xúc phạm danh dự của cán bộ, nhân viên trường không?","sinh viên có được xúc phạm danh dự của cán bộ, nhân viên trường không?",189
Có được phép sinh viên Việt Nam khiêu khích hay xúc phạm danh dự lãnh đạo trường hay không?,"sinh viên có được xúc phạm danh dự của cán bộ, nhân viên trường không?",189
"Việc sinh viên xúc phạm danh dự cán bộ, nhân viên nhà trường là được phép hay không?","sinh viên có được xúc phạm danh dự của cán bộ, nhân viên trường không?",189
Luật pháp có cho phép sinh viên nói xấu hay xúc phạm danh dự thầy cô và nhân viên trường không?,"sinh viên có được xúc phạm danh dự của cán bộ, nhân viên trường không?",189
Sinh viên có thể tự do xúc phạm danh dự của những người làm việc tại trường mà không bị phạt không?,"sinh viên có được xúc phạm danh dự của cán bộ, nhân viên trường không?",189
Quy định nào liên quan đến hành vi xâm phạm thân thể của bạn học khác?,quy định về việc xâm phạm thân thể người học khác là gì?,190
Pháp luật có quy định gì về việc làm tổn hại đến cơ thể người học khác không?,quy định về việc xâm phạm thân thể người học khác là gì?,190
Nội dung quy định về hành vi xâm phạm thân thể của đồng môn là như thế nào?,quy định về việc xâm phạm thân thể người học khác là gì?,190
Chúng ta cần biết quy định cụ thể nào đối với việc đánh đấm hay gây thương tích cho bạn học?,quy định về việc xâm phạm thân thể người học khác là gì?,190
Quy định xử lý khi có hành vi xâm phạm đến thân thể người học khác được nêu như thế nào?,quy định về việc xâm phạm thân thể người học khác là gì?,190
Sinh viên có được phép gian lận trong học tập và các kỳ kiểm tra không?,sinh viên có được gian lận trong học tập và kiểm tra không?,191
Việc gian lận trong học tập và thi cử có được chấp nhận đối với sinh viên hay không?,sinh viên có được gian lận trong học tập và kiểm tra không?,191
Sinh viên có thể gian lận trong quá trình học và khi làm bài kiểm tra được không?,sinh viên có được gian lận trong học tập và kiểm tra không?,191
Quy định có cho phép sinh viên thực hiện gian lận trong học tập và các bài thi không?,sinh viên có được gian lận trong học tập và kiểm tra không?,191
Sinh viên có được phép làm sai lệch kết quả học tập hay gian lận trong thi cử không?,sinh viên có được gian lận trong học tập và kiểm tra không?,191
Liệu gian lận trong tuyển sinh có bị cấm không?,gian lận trong tuyển sinh có bị cấm không?,192
Trường có cấm hành vi gian lận khi tuyển sinh hay không?,gian lận trong tuyển sinh có bị cấm không?,192
Việc gian lận trong quá trình tuyển sinh có bị xử lý hay không?,gian lận trong tuyển sinh có bị cấm không?,192
Làm sao để biết gian lận tuyển sinh có bị cấm không?,gian lận trong tuyển sinh có bị cấm không?,192
Quy định tuyển sinh có cấm việc gian lận không?,gian lận trong tuyển sinh có bị cấm không?,192
Sinh viên có được phép hút thuốc lá trong giờ học không?,sinh viên có được hút thuốc trong giờ học không?,193
"Trong giờ học, sinh viên có thể hút thuốc được không?",sinh viên có được hút thuốc trong giờ học không?,193
Giờ học có cho phép sinh viên hút thuốc không?,sinh viên có được hút thuốc trong giờ học không?,193
Sinh viên có được hút thuốc khi đang vào giờ không?,sinh viên có được hút thuốc trong giờ học không?,193
Quy định có cho phép sinh viên hút thuốc trong giờ học không?,sinh viên có được hút thuốc trong giờ học không?,193
Quy định của nhà trường đối với việc sinh viên uống rượu bia là gì?,"quy định về việc uống rượu, bia của sinh viên như thế nào?",194
Sinh viên được phép uống rượu bia theo những quy định nào?,"quy định về việc uống rượu, bia của sinh viên như thế nào?",194
Có quy định gì về việc sinh viên uống rượu bia không?,"quy định về việc uống rượu, bia của sinh viên như thế nào?",194
Nhà trường quy định cụ thể như thế nào khi sinh viên uống rượu bia?,"quy định về việc uống rượu, bia của sinh viên như thế nào?",194
Việc sinh viên uống rượu bia bị ràng buộc bởi những quy định gì?,"quy định về việc uống rượu, bia của sinh viên như thế nào?",194
Sinh viên được phép gây rối trật tự tại trường học không?,sinh viên có được gây rối trật tự trong trường không?,195
Có được sinh viên gây rối trật tự trong trường không?,sinh viên có được gây rối trật tự trong trường không?,195
Việc sinh viên gây rối trật tự trong trường có được chấp nhận hay không?,sinh viên có được gây rối trật tự trong trường không?,195
Trường có cho phép sinh viên gây rối trật tự hay không?,sinh viên có được gây rối trật tự trong trường không?,195
Sinh viên có thể gây rối trật tự trong khuôn viên trường không?,sinh viên có được gây rối trật tự trong trường không?,195
Quy định nào về việc gây rối trật tự công cộng áp dụng cho sinh viên?,quy định về hành vi gây rối trật tự nơi công cộng đối với sinh viên là gì?,196
Sinh viên cần tuân thủ quy định gì khi có hành vi gây rối trật tự nơi công cộng?,quy định về hành vi gây rối trật tự nơi công cộng đối với sinh viên là gì?,196
Hành vi gây rối trật tự nơi công cộng của sinh viên sẽ bị xử lý theo quy định nào?,quy định về hành vi gây rối trật tự nơi công cộng đối với sinh viên là gì?,196
Quy định hiện hành về xử lý hành vi gây rối trật tự công cộng đối với sinh viên ra sao?,quy định về hành vi gây rối trật tự nơi công cộng đối với sinh viên là gì?,196
Sinh viên vi phạm trật tự nơi công cộng sẽ đối mặt với quy định nào?,quy định về hành vi gây rối trật tự nơi công cộng đối với sinh viên là gì?,196
Sinh viên có được phép tham gia vào các tệ nạn xã hội hay không?,sinh viên có được tham gia các tệ nạn xã hội không?,197
Có cho phép sinh viên tham gia vào những tệ nạn xã hội không?,sinh viên có được tham gia các tệ nạn xã hội không?,197
Sinh viên có thể tham gia các tệ nạn xã hội được không?,sinh viên có được tham gia các tệ nạn xã hội không?,197
Liệu sinh viên có được khuyến khích tham gia các tệ nạn xã hội không?,sinh viên có được tham gia các tệ nạn xã hội không?,197
Việc sinh viên tham gia vào các tệ nạn xã hội có được chấp nhận không?,sinh viên có được tham gia các tệ nạn xã hội không?,197
Sinh viên có được phép tổ chức các hoạt động trái với pháp luật không?,sinh viên có được tổ chức các hoạt động vi phạm pháp luật không?,198
Có thể để sinh viên làm những việc vi phạm luật pháp được không?,sinh viên có được tổ chức các hoạt động vi phạm pháp luật không?,198
Liệu sinh viên có quyền tự tổ chức các hành vi bất hợp pháp hay không?,sinh viên có được tổ chức các hoạt động vi phạm pháp luật không?,198
Việc sinh viên tổ chức các hoạt động vi phạm pháp luật có được chấp nhận không?,sinh viên có được tổ chức các hoạt động vi phạm pháp luật không?,198
Chúng ta có thể cho phép sinh viên thực hiện các hoạt động chống lại quy định pháp luật không?,sinh viên có được tổ chức các hoạt động vi phạm pháp luật không?,198
Những hành vi vi phạm pháp luật khác của sinh viên sẽ bị xử lý ra sao?,các hành vi vi phạm pháp luật khác của sinh viên bị xử lý như thế nào?,199
Sinh viên thực hiện các hành vi vi phạm pháp luật khác thì bị xử lý thế nào?,các hành vi vi phạm pháp luật khác của sinh viên bị xử lý như thế nào?,199
Làm thế nào để xử lý các hành vi vi phạm pháp luật khác của sinh viên?,các hành vi vi phạm pháp luật khác của sinh viên bị xử lý như thế nào?,199
Xử lý các hành vi vi phạm pháp luật khác của sinh viên như thế nào?,các hành vi vi phạm pháp luật khác của sinh viên bị xử lý như thế nào?,199
Các hành vi vi phạm pháp luật khác mà sinh viên phạm phải sẽ chịu hậu quả gì?,các hành vi vi phạm pháp luật khác của sinh viên bị xử lý như thế nào?,199
"Khi sinh viên phát hiện vi phạm nội quy, họ cần thực hiện nghĩa vụ báo cáo như thế nào?",trách nhiệm báo cáo của sinh viên khi phát hiện vi phạm nội quy là gì?,200
Nội dung trách nhiệm báo cáo của sinh viên đối với các hành vi vi phạm nội quy là gì?,trách nhiệm báo cáo của sinh viên khi phát hiện vi phạm nội quy là gì?,200
Sinh viên phải làm gì khi phát hiện ai đó vi phạm nội quy theo quy định?,trách nhiệm báo cáo của sinh viên khi phát hiện vi phạm nội quy là gì?,200
Hãy nêu rõ nghĩa vụ báo cáo của sinh viên trong trường hợp có vi phạm nội quy xảy ra.,trách nhiệm báo cáo của sinh viên khi phát hiện vi phạm nội quy là gì?,200
"Khi thấy vi phạm nội quy, sinh viên cần thực hiện trách nhiệm báo cáo ra sao?",trách nhiệm báo cáo của sinh viên khi phát hiện vi phạm nội quy là gì?,200
Sinh viên có được phép tự chuyển ngành không?,sinh viên có được tự ý chuyển đổi ngành học không?,201
Trường có cho phép sinh viên chuyển đổi ngành học theo ý muốn không?,sinh viên có được tự ý chuyển đổi ngành học không?,201
Có quy định cho phép sinh viên tự ý chuyển sang ngành khác hay không?,sinh viên có được tự ý chuyển đổi ngành học không?,201
Sinh viên có thể đăng ký chuyển ngành mà không cần lý do chính đáng được không?,sinh viên có được tự ý chuyển đổi ngành học không?,201
Việc sinh viên tự ý chuyển đổi ngành học có được chấp nhận hay không?,sinh viên có được tự ý chuyển đổi ngành học không?,201
Chương trình đào tạo trong tài liệu này hướng tới nhóm đối tượng sinh viên nào?,cấu trúc chương trình đào tạo trong tài liệu được áp dụng cho đối tượng sinh viên từ khóa nào?,202
Đối tượng sinh viên nào là mục tiêu của cấu trúc chương trình đào tạo được nêu trong tài liệu?,cấu trúc chương trình đào tạo trong tài liệu được áp dụng cho đối tượng sinh viên từ khóa nào?,202
Tài liệu áp dụng cấu trúc chương trình đào tạo cho loại sinh viên nào?,cấu trúc chương trình đào tạo trong tài liệu được áp dụng cho đối tượng sinh viên từ khóa nào?,202
Cấu trúc chương trình đào tạo trong văn bản này dành cho sinh viên thuộc nhóm khóa nào?,cấu trúc chương trình đào tạo trong tài liệu được áp dụng cho đối tượng sinh viên từ khóa nào?,202
Nhóm sinh viên nào được cấu trúc chương trình đào tạo trong tài liệu hướng đến?,cấu trúc chương trình đào tạo trong tài liệu được áp dụng cho đối tượng sinh viên từ khóa nào?,202
Chương trình đào tạo và thời gian học tập được quy định trong văn bản pháp lý nào?,chương trình đào tạo và thời gian học tập được trích dẫn từ văn bản pháp lý nào?,203
Làm thế nào để biết văn bản pháp lý quy định về chương trình đào tạo và thời gian học tập?,chương trình đào tạo và thời gian học tập được trích dẫn từ văn bản pháp lý nào?,203
Văn bản pháp lý nào là cơ sở cho chương trình đào tạo cũng như thời gian học tập?,chương trình đào tạo và thời gian học tập được trích dẫn từ văn bản pháp lý nào?,203
Tôi có thể tìm thấy chương trình đào tạo và thời gian học tập trong văn bản pháp lý nào?,chương trình đào tạo và thời gian học tập được trích dẫn từ văn bản pháp lý nào?,203
Ai là người ban hành văn bản pháp lý quy định nội dung chương trình đào tạo và thời gian học tập?,chương trình đào tạo và thời gian học tập được trích dẫn từ văn bản pháp lý nào?,203
Chương trình đào tạo kiến trúc sư yêu cầu bao nhiêu tín chỉ nói chung?,tổng số tín chỉ yêu cầu đối với chương trình đào tạo kiến trúc sư là bao nhiêu?,204
Tổng số tín chỉ mà sinh viên kiến trúc sư phải học là bao nhiêu?,tổng số tín chỉ yêu cầu đối với chương trình đào tạo kiến trúc sư là bao nhiêu?,204
Làm sao để biết tổng tín chỉ quy định cho ngành kiến trúc sư?,tổng số tín chỉ yêu cầu đối với chương trình đào tạo kiến trúc sư là bao nhiêu?,204
Chương trình đào tạo kiến trúc sư bao gồm tổng cộng bao nhiêu tín chỉ?,tổng số tín chỉ yêu cầu đối với chương trình đào tạo kiến trúc sư là bao nhiêu?,204
Số tín chỉ bắt buộc cho chương trình kiến trúc sư là bao nhiêu?,tổng số tín chỉ yêu cầu đối với chương trình đào tạo kiến trúc sư là bao nhiêu?,204
Chương trình đào tạo kiến trúc sư có bao nhiêu tín chỉ dành cho khối kiến thức giáo dục đại cương?,khối kiến thức giáo dục đại cương của chương trình kiến trúc sư bao gồm bao nhiêu tín chỉ?,205
Tổng số tín chỉ của phần kiến thức đại cương trong chương trình kiến trúc sư là bao nhiêu?,khối kiến thức giáo dục đại cương của chương trình kiến trúc sư bao gồm bao nhiêu tín chỉ?,205
Bạn có thể cho mình biết khối kiến thức đại cương của ngành kiến trúc sư gồm bao nhiêu đơn vị tín chỉ không?,khối kiến thức giáo dục đại cương của chương trình kiến trúc sư bao gồm bao nhiêu tín chỉ?,205
Chương trình kiến trúc sư quy định bao nhiêu tín chỉ cho các môn học thuộc khối giáo dục đại cương?,khối kiến thức giáo dục đại cương của chương trình kiến trúc sư bao gồm bao nhiêu tín chỉ?,205
Số lượng tín chỉ của khối kiến thức đại cương trong chương trình đào tạo kiến trúc sư được tính là bao nhiêu?,khối kiến thức giáo dục đại cương của chương trình kiến trúc sư bao gồm bao nhiêu tín chỉ?,205
Chương trình đào tạo kiến trúc sư có tổng bao nhiêu tín chỉ thuộc khối kiến thức giáo dục chuyên nghiệp?,khối kiến thức giáo dục chuyên nghiệp của chương trình kiến trúc sư bao gồm bao nhiêu tín chỉ?,206
Số lượng tín chỉ dành cho phần kiến thức chuyên ngành trong chương trình kiến trúc sư là bao nhiêu?,khối kiến thức giáo dục chuyên nghiệp của chương trình kiến trúc sư bao gồm bao nhiêu tín chỉ?,206
Bạn có biết khối kiến thức giáo dục chuyên nghiệp của cử nhân kiến trúc sư bao gồm bao nhiêu tín chỉ không?,khối kiến thức giáo dục chuyên nghiệp của chương trình kiến trúc sư bao gồm bao nhiêu tín chỉ?,206
Tổng số tín chỉ cho các môn học chuyên môn trong chương trình kiến trúc sư là bao nhiêu?,khối kiến thức giáo dục chuyên nghiệp của chương trình kiến trúc sư bao gồm bao nhiêu tín chỉ?,206
Chương trình kiến trúc sư quy định khối kiến thức giáo dục chuyên nghiệp cần đạt bao nhiêu tín chỉ?,khối kiến thức giáo dục chuyên nghiệp của chương trình kiến trúc sư bao gồm bao nhiêu tín chỉ?,206
Chương trình đào tạo kỹ sư yêu cầu sinh viên phải tích lũy bao nhiêu tín chỉ?,tổng số tín chỉ yêu cầu đối với chương trình đào tạo kỹ sư là bao nhiêu?,207
Tổng số tín chỉ cần hoàn thành để tốt nghiệp chương trình kỹ sư là bao nhiêu?,tổng số tín chỉ yêu cầu đối với chương trình đào tạo kỹ sư là bao nhiêu?,207
"Đối với ngành kỹ sư, khối lượng tín chỉ bắt buộc là bao nhiêu tín chỉ?",tổng số tín chỉ yêu cầu đối với chương trình đào tạo kỹ sư là bao nhiêu?,207
Sinh viên theo học chương trình kỹ sư cần đạt bao nhiêu tín chỉ để đủ điều kiện tốt nghiệp?,tổng số tín chỉ yêu cầu đối với chương trình đào tạo kỹ sư là bao nhiêu?,207
Chương trình đào tạo kỹ sư quy định tổng số tín chỉ yêu cầu là bao nhiêu?,tổng số tín chỉ yêu cầu đối với chương trình đào tạo kỹ sư là bao nhiêu?,207
Chương trình đào tạo kỹ sư quy định khối kiến thức giáo dục đại cương bao gồm bao nhiêu tín chỉ?,khối kiến thức giáo dục đại cương của chương trình kỹ sư nằm trong khoảng bao nhiêu tín chỉ?,208
Tổng số tín chỉ dành cho phần kiến thức đại cương trong chương trình kỹ sư là bao nhiêu?,khối kiến thức giáo dục đại cương của chương trình kỹ sư nằm trong khoảng bao nhiêu tín chỉ?,208
Bạn có thể cho biết khối kiến thức giáo dục đại cương của chương trình kỹ sư chiếm bao nhiêu tín chỉ không?,khối kiến thức giáo dục đại cương của chương trình kỹ sư nằm trong khoảng bao nhiêu tín chỉ?,208
"Theo quy chế đào tạo, khối kiến thức giáo dục đại cương của ngành kỹ sư có giá trị bao nhiêu tín chỉ?",khối kiến thức giáo dục đại cương của chương trình kỹ sư nằm trong khoảng bao nhiêu tín chỉ?,208
Số tín chỉ được phân bổ cho khối kiến thức giáo dục đại cương trong chương trình kỹ sư là bao nhiêu?,khối kiến thức giáo dục đại cương của chương trình kỹ sư nằm trong khoảng bao nhiêu tín chỉ?,208
Chương trình đào tạo kỹ sư bao gồm bao nhiêu tín chỉ cho khối kiến thức giáo dục chuyên nghiệp?,khối kiến thức giáo dục chuyên nghiệp của chương trình kỹ sư nằm trong khoảng bao nhiêu tín chỉ?,209
Số lượng tín chỉ dành cho phần kiến thức chuyên ngành của chương trình kỹ sư là bao nhiêu?,khối kiến thức giáo dục chuyên nghiệp của chương trình kỹ sư nằm trong khoảng bao nhiêu tín chỉ?,209
Khối kiến thức giáo dục chuyên nghiệp trong chương trình kỹ sư chiếm bao nhiêu tín chỉ?,khối kiến thức giáo dục chuyên nghiệp của chương trình kỹ sư nằm trong khoảng bao nhiêu tín chỉ?,209
Bạn có thể cho biết tổng số tín chỉ của khối kiến thức giáo dục chuyên nghiệp cho chương trình kỹ sư không?,khối kiến thức giáo dục chuyên nghiệp của chương trình kỹ sư nằm trong khoảng bao nhiêu tín chỉ?,209
Chương trình kỹ sư quy định bao nhiêu tín chỉ cho phần học thuộc khối kiến thức giáo dục chuyên nghiệp?,khối kiến thức giáo dục chuyên nghiệp của chương trình kỹ sư nằm trong khoảng bao nhiêu tín chỉ?,209
Chương trình cử nhân kinh tế yêu cầu sinh viên tích lũy bao nhiêu tín chỉ?,tổng số tín chỉ yêu cầu đối với chương trình cử nhân kinh tế là bao nhiêu?,210
Tổng số tín chỉ cần hoàn thành để tốt nghiệp cử nhân kinh tế là bao nhiêu?,tổng số tín chỉ yêu cầu đối với chương trình cử nhân kinh tế là bao nhiêu?,210
Sinh viên ngành kinh tế phải đăng ký đủ bao nhiêu tín chỉ theo quy định?,tổng số tín chỉ yêu cầu đối với chương trình cử nhân kinh tế là bao nhiêu?,210
Quy định tín chỉ cho chương trình cử nhân kinh tế là bao nhiêu?,tổng số tín chỉ yêu cầu đối với chương trình cử nhân kinh tế là bao nhiêu?,210
"Để được cấp bằng cử nhân kinh tế, sinh viên cần có bao nhiêu tín chỉ?",tổng số tín chỉ yêu cầu đối với chương trình cử nhân kinh tế là bao nhiêu?,210
Chương trình cử nhân kinh tế yêu cầu bao nhiêu tín chỉ cho phần giáo dục đại cương?,số lượng tín chỉ giáo dục đại cương cho chương trình cử nhân kinh tế là bao nhiêu?,211
Tổng số tín chỉ của khối kiến thức đại cương trong ngành kinh tế là bao nhiêu?,số lượng tín chỉ giáo dục đại cương cho chương trình cử nhân kinh tế là bao nhiêu?,211
Sinh viên ngành kinh tế phải đăng ký bao nhiêu tín chỉ cho các môn học đại cương?,số lượng tín chỉ giáo dục đại cương cho chương trình cử nhân kinh tế là bao nhiêu?,211
Quy định về số lượng tín chỉ giáo dục đại cương dành cho cử nhân kinh tế là thế nào?,số lượng tín chỉ giáo dục đại cương cho chương trình cử nhân kinh tế là bao nhiêu?,211
"Trong chương trình cử nhân kinh tế, khối đại cương bao gồm bao nhiêu tín chỉ?",số lượng tín chỉ giáo dục đại cương cho chương trình cử nhân kinh tế là bao nhiêu?,211
Chương trình cử nhân kinh tế có bao nhiêu tín chỉ dành cho giáo dục chuyên nghiệp?,số lượng tín chỉ giáo dục chuyên nghiệp cho chương trình cử nhân kinh tế là bao nhiêu?,212
Làm sao để biết số tín chỉ giáo dục chuyên nghiệp trong chương trình cử nhân kinh tế?,số lượng tín chỉ giáo dục chuyên nghiệp cho chương trình cử nhân kinh tế là bao nhiêu?,212
Tổng số tín chỉ cho phần giáo dục chuyên nghiệp của ngành kinh tế là bao nhiêu?,số lượng tín chỉ giáo dục chuyên nghiệp cho chương trình cử nhân kinh tế là bao nhiêu?,212
Mình muốn hỏi xem chương trình cử nhân kinh tế quy định bao nhiêu tín chỉ chuyên nghiệp.,số lượng tín chỉ giáo dục chuyên nghiệp cho chương trình cử nhân kinh tế là bao nhiêu?,212
Số lượng tín chỉ thuộc khối giáo dục chuyên nghiệp trong ngành kinh tế là bao nhiêu?,số lượng tín chỉ giáo dục chuyên nghiệp cho chương trình cử nhân kinh tế là bao nhiêu?,212
Tổng số tín chỉ của các chương trình cử nhân khác (ngoài khối kinh tế) là bao nhiêu?,tổng số tín chỉ của các chương trình cử nhân khác (ngoài khối kinh tế) là bao nhiêu?,213
"Ngoài khối kinh tế, tổng tín chỉ của các chương trình cử nhân còn lại bằng bao nhiêu?",tổng số tín chỉ của các chương trình cử nhân khác (ngoài khối kinh tế) là bao nhiêu?,213
Các chương trình cử nhân ngoài ngành kinh tế có tổng cộng bao nhiêu tín chỉ?,tổng số tín chỉ của các chương trình cử nhân khác (ngoài khối kinh tế) là bao nhiêu?,213
Tổng tín chỉ cho những chương trình cử nhân khác (không thuộc khối kinh tế) là bao nhiêu?,tổng số tín chỉ của các chương trình cử nhân khác (ngoài khối kinh tế) là bao nhiêu?,213
Chương trình cử nhân ngoài khối kinh tế có tổng số tín chỉ bao nhiêu?,tổng số tín chỉ của các chương trình cử nhân khác (ngoài khối kinh tế) là bao nhiêu?,213
Số lượng tín chỉ dành cho khối kiến thức giáo dục đại cương trong các chương trình cử nhân khác là bao nhiêu?,khối kiến thức giáo dục đại cương của các chương trình cử nhân khác kt có bao nhiêu tín chỉ?,214
Các chương trình cử nhân khác có bao nhiêu tín chỉ thuộc khối kiến thức giáo dục đại cương?,khối kiến thức giáo dục đại cương của các chương trình cử nhân khác kt có bao nhiêu tín chỉ?,214
Khối kiến thức giáo dục đại cương của các ngành cử nhân khác chiếm bao nhiêu tín chỉ?,khối kiến thức giáo dục đại cương của các chương trình cử nhân khác kt có bao nhiêu tín chỉ?,214
Tổng số tín chỉ của phần kiến thức giáo dục đại cương trong các chương trình cử nhân khác là bao nhiêu?,khối kiến thức giáo dục đại cương của các chương trình cử nhân khác kt có bao nhiêu tín chỉ?,214
Các chương trình cử nhân khác yêu cầu bao nhiêu tín chỉ cho khối kiến thức giáo dục đại cương?,khối kiến thức giáo dục đại cương của các chương trình cử nhân khác kt có bao nhiêu tín chỉ?,214
Chương trình cử nhân khác có bao nhiêu tín chỉ dành cho khối kiến thức giáo dục chuyên nghiệp so với chương trình này?,khối kiến thức giáo dục chuyên nghiệp của các chương trình cử nhân khác kt có bao nhiêu tín chỉ?,215
Số lượng tín chỉ của khối kiến thức giáo dục chuyên nghiệp trong các chương trình cử nhân khác là bao nhiêu?,khối kiến thức giáo dục chuyên nghiệp của các chương trình cử nhân khác kt có bao nhiêu tín chỉ?,215
Các chương trình cử nhân khác quy định bao nhiêu tín chỉ cho phần kiến thức giáo dục chuyên nghiệp?,khối kiến thức giáo dục chuyên nghiệp của các chương trình cử nhân khác kt có bao nhiêu tín chỉ?,215
Khối kiến thức giáo dục chuyên nghiệp của các ngành cử nhân khác có tổng cộng bao nhiêu tín chỉ?,khối kiến thức giáo dục chuyên nghiệp của các chương trình cử nhân khác kt có bao nhiêu tín chỉ?,215
Bạn cho biết khối kiến thức giáo dục chuyên nghiệp trong các chương trình cử nhân khác gồm bao nhiêu tín chỉ không?,khối kiến thức giáo dục chuyên nghiệp của các chương trình cử nhân khác kt có bao nhiêu tín chỉ?,215
Mục tiêu chính của khối kiến thức giáo dục đại cương là gì?,mục tiêu chính của khối kiến thức giáo dục đại cương là gì?,216
Vậy mục đích cốt lõi của khối kiến thức giáo dục đại cương nằm ở đâu?,mục tiêu chính của khối kiến thức giáo dục đại cương là gì?,216
Hãy cho biết mục tiêu chủ yếu mà khối kiến thức giáo dục đại cương hướng tới là gì?,mục tiêu chính của khối kiến thức giáo dục đại cương là gì?,216
Khối kiến thức giáo dục đại cương được xây dựng với mục đích chính là gì?,mục tiêu chính của khối kiến thức giáo dục đại cương là gì?,216
Mục tiêu trọng tâm của khối kiến thức giáo dục đại cương được xác định như thế nào?,mục tiêu chính của khối kiến thức giáo dục đại cương là gì?,216
Nhóm kiến thức nào được bao gồm trong khối kiến thức giáo dục chuyên nghiệp?,khối kiến thức giáo dục chuyên nghiệp bao gồm những nhóm kiến thức nào?,217
Khối kiến thức giáo dục chuyên nghiệp bao gồm những nhóm kiến thức gì?,khối kiến thức giáo dục chuyên nghiệp bao gồm những nhóm kiến thức nào?,217
Có những nhóm kiến thức nào cấu thành nên khối kiến thức giáo dục chuyên nghiệp?,khối kiến thức giáo dục chuyên nghiệp bao gồm những nhóm kiến thức nào?,217
Người ta chia khối kiến thức giáo dục chuyên nghiệp thành những nhóm kiến thức nào?,khối kiến thức giáo dục chuyên nghiệp bao gồm những nhóm kiến thức nào?,217
"Trong khối kiến thức giáo dục chuyên nghiệp, các nhóm kiến thức cụ thể là những gì?",khối kiến thức giáo dục chuyên nghiệp bao gồm những nhóm kiến thức nào?,217
Mục đích của khối kiến thức giáo dục chuyên nghiệp đối với người học là gì?,mục đích của khối kiến thức giáo dục chuyên nghiệp đối với người học là gì?,218
Người học sẽ đạt được điều gì khi tiếp thu khối kiến thức giáo dục chuyên nghiệp?,mục đích của khối kiến thức giáo dục chuyên nghiệp đối với người học là gì?,218
Khái niệm về mục tiêu của khối kiến thức giáo dục chuyên nghiệp đối với sinh viên là như thế nào?,mục đích của khối kiến thức giáo dục chuyên nghiệp đối với người học là gì?,218
Khối kiến thức giáo dục chuyên nghiệp hướng tới mục đích gì đối với người học?,mục đích của khối kiến thức giáo dục chuyên nghiệp đối với người học là gì?,218
Làm thế nào để xác định mục đích của khối kiến thức giáo dục chuyên nghiệp đối với người học?,mục đích của khối kiến thức giáo dục chuyên nghiệp đối với người học là gì?,218
Thời gian đào tạo theo kế hoạch của chương trình cử nhân chính quy là bao lâu?,thời gian đào tạo theo kế hoạch (khóa học thiết kế) của chương trình cử nhân chính quy là bao lâu?,219
Khóa học thiết kế trong chương trình cử nhân chính quy kéo dài bao lâu?,thời gian đào tạo theo kế hoạch (khóa học thiết kế) của chương trình cử nhân chính quy là bao lâu?,219
Kế hoạch đào tạo của chương trình cử nhân chính quy quy định thời gian học bao lâu?,thời gian đào tạo theo kế hoạch (khóa học thiết kế) của chương trình cử nhân chính quy là bao lâu?,219
Chương trình cử nhân chính quy yêu cầu sinh viên học trong thời gian bao lâu theo kế hoạch?,thời gian đào tạo theo kế hoạch (khóa học thiết kế) của chương trình cử nhân chính quy là bao lâu?,219
Thời gian đào tạo theo kế hoạch dành cho khóa học thiết kế của ngành cử nhân chính quy là bao lâu?,thời gian đào tạo theo kế hoạch (khóa học thiết kế) của chương trình cử nhân chính quy là bao lâu?,219
Thời gian tối đa để hoàn thành chương trình cử nhân chính quy là bao lâu?,thời gian hoàn thành tối đa cho chương trình cử nhân chính quy là bao nhiêu năm?,220
Sinh viên được phép học lâu nhất bao nhiêu năm cho chương trình cử nhân chính quy?,thời gian hoàn thành tối đa cho chương trình cử nhân chính quy là bao nhiêu năm?,220
Giới hạn thời gian tốt nghiệp chương trình cử nhân chính quy là bao nhiêu năm?,thời gian hoàn thành tối đa cho chương trình cử nhân chính quy là bao nhiêu năm?,220
Chương trình cử nhân chính quy cho phép sinh viên theo học tối đa bao nhiêu năm?,thời gian hoàn thành tối đa cho chương trình cử nhân chính quy là bao nhiêu năm?,220
Tối đa bao nhiêu năm để hoàn tất chương trình cử nhân chính quy?,thời gian hoàn thành tối đa cho chương trình cử nhân chính quy là bao nhiêu năm?,220
Chương trình cử nhân chính quy yêu cầu sinh viên phải tích lũy tối thiểu bao nhiêu tín chỉ để tốt nghiệp?,tổng số tín chỉ tối thiểu cần đạt để tốt nghiệp chương trình cử nhân chính quy là bao nhiêu?,221
"Để hoàn tất chương trình cử nhân chính quy, tổng số tín chỉ tối thiểu cần đạt là bao nhiêu?",tổng số tín chỉ tối thiểu cần đạt để tốt nghiệp chương trình cử nhân chính quy là bao nhiêu?,221
Bạn cho mình biết số tín chỉ tối thiểu mà sinh viên phải có mới đủ điều kiện tốt nghiệp đại học chính quy được không?,tổng số tín chỉ tối thiểu cần đạt để tốt nghiệp chương trình cử nhân chính quy là bao nhiêu?,221
Mức tín chỉ tối thiểu cần đạt cho việc tốt nghiệp chương trình cử nhân chính quy là bao nhiêu?,tổng số tín chỉ tối thiểu cần đạt để tốt nghiệp chương trình cử nhân chính quy là bao nhiêu?,221
Sinh viên theo học chương trình cử nhân chính quy cần hoàn thành tối thiểu bao nhiêu tín chỉ thì được tốt nghiệp?,tổng số tín chỉ tối thiểu cần đạt để tốt nghiệp chương trình cử nhân chính quy là bao nhiêu?,221
Thời gian đào tạo theo thiết kế của chương trình kỹ sư chính quy là bao lâu?,thời gian đào tạo theo thiết kế của chương trình kỹ sư chính quy là bao lâu?,222
Chương trình kỹ sư chính quy được thiết kế đào tạo trong bao lâu?,thời gian đào tạo theo thiết kế của chương trình kỹ sư chính quy là bao lâu?,222
Thiết kế chương trình đào tạo kỹ sư chính quy quy định thời gian học là bao nhiêu?,thời gian đào tạo theo thiết kế của chương trình kỹ sư chính quy là bao lâu?,222
"Theo thiết kế của chương trình, sinh viên kỹ sư chính quy phải học bao lâu?",thời gian đào tạo theo thiết kế của chương trình kỹ sư chính quy là bao lâu?,222
Chương trình kỹ sư chính quy có thời gian đào tạo theo thiết kế là bao lâu không?,thời gian đào tạo theo thiết kế của chương trình kỹ sư chính quy là bao lâu?,222
Sinh viên theo học chương trình kỹ sư chính quy cần bao nhiêu năm để tốt nghiệp?,thời gian tối đa để sinh viên hoàn thành chương trình kỹ sư chính quy là bao lâu?,223
Thời gian đào tạo tối đa cho ngành kỹ sư chính quy là bao lâu?,thời gian tối đa để sinh viên hoàn thành chương trình kỹ sư chính quy là bao lâu?,223
"Để hoàn thành xong chương trình kỹ sư chính quy, sinh viên phải mất bao lâu?",thời gian tối đa để sinh viên hoàn thành chương trình kỹ sư chính quy là bao lâu?,223
Chương trình đào tạo kỹ sư chính quy dài nhất có thể kéo dài bao nhiêu năm?,thời gian tối đa để sinh viên hoàn thành chương trình kỹ sư chính quy là bao lâu?,223
Giới hạn thời gian sinh viên được dùng để học xong chương trình kỹ sư chính quy là bao nhiêu?,thời gian tối đa để sinh viên hoàn thành chương trình kỹ sư chính quy là bao lâu?,223
Chương trình kỹ sư chính quy yêu cầu tối thiểu bao nhiêu tín chỉ?,tổng số tín chỉ tối thiểu yêu cầu đối với chương trình kỹ sư chính quy là bao nhiêu?,224
Tổng số tín chỉ ít nhất mà sinh viên kỹ sư chính quy cần đạt là bao nhiêu?,tổng số tín chỉ tối thiểu yêu cầu đối với chương trình kỹ sư chính quy là bao nhiêu?,224
"Đối với chương trình đào tạo kỹ sư chính quy, mức tín chỉ tối thiểu là bao nhiêu?",tổng số tín chỉ tối thiểu yêu cầu đối với chương trình kỹ sư chính quy là bao nhiêu?,224
Sinh viên theo học ngành kỹ sư chính quy phải tích lũy ít nhất bao nhiêu tín chỉ?,tổng số tín chỉ tối thiểu yêu cầu đối với chương trình kỹ sư chính quy là bao nhiêu?,224
Yêu cầu về số lượng tín chỉ tối thiểu của chương trình kỹ sư chính quy là bao nhiêu?,tổng số tín chỉ tối thiểu yêu cầu đối với chương trình kỹ sư chính quy là bao nhiêu?,224
Thời gian đào tạo theo thiết kế của chương trình kiến trúc sư chính quy là bao lâu?,thời gian đào tạo theo thiết kế của chương trình kiến trúc sư chính quy là bao nhiêu năm?,225
Chương trình kiến trúc sư chính quy được thiết kế để đào tạo trong bao nhiêu năm?,thời gian đào tạo theo thiết kế của chương trình kiến trúc sư chính quy là bao nhiêu năm?,225
"Theo thiết kế, chương trình kiến trúc sư chính quy cần bao nhiêu năm để hoàn thành?",thời gian đào tạo theo thiết kế của chương trình kiến trúc sư chính quy là bao nhiêu năm?,225
"Bạn biết không, chương trình kiến trúc sư chính quy được thiết kế đào tạo trong bao nhiêu năm?",thời gian đào tạo theo thiết kế của chương trình kiến trúc sư chính quy là bao nhiêu năm?,225
Chương trình kiến trúc sư chính quy theo thiết kế có thời lượng đào tạo là bao nhiêu năm?,thời gian đào tạo theo thiết kế của chương trình kiến trúc sư chính quy là bao nhiêu năm?,225
Chương trình kiến trúc sư chính quy được phép hoàn thành sớm nhất hay muộn nhất là bao lâu?,thời gian hoàn thành tối đa được phép cho chương trình kiến trúc sư chính quy là bao lâu?,226
Thời hạn tối đa để sinh viên tốt nghiệp ngành kiến trúc sư chính quy là bao nhiêu?,thời gian hoàn thành tối đa được phép cho chương trình kiến trúc sư chính quy là bao lâu?,226
Làm thế nào để biết thời gian cho phép hoàn thành chương trình kiến trúc sư chính quy?,thời gian hoàn thành tối đa được phép cho chương trình kiến trúc sư chính quy là bao lâu?,226
Sinh viên ngành kiến trúc sư chính quy có thể dành tối đa bao lâu để hoàn thành chương trình?,thời gian hoàn thành tối đa được phép cho chương trình kiến trúc sư chính quy là bao lâu?,226
Giới hạn thời gian cho phép sinh viên tốt nghiệp chương trình kiến trúc sư chính quy là bao lâu?,thời gian hoàn thành tối đa được phép cho chương trình kiến trúc sư chính quy là bao lâu?,226
Chương trình kiến trúc sư chính quy yêu cầu tổng số tín chỉ tối thiểu bao nhiêu để tốt nghiệp?,tổng số tín chỉ tối thiểu cần có để hoàn thành chương trình kiến trúc sư chính quy là bao nhiêu?,227
"Để hoàn thành chương trình kiến trúc sư chính quy, sinh viên cần tích lũy ít nhất bao nhiêu tín chỉ?",tổng số tín chỉ tối thiểu cần có để hoàn thành chương trình kiến trúc sư chính quy là bao nhiêu?,227
Số tín chỉ tối thiểu cần đạt cho bằng cấp kiến trúc sư chính quy là bao nhiêu?,tổng số tín chỉ tối thiểu cần có để hoàn thành chương trình kiến trúc sư chính quy là bao nhiêu?,227
Sinh viên theo học chương trình kiến trúc sư chính quy cần có bao nhiêu tín chỉ tối thiểu để ra trường?,tổng số tín chỉ tối thiểu cần có để hoàn thành chương trình kiến trúc sư chính quy là bao nhiêu?,227
Tổng số tín chỉ tối thiểu để tốt nghiệp ngành kiến trúc sư chính quy được quy định là bao nhiêu?,tổng số tín chỉ tối thiểu cần có để hoàn thành chương trình kiến trúc sư chính quy là bao nhiêu?,227
Thời gian đào tạo thiết kế cho chương trình văn bằng 2 chính quy kéo dài bao lâu?,thời gian đào tạo thiết kế đối với chương trình văn bằng 2 chính quy là bao lâu?,228
Chương trình văn bằng 2 chính ngành thiết kế có thời gian đào tạo là bao nhiêu?,thời gian đào tạo thiết kế đối với chương trình văn bằng 2 chính quy là bao lâu?,228
Mình muốn biết khóa văn bằng 2 chính quy về lĩnh vực thiết kế cần bao nhiêu thời gian để hoàn thành?,thời gian đào tạo thiết kế đối với chương trình văn bằng 2 chính quy là bao lâu?,228
Đối với chương trình văn bằng 2 chính quy chuyên ngành thiết kế thì thời gian đào tạo cụ thể là bao lâu?,thời gian đào tạo thiết kế đối với chương trình văn bằng 2 chính quy là bao lâu?,228
Khóa học văn bằng 2 chính quy ngành thiết kế sinh viên cần theo học trong bao lâu?,thời gian đào tạo thiết kế đối với chương trình văn bằng 2 chính quy là bao lâu?,228
Chương trình văn bằng 2 chính quy được quy định là hoàn thành trong tối đa bao nhiêu năm?,thời gian hoàn thành tối đa cho chương trình văn bằng 2 chính quy là bao nhiêu năm?,229
Thời gian học tập lâu nhất cho chương trình văn bằng 2 chính quy là bao lâu?,thời gian hoàn thành tối đa cho chương trình văn bằng 2 chính quy là bao nhiêu năm?,229
Sinh viên có thể dành tối đa bao nhiêu năm để tốt nghiệp chương trình văn bằng 2 chính quy?,thời gian hoàn thành tối đa cho chương trình văn bằng 2 chính quy là bao nhiêu năm?,229
Hạn mức thời gian để hoàn tất chương trình văn bằng 2 chính quy là bao nhiêu năm?,thời gian hoàn thành tối đa cho chương trình văn bằng 2 chính quy là bao nhiêu năm?,229
Chương trình văn bằng 2 chính quy cho phép sinh viên học trong thời gian tối đa là bao nhiêu?,thời gian hoàn thành tối đa cho chương trình văn bằng 2 chính quy là bao nhiêu năm?,229
Chương trình văn bằng 2 chính quy yêu cầu sinh viên phải học ít nhất bao nhiêu tín chỉ?,tổng số tín chỉ tối thiểu yêu cầu đối với chương trình văn bằng 2 chính quy là bao nhiêu?,230
Số tín chỉ tối thiểu để tốt nghiệp văn bằng 2 chính quy là bao nhiêu?,tổng số tín chỉ tối thiểu yêu cầu đối với chương trình văn bằng 2 chính quy là bao nhiêu?,230
"Đối với văn bằng 2 chính quy, tổng số tín chỉ cần đạt được là bao nhiêu?",tổng số tín chỉ tối thiểu yêu cầu đối với chương trình văn bằng 2 chính quy là bao nhiêu?,230
Làm thế nào để biết số tín chỉ tối thiểu của chương trình văn bằng 2 chính quy?,tổng số tín chỉ tối thiểu yêu cầu đối với chương trình văn bằng 2 chính quy là bao nhiêu?,230
Chương trình văn bằng 2 chính quy quy định bao nhiêu tín chỉ tối thiểu?,tổng số tín chỉ tối thiểu yêu cầu đối với chương trình văn bằng 2 chính quy là bao nhiêu?,230
Chương trình đào tạo của trường được cấu trúc từ những khối kiến thức lớn nào?,cấu trúc chương trình đào tạo tại trường bao gồm những khối kiến thức lớn nào?,231
Những nhóm kiến thức trọng tâm nào có trong cấu trúc chương trình đào tạo của trường?,cấu trúc chương trình đào tạo tại trường bao gồm những khối kiến thức lớn nào?,231
Cấu trúc chương trình đào tạo tại trường bao gồm những phần kiến thức chính ra sao?,cấu trúc chương trình đào tạo tại trường bao gồm những khối kiến thức lớn nào?,231
Trường xây dựng chương trình đào tạo gồm những khối kiến thức cốt lõi nào?,cấu trúc chương trình đào tạo tại trường bao gồm những khối kiến thức lớn nào?,231
Hãy cho biết cấu trúc chương trình đào tạo của trường chứa đựng những mảng kiến thức lớn gì?,cấu trúc chương trình đào tạo tại trường bao gồm những khối kiến thức lớn nào?,231
Tiết 1 bắt đầu và kết thúc vào lúc mấy giờ?,thời gian bắt đầu và kết thúc của tiết 1 là khi nào?,232
Giờ ra vào của tiết 1 là bao nhiêu?,thời gian bắt đầu và kết thúc của tiết 1 là khi nào?,232
Thời gian diễn ra tiết 1 cụ thể từ lúc nào đến lúc nào?,thời gian bắt đầu và kết thúc của tiết 1 là khi nào?,232
Tiết 1 khởi động và khép lại vào thời điểm nào?,thời gian bắt đầu và kết thúc của tiết 1 là khi nào?,232
Bạn cho biết tiết 1 được tổ chức trong khung giờ nào?,thời gian bắt đầu và kết thúc của tiết 1 là khi nào?,232
Tiết 2 bắt đầu và kết thúc vào lúc nào?,thời gian bắt đầu và kết thúc của tiết 2 là khi nào?,233
Giờ khởi đầu và kết thúc của tiết 2 là bao nhiêu?,thời gian bắt đầu và kết thúc của tiết 2 là khi nào?,233
Bạn cho biết thời điểm bắt đầu và dừng của tiết 2 nhé?,thời gian bắt đầu và kết thúc của tiết 2 là khi nào?,233
Tiết 2 diễn ra trong khung giờ nào từ lúc bắt đầu đến lúc kết thúc?,thời gian bắt đầu và kết thúc của tiết 2 là khi nào?,233
Lúc nào là giờ đầu tiên và giờ cuối cùng của tiết 2?,thời gian bắt đầu và kết thúc của tiết 2 là khi nào?,233
Tiết 3 bắt đầu và kết thúc vào lúc nào?,thời gian bắt đầu và kết thúc của tiết 3 là khi nào?,234
"Khi nào tiết 3 diễn ra, cụ thể là giờ bắt đầu và kết thúc?",thời gian bắt đầu và kết thúc của tiết 3 là khi nào?,234
Giờ khởi đầu và kết thúc của tiết thứ ba là bao nhiêu?,thời gian bắt đầu và kết thúc của tiết 3 là khi nào?,234
Tiết ba được lên lớp từ giờ nào đến giờ nào?,thời gian bắt đầu và kết thúc của tiết 3 là khi nào?,234
Bạn cho mình biết thời gian bắt đầu và kết thúc của buổi học thứ ba nhé?,thời gian bắt đầu và kết thúc của tiết 3 là khi nào?,234
Thời gian nghỉ giữa tiết 3 và tiết 4 kéo dài bao lâu?,thời gian nghỉ giải lao giữa tiết 3 và tiết 4 kéo dài bao lâu?,235
Tiết 3 đến tiết 4 nghỉ giải lao bao nhiêu phút?,thời gian nghỉ giải lao giữa tiết 3 và tiết 4 kéo dài bao lâu?,235
Khoảng thời gian nghỉ giữa hai tiết này là bao nhiêu?,thời gian nghỉ giải lao giữa tiết 3 và tiết 4 kéo dài bao lâu?,235
"Từ tiết 3 sang tiết 4, chúng ta được nghỉ bao lâu?",thời gian nghỉ giải lao giữa tiết 3 và tiết 4 kéo dài bao lâu?,235
Giờ nghỉ giữa tiết 3 và tiết 4 có độ dài bao nhiêu?,thời gian nghỉ giải lao giữa tiết 3 và tiết 4 kéo dài bao lâu?,235
Tiết 4 bắt đầu và kết thúc vào lúc mấy giờ?,thời gian bắt đầu và kết thúc của tiết 4 là khi nào?,236
Khi nào thì tiết 4 chính thức bắt đầu và kết thúc?,thời gian bắt đầu và kết thúc của tiết 4 là khi nào?,236
Giờ khởi đầu và giờ kết thúc của tiết 4 là bao nhiêu?,thời gian bắt đầu và kết thúc của tiết 4 là khi nào?,236
Bạn cho biết tiết 4 diễn ra trong khung giờ nào từ lúc bắt đầu đến lúc kết thúc?,thời gian bắt đầu và kết thúc của tiết 4 là khi nào?,236
Thời điểm bắt đầu và kết thúc của buổi học thứ 4 là khi nào?,thời gian bắt đầu và kết thúc của tiết 4 là khi nào?,236
Tiết 5 bắt đầu và kết thúc vào lúc mấy giờ?,thời gian bắt đầu và kết thúc của tiết 5 là khi nào?,237
Bạn cho tôi biết khung giờ của tiết 5 nhé.,thời gian bắt đầu và kết thúc của tiết 5 là khi nào?,237
Giờ học số 5 diễn ra từ lúc nào đến lúc nào?,thời gian bắt đầu và kết thúc của tiết 5 là khi nào?,237
Khi nào thì tiết 5 được lên lớp và tan lớp?,thời gian bắt đầu và kết thúc của tiết 5 là khi nào?,237
Thời gian cụ thể cho tiết 5 là bao nhiêu?,thời gian bắt đầu và kết thúc của tiết 5 là khi nào?,237
Tiết 6 bắt đầu và kết thúc lúc mấy giờ?,thời gian bắt đầu và kết thúc của tiết 6 là khi nào?,238
Thời gian bắt đầu và kết thúc của tiết thứ 6 là bao nhiêu?,thời gian bắt đầu và kết thúc của tiết 6 là khi nào?,238
Tiết 6 được lên lớp từ lúc nào đến lúc nào?,thời gian bắt đầu và kết thúc của tiết 6 là khi nào?,238
Giờ bắt đầu và kết thúc của tiết 6 là bao giờ vậy?,thời gian bắt đầu và kết thúc của tiết 6 là khi nào?,238
Tiết 6 diễn ra trong khung giờ nào từ đầu đến cuối?,thời gian bắt đầu và kết thúc của tiết 6 là khi nào?,238
Tiết 7 bắt đầu và kết thúc lúc mấy giờ?,thời gian bắt đầu và kết thúc của tiết 7 là khi nào?,239
Thời điểm khởi đầu và kết thúc của tiết 7 là bao nhiêu?,thời gian bắt đầu và kết thúc của tiết 7 là khi nào?,239
Tiết 7 diễn ra trong khung giờ nào từ đầu đến cuối?,thời gian bắt đầu và kết thúc của tiết 7 là khi nào?,239
Bạn có thể cho mình biết tiết 7 bắt đầu và kết thúc lúc nào không?,thời gian bắt đầu và kết thúc của tiết 7 là khi nào?,239
Giờ bắt đầu và kết thúc của tiết 7 được quy định là khi nào vậy?,thời gian bắt đầu và kết thúc của tiết 7 là khi nào?,239
Tiết 8 bắt đầu và kết thúc vào lúc mấy giờ?,thời gian bắt đầu và kết thúc của tiết 8 là khi nào?,240
Giờ khởi đầu và giờ kết thúc của tiết 8 là bao nhiêu?,thời gian bắt đầu và kết thúc của tiết 8 là khi nào?,240
Bạn cho biết thời gian diễn ra của tiết 8 từ lúc nào đến lúc nào?,thời gian bắt đầu và kết thúc của tiết 8 là khi nào?,240
Tiết 8 bắt đầu từ lúc mấy giờ và kết thúc lúc mấy giờ?,thời gian bắt đầu và kết thúc của tiết 8 là khi nào?,240
Khoảng thời gian cho tiết 8 kéo dài từ lúc nào đến lúc nào?,thời gian bắt đầu và kết thúc của tiết 8 là khi nào?,240
Tiết 9 bắt đầu và kết thúc vào lúc nào?,thời gian bắt đầu và kết thúc của tiết 9 là khi nào?,241
Giờ khởi đầu và kết thúc của tiết 9 là bao nhiêu?,thời gian bắt đầu và kết thúc của tiết 9 là khi nào?,241
Khi nào bắt đầu và kết thúc tiết 9?,thời gian bắt đầu và kết thúc của tiết 9 là khi nào?,241
Tiết 9 diễn ra trong khoảng thời gian nào từ lúc nào đến lúc nào?,thời gian bắt đầu và kết thúc của tiết 9 là khi nào?,241
Thời điểm bắt đầu và chấm dứt tiết 9 là lúc mấy giờ?,thời gian bắt đầu và kết thúc của tiết 9 là khi nào?,241
Thời gian nghỉ giữa tiết 9 và tiết 10 kéo dài bao lâu?,thời gian nghỉ giải lao giữa tiết 9 và tiết 10 kéo dài bao lâu?,242
Tiết 9 và tiết 10 cách nhau bao nhiêu phút?,thời gian nghỉ giải lao giữa tiết 9 và tiết 10 kéo dài bao lâu?,242
Khoảng thời gian nghỉ sau tiết 9 trước khi vào tiết 10 là bao nhiêu?,thời gian nghỉ giải lao giữa tiết 9 và tiết 10 kéo dài bao lâu?,242
"Từ tiết 9 đến tiết 10, chúng ta được nghỉ bao lâu?",thời gian nghỉ giải lao giữa tiết 9 và tiết 10 kéo dài bao lâu?,242
Giờ nghỉ giữa tiết 9 và tiết 10 dài bao nhiêu?,thời gian nghỉ giải lao giữa tiết 9 và tiết 10 kéo dài bao lâu?,242
Tiết 10 bắt đầu và kết thúc vào lúc mấy giờ?,thời gian bắt đầu và kết thúc của tiết 10 là khi nào?,243
Thời gian của tiết 10 là từ khi nào đến khi nào?,thời gian bắt đầu và kết thúc của tiết 10 là khi nào?,243
Tiết 10 diễn ra trong khoảng thời gian nào?,thời gian bắt đầu và kết thúc của tiết 10 là khi nào?,243
Khi nào bắt đầu và kết thúc tiết học thứ mười?,thời gian bắt đầu và kết thúc của tiết 10 là khi nào?,243
Giờ học thứ 10 kéo dài từ lúc nào đến lúc nào?,thời gian bắt đầu và kết thúc của tiết 10 là khi nào?,243
Tiết 11 bắt đầu và kết thúc lúc mấy giờ?,thời gian bắt đầu và kết thúc của tiết 11 là khi nào?,244
Giờ bắt đầu và kết thúc của tiết 11 là bao nhiêu?,thời gian bắt đầu và kết thúc của tiết 11 là khi nào?,244
"Khi nào diễn ra tiết 11, cụ thể là lúc mấy giờ bắt đầu và kết thúc?",thời gian bắt đầu và kết thúc của tiết 11 là khi nào?,244
Thời gian của tiết 11 (từ lúc nào đến lúc nào) như thế nào?,thời gian bắt đầu và kết thúc của tiết 11 là khi nào?,244
Tiết 11 sẽ bắt đầu và kết thúc vào thời điểm nào trong ngày?,thời gian bắt đầu và kết thúc của tiết 11 là khi nào?,244
Tiết 12 bắt đầu và kết thúc lúc mấy giờ?,thời gian bắt đầu và kết thúc của tiết 12 là khi nào?,245
Thời gian diễn ra của tiết thứ 12 là bao nhiêu?,thời gian bắt đầu và kết thúc của tiết 12 là khi nào?,245
Tiết 12 được lên lớp từ khi nào đến khi nào vậy?,thời gian bắt đầu và kết thúc của tiết 12 là khi nào?,245
Khi nào thì bắt đầu và kết thúc tiết học số 12?,thời gian bắt đầu và kết thúc của tiết 12 là khi nào?,245
Tiết 12 có thời gian cụ thể là gì?,thời gian bắt đầu và kết thúc của tiết 12 là khi nào?,245
"Làm thế nào để quy đổi điểm chữ và thang điểm 4 cho khoảng điểm từ 9,0 đến 10?","quy đổi điểm chữ và thang điểm 4 cho khoảng điểm 10 từ 9,0 đến 10 là gì?",246
"Khoảng điểm 10 từ 9,0 đến 10 được quy đổi thành điểm chữ và thang điểm 4 như thế nào?","quy đổi điểm chữ và thang điểm 4 cho khoảng điểm 10 từ 9,0 đến 10 là gì?",246
"Tôi muốn biết quy đổi điểm chữ và thang điểm 4 tương ứng với điểm số từ 9,0 đến 10 ra sao?","quy đổi điểm chữ và thang điểm 4 cho khoảng điểm 10 từ 9,0 đến 10 là gì?",246
"Thang điểm 4 và điểm chữ cho đoạn điểm 10 từ 9,0 đến 10 có giá trị tương đương là gì?","quy đổi điểm chữ và thang điểm 4 cho khoảng điểm 10 từ 9,0 đến 10 là gì?",246
"Làm sao để tính điểm chữ và thang điểm 4 cho khoảng điểm 10 nằm trong khoảng 9,0 đến 10?","quy đổi điểm chữ và thang điểm 4 cho khoảng điểm 10 từ 9,0 đến 10 là gì?",246
"Điểm 10 ở mức từ 8,5 đến 8,9 thì tương đương bao nhiêu?","khoảng điểm 10 từ 8,5 đến 8,9 được quy đổi như thế nào?",247
"Khoảng điểm 10 từ 8,5 đến 8,9 sẽ được quy đổi thành giá trị nào?","khoảng điểm 10 từ 8,5 đến 8,9 được quy đổi như thế nào?",247
"Nếu có điểm 10 nằm trong đoạn 8,5 đến 8,9 thì quy đổi ra sao?","khoảng điểm 10 từ 8,5 đến 8,9 được quy đổi như thế nào?",247
"Điểm 10 tương ứng với khoảng 8,5 đến 8,9 được đổi sang số nào?","khoảng điểm 10 từ 8,5 đến 8,9 được quy đổi như thế nào?",247
"Cách quy đổi điểm 10 cho khoảng từ 8,5 đến 8,9 là gì?","khoảng điểm 10 từ 8,5 đến 8,9 được quy đổi như thế nào?",247
"Khoảng điểm 10 từ 8,0 đến 8,4 tương ứng với điểm chữ và thang điểm 4 là bao nhiêu?","khoảng điểm 10 từ 8,0 đến 8,4 tương ứng với điểm chữ và thang điểm 4 nào?",248
"Điểm 10 nằm trong khoảng 8,0-8,4 thì tương đương điểm chữ và thang điểm 4 như thế nào?","khoảng điểm 10 từ 8,0 đến 8,4 tương ứng với điểm chữ và thang điểm 4 nào?",248
"Làm sao để biết điểm 10 từ 8,0 đến 8,4 tương ứng với giá trị điểm chữ và thang điểm 4?","khoảng điểm 10 từ 8,0 đến 8,4 tương ứng với điểm chữ và thang điểm 4 nào?",248
"Hãy chỉ cho tôi điểm chữ và thang điểm 4 tương ứng với khoảng điểm 10 từ 8,0 đến 8,4.","khoảng điểm 10 từ 8,0 đến 8,4 tương ứng với điểm chữ và thang điểm 4 nào?",248
"Trong thang điểm 4, khoảng điểm 10 từ 8,0 đến 8,4 sẽ được quy đổi thành điểm chữ ra sao?","khoảng điểm 10 từ 8,0 đến 8,4 tương ứng với điểm chữ và thang điểm 4 nào?",248
Điểm chữ b tương ứng với mức điểm 10 và thang điểm 4 là bao nhiêu?,điểm chữ b tương ứng với khoảng điểm 10 và thang điểm 4 nào?,249
"Với thang điểm 4 và khoảng điểm 10, chữ b nằm ở vị trí nào?",điểm chữ b tương ứng với khoảng điểm 10 và thang điểm 4 nào?,249
Thang điểm 4 và khoảng điểm 10 sẽ khớp với ký hiệu chữ b như thế nào?,điểm chữ b tương ứng với khoảng điểm 10 và thang điểm 4 nào?,249
Chữ b biểu thị khoảng điểm 10 thuộc thang điểm 4 ở đâu?,điểm chữ b tương ứng với khoảng điểm 10 và thang điểm 4 nào?,249
"Trong thang điểm 4, khoảng điểm 10 tương ứng với ký hiệu chữ b ra sao?",điểm chữ b tương ứng với khoảng điểm 10 và thang điểm 4 nào?,249
"Làm thế nào để quy đổi thang điểm 4 và điểm chữ sang thang điểm 10 cho các mức điểm từ 6,5 đến 6,9?","quy đổi thang điểm 4 và điểm chữ cho khoảng điểm 10 từ 6,5 đến 6,9 là bao nhiêu?",250
"Thang điểm 4 và điểm chữ tương ứng với khoảng 6,5 – 6,9 thì được quy đổi thành bao nhiêu điểm 10?","quy đổi thang điểm 4 và điểm chữ cho khoảng điểm 10 từ 6,5 đến 6,9 là bao nhiêu?",250
"Khi quy đổi từ thang điểm 4 và điểm chữ về thang điểm 10, điểm từ 6,5 đến 6,9 sẽ ra bao nhiêu?","quy đổi thang điểm 4 và điểm chữ cho khoảng điểm 10 từ 6,5 đến 6,9 là bao nhiêu?",250
"Bạn có thể cho biết kết quả quy đổi của khoảng điểm 6,5 đến 6,9 (thang 4 và điểm chữ) sang thang 10 được không?","quy đổi thang điểm 4 và điểm chữ cho khoảng điểm 10 từ 6,5 đến 6,9 là bao nhiêu?",250
"Điểm 10 tương ứng với khoảng 6,5 đến 6,9 trên thang điểm 4 và điểm chữ là bao nhiêu điểm?","quy đổi thang điểm 4 và điểm chữ cho khoảng điểm 10 từ 6,5 đến 6,9 là bao nhiêu?",250
Điểm chữ C tương ứng với khoảng điểm 10 và thang điểm 4 như thế nào?,điểm chữ c tương ứng với khoảng điểm 10 và thang điểm 4 nào?,251
Chữ C nằm trong khoảng điểm 10 và thang điểm 4 ra sao?,điểm chữ c tương ứng với khoảng điểm 10 và thang điểm 4 nào?,251
Làm sao để biết chữ C tương ứng với khoảng điểm 10 và thang điểm 4?,điểm chữ c tương ứng với khoảng điểm 10 và thang điểm 4 nào?,251
Khoảng điểm 10 và thang điểm 4 của chữ C là bao nhiêu?,điểm chữ c tương ứng với khoảng điểm 10 và thang điểm 4 nào?,251
Điểm số 10 và thang điểm 4 ứng với chữ C như thế nào?,điểm chữ c tương ứng với khoảng điểm 10 và thang điểm 4 nào?,251
"Làm thế nào để quy đổi khoảng điểm 10 từ 5,0 đến 5,4 sang điểm chữ và thang điểm 4?","khoảng điểm 10 từ 5,0 đến 5,4 được quy đổi sang điểm chữ và thang điểm 4 như thế nào?",252
"Điểm 10 nằm trong khoảng từ 5,0 đến 5,4 sẽ được chuyển đổi ra sao về điểm chữ và thang điểm 4?","khoảng điểm 10 từ 5,0 đến 5,4 được quy đổi sang điểm chữ và thang điểm 4 như thế nào?",252
"Quy trình đổi khoảng điểm 10 (5,0 - 5,4) về điểm chữ và thang điểm 4 là gì?","khoảng điểm 10 từ 5,0 đến 5,4 được quy đổi sang điểm chữ và thang điểm 4 như thế nào?",252
"Tôi muốn biết cách quy đổi khoảng điểm 10 từ 5,0 đến 5,4 thành điểm chữ và thang điểm 4.","khoảng điểm 10 từ 5,0 đến 5,4 được quy đổi sang điểm chữ và thang điểm 4 như thế nào?",252
"Khoảng điểm 10 ở mức từ 5,0 đến 5,4 tương ứng với điểm chữ và thang điểm 4 như thế nào?","khoảng điểm 10 từ 5,0 đến 5,4 được quy đổi sang điểm chữ và thang điểm 4 như thế nào?",252
"Điểm từ 4,0 đến 4,9 tương ứng với điểm chữ và thang điểm 4 như thế nào?","khoảng điểm 10 từ 4,0 đến 4,9 được quy đổi sang điểm chữ và thang điểm 4 như thế nào?",253
"Làm sao để quy đổi khoảng điểm 4,0 - 4,9 sang điểm chữ và thang 4?","khoảng điểm 10 từ 4,0 đến 4,9 được quy đổi sang điểm chữ và thang điểm 4 như thế nào?",253
"Khoảng điểm 4,0 đến 4,9 sẽ được chuyển đổi thành điểm chữ và thang điểm 4 ra sao?","khoảng điểm 10 từ 4,0 đến 4,9 được quy đổi sang điểm chữ và thang điểm 4 như thế nào?",253
"Quy trình quy đổi điểm 4,0 đến 4,9 về điểm chữ và thang 4 là gì?","khoảng điểm 10 từ 4,0 đến 4,9 được quy đổi sang điểm chữ và thang điểm 4 như thế nào?",253
"Điểm số trong khoảng 4,0 - 4,9 được tính điểm chữ và thang điểm 4 như thế nào?","khoảng điểm 10 từ 4,0 đến 4,9 được quy đổi sang điểm chữ và thang điểm 4 như thế nào?",253
"Điểm 10 dưới mức 4,0 sẽ được quy đổi thành điểm chữ và thang điểm 4 ra sao?","điểm 10 dưới 4,0 được quy đổi thành điểm chữ và thang điểm 4 như thế nào?",254
"Làm thế nào để chuyển đổi điểm 10 dưới 4,0 sang điểm chữ cùng thang điểm 4?","điểm 10 dưới 4,0 được quy đổi thành điểm chữ và thang điểm 4 như thế nào?",254
"Quy trình quy đổi điểm 10 dưới 4,0 thành điểm chữ và thang điểm 4 là gì?","điểm 10 dưới 4,0 được quy đổi thành điểm chữ và thang điểm 4 như thế nào?",254
"Điểm 10 dưới ngưỡng 4,0 được tính điểm chữ và thang điểm 4 như thế nào?","điểm 10 dưới 4,0 được quy đổi thành điểm chữ và thang điểm 4 như thế nào?",254
"Chúng ta có thể quy đổi điểm 10 dưới 4,0 về điểm chữ và thang điểm 4 theo cách nào?","điểm 10 dưới 4,0 được quy đổi thành điểm chữ và thang điểm 4 như thế nào?",254
"Những mức điểm chữ nào được xem là ""đạt"" trong bảng quy đổi?","những mức điểm chữ nào được phân loại là ""đạt"" theo bảng quy đổi?",255
Theo bảng quy đổi thì điểm chữ nào sẽ được phân loại là đạt?,"những mức điểm chữ nào được phân loại là ""đạt"" theo bảng quy đổi?",255
Làm thế nào để biết mức điểm chữ nào là đạt dựa trên bảng quy đổi?,"những mức điểm chữ nào được phân loại là ""đạt"" theo bảng quy đổi?",255
Bạn có thể cho biết các mức điểm chữ nào được tính là đạt theo bảng quy đổi không?,"những mức điểm chữ nào được phân loại là ""đạt"" theo bảng quy đổi?",255
Những điểm chữ nào trong bảng quy đổi sẽ được xếp loại là đạt?,"những mức điểm chữ nào được phân loại là ""đạt"" theo bảng quy đổi?",255
"Theo bảng quy đổi chung, những mức điểm chữ nào bị xếp vào loại ""không đạt""?","những mức điểm chữ nào được phân loại là ""không đạt"" theo bảng quy đổi chung?",256
"Tôi muốn biết những điểm số chữ nào được coi là ""không đạt"" dựa trên bảng quy đổi chung?","những mức điểm chữ nào được phân loại là ""không đạt"" theo bảng quy đổi chung?",256
"Trong bảng quy đổi chung, điều kiện để một mức điểm chữ được phân loại là ""không đạt"" là gì?","những mức điểm chữ nào được phân loại là ""không đạt"" theo bảng quy đổi chung?",256
"Bạn có thể cho tôi biết các ngưỡng điểm chữ nào sẽ bị xếp hạng là ""không đạt"" theo bảng quy đổi chung không?","những mức điểm chữ nào được phân loại là ""không đạt"" theo bảng quy đổi chung?",256
"Những mức điểm chữ nào bị đánh giá là ""không đạt"" khi áp dụng bảng quy đổi chung?","những mức điểm chữ nào được phân loại là ""không đạt"" theo bảng quy đổi chung?",256
Những quy định phân loại học phần trong khoảng thời gian từ học kỳ 1/2021-2022 đến học kỳ 1/2022-2023 có điểm đặc biệt gì?,quy định phân loại đối với các học phần từ học kỳ 1/2021-2022 đến học kỳ 1/2022-2023 có gì đặc biệt?,257
Phân loại học phần đối với sinh viên theo học kỳ 1/2021-2022 và học kỳ 1/2022-2023 khác biệt như thế nào?,quy định phân loại đối với các học phần từ học kỳ 1/2021-2022 đến học kỳ 1/2022-2023 có gì đặc biệt?,257
Đặc điểm riêng của quy định phân loại học phần áp dụng từ học kỳ 1/2021-2022 đến hết học kỳ 1/2022-2023 là gì?,quy định phân loại đối với các học phần từ học kỳ 1/2021-2022 đến học kỳ 1/2022-2023 có gì đặc biệt?,257
Bạn có thể giải thích các điểm đặc biệt trong quy định phân loại học phần của hai học kỳ từ 1/2021 đến 1/2023 không?,quy định phân loại đối với các học phần từ học kỳ 1/2021-2022 đến học kỳ 1/2022-2023 có gì đặc biệt?,257
Quy trình phân loại học phần giai đoạn từ học kỳ 1/2021-2022 đến học kỳ 1/2022-2023 có gì khác lạ?,quy định phân loại đối với các học phần từ học kỳ 1/2021-2022 đến học kỳ 1/2022-2023 có gì đặc biệt?,257
"Một sinh viên đạt điểm chữ D sẽ được xếp loại là ""đạt"" vào thời điểm nào?","một sinh viên đạt điểm chữ d sẽ được phân loại là ""đạt"" khi nào?",258
"Khi nào thì sinh viên có điểm chữ D vẫn được công nhận là ""đạt""?","một sinh viên đạt điểm chữ d sẽ được phân loại là ""đạt"" khi nào?",258
"Điều kiện để sinh viên đạt điểm D được phân loại ""đạt"" là gì?","một sinh viên đạt điểm chữ d sẽ được phân loại là ""đạt"" khi nào?",258
"Điểm chữ D của sinh viên sẽ được coi là ""đạt"" khi nào?","một sinh viên đạt điểm chữ d sẽ được phân loại là ""đạt"" khi nào?",258
"Làm thế nào để một sinh viên có điểm D được xếp hạng ""đạt""?","một sinh viên đạt điểm chữ d sẽ được phân loại là ""đạt"" khi nào?",258
"Điểm chữ nào biểu thị mức 0,0 trên thang điểm 4?","điểm chữ nào tương ứng với mức 0,0 trên thang điểm 4?",259
"Chữ nào tương ứng với giá trị 0,0 trong thang đo 4 điểm?","điểm chữ nào tương ứng với mức 0,0 trên thang điểm 4?",259
"Làm thế nào để tìm điểm chữ đại diện cho mức 0,0 trên thang 4?","điểm chữ nào tương ứng với mức 0,0 trên thang điểm 4?",259
"Trong thang điểm 4, điểm chữ nào khớp với con số 0,0?","điểm chữ nào tương ứng với mức 0,0 trên thang điểm 4?",259
"Bạn có thể chỉ ra chữ nào tương đương với mức 0,0 trên thang 4 không?","điểm chữ nào tương ứng với mức 0,0 trên thang điểm 4?",259
"Với thang điểm 4, mức điểm cao nhất là 4,0 thì tương ứng với khoảng điểm 10 nào?","thang điểm 4 đạt mức tối đa là 4,0 tương ứng với khoảng điểm 10 nào?",260
"Khi thang điểm tối đa là 4,0 trong thang điểm 4, thì nó nằm trong khoảng điểm 10 nào?","thang điểm 4 đạt mức tối đa là 4,0 tương ứng với khoảng điểm 10 nào?",260
"Mức điểm 4,0 trên thang 4 sẽ được quy đổi tương ứng với khoảng điểm 10 cụ thể là bao nhiêu?","thang điểm 4 đạt mức tối đa là 4,0 tương ứng với khoảng điểm 10 nào?",260
"Nếu thang điểm 4 có điểm tối đa là 4,0 thì tương đương với khoảng giá trị 10 nào?","thang điểm 4 đạt mức tối đa là 4,0 tương ứng với khoảng điểm 10 nào?",260
"Điểm 4,0 thuộc thang điểm 4 thì sẽ tương ứng với khoảng điểm 10 nào?","thang điểm 4 đạt mức tối đa là 4,0 tương ứng với khoảng điểm 10 nào?",260
Quy định về cách tính điểm trung bình học kỳ (đtbhk) như thế nào?,công thức tính điểm trung bình học kỳ (đtbhk) được quy định như thế nào?,261
Công thức để ra điểm trung bình học kỳ được quy định ra sao?,công thức tính điểm trung bình học kỳ (đtbhk) được quy định như thế nào?,261
Nhà trường tính điểm trung bình học kỳ theo công thức nào?,công thức tính điểm trung bình học kỳ (đtbhk) được quy định như thế nào?,261
Điểm trung bình học kỳ được quy định tính theo công thức gì?,công thức tính điểm trung bình học kỳ (đtbhk) được quy định như thế nào?,261
Công thức tính điểm trung bình học kỳ (đtbhk) hiện hành là gì?,công thức tính điểm trung bình học kỳ (đtbhk) được quy định như thế nào?,261
Lớp học phần được định nghĩa ra sao?,lớp học phần được định nghĩa như thế nào?,262
Làm thế nào để định nghĩa một lớp học phần?,lớp học phần được định nghĩa như thế nào?,262
Định nghĩa của lớp học phần là gì?,lớp học phần được định nghĩa như thế nào?,262
Chúng ta hiểu lớp học phần như thế nào trong định nghĩa?,lớp học phần được định nghĩa như thế nào?,262
Nội dung định nghĩa của lớp học phần bao gồm những gì?,lớp học phần được định nghĩa như thế nào?,262
Yếu tố nào quyết định số lượng sinh viên tối đa của một lớp học phần?,số lượng sinh viên tối đa của một lớp học phần bị giới hạn bởi yếu tố nào?,263
Có những yếu tố nào giới hạn số lượng sinh viên tối đa trong một lớp học phần?,số lượng sinh viên tối đa của một lớp học phần bị giới hạn bởi yếu tố nào?,263
Số lượng sinh viên tối đa của một lớp học phần bị phụ thuộc vào yếu tố gì?,số lượng sinh viên tối đa của một lớp học phần bị giới hạn bởi yếu tố nào?,263
Yếu tố nào làm giới hạn số chỗ ngồi tối đa cho một lớp học phần?,số lượng sinh viên tối đa của một lớp học phần bị giới hạn bởi yếu tố nào?,263
"Khi lập kế hoạch, yếu tố nào ảnh hưởng đến con số sinh viên tối đa của một lớp?",số lượng sinh viên tối đa của một lớp học phần bị giới hạn bởi yếu tố nào?,263
Sẽ ra sao nếu số sinh viên đăng ký ít hơn con số tối thiểu theo quy định?,điều gì xảy ra nếu số lượng sinh viên đăng ký thấp hơn mức tối thiểu quy định?,264
Khi nào thì việc đăng ký của sinh viên bị coi là không đủ so với yêu cầu?,điều gì xảy ra nếu số lượng sinh viên đăng ký thấp hơn mức tối thiểu quy định?,264
Hậu quả sẽ thế nào nếu lượng sinh viên tham gia thấp hơn mức quy định?,điều gì xảy ra nếu số lượng sinh viên đăng ký thấp hơn mức tối thiểu quy định?,264
Nếu số người đăng ký không đạt đến ngưỡng tối thiểu thì sẽ xảy ra chuyện gì?,điều gì xảy ra nếu số lượng sinh viên đăng ký thấp hơn mức tối thiểu quy định?,264
Trường hợp nào được xem là đăng ký sinh viên không đủ số lượng theo quy định?,điều gì xảy ra nếu số lượng sinh viên đăng ký thấp hơn mức tối thiểu quy định?,264
Trung bình mỗi môn đại cương và chính trị có bao nhiêu sinh viên đăng ký?,số lượng sinh viên trung bình cho các môn đại cương và chính trị là bao nhiêu?,265
Số lượng sinh viên học chung cho các môn đại cương lẫn chính trị là bao nhiêu?,số lượng sinh viên trung bình cho các môn đại cương và chính trị là bao nhiêu?,265
Bình quân số sinh viên tham gia các môn đại cương và môn chính trị là bao nhiêu người?,số lượng sinh viên trung bình cho các môn đại cương và chính trị là bao nhiêu?,265
Các môn đại cương và chính trị thường có trung bình bao nhiêu sinh viên theo học?,số lượng sinh viên trung bình cho các môn đại cương và chính trị là bao nhiêu?,265
"Trung bình mỗi kỳ, các môn đại cương và chính trị đón bao nhiêu sinh viên?",số lượng sinh viên trung bình cho các môn đại cương và chính trị là bao nhiêu?,265
Quy định về số lượng sinh viên cho các học phần diễn ra tại giảng đường là như thế nào?,quy định về số lượng sinh viên đối với các học phần tổ chức tại giảng đường như thế nào?,266
Có quy định gì về giới hạn số lượng sinh viên tham gia học phần được tổ chức trong giảng đường không?,quy định về số lượng sinh viên đối với các học phần tổ chức tại giảng đường như thế nào?,266
Số lượng sinh viên được phép tham gia học phần tại giảng đường được quy định ra sao?,quy định về số lượng sinh viên đối với các học phần tổ chức tại giảng đường như thế nào?,266
Học phần tổ chức ở giảng đường thì quy định về số lượng sinh viên như thế nào?,quy định về số lượng sinh viên đối với các học phần tổ chức tại giảng đường như thế nào?,266
"Đối với các học phần tổ chức tại giảng đường, quy định về số lượng sinh viên là gì?",quy định về số lượng sinh viên đối với các học phần tổ chức tại giảng đường như thế nào?,266
Trung bình mỗi môn cơ sở ngành có bao nhiêu sinh viên đăng ký?,số lượng sinh viên trung bình cho các môn cơ sở ngành là bao nhiêu?,267
Số lượng sinh viên trung bình cho các môn cơ sở ngành là bao nhiêu?,số lượng sinh viên trung bình cho các môn cơ sở ngành là bao nhiêu?,267
Các môn cơ sở ngành thường có bao nhiêu sinh viên theo trung bình?,số lượng sinh viên trung bình cho các môn cơ sở ngành là bao nhiêu?,267
Bình quân mỗi môn cơ sở ngành nhận được bao nhiêu sinh viên?,số lượng sinh viên trung bình cho các môn cơ sở ngành là bao nhiêu?,267
Trung bình một môn cơ sở ngành có bao nhiêu học viên tham gia?,số lượng sinh viên trung bình cho các môn cơ sở ngành là bao nhiêu?,267
Trung bình mỗi môn chuyên ngành và ngoại ngữ có bao nhiêu sinh viên đăng ký?,số lượng sinh viên trung bình cho các môn chuyên ngành và ngoại ngữ là bao nhiêu?,268
Số lượng sinh viên trung bình cho từng môn chuyên ngành cũng như môn ngoại ngữ là bao nhiêu?,số lượng sinh viên trung bình cho các môn chuyên ngành và ngoại ngữ là bao nhiêu?,268
Có bao nhiêu sinh viên được phân bổ trung bình cho các lớp chuyên ngành và ngoại ngữ?,số lượng sinh viên trung bình cho các môn chuyên ngành và ngoại ngữ là bao nhiêu?,268
Mức trung bình về số sinh viên cho mỗi môn học thuộc lĩnh vực chuyên ngành và ngoại ngữ là bao nhiêu?,số lượng sinh viên trung bình cho các môn chuyên ngành và ngoại ngữ là bao nhiêu?,268
"Đối với các môn chuyên ngành và ngoại ngữ, con số sinh viên trung bình là bao nhiêu?",số lượng sinh viên trung bình cho các môn chuyên ngành và ngoại ngữ là bao nhiêu?,268
Cần tối thiểu bao nhiêu sinh viên để tổ chức lớp cho các môn đại cương và chính trị?,số lượng sinh viên tối thiểu để tổ chức lớp cho các môn đại cương và chính trị là bao nhiêu?,269
Số lượng sinh viên ít nhất cần có để mở lớp các môn đại cương và chính trị là bao nhiêu?,số lượng sinh viên tối thiểu để tổ chức lớp cho các môn đại cương và chính trị là bao nhiêu?,269
"Đối với các môn đại cương và chính trị, ngưỡng tối thiểu về số lượng sinh viên để tổ chức lớp là bao nhiêu?",số lượng sinh viên tối thiểu để tổ chức lớp cho các môn đại cương và chính trị là bao nhiêu?,269
Các môn đại cương và chính trị cần bao nhiêu sinh viên là tối thiểu thì mới được tổ chức lớp?,số lượng sinh viên tối thiểu để tổ chức lớp cho các môn đại cương và chính trị là bao nhiêu?,269
Mức sinh viên tối thiểu cần đạt để tổ chức lớp cho phần môn đại cương và chính trị là bao nhiêu?,số lượng sinh viên tối thiểu để tổ chức lớp cho các môn đại cương và chính trị là bao nhiêu?,269
Số lượng sinh viên tối thiểu cần có để mở các môn chuyên ngành hẹp là bao nhiêu?,mức sinh viên tối thiểu để mở lớp cho các môn chuyên ngành hẹp là bao nhiêu?,270
Nhà trường yêu cầu bao nhiêu sinh viên mới đủ điều kiện mở một môn học chuyên sâu?,mức sinh viên tối thiểu để mở lớp cho các môn chuyên ngành hẹp là bao nhiêu?,270
"Để tổ chức được các môn chuyên ngành hẹp, mức sinh viên tối thiểu là bao nhiêu em?",mức sinh viên tối thiểu để mở lớp cho các môn chuyên ngành hẹp là bao nhiêu?,270
Có cần bao nhiêu sinh viên đăng ký thì mới được phép mở các lớp chuyên ngành hẹp không?,mức sinh viên tối thiểu để mở lớp cho các môn chuyên ngành hẹp là bao nhiêu?,270
Tiêu chí về số lượng sinh viên tối thiểu để khởi động các môn chuyên ngành hẹp là gì?,mức sinh viên tối thiểu để mở lớp cho các môn chuyên ngành hẹp là bao nhiêu?,270
Số sinh viên tối thiểu cần có để tổ chức lớp cho các môn học thông thường (không phải đại cương hay chuyên ngành hẹp) là bao nhiêu?,số lượng sinh viên tối thiểu để tổ chức lớp cho các môn học thông thường (không phải đại cương hay chuyên ngành hẹp) là bao nhiêu?,271
"Với các môn học thông thường, loại trừ đại cương và chuyên ngành hẹp, thì mức sinh viên ít nhất để tổ chức lớp là bao nhiêu?",số lượng sinh viên tối thiểu để tổ chức lớp cho các môn học thông thường (không phải đại cương hay chuyên ngành hẹp) là bao nhiêu?,271
"Đối với những môn học phổ thông (không tính môn đại cương hoặc chuyên ngành hẹp), nhà trường yêu cầu số lượng sinh viên tối thiểu là bao nhiêu mới tổ chức được lớp?",số lượng sinh viên tối thiểu để tổ chức lớp cho các môn học thông thường (không phải đại cương hay chuyên ngành hẹp) là bao nhiêu?,271
"Làm thế nào để xác định số sinh viên tối thiểu cần thiết để tổ chức lớp cho các môn học thông thường, loại trừ môn đại cương và chuyên ngành hẹp?",số lượng sinh viên tối thiểu để tổ chức lớp cho các môn học thông thường (không phải đại cương hay chuyên ngành hẹp) là bao nhiêu?,271
Mức sinh viên ít nhất để được tổ chức lớp cho các môn học thường xuyên (không phải môn đại cương hay chuyên ngành hẹp) là bao nhiêu bạn nhỉ?,số lượng sinh viên tối thiểu để tổ chức lớp cho các môn học thông thường (không phải đại cương hay chuyên ngành hẹp) là bao nhiêu?,271
Quy định về việc mở lớp cho những ngành có tổng số sinh viên dưới 30 là như thế nào?,quy định mở lớp đối với các ngành có tổng số sinh viên ít hơn 30 là gì?,272
Ngành nào có tổng số sinh viên ít hơn 30 thì được phép mở lớp theo quy định ra sao?,quy định mở lớp đối với các ngành có tổng số sinh viên ít hơn 30 là gì?,272
"Theo quy định, việc mở lớp đối với các ngành mà tổng số sinh viên chưa đầy 30 được thực hiện thế nào?",quy định mở lớp đối với các ngành có tổng số sinh viên ít hơn 30 là gì?,272
Quy định cụ thể cho việc tổ chức mở lớp tại các ngành có số sinh viên dưới ngưỡng 30 là gì?,quy định mở lớp đối với các ngành có tổng số sinh viên ít hơn 30 là gì?,272
Làm thế nào về mặt quy định đối với các ngành có tổng số sinh viên ít hơn 30 khi muốn mở lớp?,quy định mở lớp đối với các ngành có tổng số sinh viên ít hơn 30 là gì?,272
Bộ phận nào có thẩm quyền phê duyệt việc mở lớp khi có các tình huống đặc biệt?,đơn vị nào chịu trách nhiệm xem xét mở lớp trong các trường hợp đặc biệt?,273
"Trong những trường hợp đặc biệt, đơn vị nào sẽ trực tiếp xem xét để mở lớp?",đơn vị nào chịu trách nhiệm xem xét mở lớp trong các trường hợp đặc biệt?,273
Ai là người chịu trách nhiệm xem xét và quyết định mở lớp trong các tình huống đặc biệt?,đơn vị nào chịu trách nhiệm xem xét mở lớp trong các trường hợp đặc biệt?,273
"Khi phát sinh các trường hợp đặc biệt, tổ chức nào sẽ được giao nhiệm vụ xem xét việc mở lớp?",đơn vị nào chịu trách nhiệm xem xét mở lớp trong các trường hợp đặc biệt?,273
Đơn vị nào có quyền xem xét để tổ chức thêm các lớp học trong những trường hợp đặc biệt?,đơn vị nào chịu trách nhiệm xem xét mở lớp trong các trường hợp đặc biệt?,273
Mỗi nhóm có bao nhiêu sinh viên tham gia thực tập giáo dục quốc phòng?,số lượng sinh viên mỗi nhóm đối với thực tập giáo dục quốc phòng là bao nhiêu?,274
Tổng số sinh viên của mỗi nhóm trong đợt thực tập giáo dục quốc phòng là bao nhiêu?,số lượng sinh viên mỗi nhóm đối với thực tập giáo dục quốc phòng là bao nhiêu?,274
Cho biết số lượng sinh viên được phân bổ cho mỗi nhóm thực tập giáo dục quốc phòng.,số lượng sinh viên mỗi nhóm đối với thực tập giáo dục quốc phòng là bao nhiêu?,274
Mỗi nhóm thực hiện thực tập giáo dục quốc phòng có bao nhiêu thành viên sinh viên?,số lượng sinh viên mỗi nhóm đối với thực tập giáo dục quốc phòng là bao nhiêu?,274
Số sinh viên tham gia thực tập giáo dục quốc phòng của từng nhóm là bao nhiêu?,số lượng sinh viên mỗi nhóm đối với thực tập giáo dục quốc phòng là bao nhiêu?,274
Quy định về số thành viên trong mỗi nhóm cho môn Giáo dục thể chất là bao nhiêu?,quy định về số lượng sinh viên mỗi nhóm cho môn giáo dục thể chất là bao nhiêu?,275
Số lượng sinh viên được phân vào mỗi nhóm môn Giáo dục thể chất theo quy định là bao nhiêu người?,quy định về số lượng sinh viên mỗi nhóm cho môn giáo dục thể chất là bao nhiêu?,275
Môn Giáo dục thể chất quy định mỗi nhóm phải có bao nhiêu sinh viên?,quy định về số lượng sinh viên mỗi nhóm cho môn giáo dục thể chất là bao nhiêu?,275
"Theo quy định, mỗi nhóm môn Giáo dục thể chất sẽ bao gồm bao nhiêu sinh viên?",quy định về số lượng sinh viên mỗi nhóm cho môn giáo dục thể chất là bao nhiêu?,275
Quy định về quy mô nhóm cho môn Giáo dục thể chất là bao nhiêu sinh viên?,quy định về số lượng sinh viên mỗi nhóm cho môn giáo dục thể chất là bao nhiêu?,275
Mỗi nhóm được phân công bao nhiêu sinh viên để thực tập hoặc làm thí nghiệm xưởng cho các môn đại cương?,số lượng sinh viên mỗi nhóm cho thực tập hoặc thí nghiệm xưởng các môn đại cương là bao nhiêu?,276
Số lượng sinh viên tham gia thực tập hay thí nghiệm xưởng các môn đại cương của mỗi nhóm là bao nhiêu?,số lượng sinh viên mỗi nhóm cho thực tập hoặc thí nghiệm xưởng các môn đại cương là bao nhiêu?,276
"Đối với các môn đại cương, mỗi nhóm cần bao nhiêu sinh viên cho công tác thực tập hoặc thí nghiệm xưởng?",số lượng sinh viên mỗi nhóm cho thực tập hoặc thí nghiệm xưởng các môn đại cương là bao nhiêu?,276
"Trong các môn đại cương, số sinh viên mỗi nhóm được giao để làm thí nghiệm xưởng hoặc thực tập là bao nhiêu?",số lượng sinh viên mỗi nhóm cho thực tập hoặc thí nghiệm xưởng các môn đại cương là bao nhiêu?,276
Mỗi nhóm thực hiện thực tập hoặc thí nghiệm xưởng các môn đại cương thì số lượng sinh viên tham gia là bao nhiêu?,số lượng sinh viên mỗi nhóm cho thực tập hoặc thí nghiệm xưởng các môn đại cương là bao nhiêu?,276
Mỗi nhóm sẽ có bao nhiêu sinh viên tham gia thực tập hoặc làm thí nghiệm xưởng cho các môn chuyên ngành?,số lượng sinh viên mỗi nhóm cho thực tập hoặc thí nghiệm xưởng các môn chuyên ngành là bao nhiêu?,277
Số lượng sinh viên được phân vào mỗi nhóm để thực hiện thực tập hay thí nghiệm xưởng các môn chuyên ngành là bao nhiêu?,số lượng sinh viên mỗi nhóm cho thực tập hoặc thí nghiệm xưởng các môn chuyên ngành là bao nhiêu?,277
"Khi thực hiện thực tập hoặc thí nghiệm xưởng các môn chuyên ngành, mỗi nhóm cần bao nhiêu sinh viên?",số lượng sinh viên mỗi nhóm cho thực tập hoặc thí nghiệm xưởng các môn chuyên ngành là bao nhiêu?,277
Bạn cho biết mỗi nhóm thực tập hoặc thí nghiệm xưởng các môn chuyên ngành có bao nhiêu sinh viên tham gia không?,số lượng sinh viên mỗi nhóm cho thực tập hoặc thí nghiệm xưởng các môn chuyên ngành là bao nhiêu?,277
Tổng số sinh viên cho mỗi nhóm trong các môn chuyên ngành (thực tập hoặc thí nghiệm xưởng) là bao nhiêu?,số lượng sinh viên mỗi nhóm cho thực tập hoặc thí nghiệm xưởng các môn chuyên ngành là bao nhiêu?,277
Số lượng thành viên trong nhóm thực tập xưởng dành cho lớp chính quy chất lượng cao được quy định là bao nhiêu?,quy định sĩ số nhóm thực tập xưởng đối với lớp chính quy chất lượng cao là bao nhiêu?,278
"Đối với lớp chính quy chất lượng cao, quy định về sĩ số của nhóm thực tập xưởng là bao nhiêu người?",quy định sĩ số nhóm thực tập xưởng đối với lớp chính quy chất lượng cao là bao nhiêu?,278
Lớp chính quy chất lượng cao có quy định sĩ số nhóm thực tập xưởng cụ thể là bao nhiêu không?,quy định sĩ số nhóm thực tập xưởng đối với lớp chính quy chất lượng cao là bao nhiêu?,278
Bạn có biết quy định sĩ số nhóm thực tập xưởng dành riêng cho lớp chính quy chất lượng cao là bao nhiêu không?,quy định sĩ số nhóm thực tập xưởng đối với lớp chính quy chất lượng cao là bao nhiêu?,278
Sĩ số tối đa hoặc tối thiểu được quy định cho mỗi nhóm thực tập xưởng của lớp chính quy chất lượng cao là bao nhiêu?,quy định sĩ số nhóm thực tập xưởng đối với lớp chính quy chất lượng cao là bao nhiêu?,278
Tối thiểu cần bao nhiêu sinh viên để tổ chức được lớp thực tập giáo dục quốc phòng?,số lượng sinh viên tối thiểu để tổ chức lớp thực tập giáo dục quốc phòng là bao nhiêu?,279
Số lượng sinh viên ít nhất cần có mặt để tổ chức lớp thực tập giáo dục quốc phòng là bao nhiêu?,số lượng sinh viên tối thiểu để tổ chức lớp thực tập giáo dục quốc phòng là bao nhiêu?,279
Làm thế nào để xác định con số sinh viên tối thiểu cho một lớp thực tập giáo dục quốc phòng?,số lượng sinh viên tối thiểu để tổ chức lớp thực tập giáo dục quốc phòng là bao nhiêu?,279
"Để tổ chức lớp thực tập giáo dục quốc phòng, chúng ta cần tối thiểu bao nhiêu người?",số lượng sinh viên tối thiểu để tổ chức lớp thực tập giáo dục quốc phòng là bao nhiêu?,279
Giới hạn dưới về số lượng sinh viên để tổ chức lớp thực tập giáo dục quốc phòng là bao nhiêu?,số lượng sinh viên tối thiểu để tổ chức lớp thực tập giáo dục quốc phòng là bao nhiêu?,279
Cần có ít nhất bao nhiêu sinh viên để tổ chức được buổi thực hành giáo dục thể chất?,số lượng sinh viên tối thiểu để tổ chức lớp thực hành giáo dục thể chất là bao nhiêu?,280
Số lượng sinh viên ít nhất cho lớp thực hành môn thể dục là bao nhiêu?,số lượng sinh viên tối thiểu để tổ chức lớp thực hành giáo dục thể chất là bao nhiêu?,280
"Để tổ chức lớp thực hành giáo dục thể chất được, cần tối thiểu bao nhiêu bạn?",số lượng sinh viên tối thiểu để tổ chức lớp thực hành giáo dục thể chất là bao nhiêu?,280
Mức sinh viên tối thiểu cần thiết để diễn ra buổi thực hành thể chất là bao nhiêu?,số lượng sinh viên tối thiểu để tổ chức lớp thực hành giáo dục thể chất là bao nhiêu?,280
Tổ chức lớp thực hành thể dục thì cần bao nhiêu sinh viên ít nhất?,số lượng sinh viên tối thiểu để tổ chức lớp thực hành giáo dục thể chất là bao nhiêu?,280
Lớp thực tập xưởng cho các môn đại cương và cơ sở ngành cần có tối thiểu bao nhiêu sinh viên?,số lượng sinh viên tối thiểu cho lớp thực tập xưởng các môn đại cương và cơ sở ngành là bao nhiêu?,281
Số lượng sinh viên ít nhất để tổ chức lớp thực tập xưởng các môn đại cương và cơ sở ngành là bao nhiêu?,số lượng sinh viên tối thiểu cho lớp thực tập xưởng các môn đại cương và cơ sở ngành là bao nhiêu?,281
"Đối với các môn đại cương và cơ sở ngành, ngưỡng tối thiểu số lượng sinh viên cho lớp thực tập xưởng là bao nhiêu?",số lượng sinh viên tối thiểu cho lớp thực tập xưởng các môn đại cương và cơ sở ngành là bao nhiêu?,281
"Khi tổ chức thực tập xưởng các môn đại cương và cơ sở ngành, nhà trường yêu cầu tối thiểu bao nhiêu sinh viên tham gia?",số lượng sinh viên tối thiểu cho lớp thực tập xưởng các môn đại cương và cơ sở ngành là bao nhiêu?,281
Mức tối thiểu về số lượng sinh viên cần thiết cho lớp thực tập xưởng các môn đại cương và cơ sở ngành là bao nhiêu?,số lượng sinh viên tối thiểu cho lớp thực tập xưởng các môn đại cương và cơ sở ngành là bao nhiêu?,281
Lớp thực tập xưởng các môn chuyên ngành cần tối thiểu bao nhiêu sinh viên?,số lượng sinh viên tối thiểu cho lớp thực tập xưởng các môn chuyên ngành là bao nhiêu?,282
Số sinh viên tối thiểu để thành lập lớp thực tập xưởng các môn chuyên ngành là bao nhiêu?,số lượng sinh viên tối thiểu cho lớp thực tập xưởng các môn chuyên ngành là bao nhiêu?,282
Các môn chuyên ngành có yêu cầu tối thiểu bao nhiêu sinh viên cho lớp thực tập xưởng không?,số lượng sinh viên tối thiểu cho lớp thực tập xưởng các môn chuyên ngành là bao nhiêu?,282
Làm sao để biết số lượng sinh viên tối thiểu cho lớp thực tập xưởng các môn chuyên ngành?,số lượng sinh viên tối thiểu cho lớp thực tập xưởng các môn chuyên ngành là bao nhiêu?,282
Tiêu chuẩn về số sinh viên tối thiểu cho lớp thực tập xưởng các môn chuyên ngành là bao nhiêu?,số lượng sinh viên tối thiểu cho lớp thực tập xưởng các môn chuyên ngành là bao nhiêu?,282
Chương trình chất lượng cao yêu cầu tối thiểu bao nhiêu sinh viên để tổ chức được lớp thực tập xưởng?,sĩ số tối thiểu để tổ chức lớp thực tập xưởng cho chương trình chất lượng cao là bao nhiêu?,283
Số lượng học viên ít nhất cần có để diễn ra lớp thực tập xưởng trong chương trình chất lượng cao là bao nhiêu?,sĩ số tối thiểu để tổ chức lớp thực tập xưởng cho chương trình chất lượng cao là bao nhiêu?,283
Làm sao để biết sĩ số tối thiểu cho lớp thực tập xưởng của chương trình chất lượng cao?,sĩ số tối thiểu để tổ chức lớp thực tập xưởng cho chương trình chất lượng cao là bao nhiêu?,283
"Theo quy định, cần bao nhiêu người tham gia là đủ để tổ chức lớp thực tập xưởng cho chương trình chất lượng cao?",sĩ số tối thiểu để tổ chức lớp thực tập xưởng cho chương trình chất lượng cao là bao nhiêu?,283
Chương trình chất lượng cao quy định mức sàn về số lượng sinh viên cho lớp thực tập xưởng là bao nhiêu?,sĩ số tối thiểu để tổ chức lớp thực tập xưởng cho chương trình chất lượng cao là bao nhiêu?,283
Có quy định về mức sinh viên tối thiểu cho việc thực tập sư phạm không?,có quy định số lượng sinh viên tối thiểu đối với thực tập sư phạm không?,284
Ngành sư phạm có yêu cầu số lượng sinh viên tối thiểu khi thực tập không?,có quy định số lượng sinh viên tối thiểu đối với thực tập sư phạm không?,284
Quy định về con số tối thiểu sinh viên tham gia thực tập sư phạm là bao nhiêu?,có quy định số lượng sinh viên tối thiểu đối với thực tập sư phạm không?,284
Việc thực tập sư phạm có đặt ra giới hạn tối thiểu về số lượng sinh viên hay không?,có quy định số lượng sinh viên tối thiểu đối với thực tập sư phạm không?,284
"Đối với thực tập sư phạm, có quy định tối thiểu số sinh viên cần tham gia không?",có quy định số lượng sinh viên tối thiểu đối với thực tập sư phạm không?,284
Sinh viên chậm tiến độ và nợ một số học phần thì có thể được mở lớp hỗ trợ không?,sinh viên trễ tiến độ và nợ ít học phần được hỗ trợ mở lớp như thế nào?,285
"Đối với sinh viên bị trễ hạn và nợ tín chỉ, quy trình đăng ký mở lớp lại được diễn ra như thế nào?",sinh viên trễ tiến độ và nợ ít học phần được hỗ trợ mở lớp như thế nào?,285
Làm thế nào để sinh viên nợ học phần và chưa kịp tiến độ được nhà trường cho mở lớp?,sinh viên trễ tiến độ và nợ ít học phần được hỗ trợ mở lớp như thế nào?,285
"Nếu sinh viên trễ tiến độ và nợ ít môn, cần làm gì để được hỗ trợ mở lớp?",sinh viên trễ tiến độ và nợ ít học phần được hỗ trợ mở lớp như thế nào?,285
Quy định về việc mở lớp cho sinh viên có tình trạng trễ hạn và nợ học phần là gì?,sinh viên trễ tiến độ và nợ ít học phần được hỗ trợ mở lớp như thế nào?,285
Hậu quả sẽ ra sao nếu sinh viên không tham dự học phần đã đăng ký mà không thực hiện việc rút theo quy định?,hậu quả của việc không đi học học phần đã đăng ký mà không rút bớt theo quy định là gì?,286
Nếu không rút học phần đã đăng ký theo quy định thì sinh viên sẽ bị xử lý như thế nào?,hậu quả của việc không đi học học phần đã đăng ký mà không rút bớt theo quy định là gì?,286
Sinh viên sẽ gặp phải những gì khi bỏ học một môn đã đăng ký mà không làm thủ tục rút đúng quy trình?,hậu quả của việc không đi học học phần đã đăng ký mà không rút bớt theo quy định là gì?,286
Việc không đi học nhưng không nộp đơn rút học phần sẽ dẫn đến hệ quả gì cho sinh viên?,hậu quả của việc không đi học học phần đã đăng ký mà không rút bớt theo quy định là gì?,286
"Theo quy định, hậu quả của trường hợp sinh viên vắng mặt ở lớp và không rút môn đăng ký là gì?",hậu quả của việc không đi học học phần đã đăng ký mà không rút bớt theo quy định là gì?,286
Khoảng thời gian nào sinh viên được giảm học phần online và không cần đóng học phí?,sinh viên được rút bớt học phần qua mạng và không phải đóng học phí trong khoảng thời gian nào?,287
Sinh viên có thể được miễn học phí cho những học phần rút gọn qua mạng trong giai đoạn nào?,sinh viên được rút bớt học phần qua mạng và không phải đóng học phí trong khoảng thời gian nào?,287
Trường cho phép sinh viên rút bớt môn học qua mạng và không đóng tiền trong thời gian bao lâu?,sinh viên được rút bớt học phần qua mạng và không phải đóng học phí trong khoảng thời gian nào?,287
Khi nào thì sinh viên được phép cắt giảm số lượng học phần trực tuyến mà không phải trả học phí?,sinh viên được rút bớt học phần qua mạng và không phải đóng học phí trong khoảng thời gian nào?,287
Thời điểm nào sinh viên có thể giảm học phần qua mạng và được miễn đóng tiền học?,sinh viên được rút bớt học phần qua mạng và không phải đóng học phí trong khoảng thời gian nào?,287
Thời điểm nào cho phép rút bớt học phần sau giai đoạn điều chỉnh đăng ký?,thời gian cho phép rút bớt học phần sau giai đoạn điều chỉnh đăng ký là khi nào?,288
Khi nào sinh viên được phép hủy một số học phần sau khi đã hoàn thành việc đăng ký và điều chỉnh?,thời gian cho phép rút bớt học phần sau giai đoạn điều chỉnh đăng ký là khi nào?,288
Giai đoạn nào cho phép giảm số lượng học phần sau bước điều chỉnh đăng ký?,thời gian cho phép rút bớt học phần sau giai đoạn điều chỉnh đăng ký là khi nào?,288
Bạn cho biết thời gian nào được phép rút môn học sau khi kết thúc quy trình điều chỉnh đăng ký?,thời gian cho phép rút bớt học phần sau giai đoạn điều chỉnh đăng ký là khi nào?,288
Sinh viên có thể rút bớt học phần sau giai đoạn điều chỉnh đăng ký vào lúc nào?,thời gian cho phép rút bớt học phần sau giai đoạn điều chỉnh đăng ký là khi nào?,288
Học phí sẽ thay đổi như thế nào nếu sinh viên rút bớt học phần vào tuần thứ 5 của học kỳ?,quy định về học phí khi sinh viên rút bớt học phần vào tuần thứ 5 của học kỳ là gì?,289
Quy định về mức học phí cho sinh viên giảm học phần vào tuần thứ 5 của học kỳ là gì?,quy định về học phí khi sinh viên rút bớt học phần vào tuần thứ 5 của học kỳ là gì?,289
Khi sinh viên rút bớt môn học vào tuần thứ 5 của học kỳ thì chế độ học phí được áp dụng ra sao?,quy định về học phí khi sinh viên rút bớt học phần vào tuần thứ 5 của học kỳ là gì?,289
Tôi muốn biết quy định về học phí trong trường hợp sinh viên xin rút bớt học phần vào tuần thứ 5 của học kỳ.,quy định về học phí khi sinh viên rút bớt học phần vào tuần thứ 5 của học kỳ là gì?,289
Mức học phí tính cho sinh viên rút bớt học phần vào tuần thứ 5 của học kỳ được quy định cụ thể như thế nào?,quy định về học phí khi sinh viên rút bớt học phần vào tuần thứ 5 của học kỳ là gì?,289
Trong trường hợp nào sinh viên buộc phải học lại học phần bắt buộc?,sinh viên phải học lại học phần bắt buộc trong điều kiện nào?,290
Điều kiện để sinh viên phải học lại môn học bắt buộc là gì?,sinh viên phải học lại học phần bắt buộc trong điều kiện nào?,290
Khi nào thì sinh viên cần phải học lại các học phần bắt buộc?,sinh viên phải học lại học phần bắt buộc trong điều kiện nào?,290
Bạn có thể cho biết những hoàn cảnh khiến sinh viên phải học lại học phần bắt buộc không?,sinh viên phải học lại học phần bắt buộc trong điều kiện nào?,290
Sinh viên sẽ phải học lại học phần bắt buộc khi nào?,sinh viên phải học lại học phần bắt buộc trong điều kiện nào?,290
"Sinh viên có điểm học phần tự chọn dưới 5,0 cần thực hiện các bước gì tiếp theo?","sinh viên có điểm học phần tự chọn dưới 5,0 thì phải làm gì?",291
"Khi điểm học phần tự chọn của sinh viên dưới 5,0 thì phải làm sao?","sinh viên có điểm học phần tự chọn dưới 5,0 thì phải làm gì?",291
"Đối với sinh viên có điểm môn tự chọn thấp hơn 5,0 thì quy định yêu cầu phải làm gì?","sinh viên có điểm học phần tự chọn dưới 5,0 thì phải làm gì?",291
"Nếu sinh viên đạt dưới 5,0 ở học phần tự chọn, hành động bắt buộc là gì?","sinh viên có điểm học phần tự chọn dưới 5,0 thì phải làm gì?",291
"Sinh viên bị điểm dưới 5,0 tại học phần tự chọn cần xử lý tình huống ra sao?","sinh viên có điểm học phần tự chọn dưới 5,0 thì phải làm gì?",291
Điểm chính thức của học phần được tính ra sao sau khi học lại?,điểm chính thức của học phần được tính như thế nào sau khi học lại?,292
"Khi học lại, điểm chính thức của học phần sẽ được xác định thế nào?",điểm chính thức của học phần được tính như thế nào sau khi học lại?,292
Làm sao để biết điểm chính thức của học phần sau khi đã học lại?,điểm chính thức của học phần được tính như thế nào sau khi học lại?,292
Học phần học lại thì điểm chính thức được tính theo phương thức nào?,điểm chính thức của học phần được tính như thế nào sau khi học lại?,292
Kết quả học lại sẽ ảnh hưởng đến điểm chính thức của học phần ra sao?,điểm chính thức của học phần được tính như thế nào sau khi học lại?,292
Sinh viên đạt điểm học phần đã được cho phép đăng ký học lại chưa?,sinh viên đã đạt điểm học phần có được đăng ký học lại không?,293
Những sinh viên có điểm đạt trong học phần này có thể đăng ký học lại không?,sinh viên đã đạt điểm học phần có được đăng ký học lại không?,293
Liệu sinh viên đạt yêu cầu của học phần có được phép học lại lần nữa không?,sinh viên đã đạt điểm học phần có được đăng ký học lại không?,293
"Trường hợp sinh viên đã đạt điểm, họ có quyền đăng ký học lại môn đó hay không?",sinh viên đã đạt điểm học phần có được đăng ký học lại không?,293
"Sinh viên nào đạt điểm học phần thì được đăng ký học lại, hay chỉ sinh viên không đạt mới được?",sinh viên đã đạt điểm học phần có được đăng ký học lại không?,293
"Khi ôn tập nhiều lần nhằm cải thiện, nhà trường sẽ căn cứ vào kết quả nào để xét cho điểm môn học này?","khi học lại nhiều lần để cải thiện, điểm nào sẽ được lấy để đánh giá học phần?",294
"Nếu sinh viên học lại nhiều lần để nâng cao điểm, thì tiêu chí nào sẽ được dùng để chấm môn?","khi học lại nhiều lần để cải thiện, điểm nào sẽ được lấy để đánh giá học phần?",294
Điểm số của học phần này sẽ được lấy dựa trên kết quả lần học lại cuối cùng hay lần đầu?,"khi học lại nhiều lần để cải thiện, điểm nào sẽ được lấy để đánh giá học phần?",294
"Khi cải thiện điểm thông qua việc học lại, thì thành quả nào sẽ được tính vào điểm tổng kết môn học?","khi học lại nhiều lần để cải thiện, điểm nào sẽ được lấy để đánh giá học phần?",294
"Nếu sinh viên tự học lại nhiều lần để sửa lỗi, thì kết quả lần nào sẽ được ghi nhận để chấm môn?","khi học lại nhiều lần để cải thiện, điểm nào sẽ được lấy để đánh giá học phần?",294
Sinh viên cần làm những gì khi bị ốm trong thời gian học?,thủ tục cần thực hiện khi sinh viên nghỉ ốm trong quá trình học là gì?,295
Quy trình xử lý khi sinh viên nghỉ học vì lý do ốm đau như thế nào?,thủ tục cần thực hiện khi sinh viên nghỉ ốm trong quá trình học là gì?,295
Làm thủ tục nghỉ ốm khi đang học thì phải chuẩn bị gì?,thủ tục cần thực hiện khi sinh viên nghỉ ốm trong quá trình học là gì?,295
"Khi sinh viên bị bệnh cần nghỉ học, cần thực hiện các bước gì?",thủ tục cần thực hiện khi sinh viên nghỉ ốm trong quá trình học là gì?,295
Các bước để sinh viên được công nhận là nghỉ ốm trong học kỳ là gì?,thủ tục cần thực hiện khi sinh viên nghỉ ốm trong quá trình học là gì?,295
Sinh viên phải làm thế nào khi bị ốm vào đúng ngày thi?,sinh viên cần làm gì nếu nghỉ ốm đúng vào đợt thi?,296
"Nếu nghỉ học vì bệnh trong thời gian có bài thi, sinh viên cần xử lý ra sao?",sinh viên cần làm gì nếu nghỉ ốm đúng vào đợt thi?,296
"Trường hợp bị ốm vào kỳ thi, sinh viên cần thực hiện những gì?",sinh viên cần làm gì nếu nghỉ ốm đúng vào đợt thi?,296
"Khi bị đau ốm trùng với ngày thi, sinh viên cần làm gì để được miễn thi?",sinh viên cần làm gì nếu nghỉ ốm đúng vào đợt thi?,296
Làm sao để sinh viên được phép vắng mặt thi nếu có tình trạng sức khỏe xấu?,sinh viên cần làm gì nếu nghỉ ốm đúng vào đợt thi?,296
Đơn vị nào có trách nhiệm cập nhật danh sách sinh viên đăng ký môn học cho mỗi học kỳ?,đơn vị nào chịu trách nhiệm cập nhật danh sách sinh viên đăng ký môn học mỗi học kỳ?,297
Ai là nơi quản lý việc chỉnh sửa danh sách sinh viên chọn môn vào từng học kỳ?,đơn vị nào chịu trách nhiệm cập nhật danh sách sinh viên đăng ký môn học mỗi học kỳ?,297
Hãy cho biết bộ phận nào chịu trách nhiệm ghi nhận danh sách sinh viên đăng ký học phần mỗi kỳ?,đơn vị nào chịu trách nhiệm cập nhật danh sách sinh viên đăng ký môn học mỗi học kỳ?,297
Cơ quan nào đảm nhận nhiệm vụ làm mới danh sách sinh viên tham gia môn học mỗi học kỳ?,đơn vị nào chịu trách nhiệm cập nhật danh sách sinh viên đăng ký môn học mỗi học kỳ?,297
Làm thế nào để xác định đơn vị phụ trách cập nhật danh sách đăng ký môn của sinh viên mỗi kỳ?,đơn vị nào chịu trách nhiệm cập nhật danh sách sinh viên đăng ký môn học mỗi học kỳ?,297
"Sau khi hết hạn đào tạo, sinh viên còn được đăng ký học phần hay không?",sinh viên đã hết thời gian đào tạo có được đăng ký học phần không?,298
Sinh viên hết thời gian đào tạo thì có thể đăng ký học môn được không ạ?,sinh viên đã hết thời gian đào tạo có được đăng ký học phần không?,298
Có cho phép sinh viên vượt khung đào tạo vẫn đăng ký học các học phần mới không?,sinh viên đã hết thời gian đào tạo có được đăng ký học phần không?,298
Việc sinh viên hết hạn đào tạo có ảnh hưởng đến quyền đăng ký học phần hay không?,sinh viên đã hết thời gian đào tạo có được đăng ký học phần không?,298
"Nếu đã hết thời gian đào tạo, liệu sinh viên có tiếp tục được mở đăng ký học phần không?",sinh viên đã hết thời gian đào tạo có được đăng ký học phần không?,298
Sinh viên tạm thời ngừng học phải thực hiện những gì để được đăng ký lại học phần?,sinh viên tạm dừng học cần làm gì để được đăng ký học phần trở lại?,299
"Khi sinh viên tạm nghỉ học, cần làm thủ tục gì để tiếp tục đăng ký học phần?",sinh viên tạm dừng học cần làm gì để được đăng ký học phần trở lại?,299
"Để có thể đăng ký học phần trở lại, sinh viên tạm dừng học cần chuẩn bị những hồ sơ nào?",sinh viên tạm dừng học cần làm gì để được đăng ký học phần trở lại?,299
Quy trình đăng ký lại học phần dành cho sinh viên tạm ngừng học là như thế nào?,sinh viên tạm dừng học cần làm gì để được đăng ký học phần trở lại?,299
Sinh viên tạm nghỉ cần hoàn tất những yêu cầu gì nhằm được phép đăng ký học phần tiếp tục?,sinh viên tạm dừng học cần làm gì để được đăng ký học phần trở lại?,299
Việc tăng hay giảm học phí có tác động đến quyết định đăng ký môn học của sinh viên không?,tình trạng học phí có ảnh hưởng đến việc đăng ký môn học không?,300
Các em có thấy mức phí học tập ảnh hưởng đến việc đăng ký các môn học hay không?,tình trạng học phí có ảnh hưởng đến việc đăng ký môn học không?,300
Tình trạng học phí hiện nay có tác động gì đến quá trình sinh viên chọn đăng ký môn học?,tình trạng học phí có ảnh hưởng đến việc đăng ký môn học không?,300
Mức học phí đang đặt ra có làm thay đổi hành động đăng ký môn học của bạn không?,tình trạng học phí có ảnh hưởng đến việc đăng ký môn học không?,300
Việc học phí cao hay thấp có ảnh hưởng đến sinh viên khi quyết định đăng ký môn học không?,tình trạng học phí có ảnh hưởng đến việc đăng ký môn học không?,300
Thông báo về việc đăng ký học phần được công bố trước bao lâu?,thông báo về đăng ký học phần được ban hành trước bao lâu?,301
Họ thường thông báo cho sinh viên đăng ký học phần sớm bao nhiêu thời gian?,thông báo về đăng ký học phần được ban hành trước bao lâu?,301
"Khoảng bao lâu trước khi bắt đầu, trường mới thông báo về danh sách học phần được đăng ký?",thông báo về đăng ký học phần được ban hành trước bao lâu?,301
Thời hạn thông báo về các học phần mới cho phép sinh viên đăng ký là bao lâu?,thông báo về đăng ký học phần được ban hành trước bao lâu?,301
Việc thông báo về đăng ký học phần được thực hiện trước bao lâu so với thời điểm mở lớp?,thông báo về đăng ký học phần được ban hành trước bao lâu?,301
Một học phần có những hình thức đánh giá thành phần nào?,các hình thức đánh giá thành phần trong một học phần gồm những gì?,302
Các thành phần trong một học phần được đánh giá như thế nào?,các hình thức đánh giá thành phần trong một học phần gồm những gì?,302
Nội dung của các hình thức đánh giá thành phần trong học phần là gì?,các hình thức đánh giá thành phần trong một học phần gồm những gì?,302
Sinh viên cần biết những hình thức đánh giá thành phần nào của học phần?,các hình thức đánh giá thành phần trong một học phần gồm những gì?,302
Các hình thức đánh giá thành phần trong một học phần bao gồm những nội dung gì?,các hình thức đánh giá thành phần trong một học phần gồm những gì?,302
Một học phần bình thường cần đạt tối thiểu bao nhiêu điểm thành phần?,một học phần thông thường phải có tối thiểu bao nhiêu điểm thành phần?,303
Điểm thành phần tối thiểu cho một học phần thường là bao nhiêu?,một học phần thông thường phải có tối thiểu bao nhiêu điểm thành phần?,303
"Theo quy định, một học phần phải có ít nhất bao nhiêu điểm thành phần?",một học phần thông thường phải có tối thiểu bao nhiêu điểm thành phần?,303
Bạn cho biết một học phần thông thường yêu cầu tối thiểu bao nhiêu điểm thành phần không?,một học phần thông thường phải có tối thiểu bao nhiêu điểm thành phần?,303
Điểm thành phần thấp nhất mà một học phần thông thường phải đạt là bao nhiêu?,một học phần thông thường phải có tối thiểu bao nhiêu điểm thành phần?,303
Điểm số trong quá trình được tính dựa trên bao nhiêu lần đánh giá?,điểm quá trình được hình thành từ bao nhiêu lần đánh giá?,304
Có bao nhiêu lần kiểm tra góp nên thành điểm quá trình?,điểm quá trình được hình thành từ bao nhiêu lần đánh giá?,304
Tổng cộng bao nhiêu lần đánh giá được dùng để hình thành điểm quá trình?,điểm quá trình được hình thành từ bao nhiêu lần đánh giá?,304
Điểm quá trình bao gồm kết quả từ bao nhiêu lần kiểm tra?,điểm quá trình được hình thành từ bao nhiêu lần đánh giá?,304
Số lần đánh giá quyết định điểm quá trình là bao nhiêu?,điểm quá trình được hình thành từ bao nhiêu lần đánh giá?,304
Học phần dưới 2 tín chỉ được quy định đánh giá bao nhiêu lần?,quy định về số lần đánh giá đối với học phần có khối lượng nhỏ hơn 2 tín chỉ là gì?,305
Số lần đánh giá cho học phần có khối lượng nhỏ hơn 2 tín chỉ là bao nhiêu theo quy định?,quy định về số lần đánh giá đối với học phần có khối lượng nhỏ hơn 2 tín chỉ là gì?,305
Quy định về số lần đánh giá của học phần dưới 2 tín chỉ cụ thể là gì?,quy định về số lần đánh giá đối với học phần có khối lượng nhỏ hơn 2 tín chỉ là gì?,305
"Đối với học phần ít hơn 2 tín chỉ, nhà trường quy định đánh giá mấy lần?",quy định về số lần đánh giá đối với học phần có khối lượng nhỏ hơn 2 tín chỉ là gì?,305
Học phần có khối lượng dưới 2 tín chỉ cần được đánh giá bao nhiêu lần theo quy định hiện hành?,quy định về số lần đánh giá đối với học phần có khối lượng nhỏ hơn 2 tín chỉ là gì?,305
Điểm thành phần được chấm theo thang nào và quy tắc làm tròn là gì?,điểm thành phần được tính theo thang điểm mấy và làm tròn như thế nào?,306
Thang điểm cho từng phần là bao nhiêu và hệ thống làm tròn được áp dụng ra sao?,điểm thành phần được tính theo thang điểm mấy và làm tròn như thế nào?,306
"Điểm các phần được tính theo thang mấy, còn việc làm tròn thì làm thế nào?",điểm thành phần được tính theo thang điểm mấy và làm tròn như thế nào?,306
Vậy thang điểm từng phần là bao nhiêu và làm tròn điểm theo quy định nào?,điểm thành phần được tính theo thang điểm mấy và làm tròn như thế nào?,306
Thang điểm cho từng phần cụ thể là bao nhiêu và quy trình làm tròn được thực hiện như thế nào?,điểm thành phần được tính theo thang điểm mấy và làm tròn như thế nào?,306
Tiêu chuẩn và hệ số điểm của học phần được quy định cụ thể ở đâu?,phương pháp và trọng số đánh giá của học phần được quy định ở đâu?,307
Tài liệu nào quy định phương pháp cũng như trọng số đánh giá cho học phần này?,phương pháp và trọng số đánh giá của học phần được quy định ở đâu?,307
Sinh viên có thể tra cứu quy định về cách tính điểm và trọng số của học phần tại đâu?,phương pháp và trọng số đánh giá của học phần được quy định ở đâu?,307
Quy chế về phương pháp và trọng số đánh giá của học phần được ban hành ở văn bản nào?,phương pháp và trọng số đánh giá của học phần được quy định ở đâu?,307
Ai là người quy định phương thức cũng như trọng số chấm điểm cho học phần này?,phương pháp và trọng số đánh giá của học phần được quy định ở đâu?,307
Giảng viên cần làm gì để quản lý điểm quá trình của sinh viên?,giảng viên có trách nhiệm gì đối với điểm quá trình của sinh viên?,308
Trách nhiệm cụ thể của giảng viên trong việc chấm điểm quá trình là gì?,giảng viên có trách nhiệm gì đối với điểm quá trình của sinh viên?,308
Sinh viên cần biết giảng viên phụ trách phần nào vào điểm quá trình?,giảng viên có trách nhiệm gì đối với điểm quá trình của sinh viên?,308
Giảng viên có những nhiệm vụ gì liên quan đến việc tính điểm qua từng giai đoạn?,giảng viên có trách nhiệm gì đối với điểm quá trình của sinh viên?,308
Công việc của giảng viên đối với điểm số trong quá trình học là như thế nào?,giảng viên có trách nhiệm gì đối với điểm quá trình của sinh viên?,308
Điểm trong quá trình có được bảo lưu hay phúc khảo không?,điểm quá trình có được bảo lưu hay phúc khảo không?,309
Có bảo lưu hay phúc khảo điểm quá trình không?,điểm quá trình có được bảo lưu hay phúc khảo không?,309
Điểm quá trình được giữ nguyên hay phúc khảo?,điểm quá trình có được bảo lưu hay phúc khảo không?,309
"Trường hợp điểm quá trình, chúng ta có bảo lưu hay phúc khảo không?",điểm quá trình có được bảo lưu hay phúc khảo không?,309
Điểm quá trình sẽ được bảo lưu hay tiến hành phúc khảo?,điểm quá trình có được bảo lưu hay phúc khảo không?,309
Sinh viên vắng mặt không lý do trong buổi kiểm tra quá trình sẽ bị xử phạt như thế nào?,hình phạt đối với sinh viên vắng mặt không lý do trong buổi kiểm tra quá trình là gì?,310
Hình thức phạt dành cho sinh viên bỏ thi không báo trước trong kỳ kiểm tra quá trình là gì?,hình phạt đối với sinh viên vắng mặt không lý do trong buổi kiểm tra quá trình là gì?,310
Quy định xử lý sinh viên không tham gia kiểm tra quá trình mà không có lý do chính đáng là gì?,hình phạt đối với sinh viên vắng mặt không lý do trong buổi kiểm tra quá trình là gì?,310
"Trường hợp sinh viên vắng mặt vô cớ tại buổi kiểm tra quá trình, hình phạt sẽ ra sao?",hình phạt đối với sinh viên vắng mặt không lý do trong buổi kiểm tra quá trình là gì?,310
Sinh viên bị phạt ra sao nếu không đến dự kiểm tra quá trình mà không có lý do?,hình phạt đối với sinh viên vắng mặt không lý do trong buổi kiểm tra quá trình là gì?,310
Sinh viên vắng mặt có lý do trong buổi kiểm tra quá trình sẽ được xử lý ra sao?,sinh viên vắng mặt có lý do trong buổi kiểm tra quá trình được xử lý như thế nào?,311
Trường hợp sinh viên có mặt hợp lệ nhưng vắng mặt trong buổi kiểm tra quá trình thì xử lý thế nào?,sinh viên vắng mặt có lý do trong buổi kiểm tra quá trình được xử lý như thế nào?,311
"Nếu sinh viên vắng mặt có lý do tại buổi kiểm tra quá trình, quy trình xử lý là gì?",sinh viên vắng mặt có lý do trong buổi kiểm tra quá trình được xử lý như thế nào?,311
Việc sinh viên vắng mặt có lý do trong kỳ kiểm tra quá trình được giải quyết như thế nào?,sinh viên vắng mặt có lý do trong buổi kiểm tra quá trình được xử lý như thế nào?,311
"Khi sinh viên vắng mặt có lý do trong buổi kiểm tra quá trình, nhà trường xử lý ra sao?",sinh viên vắng mặt có lý do trong buổi kiểm tra quá trình được xử lý như thế nào?,311
Những hình thức đánh giá nào có thể được áp dụng cho việc kết thúc học phần?,các hình thức đánh giá kết thúc học phần có thể bao gồm những gì?,312
Kết thúc học phần có thể bao gồm những phương thức đánh giá nào?,các hình thức đánh giá kết thúc học phần có thể bao gồm những gì?,312
Chúng ta có thể dùng những hình thức đánh giá gì để hoàn tất học phần?,các hình thức đánh giá kết thúc học phần có thể bao gồm những gì?,312
Nội dung đánh giá giúp kết thúc học phần thường bao gồm những gì?,các hình thức đánh giá kết thúc học phần có thể bao gồm những gì?,312
Việc kết thúc một học phần có thể dựa vào những hình thức đánh giá nào?,các hình thức đánh giá kết thúc học phần có thể bao gồm những gì?,312
Điểm đánh giá cuối kỳ phải chiếm ít nhất bao nhiêu phần trăm tổng điểm?,tỷ trọng tối thiểu của điểm đánh giá cuối kỳ là bao nhiêu?,313
Tỷ lệ điểm của bài thi cuối kỳ tối thiểu là bao nhiêu?,tỷ trọng tối thiểu của điểm đánh giá cuối kỳ là bao nhiêu?,313
Trường học quy định điểm kết thúc khóa học chiếm ít nhất bao nhiêu phần?,tỷ trọng tối thiểu của điểm đánh giá cuối kỳ là bao nhiêu?,313
Điểm kiểm tra cuối kỳ cần đạt mức tối thiểu bao nhiêu so với tổng điểm?,tỷ trọng tối thiểu của điểm đánh giá cuối kỳ là bao nhiêu?,313
"Theo quy định, bài thi cuối kỳ chiếm bao nhiêu tỷ trọng tối thiểu?",tỷ trọng tối thiểu của điểm đánh giá cuối kỳ là bao nhiêu?,313
Nhà trường có tổ chức thi lại cho những học phần chưa đạt không?,nhà trường có tổ chức kỳ thi lại cho các học phần không?,314
Có chương trình thi bù hay thi lại dành cho các môn học chưa qua của sinh viên hay không?,nhà trường có tổ chức kỳ thi lại cho các học phần không?,314
Sinh viên được tham gia kỳ thi lại cho các học phần chưa đạt ở đâu và khi nào?,nhà trường có tổ chức kỳ thi lại cho các học phần không?,314
Trường có sắp xếp tổ chức kỳ thi lại cho các môn học còn nợ điểm hay không?,nhà trường có tổ chức kỳ thi lại cho các học phần không?,314
"Đối với các học phần chưa đạt, nhà trường có quy định tổ chức thi lại hay không?",nhà trường có tổ chức kỳ thi lại cho các học phần không?,314
Lịch thi kết thúc học phần được công bố cho sinh viên trước bao lâu vậy?,lịch thi kết thúc học phần được công bố cho sinh viên trước bao lâu?,315
Thời gian thông báo lịch thi kết thúc học phần cho sinh viên là bao lâu?,lịch thi kết thúc học phần được công bố cho sinh viên trước bao lâu?,315
Nhà trường công bố lịch thi kết thúc học phần sớm hơn ngày thi bao nhiêu?,lịch thi kết thúc học phần được công bố cho sinh viên trước bao lâu?,315
Sinh viên nhận được lịch thi kết thúc học phần trước bao lâu so với ngày thi?,lịch thi kết thúc học phần được công bố cho sinh viên trước bao lâu?,315
Lịch thi kết thúc học phần được ra mắt cho sinh viên trước bao lâu?,lịch thi kết thúc học phần được công bố cho sinh viên trước bao lâu?,315
Giảng viên có thể tự tổ chức thi theo nhóm ở những học phần nào?,những học phần nào giảng viên có thể tự tổ chức thi theo nhóm?,316
Những học phần nào cho phép giảng viên tổ chức thi nhóm mà không cần sự phê duyệt thêm?,những học phần nào giảng viên có thể tự tổ chức thi theo nhóm?,316
Tôi muốn biết danh sách các học phần mà giảng viên được quyền thi theo nhóm.,những học phần nào giảng viên có thể tự tổ chức thi theo nhóm?,316
"Trong số các học phần, đâu là những môn mà giảng viên có thể tự ý tổ chức thi nhóm?",những học phần nào giảng viên có thể tự tổ chức thi theo nhóm?,316
"Giảng viên có thể tự tổ chức thi theo nhóm được không, và cụ thể là những học phần nào?",những học phần nào giảng viên có thể tự tổ chức thi theo nhóm?,316
Điểm tổng kết học phần được làm tròn đến mức độ nào?,điểm học phần tổng kết được làm tròn đến mức nào?,317
Mức làm tròn của điểm tổng kết học phần là bao nhiêu?,điểm học phần tổng kết được làm tròn đến mức nào?,317
Học phần này được làm tròn điểm đến ngưỡng nào?,điểm học phần tổng kết được làm tròn đến mức nào?,317
Kết quả điểm cuối cùng của học phần được làm tròn như thế nào?,điểm học phần tổng kết được làm tròn đến mức nào?,317
Điểm tổng kết của học phần được quy đổi hay làm tròn đến mức nào?,điểm học phần tổng kết được làm tròn đến mức nào?,317
Hệ thống quản lý trực tuyến quy đổi điểm sang những thang điểm nào?,hệ thống quản lý trực tuyến quy đổi điểm sang các thang điểm nào?,318
"Khi quy đổi điểm, hệ thống đang sử dụng các thang điểm cụ thể là gì?",hệ thống quản lý trực tuyến quy đổi điểm sang các thang điểm nào?,318
Bạn có thể cho biết hệ thống quy đổi điểm sang các thang điểm nào không?,hệ thống quản lý trực tuyến quy đổi điểm sang các thang điểm nào?,318
Hệ thống hỗ trợ quy đổi điểm sang những thang điểm nào hiện tại?,hệ thống quản lý trực tuyến quy đổi điểm sang các thang điểm nào?,318
Các thang điểm mà hệ thống dùng để quy đổi điểm là gì?,hệ thống quản lý trực tuyến quy đổi điểm sang các thang điểm nào?,318
Mục đích của việc sử dụng điểm thang 4 và điểm chữ là gì?,điểm thang 4 và điểm chữ được sử dụng nhằm mục đích gì?,319
Tại sao lại dùng điểm thang 4 lẫn điểm chữ?,điểm thang 4 và điểm chữ được sử dụng nhằm mục đích gì?,319
Điểm thang 4 và điểm chữ được áp dụng để làm gì?,điểm thang 4 và điểm chữ được sử dụng nhằm mục đích gì?,319
Chức năng của điểm thang 4 và điểm chữ là gì?,điểm thang 4 và điểm chữ được sử dụng nhằm mục đích gì?,319
Làm gì khi sử dụng điểm thang 4 cùng điểm chữ?,điểm thang 4 và điểm chữ được sử dụng nhằm mục đích gì?,319
Khi nào điểm cuối kỳ được dùng làm điểm học phần thay vì tính theo hệ số?,trường hợp nào sinh viên bị lấy điểm cuối kỳ làm điểm học phần thay vì tính theo trọng số?,320
Trường hợp nào sinh viên không được tính điểm học phần theo trọng số mà chỉ lấy điểm cuối kỳ?,trường hợp nào sinh viên bị lấy điểm cuối kỳ làm điểm học phần thay vì tính theo trọng số?,320
Điểm cuối kỳ thay thế điểm theo trọng số trong những tình huống nào?,trường hợp nào sinh viên bị lấy điểm cuối kỳ làm điểm học phần thay vì tính theo trọng số?,320
Làm thế nào để biết khi nào điểm cuối kỳ sẽ được coi là điểm học phần thay vì dùng công thức trọng số?,trường hợp nào sinh viên bị lấy điểm cuối kỳ làm điểm học phần thay vì tính theo trọng số?,320
"Trong các tình huống cụ thể nào, điểm cuối kỳ được ưu tiên làm điểm học phần thay vì tính toán theo hệ số?",trường hợp nào sinh viên bị lấy điểm cuối kỳ làm điểm học phần thay vì tính theo trọng số?,320
"Điểm ""p"" được ghi nhận ở những học phần nào?","điểm ""p"" được áp dụng cho những học phần nào?",321
"Những học phần nào sẽ nhận được điểm ""p""?","điểm ""p"" được áp dụng cho những học phần nào?",321
"Học phần nào được áp dụng điểm ""p""?","điểm ""p"" được áp dụng cho những học phần nào?",321
"Điểm ""p"" tương ứng với những môn học nào?","điểm ""p"" được áp dụng cho những học phần nào?",321
"Bạn có thể cho biết điểm ""p"" thuộc về những học phần nào không?","điểm ""p"" được áp dụng cho những học phần nào?",321
Điểm p có được tính vào điểm trung bình học tập không?,điểm p có được tính vào điểm trung bình học tập không?,322
Liệu điểm p có được đưa vào khi tính điểm trung bình hay không?,điểm p có được tính vào điểm trung bình học tập không?,322
Điểm p có nằm trong công thức tính điểm trung bình của em không?,điểm p có được tính vào điểm trung bình học tập không?,322
Có tính điểm p vào điểm trung bình chung không?,điểm p có được tính vào điểm trung bình học tập không?,322
Em muốn hỏi xem điểm p có được cộng vào điểm trung bình không?,điểm p có được tính vào điểm trung bình học tập không?,322
"Chữ ""i"" trong bảng điểm biểu thị điều gì?","điểm ""i"" có ý nghĩa gì trong bảng điểm?",323
"Ý nghĩa của ký tự ""i"" ở trong bảng điểm là như thế nào?","điểm ""i"" có ý nghĩa gì trong bảng điểm?",323
"Tại sao lại dùng chữ ""i"" để đánh dấu trong bảng điểm?","điểm ""i"" có ý nghĩa gì trong bảng điểm?",323
"Chữ ""i"" trên bảng điểm mang hàm nghĩa gì?","điểm ""i"" có ý nghĩa gì trong bảng điểm?",323
"Điểm ""i"" có ý nghĩa ra sao trong bảng điểm?","điểm ""i"" có ý nghĩa gì trong bảng điểm?",323
Khi nào sinh viên sẽ bị nhận điểm X?,"khi nào sinh viên nhận điểm ""x""?",324
Điểm X được trao cho sinh viên trong những trường hợp nào?,"khi nào sinh viên nhận điểm ""x""?",324
Làm thế nào để một sinh viên nhận được điểm X?,"khi nào sinh viên nhận điểm ""x""?",324
Sinh viên cần có những hành vi gì để bị đánh giá là X?,"khi nào sinh viên nhận điểm ""x""?",324
Trong những tình huống nào sinh viên sẽ bị chấm điểm X?,"khi nào sinh viên nhận điểm ""x""?",324
"Trường hợp nào thì dùng điểm ""r""?","điểm ""r"" được dùng cho trường hợp nào?",325
"Điểm ""r"" được sử dụng trong tình huống gì?","điểm ""r"" được dùng cho trường hợp nào?",325
"Khi nào người ta áp dụng điểm ""r""?","điểm ""r"" được dùng cho trường hợp nào?",325
"Mục đích của điểm ""r"" là để phục vụ trường hợp nào?","điểm ""r"" được dùng cho trường hợp nào?",325
"Hãy chỉ ra các trường hợp phù hợp để dùng điểm ""r"".","điểm ""r"" được dùng cho trường hợp nào?",325
Định nghĩa của học phần đã tích lũy là gì?,học phần đã tích lũy được định nghĩa như thế nào?,326
"Làm thế nào để hiểu khái niệm ""học phần đã tích lũy""?",học phần đã tích lũy được định nghĩa như thế nào?,326
"""Học phần đã tích lũy"" được định nghĩa ra sao?",học phần đã tích lũy được định nghĩa như thế nào?,326
Nội dung định nghĩa về học phần đã tích lũy là gì?,học phần đã tích lũy được định nghĩa như thế nào?,326
"Cụm từ ""học phần đã tích lũy"" mang ý nghĩa định nghĩa như thế nào?",học phần đã tích lũy được định nghĩa như thế nào?,326
Làm thế nào để tính số tín chỉ tích lũy?,số tín chỉ tích lũy được tính như thế nào?,327
Số tín chỉ đã tích lũy được tính ra sao?,số tín chỉ tích lũy được tính như thế nào?,327
Có cách tính cụ thể nào cho số tín chỉ tích lũy không?,số tín chỉ tích lũy được tính như thế nào?,327
Người ta tính số tín chỉ tích lũy như thế nào?,số tín chỉ tích lũy được tính như thế nào?,327
Quy trình tính toán số tín chỉ tích lũy là gì?,số tín chỉ tích lũy được tính như thế nào?,327
Những học phần nào tham gia vào việc tính điểm trung bình học kỳ (ĐTBHK)?,điểm trung bình học kỳ (đtbhk) được tính dựa trên những học phần nào?,328
Điểm trung bình học kỳ (ĐTBHK) được hình thành từ các môn học cụ thể nào?,điểm trung bình học kỳ (đtbhk) được tính dựa trên những học phần nào?,328
Dựa vào những học phần nào mà nhà trường tính ra điểm trung bình học kỳ (ĐTBHK)?,điểm trung bình học kỳ (đtbhk) được tính dựa trên những học phần nào?,328
"Học kỳ này, những môn nào sẽ đóng góp vào chỉ số điểm trung bình học kỳ (ĐTBHK)?",điểm trung bình học kỳ (đtbhk) được tính dựa trên những học phần nào?,328
"Để tính điểm trung bình học kỳ (ĐTBHK), người ta xem xét những học phần nào?",điểm trung bình học kỳ (đtbhk) được tính dựa trên những học phần nào?,328
Mục đích của việc tính điểm trung bình học kỳ là gì?,mục đích của việc tính điểm trung bình học kỳ là gì?,329
Người ta tính điểm trung bình học kỳ nhằm mục đích gì?,mục đích của việc tính điểm trung bình học kỳ là gì?,329
Tại sao lại cần phải tính điểm trung bình học kỳ?,mục đích của việc tính điểm trung bình học kỳ là gì?,329
Việc tính điểm trung bình học kỳ được thực hiện với mục tiêu chính là gì?,mục đích của việc tính điểm trung bình học kỳ là gì?,329
Làm sao để biết mục đích của việc tính điểm trung bình học kỳ?,mục đích của việc tính điểm trung bình học kỳ là gì?,329
Cách xử lý kết quả học tập trong học kỳ phụ là gì?,kết quả học tập trong học kỳ phụ được xử lý như thế nào?,330
Làm thế nào để xử lý điểm số của học kỳ phụ?,kết quả học tập trong học kỳ phụ được xử lý như thế nào?,330
Quy định về việc xử lý kết quả học kỳ phụ như thế nào?,kết quả học tập trong học kỳ phụ được xử lý như thế nào?,330
Chúng ta cần xử lý kết quả học tập của học kỳ phụ ra sao?,kết quả học tập trong học kỳ phụ được xử lý như thế nào?,330
Kết quả học kỳ phụ sẽ được xử lý theo quy trình nào?,kết quả học tập trong học kỳ phụ được xử lý như thế nào?,330
"Nếu sinh viên tham gia một môn học nhiều kỳ liên tiếp (kỳ chính hoặc kỳ phụ), thì điểm của kỳ nào sẽ được lấy để tính điểm trung bình học kỳ?","nếu học một môn nhiều lần trong cùng một kỳ hoặc kỳ phụ liền kề, điểm nào được dùng để tính đtbhk?",331
"Trong trường hợp học cùng một môn qua nhiều kỳ kề nhau, điểm của kỳ nào được dùng làm cơ sở tính điểm trung bình học kỳ?","nếu học một môn nhiều lần trong cùng một kỳ hoặc kỳ phụ liền kề, điểm nào được dùng để tính đtbhk?",331
"Khi một môn được học lặp lại trong cùng một kỳ hoặc các kỳ phụ nối tiếp, nhà trường sẽ dùng điểm kỳ nào để xét điểm trung bình?","nếu học một môn nhiều lần trong cùng một kỳ hoặc kỳ phụ liền kề, điểm nào được dùng để tính đtbhk?",331
"Nếu đăng ký học một môn ở nhiều kỳ liên tiếp nhau, kết quả của kỳ nào sẽ được đưa vào tính điểm trung bình học kỳ?","nếu học một môn nhiều lần trong cùng một kỳ hoặc kỳ phụ liền kề, điểm nào được dùng để tính đtbhk?",331
"Với các môn học được lặp lại trong cùng kỳ hoặc các kỳ phụ kế tiếp, điểm của kỳ nào sẽ được sử dụng để tính điểm trung bình?","nếu học một môn nhiều lần trong cùng một kỳ hoặc kỳ phụ liền kề, điểm nào được dùng để tính đtbhk?",331
Điểm trung bình năm học được tính dựa trên kết quả của những học kỳ nào?,điểm trung bình năm học (đtbnh) bao gồm kết quả của các học kỳ nào?,332
Những học kỳ nào có kết quả đóng góp vào điểm trung bình năm học?,điểm trung bình năm học (đtbnh) bao gồm kết quả của các học kỳ nào?,332
Thành phần tính thành điểm trung bình năm học là các học kỳ gì?,điểm trung bình năm học (đtbnh) bao gồm kết quả của các học kỳ nào?,332
"Để xác định điểm trung bình năm học, người ta lấy điểm của những học kỳ nào?",điểm trung bình năm học (đtbnh) bao gồm kết quả của các học kỳ nào?,332
Kết quả của các học kỳ nào được dùng để tạo ra điểm trung bình năm học?,điểm trung bình năm học (đtbnh) bao gồm kết quả của các học kỳ nào?,332
Điểm trung bình tích lũy (ĐTBTL) và điểm trung bình học kỳ khác nhau như thế nào?,điểm trung bình tích lũy (đtbtl) khác điểm trung bình học kỳ ở điểm nào?,333
Sự khác biệt giữa điểm trung bình tích lũy (ĐTBTL) và điểm trung bình học kỳ nằm ở đâu?,điểm trung bình tích lũy (đtbtl) khác điểm trung bình học kỳ ở điểm nào?,333
Điểm trung bình học kỳ khác với điểm trung bình tích lũy (ĐTBTL) ở những điểm nào?,điểm trung bình tích lũy (đtbtl) khác điểm trung bình học kỳ ở điểm nào?,333
Làm sao để phân biệt điểm trung bình tích lũy (ĐTBTL) với điểm trung bình học kỳ?,điểm trung bình tích lũy (đtbtl) khác điểm trung bình học kỳ ở điểm nào?,333
Điểm trung bình tích lũy (ĐTBTL) và điểm trung bình học kỳ có khác nhau ở khía cạnh nào?,điểm trung bình tích lũy (đtbtl) khác điểm trung bình học kỳ ở điểm nào?,333
Điểm trung bình tích lũy đóng vai trò gì trong học tập?,vai trò của điểm trung bình tích lũy là gì?,334
Chức năng chính của điểm trung bình tích lũy là làm gì?,vai trò của điểm trung bình tích lũy là gì?,334
Làm sao để hiểu rõ vai trò của điểm trung bình tích lũy?,vai trò của điểm trung bình tích lũy là gì?,334
Tại sao điểm trung bình tích lũy lại quan trọng như vậy?,vai trò của điểm trung bình tích lũy là gì?,334
Điểm trung bình tích lũy có ý nghĩa gì đối với sinh viên?,vai trò của điểm trung bình tích lũy là gì?,334
"Sinh viên có điểm trung bình từ 3,6 đến 4,0 sẽ được xếp vào loại học lực nào?","sinh viên có điểm trung bình từ 3,6 đến 4,0 được xếp loại học lực gì?",335
"Học lực của sinh viên đạt điểm từ 3,6 đến 4,0 thuộc nhóm nào?","sinh viên có điểm trung bình từ 3,6 đến 4,0 được xếp loại học lực gì?",335
"Mức điểm trung bình từ 3,6 đến 4,0 tương ứng với xếp loại học lực ra sao?","sinh viên có điểm trung bình từ 3,6 đến 4,0 được xếp loại học lực gì?",335
"Bạn cho biết sinh viên có gpa từ 3,6 đến 4,0 được xếp loại học lực gì không?","sinh viên có điểm trung bình từ 3,6 đến 4,0 được xếp loại học lực gì?",335
"Xếp loại học lực dành cho sinh viên có điểm trung bình nằm trong khoảng 3,6 - 4,0 là gì?","sinh viên có điểm trung bình từ 3,6 đến 4,0 được xếp loại học lực gì?",335
Điểm trung bình tối thiểu để sinh viên được xếp loại học lực giỏi là bao nhiêu?,mức điểm trung bình để sinh viên được xếp loại học lực giỏi là bao nhiêu?,336
"Để đạt danh hiệu học lực giỏi, sinh viên cần có mức điểm trung bình bao nhiêu?",mức điểm trung bình để sinh viên được xếp loại học lực giỏi là bao nhiêu?,336
Sinh viên cần đạt mức điểm trung bình bao nhiêu thì mới được xếp loại giỏi?,mức điểm trung bình để sinh viên được xếp loại học lực giỏi là bao nhiêu?,336
Mức điểm trung bình yêu cầu cho việc xếp loại học lực giỏi là bao nhiêu điểm?,mức điểm trung bình để sinh viên được xếp loại học lực giỏi là bao nhiêu?,336
Ai là sinh viên được xếp loại giỏi và mức điểm trung bình của họ phải đạt bao nhiêu?,mức điểm trung bình để sinh viên được xếp loại học lực giỏi là bao nhiêu?,336
Điểm trung bình của học lực khá là bao nhiêu?,xếp loại học lực khá tương ứng với mức điểm trung bình nào?,337
Mức điểm tương ứng với xếp loại khá học lực là bao nhiêu?,xếp loại học lực khá tương ứng với mức điểm trung bình nào?,337
Để được xếp loại khá về học lực thì điểm trung bình cần đạt bao nhiêu?,xếp loại học lực khá tương ứng với mức điểm trung bình nào?,337
Xếp loại khá tương ứng với mức điểm trung bình cụ thể là gì?,xếp loại học lực khá tương ứng với mức điểm trung bình nào?,337
Điểm trung bình tối thiểu để xếp loại khá học lực là bao nhiêu?,xếp loại học lực khá tương ứng với mức điểm trung bình nào?,337
"Học sinh có điểm trung bình chung dưới 1,0 thì được xếp loại học lực như thế nào?","sinh viên có điểm trung bình dưới 1,0 bị xếp loại học lực gì?",338
"Nếu điểm trung bình của sinh viên dưới 1,0 thì sẽ bị xếp vào loại học lực gì?","sinh viên có điểm trung bình dưới 1,0 bị xếp loại học lực gì?",338
"Sinh viên đạt điểm trung bình thấp hơn 1,0 sẽ được phân loại học lực ra sao?","sinh viên có điểm trung bình dưới 1,0 bị xếp loại học lực gì?",338
"Mức xếp loại học lực dành cho những người có điểm trung bình dưới 1,0 là gì?","sinh viên có điểm trung bình dưới 1,0 bị xếp loại học lực gì?",338
"Khi điểm trung bình dưới 1,0, sinh viên sẽ được xếp hạng học lực như thế nào?","sinh viên có điểm trung bình dưới 1,0 bị xếp loại học lực gì?",338
Năm đào tạo được xếp hạng dựa trên những tiêu chí gì?,việc xếp hạng năm đào tạo dựa trên tiêu chí nào?,339
Các tiêu chí dùng để xếp hạng năm đào tạo là gì?,việc xếp hạng năm đào tạo dựa trên tiêu chí nào?,339
Việc xếp hạng cho năm đào tạo phụ thuộc vào những yếu tố nào?,việc xếp hạng năm đào tạo dựa trên tiêu chí nào?,339
Người ta dựa vào những tiêu chí nào để xếp hạng năm đào tạo?,việc xếp hạng năm đào tạo dựa trên tiêu chí nào?,339
Năm đào tạo được đánh giá và xếp hạng theo những tiêu chuẩn nào?,việc xếp hạng năm đào tạo dựa trên tiêu chí nào?,339
Sinh viên phải tích lũy bao nhiêu tín chỉ mới được xếp hạng năm thứ hai?,sinh viên cần tích lũy bao nhiêu tín chỉ để được xếp hạng năm thứ hai?,340
"Để được xếp hạng năm thứ hai, sinh viên cần có tổng bao nhiêu tín chỉ?",sinh viên cần tích lũy bao nhiêu tín chỉ để được xếp hạng năm thứ hai?,340
Mức tín chỉ tối thiểu sinh viên cần đạt để xếp hạng năm thứ hai là bao nhiêu?,sinh viên cần tích lũy bao nhiêu tín chỉ để được xếp hạng năm thứ hai?,340
Bao nhiêu tín chỉ thì sinh viên đủ điều kiện để được xếp hạng năm thứ hai?,sinh viên cần tích lũy bao nhiêu tín chỉ để được xếp hạng năm thứ hai?,340
Yêu cầu về số lượng tín chỉ để sinh viên được xếp hạng năm thứ hai là bao nhiêu?,sinh viên cần tích lũy bao nhiêu tín chỉ để được xếp hạng năm thứ hai?,340
"Để được xếp hạng sinh viên năm thứ tư, cần tích lũy bao nhiêu tín chỉ?","để được xếp hạng sinh viên năm thứ tư, số tín chỉ tích lũy cần đạt là bao nhiêu?",341
"Làm thế nào để đạt được danh hiệu sinh viên xuất sắc năm cuối, tức là cần bao nhiêu tín chỉ?","để được xếp hạng sinh viên năm thứ tư, số tín chỉ tích lũy cần đạt là bao nhiêu?",341
Số tín chỉ tối thiểu cần có để sinh viên năm thứ tư đủ điều kiện xếp hạng là bao nhiêu?,"để được xếp hạng sinh viên năm thứ tư, số tín chỉ tích lũy cần đạt là bao nhiêu?",341
"Muốn được xếp hạng khi tốt nghiệp, sinh viên năm thứ tư phải tích lũy bao nhiêu tín chỉ?","để được xếp hạng sinh viên năm thứ tư, số tín chỉ tích lũy cần đạt là bao nhiêu?",341
Điều kiện về số lượng tín chỉ để sinh viên năm thứ tư được xếp hạng là bao nhiêu?,"để được xếp hạng sinh viên năm thứ tư, số tín chỉ tích lũy cần đạt là bao nhiêu?",341
Sinh viên sẽ được xếp hạng tốt nghiệp năm đào tạo thứ năm vào thời điểm nào?,khi nào sinh viên được xếp hạng năm đào tạo thứ năm?,342
Thời điểm sinh viên được công nhận là tốt nghiệp sau 5 năm học là khi nào?,khi nào sinh viên được xếp hạng năm đào tạo thứ năm?,342
Khi nào thì sinh viên được xếp loại hoàn thành chương trình đào tạo ở năm thứ năm?,khi nào sinh viên được xếp hạng năm đào tạo thứ năm?,342
Sinh viên có thể được xếp hạng tốt nghiệp vào năm thứ năm hay không và vào lúc nào?,khi nào sinh viên được xếp hạng năm đào tạo thứ năm?,342
Thời gian cụ thể để sinh viên được xếp hạng hoàn thành năm học thứ năm là gì?,khi nào sinh viên được xếp hạng năm đào tạo thứ năm?,342
Khi nào sinh viên ở học kỳ đầu tiên của khóa học sẽ bị cảnh báo học tập?,sinh viên học kỳ đầu khóa học bị cảnh báo học tập khi nào?,343
Thời điểm sinh viên năm nhất bị cảnh báo về việc học là vào lúc nào?,sinh viên học kỳ đầu khóa học bị cảnh báo học tập khi nào?,343
Sinh viên bị cảnh báo học tập vào giai đoạn nào của học kỳ đầu khóa học?,sinh viên học kỳ đầu khóa học bị cảnh báo học tập khi nào?,343
"Vào thời điểm cụ thể nào trong học kỳ đầu, sinh viên sẽ nhận cảnh báo học tập?",sinh viên học kỳ đầu khóa học bị cảnh báo học tập khi nào?,343
Cảnh báo học tập dành cho sinh viên học kỳ đầu thường được đưa ra khi nào?,sinh viên học kỳ đầu khóa học bị cảnh báo học tập khi nào?,343
"Đối với sinh viên từ học kỳ thứ hai trở đi, điều kiện cảnh báo học tập cụ thể là gì?",điều kiện cảnh báo học tập đối với sinh viên từ học kỳ thứ hai trở đi là gì?,344
Các quy định về cảnh báo học tập áp dụng cho sinh viên từ học kỳ hai trở đi được quy định như thế nào?,điều kiện cảnh báo học tập đối với sinh viên từ học kỳ thứ hai trở đi là gì?,344
Sinh viên bắt đầu từ học kỳ thứ hai cần đạt những điều kiện gì để tránh bị cảnh báo học tập?,điều kiện cảnh báo học tập đối với sinh viên từ học kỳ thứ hai trở đi là gì?,344
"Từ học kỳ hai trở đi, tiêu chí để sinh viên bị cảnh báo học tập là gì?",điều kiện cảnh báo học tập đối với sinh viên từ học kỳ thứ hai trở đi là gì?,344
Làm sao để xác định điều kiện cảnh báo học tập dành cho sinh viên từ học kỳ hai trở đi?,điều kiện cảnh báo học tập đối với sinh viên từ học kỳ thứ hai trở đi là gì?,344
"Nếu số tín chỉ không đạt trong kỳ vượt quá mức quy định, sinh viên sẽ bị thử thách học tập?",sinh viên bị thử thách học tập nếu số tín chỉ không đạt trong kỳ vượt quá bao nhiêu?,345
Sinh viên có bị coi là bị thử thách học tập khi số tín chỉ trượt trong kỳ vượt quá bao nhiêu không?,sinh viên bị thử thách học tập nếu số tín chỉ không đạt trong kỳ vượt quá bao nhiêu?,345
Mức giới hạn tối đa cho số tín chỉ không đạt mà sinh viên vẫn không bị thử thách học tập là bao nhiêu?,sinh viên bị thử thách học tập nếu số tín chỉ không đạt trong kỳ vượt quá bao nhiêu?,345
Khi nào thì sinh viên sẽ bị áp dụng chế độ thử thách học tập do số tín chỉ không đạt trong kỳ?,sinh viên bị thử thách học tập nếu số tín chỉ không đạt trong kỳ vượt quá bao nhiêu?,345
Số tín chỉ không đạt trong kỳ cần vượt quá bao nhiêu để sinh viên bị thử thách học tập?,sinh viên bị thử thách học tập nếu số tín chỉ không đạt trong kỳ vượt quá bao nhiêu?,345
Giới hạn mức nợ đọng tín chỉ tối đa từ đầu khóa để không bị rơi vào tình trạng thử thách học tập là bao nhiêu?,mức nợ đọng tín chỉ tối đa từ đầu khóa để không bị thử thách học tập là bao nhiêu?,346
"Từ khi bắt đầu khóa học, sinh viên được phép có bao nhiêu điểm nợ đọng tín chỉ mà vẫn tránh được việc bị thử thách?",mức nợ đọng tín chỉ tối đa từ đầu khóa để không bị thử thách học tập là bao nhiêu?,346
Mức trần cho số điểm nợ đọng tín tích lũy từ đầu khóa để không bị áp dụng thử thách học tập là bao nhiêu điểm?,mức nợ đọng tín chỉ tối đa từ đầu khóa để không bị thử thách học tập là bao nhiêu?,346
"Để không bị đưa vào thử thách học tập, sinh viên có thể để nợ đọng tín chỉ tối đa bao nhiêu từ lúc mở đầu khóa?",mức nợ đọng tín chỉ tối đa từ đầu khóa để không bị thử thách học tập là bao nhiêu?,346
Số điểm nợ đọng tín chỉ tối đa cho phép từ đầu khóa mà sinh viên có thể duy trì để không bị thử thách là bao nhiêu?,mức nợ đọng tín chỉ tối đa từ đầu khóa để không bị thử thách học tập là bao nhiêu?,346
Sinh viên năm nhất sẽ gặp thử thách học tập nếu điểm trung bình tích lũy của họ dưới mức bao nhiêu?,sinh viên năm thứ nhất bị thử thách học tập khi điểm trung bình tích lũy (đtbtl) dưới bao nhiêu?,347
Điểm trung bình tích lũy dưới ngưỡng nào khiến sinh viên năm thứ nhất phải đối mặt với thách thức trong học tập?,sinh viên năm thứ nhất bị thử thách học tập khi điểm trung bình tích lũy (đtbtl) dưới bao nhiêu?,347
"Khi nào sinh viên năm nhất bị coi là gặp khó khăn về học tập, cụ thể là với điểm trung bình tích lũy dưới con số bao nhiêu?",sinh viên năm thứ nhất bị thử thách học tập khi điểm trung bình tích lũy (đtbtl) dưới bao nhiêu?,347
Sinh viên năm nhất sẽ chịu áp lực hay thử thách khi điểm trung bình tích lũy của họ thấp hơn bao nhiêu?,sinh viên năm thứ nhất bị thử thách học tập khi điểm trung bình tích lũy (đtbtl) dưới bao nhiêu?,347
Mức điểm trung bình tích lũy nào dưới đó khiến sinh viên năm nhất bị xem là gặp thử thách trong việc học?,sinh viên năm thứ nhất bị thử thách học tập khi điểm trung bình tích lũy (đtbtl) dưới bao nhiêu?,347
Mức điểm trung bình tối thiểu mà sinh viên năm hai cần đạt để không bị trải qua kỳ thi thử thách là bao nhiêu?,mức đtbtl tối thiểu để sinh viên năm thứ hai không bị thử thách học tập là bao nhiêu?,348
Sinh viên đang học năm thứ hai phải có mức điểm trung bình tối thiểu bao nhiêu mới được miễn kỳ thi thử thách?,mức đtbtl tối thiểu để sinh viên năm thứ hai không bị thử thách học tập là bao nhiêu?,348
"Để không bị tham gia thử thách học tập, sinh viên năm hai cần duy trì mức điểm trung bình tối thiểu là bao nhiêu?",mức đtbtl tối thiểu để sinh viên năm thứ hai không bị thử thách học tập là bao nhiêu?,348
Điểm trung bình tối thiểu cho phép sinh viên năm hai thoát khỏi quy trình thử thách học tập là bao nhiêu?,mức đtbtl tối thiểu để sinh viên năm thứ hai không bị thử thách học tập là bao nhiêu?,348
Sinh viên năm hai cần đạt mức điểm trung bình tối thiểu bao nhiêu thì không còn bị áp dụng thử thách học tập nữa?,mức đtbtl tối thiểu để sinh viên năm thứ hai không bị thử thách học tập là bao nhiêu?,348
Sinh viên năm ba sẽ gặp thử thách học tập nếu điểm trung bình tổng thể của họ dưới mức bao nhiêu?,sinh viên trình độ năm thứ ba bị thử thách học tập nếu đtbtl dưới mức nào?,349
Mức điểm trung bình tối thiểu nào khiến sinh viên năm thứ ba phải đối mặt với những khó khăn trong học tập?,sinh viên trình độ năm thứ ba bị thử thách học tập nếu đtbtl dưới mức nào?,349
"Khi nào thì sinh viên năm ba bị coi là đang chịu áp lực học tập, cụ thể là khi đtbtl thấp hơn con số nào?",sinh viên trình độ năm thứ ba bị thử thách học tập nếu đtbtl dưới mức nào?,349
Giới hạn điểm trung bình bao nhiêu là ngưỡng sinh viên năm thứ ba bắt đầu gặp trở ngại trong việc học?,sinh viên trình độ năm thứ ba bị thử thách học tập nếu đtbtl dưới mức nào?,349
"Nếu điểm trung bình tổng thể của sinh viên năm ba thấp hơn bao nhiêu, họ sẽ đối diện với thử thách học tập?",sinh viên trình độ năm thứ ba bị thử thách học tập nếu đtbtl dưới mức nào?,349
"Đối với sinh viên từ năm thứ tư trở lên, mức điểm trung bình chung học kỳ gây khó khăn cho việc học tập là bao nhiêu?","đối với sinh viên năm thứ tư trở đi, mức đtbtl gây thử thách học tập là bao nhiêu?",350
Sinh viên các năm cuối (từ năm 4 trở đi) thường gặp mức điểm trung bình học kỳ nào dẫn đến thách thức trong quá trình học?,"đối với sinh viên năm thứ tư trở đi, mức đtbtl gây thử thách học tập là bao nhiêu?",350
"Ở bậc sinh viên năm thứ tư trở lên, ngưỡng điểm trung bình học kỳ nào được xem là rào cản đối với việc học?","đối với sinh viên năm thứ tư trở đi, mức đtbtl gây thử thách học tập là bao nhiêu?",350
Mức điểm trung bình chung học kỳ bao nhiêu sẽ khiến sinh viên từ năm thứ tư trở đi gặp khó khăn trong học tập?,"đối với sinh viên năm thứ tư trở đi, mức đtbtl gây thử thách học tập là bao nhiêu?",350
"Đối với sinh viên năm thứ tư và các năm sau, mức điểm trung bình học kỳ gây trở ngại cho việc học là bao nhiêu?","đối với sinh viên năm thứ tư trở đi, mức đtbtl gây thử thách học tập là bao nhiêu?",350
Nhà trường công bố kết quả cảnh báo và thử thách học tập bằng những kênh thông tin nào?,nhà trường thông báo kết quả cảnh báo và thử thách học tập qua các kênh nào?,351
Thông qua đâu nhà trường sẽ thông báo kết quả cảnh báo cũng như kết quả thử thách học tập?,nhà trường thông báo kết quả cảnh báo và thử thách học tập qua các kênh nào?,351
Kết quả cảnh báo và thử thách học tập được nhà trường đưa tin qua các phương tiện gì?,nhà trường thông báo kết quả cảnh báo và thử thách học tập qua các kênh nào?,351
Sinh viên có thể theo dõi kết quả cảnh báo và thử thách học tập qua kênh nào của nhà trường?,nhà trường thông báo kết quả cảnh báo và thử thách học tập qua các kênh nào?,351
Nhà trường dùng những kênh truyền thông nào để thông báo kết quả về cảnh báo và thử thách học tập?,nhà trường thông báo kết quả cảnh báo và thử thách học tập qua các kênh nào?,351
Sinh viên sẽ bị buộc thôi học khi nhận bao nhiêu lần cảnh báo học tập liên tiếp?,sinh viên bị buộc thôi học nếu có bao nhiêu lần cảnh báo học tập liên tiếp?,352
Cần tích lũy bao nhiêu cảnh báo học tập liên tiếp thì sinh viên mới bị buộc thôi học?,sinh viên bị buộc thôi học nếu có bao nhiêu lần cảnh báo học tập liên tiếp?,352
Giới hạn số lần cảnh báo học tập liên tiếp trước khi sinh viên bị buộc thôi học là bao nhiêu?,sinh viên bị buộc thôi học nếu có bao nhiêu lần cảnh báo học tập liên tiếp?,352
Làm thế nào để biết số lần cảnh báo liên tiếp khiến sinh viên bị buộc thôi học?,sinh viên bị buộc thôi học nếu có bao nhiêu lần cảnh báo học tập liên tiếp?,352
Khi nào sinh viên bị buộc thôi học nếu xét theo số lần cảnh báo học tập liên tiếp?,sinh viên bị buộc thôi học nếu có bao nhiêu lần cảnh báo học tập liên tiếp?,352
Sinh viên bị phát hiện thi hộ hoặc nhờ người thi hộ lần đầu sẽ bị xử lý như thế nào?,hình thức xử lý đối với sinh viên thi hộ hoặc nhờ người thi hộ lần thứ nhất là gì?,353
Hình thức xử phạt dành cho sinh viên lần đầu vi phạm hành vi thi hộ là gì?,hình thức xử lý đối với sinh viên thi hộ hoặc nhờ người thi hộ lần thứ nhất là gì?,353
"Khi sinh viên lần đầu thi hộ hoặc nhờ người thi hộ, nhà trường áp dụng biện pháp xử lý ra sao?",hình thức xử lý đối với sinh viên thi hộ hoặc nhờ người thi hộ lần thứ nhất là gì?,353
Quy định xử lý đối với trường hợp sinh viên vi phạm thi hộ lần thứ nhất là gì?,hình thức xử lý đối với sinh viên thi hộ hoặc nhờ người thi hộ lần thứ nhất là gì?,353
Sinh viên bị bắt quả tang thi hộ hoặc nhờ người thi hộ lần đầu sẽ chịu hình thức xử lý nào?,hình thức xử lý đối với sinh viên thi hộ hoặc nhờ người thi hộ lần thứ nhất là gì?,353
Sinh viên vi phạm quy định thi hộ lần thứ hai sẽ chịu hình phạt gì?,sinh viên vi phạm việc thi hộ lần thứ hai sẽ bị xử lý như thế nào?,354
"Nếu là lần thứ hai bị phát hiện thi hộ, sinh viên sẽ bị xử lý ra sao?",sinh viên vi phạm việc thi hộ lần thứ hai sẽ bị xử lý như thế nào?,354
Mức xử lý dành cho sinh viên phạm quy thi hộ lần 2 là gì?,sinh viên vi phạm việc thi hộ lần thứ hai sẽ bị xử lý như thế nào?,354
Sinh viên nào bị thi hộ vào lần thứ hai thì sẽ bị xử lý thế nào?,sinh viên vi phạm việc thi hộ lần thứ hai sẽ bị xử lý như thế nào?,354
Quy định xử lý đối với sinh viên vi phạm thi hộ lần 2 như thế nào?,sinh viên vi phạm việc thi hộ lần thứ hai sẽ bị xử lý như thế nào?,354
Việc sử dụng hồ sơ hoặc văn bằng giả để nhập học sẽ dẫn đến những hậu quả gì?,hậu quả của việc sử dụng hồ sơ hoặc văn bằng giả để nhập học là gì?,355
Sinh viên có thể bị xử lý như thế nào nếu dùng giấy tờ giả nhằm mục đích nhập học?,hậu quả của việc sử dụng hồ sơ hoặc văn bằng giả để nhập học là gì?,355
Hậu quả pháp lý khi nhập học bằng hồ sơ hoặc bằng cấp giả là gì?,hậu quả của việc sử dụng hồ sơ hoặc văn bằng giả để nhập học là gì?,355
"Nếu nộp hồ sơ xét tuyển với bằng cấp giả, sinh viên sẽ đối mặt với những gì?",hậu quả của việc sử dụng hồ sơ hoặc văn bằng giả để nhập học là gì?,355
Sử dụng văn bằng hoặc hồ sơ giả để vào đại học có bị truy cứu trách nhiệm gì không?,hậu quả của việc sử dụng hồ sơ hoặc văn bằng giả để nhập học là gì?,355
Sinh viên nếu không đăng ký học phần trong học kỳ này sẽ bị xử lý ra sao?,sinh viên không đăng ký học phần trong một học kỳ sẽ bị xử lý như thế nào?,356
Việc không đăng ký môn học trong một học kỳ sẽ dẫn đến hậu quả gì cho sinh viên?,sinh viên không đăng ký học phần trong một học kỳ sẽ bị xử lý như thế nào?,356
Ai sẽ xử lý sinh viên khi họ bỏ qua việc đăng ký học phần cho học kỳ hiện tại?,sinh viên không đăng ký học phần trong một học kỳ sẽ bị xử lý như thế nào?,356
Chế độ xử lý dành cho sinh viên không thực hiện đăng ký học phần là gì?,sinh viên không đăng ký học phần trong một học kỳ sẽ bị xử lý như thế nào?,356
Sinh viên bị xử lý thế nào nếu không đăng ký môn trong học kỳ này?,sinh viên không đăng ký học phần trong một học kỳ sẽ bị xử lý như thế nào?,356
Trong trường hợp nào sinh viên bị buộc thôi học ngay khi không đăng ký học phần?,trường hợp nào sinh viên không đăng ký học phần bị buộc thôi học ngay?,357
Khi nào việc sinh viên không đăng ký học phần sẽ dẫn đến hậu quả bị buộc thôi học tức thì?,trường hợp nào sinh viên không đăng ký học phần bị buộc thôi học ngay?,357
Sinh viên sẽ bị buộc thôi học ngay trong những tình huống nào nếu họ bỏ qua việc đăng ký học phần?,trường hợp nào sinh viên không đăng ký học phần bị buộc thôi học ngay?,357
Điều kiện nào khiến sinh viên không đăng ký học phần phải đối mặt với việc bị buộc thôi học ngay lập tức?,trường hợp nào sinh viên không đăng ký học phần bị buộc thôi học ngay?,357
Những trường hợp cụ thể nào khiến việc không đăng ký học phần của sinh viên dẫn đến việc bị buộc thôi học ngay?,trường hợp nào sinh viên không đăng ký học phần bị buộc thôi học ngay?,357
Hội đồng xét buộc thôi học của sinh viên sẽ họp vào lúc nào?,hội đồng xét buộc thôi học sinh viên họp vào thời điểm nào?,358
Thời điểm nào là ngày tổ chức họp của hội đồng xem xét xử lý việc buộc thôi học cho sinh viên?,hội đồng xét buộc thôi học sinh viên họp vào thời điểm nào?,358
Khi nào thì hội đồng xem xét vụ việc buộc sinh viên thôi học sẽ họp?,hội đồng xét buộc thôi học sinh viên họp vào thời điểm nào?,358
Hội đồng có dự định họp xem xét việc buộc thôi học của sinh viên vào thời gian nào không?,hội đồng xét buộc thôi học sinh viên họp vào thời điểm nào?,358
Sinh viên cần biết cuộc họp của hội đồng xét xử lý việc buộc thôi học sẽ diễn ra lúc nào.,hội đồng xét buộc thôi học sinh viên họp vào thời điểm nào?,358
Điểm trung bình tích lũy cần đạt bao nhiêu mới được xét tốt nghiệp?,điều kiện về điểm trung bình tích lũy để được xét tốt nghiệp là gì?,359
"Để được xét tốt nghiệp, sinh viên phải có điểm trung bình chung tối thiểu là bao nhiêu?",điều kiện về điểm trung bình tích lũy để được xét tốt nghiệp là gì?,359
Điều kiện về điểm trung bình chung cần đáp ứng như thế nào thì mới đủ điều kiện tốt nghiệp?,điều kiện về điểm trung bình tích lũy để được xét tốt nghiệp là gì?,359
Nhà trường quy định mức điểm trung bình tích lũy bao nhiêu cho việc xét tốt nghiệp?,điều kiện về điểm trung bình tích lũy để được xét tốt nghiệp là gì?,359
Sinh viên cần có chỉ số điểm trung bình tích lũy ở mức nào mới được công nhận tốt nghiệp?,điều kiện về điểm trung bình tích lũy để được xét tốt nghiệp là gì?,359
Sinh viên phải đạt những yêu cầu nào về điểm rèn luyện thì mới được công nhận tốt nghiệp?,sinh viên cần đạt yêu cầu gì về điểm rèn luyện để được công nhận tốt nghiệp?,360
"Để được cấp bằng tốt nghiệp, sinh viên cần có mức điểm rèn luyện tối thiểu là bao nhiêu?",sinh viên cần đạt yêu cầu gì về điểm rèn luyện để được công nhận tốt nghiệp?,360
Điểm rèn luyện cần đạt bao nhiêu phần trăm để sinh viên đủ điều kiện tốt nghiệp?,sinh viên cần đạt yêu cầu gì về điểm rèn luyện để được công nhận tốt nghiệp?,360
Những tiêu chuẩn về điểm rèn luyện nào là bắt buộc đối với sinh viên để được tốt nghiệp?,sinh viên cần đạt yêu cầu gì về điểm rèn luyện để được công nhận tốt nghiệp?,360
Sinh viên cần duy trì điểm rèn luyện ở mức độ nào thì nhà trường mới công nhận tốt nghiệp?,sinh viên cần đạt yêu cầu gì về điểm rèn luyện để được công nhận tốt nghiệp?,360
"Bên cạnh việc học tập, sinh viên cần hoàn thành những yêu cầu bắt buộc nào về mặt xã hội để tốt nghiệp?","ngoài học tập, sinh viên phải hoàn thành thêm nội dung bắt buộc nào về mặt xã hội để tốt nghiệp?",361
"Ngoài giờ lên lớp, sinh viên phải đáp ứng thêm điều kiện xã hội gì mới được cấp bằng?","ngoài học tập, sinh viên phải hoàn thành thêm nội dung bắt buộc nào về mặt xã hội để tốt nghiệp?",361
"Để tốt nghiệp, sinh viên cần làm gì thêm về mặt xã hội ngoài việc học hành?","ngoài học tập, sinh viên phải hoàn thành thêm nội dung bắt buộc nào về mặt xã hội để tốt nghiệp?",361
Các nội dung bắt buộc về xã hội mà sinh viên phải hoàn thành bên ngoài môn học là gì?,"ngoài học tập, sinh viên phải hoàn thành thêm nội dung bắt buộc nào về mặt xã hội để tốt nghiệp?",361
Sinh viên cần tích lũy thêm những trải nghiệm hay nghĩa vụ xã hội nào để đủ điều kiện tốt nghiệp?,"ngoài học tập, sinh viên phải hoàn thành thêm nội dung bắt buộc nào về mặt xã hội để tốt nghiệp?",361
Quy định về chuẩn đầu ra ngoại ngữ dành cho sinh viên không chuyên ngành ngôn ngữ là gì?,quy định chuẩn đầu ra ngoại ngữ đối với sinh viên không chuyên ngữ là gì?,362
Sinh viên không chuyên ngữ cần đạt chuẩn đầu ra ngoại ngữ như thế nào theo quy định?,quy định chuẩn đầu ra ngoại ngữ đối với sinh viên không chuyên ngữ là gì?,362
Làm thế nào để biết chuẩn đầu ra ngoại ngữ cho sinh viên phi chuyên ngữ?,quy định chuẩn đầu ra ngoại ngữ đối với sinh viên không chuyên ngữ là gì?,362
Nội dung quy định về chuẩn đầu ra ngoại ngữ của sinh viên không chuyên ngữ ra sao?,quy định chuẩn đầu ra ngoại ngữ đối với sinh viên không chuyên ngữ là gì?,362
Quy định đặt ra cho sinh viên không chuyên ngữ về mặt chuẩn đầu ra ngoại ngữ cụ thể là gì?,quy định chuẩn đầu ra ngoại ngữ đối với sinh viên không chuyên ngữ là gì?,362
Chuẩn đầu ra ngoại ngữ dành cho sinh viên ngành Sư phạm Tiếng Anh và Ngôn ngữ Anh là gì?,chuẩn đầu ra ngoại ngữ đối với sinh viên ngành sư phạm tiếng anh và ngôn ngữ anh là gì?,363
Những yêu cầu về ngoại ngữ mà sinh viên ngành Sư phạm Tiếng Anh và Ngôn ngữ Anh cần đạt được là gì?,chuẩn đầu ra ngoại ngữ đối với sinh viên ngành sư phạm tiếng anh và ngôn ngữ anh là gì?,363
Ngành Sư phạm Tiếng Anh và Ngôn ngữ Anh có những chuẩn đầu ra nào về mặt ngoại ngữ?,chuẩn đầu ra ngoại ngữ đối với sinh viên ngành sư phạm tiếng anh và ngôn ngữ anh là gì?,363
Sinh viên ngành Sư phạm Tiếng Anh và Ngôn ngữ Anh phải đạt chuẩn đầu ra ngoại ngữ ra sao?,chuẩn đầu ra ngoại ngữ đối với sinh viên ngành sư phạm tiếng anh và ngôn ngữ anh là gì?,363
Nội dung chuẩn đầu ra về ngoại ngữ cho sinh viên Sư phạm Tiếng Anh và Ngôn ngữ Anh được quy định thế nào?,chuẩn đầu ra ngoại ngữ đối với sinh viên ngành sư phạm tiếng anh và ngôn ngữ anh là gì?,363
Sinh viên lớp chất lượng cao cần đáp ứng những tiêu chí nghiên cứu khoa học nào để tốt nghiệp?,điều kiện bổ sung về nghiên cứu khoa học đối với sinh viên lớp chất lượng cao để tốt nghiệp là gì?,364
Điều kiện bổ sung về hoạt động nghiên cứu khoa học dành cho sinh viên chất lượng cao khi tốt nghiệp là gì?,điều kiện bổ sung về nghiên cứu khoa học đối với sinh viên lớp chất lượng cao để tốt nghiệp là gì?,364
"Để tốt nghiệp, sinh viên lớp chất lượng cao phải hoàn thành yêu cầu nghiên cứu khoa học ra sao?",điều kiện bổ sung về nghiên cứu khoa học đối với sinh viên lớp chất lượng cao để tốt nghiệp là gì?,364
Nhà trường quy định điều kiện nghiên cứu khoa học gì cho sinh viên chất lượng cao nhằm đủ điều kiện tốt nghiệp?,điều kiện bổ sung về nghiên cứu khoa học đối với sinh viên lớp chất lượng cao để tốt nghiệp là gì?,364
Sinh viên chất lượng cao cần thực hiện những điều kiện nghiên cứu khoa học bổ sung nào để ra trường?,điều kiện bổ sung về nghiên cứu khoa học đối với sinh viên lớp chất lượng cao để tốt nghiệp là gì?,364
Một năm học có bao nhiêu kỳ xét tốt nghiệp?,một năm học có bao nhiêu đợt xét tốt nghiệp?,365
Số lượng đợt xét tốt nghiệp trong một năm là bao nhiêu?,một năm học có bao nhiêu đợt xét tốt nghiệp?,365
"Trong một năm học, sinh viên được xét tốt nghiệp mấy lần?",một năm học có bao nhiêu đợt xét tốt nghiệp?,365
Trường tổ chức bao nhiêu đợt xét tốt nghiệp cho một năm học?,một năm học có bao nhiêu đợt xét tốt nghiệp?,365
Một năm học có mấy đợt xét cấp bằng tốt nghiệp?,một năm học có bao nhiêu đợt xét tốt nghiệp?,365
Sinh viên được cấp bằng tốt nghiệp sau khi có quyết định công nhận trong khoảng thời gian bao lâu?,thời hạn cấp bằng tốt nghiệp cho sinh viên sau khi có quyết định công nhận là bao lâu?,366
Khoảng thời gian từ khi có quyết định công nhận đến lúc sinh viên nhận bằng tốt nghiệp là bao lâu?,thời hạn cấp bằng tốt nghiệp cho sinh viên sau khi có quyết định công nhận là bao lâu?,366
Nhà trường cấp bằng tốt nghiệp cho sinh viên sau quyết định công nhận mất bao lâu?,thời hạn cấp bằng tốt nghiệp cho sinh viên sau khi có quyết định công nhận là bao lâu?,366
Thời gian chờ nhận bằng tốt nghiệp sau khi chính thức được công nhận là bao lâu?,thời hạn cấp bằng tốt nghiệp cho sinh viên sau khi có quyết định công nhận là bao lâu?,366
Quy định về thời hạn cấp bằng tốt nghiệp sau khi sinh viên có quyết định công nhận là như thế nào?,thời hạn cấp bằng tốt nghiệp cho sinh viên sau khi có quyết định công nhận là bao lâu?,366
Tiêu chí để xác định hạng tốt nghiệp là gì?,hạng tốt nghiệp được xác định dựa trên tiêu chí nào?,367
Dựa vào những căn cứ nào mà hạng tốt nghiệp được quyết định?,hạng tốt nghiệp được xác định dựa trên tiêu chí nào?,367
Hạng tốt nghiệp được phân loại theo những điều kiện cụ thể ra sao?,hạng tốt nghiệp được xác định dựa trên tiêu chí nào?,367
Người ta quy định những tiêu chuẩn gì nhằm xác định hạng tốt nghiệp?,hạng tốt nghiệp được xác định dựa trên tiêu chí nào?,367
Những yếu tố nào được dùng làm cơ sở để xếp hạng tốt nghiệp?,hạng tốt nghiệp được xác định dựa trên tiêu chí nào?,367
Trường hợp sinh viên đạt điểm trung bình loại xuất sắc nhưng bị xếp hạng tốt nghiệp là giỏi thì đó là trường hợp nào?,trường hợp nào sinh viên có đtbtl loại xuất sắc nhưng bị giảm hạng tốt nghiệp xuống loại giỏi?,368
Khi nào một sinh viên có điểm trung bình loại xuất sắc lại bị giảm hạng xuống loại giỏi trong bảng xếp loại tốt nghiệp?,trường hợp nào sinh viên có đtbtl loại xuất sắc nhưng bị giảm hạng tốt nghiệp xuống loại giỏi?,368
Bạn có thể giải thích trường hợp sinh viên đạt đtbtl loại xuất sắc nhưng kết quả tốt nghiệp là loại giỏi không?,trường hợp nào sinh viên có đtbtl loại xuất sắc nhưng bị giảm hạng tốt nghiệp xuống loại giỏi?,368
Điều kiện gì khiến sinh viên có điểm trung bình loại xuất sắc bị xếp vào loại giỏi thay vì xuất sắc?,trường hợp nào sinh viên có đtbtl loại xuất sắc nhưng bị giảm hạng tốt nghiệp xuống loại giỏi?,368
Xin hỏi trường hợp nào dẫn đến việc sinh viên có đtbtl xuất sắc bị giảm hạng thành loại giỏi?,trường hợp nào sinh viên có đtbtl loại xuất sắc nhưng bị giảm hạng tốt nghiệp xuống loại giỏi?,368
Sinh viên đã hết thời gian quy định nhưng vẫn còn nợ môn ngoại ngữ thì có được xét tốt nghiệp sau này không?,sinh viên hết thời gian học nhưng nợ chuẩn ngoại ngữ có được xét tốt nghiệp sau này không?,369
Nếu học viên hết hạn sinh viên mà vẫn chưa đạt chuẩn ngoại ngữ thì liệu có còn cơ hội xét tốt nghiệp không?,sinh viên hết thời gian học nhưng nợ chuẩn ngoại ngữ có được xét tốt nghiệp sau này không?,369
Bạn nào đã hết thời gian học nhưng vẫn nợ môn ngoại ngữ thì có thể được xét tốt nghiệp ở kỳ sau không?,sinh viên hết thời gian học nhưng nợ chuẩn ngoại ngữ có được xét tốt nghiệp sau này không?,369
Trường hợp sinh viên hết thời gian đào tạo nhưng chưa hoàn thành yêu cầu ngoại ngữ thì vẫn có thể xét tốt nghiệp được không?,sinh viên hết thời gian học nhưng nợ chuẩn ngoại ngữ có được xét tốt nghiệp sau này không?,369
Sinh viên hết thời gian mà vẫn còn nợ môn ngoại ngữ thì có được phép xét tốt nghiệp trong tương lai hay không?,sinh viên hết thời gian học nhưng nợ chuẩn ngoại ngữ có được xét tốt nghiệp sau này không?,369
Sinh viên chưa tốt nghiệp thì kết quả học tập được bảo lưu bao lâu?,kết quả học tập của sinh viên không tốt nghiệp được bảo lưu trong bao lâu?,370
Thời gian bảo lưu học lực dành cho sinh viên chưa hoàn thành chương trình đào tạo là bao nhiêu?,kết quả học tập của sinh viên không tốt nghiệp được bảo lưu trong bao lâu?,370
"Nếu chưa tốt nghiệp, hồ sơ học tập của sinh viên được lưu giữ trong thời gian bao lâu?",kết quả học tập của sinh viên không tốt nghiệp được bảo lưu trong bao lâu?,370
Kết quả học tập của sinh viên chưa ra trường được nhà trường bảo lưu trong khoảng thời gian nào?,kết quả học tập của sinh viên không tốt nghiệp được bảo lưu trong bao lâu?,370
Sinh viên chưa tốt nghiệp thì thời hạn được bảo lưu học lực là bao lâu?,kết quả học tập của sinh viên không tốt nghiệp được bảo lưu trong bao lâu?,370
Khi sinh viên hết thời gian học chính quy thì có thể chuyển sang hình thức học nào?,sinh viên hết thời gian học chính quy có thể chuyển sang hình thức học nào?,371
"Sau khi hoàn thành thời gian đào tạo theo chương trình chính quy, sinh viên được phép đăng ký học bằng hình thức gì?",sinh viên hết thời gian học chính quy có thể chuyển sang hình thức học nào?,371
"Nếu sinh viên hết hạn học chính quy, họ có thể chuyển qua hình thức đào tạo nào tiếp theo?",sinh viên hết thời gian học chính quy có thể chuyển sang hình thức học nào?,371
Sinh viên hết thời gian học chính quy sẽ có thể chuyển sang học theo hình thức nào?,sinh viên hết thời gian học chính quy có thể chuyển sang hình thức học nào?,371
"Khi hết thời gian theo học chính quy, sinh viên có thể chọn hình thức học thay thế nào?",sinh viên hết thời gian học chính quy có thể chuyển sang hình thức học nào?,371
Khi nào sinh viên được phép xin nghỉ học tạm thời và bảo lưu học bạ?,sinh viên được xin nghỉ học tạm thời và bảo lưu kết quả trong trường hợp nào?,372
Trong những trường hợp nào sinh viên có thể được chấp nhận nghỉ học ngắn hạn và giữ lại kết quả?,sinh viên được xin nghỉ học tạm thời và bảo lưu kết quả trong trường hợp nào?,372
Điều kiện để sinh viên được xin phép nghỉ học tạm thời và bảo lưu thành tích là gì?,sinh viên được xin nghỉ học tạm thời và bảo lưu kết quả trong trường hợp nào?,372
Làm thế nào để sinh viên được gia hạn thời gian học bằng cách xin nghỉ tạm và bảo lưu?,sinh viên được xin nghỉ học tạm thời và bảo lưu kết quả trong trường hợp nào?,372
Trường hợp nào sinh viên được quy định là có thể nghỉ học tạm thời và bảo lưu kết quả học tập?,sinh viên được xin nghỉ học tạm thời và bảo lưu kết quả trong trường hợp nào?,372
Những điều kiện nào sinh viên phải đáp ứng để được phép xin nghỉ học tạm thời vì lý do cá nhân?,điều kiện để sinh viên xin nghỉ học tạm thời vì nhu cầu cá nhân là gì?,373
Khi nào sinh viên có thể nộp đơn xin nghỉ học ngắn hạn với lý do nhu cầu riêng?,điều kiện để sinh viên xin nghỉ học tạm thời vì nhu cầu cá nhân là gì?,373
Quy định về việc sinh viên được nghỉ học tạm thời vì các vấn đề cá nhân là như thế nào?,điều kiện để sinh viên xin nghỉ học tạm thời vì nhu cầu cá nhân là gì?,373
Nhà trường yêu cầu những gì đối với sinh viên muốn xin nghỉ học ngắn hạn vì lý do cá nhân?,điều kiện để sinh viên xin nghỉ học tạm thời vì nhu cầu cá nhân là gì?,373
Làm thế nào để sinh viên có thể được chấp nhận nghỉ học tạm thời do nhu cầu riêng của bản thân?,điều kiện để sinh viên xin nghỉ học tạm thời vì nhu cầu cá nhân là gì?,373
Thời gian nghỉ việc riêng có được tính là thời gian học chính thức không?,thời gian nghỉ học vì nhu cầu cá nhân có được tính vào thời gian học chính thức không?,374
Những ngày nghỉ vì lý do cá nhân có được xem xét vào thời gian đào tạo không?,thời gian nghỉ học vì nhu cầu cá nhân có được tính vào thời gian học chính thức không?,374
Việc nghỉ học do nhu cầu riêng tư có ảnh hưởng đến tổng thời gian học tập được công nhận hay không?,thời gian nghỉ học vì nhu cầu cá nhân có được tính vào thời gian học chính thức không?,374
Có tính thời gian nghỉ vì lý do cá nhân vào khung giờ học chính quy không?,thời gian nghỉ học vì nhu cầu cá nhân có được tính vào thời gian học chính thức không?,374
Thời gian tạm ngừng việc vì nhu cầu riêng có được ghi nhận trong thời gian học không?,thời gian nghỉ học vì nhu cầu cá nhân có được tính vào thời gian học chính thức không?,374
Thời điểm nào để nộp đơn xin nghỉ học tạm thời?,thời hạn nộp đơn xin nghỉ học tạm thời là khi nào?,375
Khi nào là hạn chót để nộp đơn xin nghỉ học tạm thời?,thời hạn nộp đơn xin nghỉ học tạm thời là khi nào?,375
Sinh viên cần nộp đơn xin nghỉ học tạm thời vào thời hạn nào?,thời hạn nộp đơn xin nghỉ học tạm thời là khi nào?,375
Hạn nộp hồ sơ xin nghỉ học tạm thời diễn ra khi nào?,thời hạn nộp đơn xin nghỉ học tạm thời là khi nào?,375
Làm sao để biết thời gian nộp đơn xin nghỉ học tạm thời?,thời hạn nộp đơn xin nghỉ học tạm thời là khi nào?,375
Sinh viên đã tạm dừng học muốn quay lại thì phải nộp đơn xin trở lại vào thời điểm nào?,sinh viên muốn trở lại học sau thời gian tạm dừng phải nộp đơn khi nào?,376
Khi nào sinh viên cần nộp đơn để được tiếp tục học sau quãng thời gian tạm ngừng?,sinh viên muốn trở lại học sau thời gian tạm dừng phải nộp đơn khi nào?,376
"Đối với trường hợp sinh viên nghỉ học tạm thời, thời hạn nộp đơn xin gia hạn hoặc trở lại học là lúc nào?",sinh viên muốn trở lại học sau thời gian tạm dừng phải nộp đơn khi nào?,376
"Nếu bạn là sinh viên đã tạm nghỉ, thời gian cụ thể để nộp đơn xin trở lại lớp là khi nào?",sinh viên muốn trở lại học sau thời gian tạm dừng phải nộp đơn khi nào?,376
Sinh viên muốn quay lại trường sau thời gian tạm dừng cần chuẩn bị và nộp hồ sơ vào thời điểm nào?,sinh viên muốn trở lại học sau thời gian tạm dừng phải nộp đơn khi nào?,376
Sinh viên tự ý thôi học muốn quay lại thì cần làm gì?,sinh viên tự ý thôi học muốn quay lại trường thì phải làm gì?,377
"Nếu sinh viên đã tự ý thôi học, làm thế nào để xin trở lại trường?",sinh viên tự ý thôi học muốn quay lại trường thì phải làm gì?,377
Quy trình cho sinh viên tự ý thôi học nhưng muốn quay lại là gì?,sinh viên tự ý thôi học muốn quay lại trường thì phải làm gì?,377
Sinh viên nào tự ý thôi học thì phải làm gì để được nhận lại?,sinh viên tự ý thôi học muốn quay lại trường thì phải làm gì?,377
Làm sao sinh viên có thể quay lại trường sau khi đã tự ý thôi học?,sinh viên tự ý thôi học muốn quay lại trường thì phải làm gì?,377
Đơn vị nào sẽ tiếp nhận đơn xin thôi học của sinh viên?,đơn vị nào tiếp nhận đơn xin thôi học của sinh viên?,378
Tôi cần nộp đơn xin thôi học cho bộ phận nào?,đơn vị nào tiếp nhận đơn xin thôi học của sinh viên?,378
Bộ phận nào chịu trách nhiệm tiếp nhận hồ sơ xin thôi học?,đơn vị nào tiếp nhận đơn xin thôi học của sinh viên?,378
Sinh viên phải làm đơn xin thôi học và nộp tại đâu?,đơn vị nào tiếp nhận đơn xin thôi học của sinh viên?,378
Cơ quan nào nhận đơn từ sinh viên có ý định thôi học?,đơn vị nào tiếp nhận đơn xin thôi học của sinh viên?,378
Sinh viên sẽ được xem xét chuyển ngành vào thời điểm nào?,sinh viên được xem xét chuyển ngành khi nào?,379
Khi nào sinh viên có thể được xem xét để chuyển ngành?,sinh viên được xem xét chuyển ngành khi nào?,379
Thời điểm nào sinh viên được xem xét về việc chuyển ngành?,sinh viên được xem xét chuyển ngành khi nào?,379
Sinh viên được xem xét chuyển ngành ở thời gian nào?,sinh viên được xem xét chuyển ngành khi nào?,379
Trường hợp nào sinh viên được xem xét chuyển ngành?,sinh viên được xem xét chuyển ngành khi nào?,379
Tôi cần tích lũy bao nhiêu tín chỉ thì khi xin chuyển trường sẽ không còn bị tính là sinh viên năm nhất nữa?,điều kiện về số tín chỉ để không bị xem là sinh viên năm nhất khi xin chuyển trường?,380
Mức số tín chỉ tối thiểu để sinh viên năm nhất có thể chuyển trường mà không bị giới hạn về khối lượng kiến thức là bao nhiêu?,điều kiện về số tín chỉ để không bị xem là sinh viên năm nhất khi xin chuyển trường?,380
"Muốn chuyển trường khỏi danh mục sinh viên năm nhất, tôi phải hoàn thành đủ bao nhiêu tín chỉ?",điều kiện về số tín chỉ để không bị xem là sinh viên năm nhất khi xin chuyển trường?,380
Điều kiện về số lượng tín chỉ cần có để sinh viên năm nhất được phép xin chuyển trường như thế nào?,điều kiện về số tín chỉ để không bị xem là sinh viên năm nhất khi xin chuyển trường?,380
Cần hoàn thành bao nhiêu tín chỉ thì sinh viên năm nhất mới đủ điều kiện xin chuyển trường?,điều kiện về số tín chỉ để không bị xem là sinh viên năm nhất khi xin chuyển trường?,380
Cần tích lũy bao nhiêu tín chỉ thì mới không bị coi là sinh viên năm cuối khi chuyển trường?,điều kiện về số tín chỉ để không bị xem là sinh viên năm cuối khi xin chuyển trường?,381
Tôi phải đạt đủ bao nhiêu tín chỉ để giữ nguyên tư cách sinh viên giữa kỳ khi nộp đơn chuyển trường?,điều kiện về số tín chỉ để không bị xem là sinh viên năm cuối khi xin chuyển trường?,381
Mức số tín chỉ tối thiểu để không bị xếp là sinh viên năm cuối khi xin chuyển ngành là bao nhiêu?,điều kiện về số tín chỉ để không bị xem là sinh viên năm cuối khi xin chuyển trường?,381
"Khi xin chuyển trường, điều kiện về số tín chỉ để tránh bị xem là sinh viên năm cuối là gì?",điều kiện về số tín chỉ để không bị xem là sinh viên năm cuối khi xin chuyển trường?,381
Phải học được bao nhiêu tín chỉ thì mới đủ điều kiện không bị tính là sinh viên năm cuối khi chuyển trường?,điều kiện về số tín chỉ để không bị xem là sinh viên năm cuối khi xin chuyển trường?,381
Thời điểm nào để nộp đơn xin chuyển ngành hoặc chuyển hình thức học?,thời hạn nộp đơn xin chuyển ngành hoặc chuyển hình thức học là khi nào?,382
Khi nào là thời hạn cho việc nộp hồ sơ chuyển ngành hay chuyển hình thức học?,thời hạn nộp đơn xin chuyển ngành hoặc chuyển hình thức học là khi nào?,382
Sinh viên có thể nộp đơn chuyển ngành hoặc chuyển hình thức học vào lúc nào?,thời hạn nộp đơn xin chuyển ngành hoặc chuyển hình thức học là khi nào?,382
Hạn chót để làm thủ tục chuyển ngành hoặc chuyển hình thức học là khi nào?,thời hạn nộp đơn xin chuyển ngành hoặc chuyển hình thức học là khi nào?,382
Khoảng thời gian nào được quy định cho việc nộp đơn xin chuyển ngành/chuyển hình thức học?,thời hạn nộp đơn xin chuyển ngành hoặc chuyển hình thức học là khi nào?,382
Sinh viên từ các trường khác muốn chuyển sang học thì cần nộp đơn xin chuyển trường vào thời điểm nào?,sinh viên trường khác muốn chuyển đến phải nộp đơn khi nào?,383
"Nếu là sinh viên trường khác muốn xin chuyển đến đây, thời hạn nộp đơn là bao lâu?",sinh viên trường khác muốn chuyển đến phải nộp đơn khi nào?,383
Sinh viên chuyển từ trường khác vào có phải nộp hồ sơ chuyển trường ngay bây giờ hay đợi đến thời điểm quy định không?,sinh viên trường khác muốn chuyển đến phải nộp đơn khi nào?,383
"Đối với sinh viên ngoài trường muốn nhập học, đơn xin chuyển trường cần được nộp trước ngày nào?",sinh viên trường khác muốn chuyển đến phải nộp đơn khi nào?,383
Thời điểm sinh viên từ trường khác nộp đơn xin chuyển đến học tại đây là khi nào vậy?,sinh viên trường khác muốn chuyển đến phải nộp đơn khi nào?,383
Sinh viên có thể đăng ký học chương trình thứ hai sớm nhất từ thời điểm nào?,sinh viên được đăng ký học chương trình thứ hai sớm nhất là khi nào?,384
Thời gian sớm nhất để sinh viên được đăng ký chương trình thứ hai là khi nào?,sinh viên được đăng ký học chương trình thứ hai sớm nhất là khi nào?,384
Sinh viên cần chờ đến lúc nào mới được phép đăng ký chương trình thứ hai?,sinh viên được đăng ký học chương trình thứ hai sớm nhất là khi nào?,384
Khi nào là mốc thời gian sớm nhất cho việc sinh viên đăng ký học chương trình thứ hai?,sinh viên được đăng ký học chương trình thứ hai sớm nhất là khi nào?,384
Sinh viên được đăng ký chương trình thứ hai từ bao giờ là sớm nhất?,sinh viên được đăng ký học chương trình thứ hai sớm nhất là khi nào?,384
Điều kiện học lực để đăng ký học song song hai chương trình là gì?,điều kiện về học lực để đăng ký học cùng lúc hai chương trình là gì?,385
Mình cần đạt điểm trung bình bao nhiêu thì mới được đăng ký học cùng lúc hai chương trình?,điều kiện về học lực để đăng ký học cùng lúc hai chương trình là gì?,385
Nhà trường quy định điều kiện về học lực như thế nào cho việc đăng ký học hai chương trình cùng một lúc?,điều kiện về học lực để đăng ký học cùng lúc hai chương trình là gì?,385
"Để đăng ký học đồng thời hai chương trình, sinh viên phải có thành tích học tập ở mức độ nào?",điều kiện về học lực để đăng ký học cùng lúc hai chương trình là gì?,385
Học lực cần đạt yêu cầu ra sao thì mới đủ điều kiện đăng ký tham gia cả hai chương trình?,điều kiện về học lực để đăng ký học cùng lúc hai chương trình là gì?,385
Sinh viên bắt buộc phải dừng học chương trình thứ hai vào thời điểm nào?,khi nào sinh viên phải dừng học chương trình thứ hai?,386
Thời điểm sinh viên cần dừng lại chương trình thứ hai là khi nào?,khi nào sinh viên phải dừng học chương trình thứ hai?,386
Khi nào thì sinh viên phải chấm dứt việc theo học chương trình thứ hai?,khi nào sinh viên phải dừng học chương trình thứ hai?,386
Sinh viên cần dừng chương trình thứ hai ở giai đoạn nào?,khi nào sinh viên phải dừng học chương trình thứ hai?,386
Có thời hạn cụ thể nào để sinh viên phải dừng học chương trình thứ hai không?,khi nào sinh viên phải dừng học chương trình thứ hai?,386
Cả hai chương trình cần bao nhiêu thời gian tối đa để hoàn thành?,thời gian tối đa để hoàn thành cả hai chương trình là bao lâu?,387
Thời gian dài nhất để làm xong cả hai chương trình là bao lâu?,thời gian tối đa để hoàn thành cả hai chương trình là bao lâu?,387
"Nếu học cả hai, mức thời gian tối đa cần thiết là bao nhiêu?",thời gian tối đa để hoàn thành cả hai chương trình là bao lâu?,387
"Để hoàn thành trọn vẹn hai chương trình, ta cần tối đa bao lâu?",thời gian tối đa để hoàn thành cả hai chương trình là bao lâu?,387
Khoảng thời gian dài nhất cho việc hoàn thành cả hai chương trình là bao nhiêu?,thời gian tối đa để hoàn thành cả hai chương trình là bao lâu?,387
Sinh viên được xét tốt nghiệp chương trình thứ hai vào thời điểm nào?,sinh viên được xét tốt nghiệp chương trình thứ hai khi nào?,388
Khi nào sinh viên sẽ được xem xét để tốt nghiệp chương trình thứ hai?,sinh viên được xét tốt nghiệp chương trình thứ hai khi nào?,388
Thời điểm sinh viên đủ điều kiện xét tốt nghiệp chương trình thứ hai là bao giờ?,sinh viên được xét tốt nghiệp chương trình thứ hai khi nào?,388
Sinh viên có thể được xét tốt nghiệp chương trình thứ hai lúc nào không?,sinh viên được xét tốt nghiệp chương trình thứ hai khi nào?,388
Việc xét tốt nghiệp chương trình thứ hai của sinh viên diễn ra khi nào?,sinh viên được xét tốt nghiệp chương trình thứ hai khi nào?,388
Đơn vị nào sẽ tiếp nhận hồ sơ đăng ký cho chương trình học thứ hai?,đơn vị nào tiếp nhận đăng ký học chương trình thứ hai?,389
Ai là nơi nhận đăng ký tham gia chương trình học lần thứ hai?,đơn vị nào tiếp nhận đăng ký học chương trình thứ hai?,389
Chương trình học thứ hai do đơn vị nào phụ trách việc đăng ký?,đơn vị nào tiếp nhận đăng ký học chương trình thứ hai?,389
Bạn có thể cho biết đơn vị tiếp nhận đăng ký chương trình thứ hai là đâu không?,đơn vị nào tiếp nhận đăng ký học chương trình thứ hai?,389
Nơi nhận đăng ký cho chương trình học tiếp theo là đơn vị nào vậy?,đơn vị nào tiếp nhận đăng ký học chương trình thứ hai?,389
Thời điểm để đăng ký học chương trình thứ hai là khi nào?,thời điểm đăng ký học chương trình thứ hai là khi nào?,390
Bạn có thể cho biết mình cần đăng ký chương trình thứ hai vào lúc nào không?,thời điểm đăng ký học chương trình thứ hai là khi nào?,390
Khi nào thì mở đợt đăng ký cho chương trình học thứ hai?,thời điểm đăng ký học chương trình thứ hai là khi nào?,390
Sinh viên cần nộp đơn đăng ký chương trình thứ hai vào thời điểm nào?,thời điểm đăng ký học chương trình thứ hai là khi nào?,390
Lịch đăng ký tham gia chương trình học tiếp theo diễn ra khi nào?,thời điểm đăng ký học chương trình thứ hai là khi nào?,390
"Nếu bị điểm dưới 5,0 thì bắt buộc phải học lại học phần tự chọn không?","có bắt buộc học lại học phần tự chọn nếu bị điểm dưới 5,0 không?",391
"Điểm dưới 5,0 có nghĩa là sinh viên phải học lại môn tự chọn hay không?","có bắt buộc học lại học phần tự chọn nếu bị điểm dưới 5,0 không?",391
"Trong trường hợp điểm yếu hơn 5,0, việc học lại học phần tự chọn có bắt buộc không?","có bắt buộc học lại học phần tự chọn nếu bị điểm dưới 5,0 không?",391
"Mình có cần học lại học phần tự chọn nếu điểm số của mình dưới 5,0 không?","có bắt buộc học lại học phần tự chọn nếu bị điểm dưới 5,0 không?",391
"Điểm dưới 5,0 sẽ dẫn đến bắt buộc học lại học phần tự chọn đúng không ạ?","có bắt buộc học lại học phần tự chọn nếu bị điểm dưới 5,0 không?",391
"Văn bản pháp lý nào đang quy định về chính sách miễn, giảm học phí hiện nay?","văn bản pháp lý nào quy định về chính sách miễn, giảm học phí hiện hành?",392
Hiện hành có văn bản luật nào quy định cụ thể về việc miễn và giảm học phí không?,"văn bản pháp lý nào quy định về chính sách miễn, giảm học phí hiện hành?",392
Ai là chủ thể ban hành văn bản quy phạm pháp lý về chính sách miễn giảm học phí hiện tại?,"văn bản pháp lý nào quy định về chính sách miễn, giảm học phí hiện hành?",392
"Dựa vào văn bản pháp luật nào để biết được chính sách miễn, giảm học phí đang áp dụng?","văn bản pháp lý nào quy định về chính sách miễn, giảm học phí hiện hành?",392
Văn bản quy định về chính sách miễn giảm học phí hiện hành là gì?,"văn bản pháp lý nào quy định về chính sách miễn, giảm học phí hiện hành?",392
Sinh viên thuộc diện người có công với cách mạng được hưởng chế độ như thế nào?,sinh viên thuộc diện người có công với cách mạng được hưởng chế độ gì?,393
Những sinh viên có công với cách mạng sẽ được hưởng chế độ gì?,sinh viên thuộc diện người có công với cách mạng được hưởng chế độ gì?,393
Chế độ đãi ngộ dành cho sinh viên thuộc diện người có công với cách mạng ra sao?,sinh viên thuộc diện người có công với cách mạng được hưởng chế độ gì?,393
Người có công với cách mạng mà đang là sinh viên được hưởng chế độ gì?,sinh viên thuộc diện người có công với cách mạng được hưởng chế độ gì?,393
Sinh viên nào được gọi là người có công với cách mạng thì được hưởng chế độ gì?,sinh viên thuộc diện người có công với cách mạng được hưởng chế độ gì?,393
Sinh viên khuyết tật có được miễn học phí hay không?,sinh viên là người khuyết tật có được miễn học phí không?,394
Bạn sinh viên khuyết tật có được giảm hoặc miễn học phí không?,sinh viên là người khuyết tật có được miễn học phí không?,394
Quy định về miễn học phí dành cho sinh viên khuyết tật như thế nào?,sinh viên là người khuyết tật có được miễn học phí không?,394
Những sinh viên khuyết tật có quyền được miễn học phí không?,sinh viên là người khuyết tật có được miễn học phí không?,394
Trường có miễn học phí cho sinh viên là người khuyết tật không?,sinh viên là người khuyết tật có được miễn học phí không?,394
Những sinh viên từ 16 đến 22 tuổi học văn bằng cấp 1 thuộc đối tượng bảo trợ xã hội có được miễn học phí không?,sinh viên từ 16 đến 22 tuổi đang học văn bằng thứ nhất thuộc đối tượng bảo trợ xã hội có được miễn học phí không?,395
Sinh viên trong độ tuổi 16-22 theo học chương trình đại học là người được nhà nước bảo trợ thì có hưởng chính sách miễn học phí hay không?,sinh viên từ 16 đến 22 tuổi đang học văn bằng thứ nhất thuộc đối tượng bảo trợ xã hội có được miễn học phí không?,395
"Đối với sinh viên từ 16 đến 22 tuổi đang học bằng cấp thứ nhất và là đối tượng được bảo trợ xã hội, chế độ miễn học phí có áp dụng không?",sinh viên từ 16 đến 22 tuổi đang học văn bằng thứ nhất thuộc đối tượng bảo trợ xã hội có được miễn học phí không?,395
Bạn có biết sinh viên từ 16 đến 22 tuổi học văn bằng 1 thuộc diện bảo trợ xã hội có được miễn tiền học phí không?,sinh viên từ 16 đến 22 tuổi đang học văn bằng thứ nhất thuộc đối tượng bảo trợ xã hội có được miễn học phí không?,395
Những học viên từ 16 đến 22 tuổi đang theo học văn bằng cấp 1 và thuộc nhóm đối tượng bảo trợ xã hội thì có được miễn học phí không?,sinh viên từ 16 đến 22 tuổi đang học văn bằng thứ nhất thuộc đối tượng bảo trợ xã hội có được miễn học phí không?,395
Học sinh là dân tộc thiểu số mà gia đình đang ở mức nghèo hoặc cận nghèo thì có được miễn phí học tập hay không?,sinh viên dân tộc thiểu số thuộc hộ nghèo hoặc hộ cận nghèo có được miễn học phí không?,396
Các bạn sinh viên người dân tộc thiểu số có hoàn cảnh khó khăn thuộc hộ nghèo hay cận nghèo có được hưởng chính sách miễn học phí không?,sinh viên dân tộc thiểu số thuộc hộ nghèo hoặc hộ cận nghèo có được miễn học phí không?,396
Người dân tộc thiểu số trong hộ nghèo hoặc cận nghèo có quyền được miễn học phí khi đi học đại học chưa?,sinh viên dân tộc thiểu số thuộc hộ nghèo hoặc hộ cận nghèo có được miễn học phí không?,396
Gia đình mình là hộ nghèo hoặc cận nghèo và bố mẹ là người dân tộc thiểu số thì con được miễn học phí không vậy?,sinh viên dân tộc thiểu số thuộc hộ nghèo hoặc hộ cận nghèo có được miễn học phí không?,396
"Đối với sinh viên người dân tộc thiểu số thuộc hộ nghèo hoặc cận nghèo, nhà trường có chính sách miễn học phí không?",sinh viên dân tộc thiểu số thuộc hộ nghèo hoặc hộ cận nghèo có được miễn học phí không?,396
Những dân tộc nào thuộc nhóm dân tộc thiểu số rất ít người sẽ được miễn học phí?,những dân tộc nào được xếp vào nhóm dân tộc thiểu số rất ít người để được miễn học phí?,397
Nhóm dân tộc thiểu số rất ít người bao gồm những tộc người nào để được hưởng chính sách miễn học phí?,những dân tộc nào được xếp vào nhóm dân tộc thiểu số rất ít người để được miễn học phí?,397
Chính sách miễn học phí áp dụng cho những dân tộc thiểu số rất ít người cụ thể là những tộc nào?,những dân tộc nào được xếp vào nhóm dân tộc thiểu số rất ít người để được miễn học phí?,397
"Để được miễn học phí, những dân tộc nào được xếp vào danh sách dân tộc thiểu số rất ít người?",những dân tộc nào được xếp vào nhóm dân tộc thiểu số rất ít người để được miễn học phí?,397
Danh sách các dân tộc thiểu số rất ít người được miễn học phí gồm những tộc nào?,những dân tộc nào được xếp vào nhóm dân tộc thiểu số rất ít người để được miễn học phí?,397
Điều kiện về nơi cư trú dành cho sinh viên dân tộc thiểu số rất ít người để được miễn học phí là gì?,điều kiện về địa bàn cư trú đối với sinh viên dân tộc thiểu số rất ít người để được miễn học phí là gì?,398
Sinh viên dân tộc thiểu số rất ít người cần có địa bàn cư trú như thế nào mới được miễn học phí?,điều kiện về địa bàn cư trú đối với sinh viên dân tộc thiểu số rất ít người để được miễn học phí là gì?,398
Làm thế nào về điều kiện cư trú của sinh viên dân tộc thiểu số rất ít người thì có thể miễn học phí?,điều kiện về địa bàn cư trú đối với sinh viên dân tộc thiểu số rất ít người để được miễn học phí là gì?,398
Những quy định nào về địa bàn sinh sống ảnh hưởng đến việc miễn học phí cho sinh viên dân tộc thiểu số rất ít người?,điều kiện về địa bàn cư trú đối với sinh viên dân tộc thiểu số rất ít người để được miễn học phí là gì?,398
Địa bàn cư trú của sinh viên dân tộc thiểu số rất ít người phải đáp ứng tiêu chuẩn gì để được miễn học phí?,điều kiện về địa bàn cư trú đối với sinh viên dân tộc thiểu số rất ít người để được miễn học phí là gì?,398
Những sinh viên tham gia các chương trình ưu tiên đặc biệt do Nhà nước tổ chức có được miễn học phí hay không?,"sinh viên thuộc các chương trình, đề án đặc biệt của chính phủ có được miễn học phí không?",399
Sinh viên thuộc các đề án đặc biệt của Chính phủ thì có được miễn giảm học phí không?,"sinh viên thuộc các chương trình, đề án đặc biệt của chính phủ có được miễn học phí không?",399
"Bạn có thể cho mình hỏi, các bạn sinh viên trong các chương trình đặc biệt của Chính phủ có miễn học phí không?","sinh viên thuộc các chương trình, đề án đặc biệt của chính phủ có được miễn học phí không?",399
"Theo quy định hiện hành, sinh viên tham gia các dự án đặc biệt của Nhà nước có được miễn phí học tập không?","sinh viên thuộc các chương trình, đề án đặc biệt của chính phủ có được miễn học phí không?",399
Những bạn sinh viên được tuyển vào các chương trình đặc biệt của Chính phủ có được hưởng chính sách miễn học phí không?,"sinh viên thuộc các chương trình, đề án đặc biệt của chính phủ có được miễn học phí không?",399
Đối tượng nào được giảm 70% học phí?,đối tượng nào được giảm 70% học phí?,400
Ai là người được hưởng chính sách giảm 70% học phí?,đối tượng nào được giảm 70% học phí?,400
Nhóm đối tượng nào được ưu đãi giảm 70% trong học phí?,đối tượng nào được giảm 70% học phí?,400
Chính sách giảm 70% học phí áp dụng cho đối tượng nào?,đối tượng nào được giảm 70% học phí?,400
Học phí giảm 70% dành cho đối tượng nào vậy?,đối tượng nào được giảm 70% học phí?,400
Học phí của sinh viên có cha hoặc mẹ bị tai nạn lao động được giảm bao nhiêu phần trăm?,sinh viên có cha hoặc mẹ bị tai nạn lao động được giảm bao nhiêu học phí?,401
"Đối với sinh viên có bố hoặc mẹ bị tai nạn lao động, mức giảm học phí là bao nhiêu?",sinh viên có cha hoặc mẹ bị tai nạn lao động được giảm bao nhiêu học phí?,401
Bạn cho tôi biết sinh viên có cha mẹ bị tai nạn lao động được giảm học phí cụ thể bao nhiêu không?,sinh viên có cha hoặc mẹ bị tai nạn lao động được giảm bao nhiêu học phí?,401
Mức giảm học phí dành cho sinh viên có người cha hoặc người mẹ bị tai nạn lao động là bao nhiêu?,sinh viên có cha hoặc mẹ bị tai nạn lao động được giảm bao nhiêu học phí?,401
Sinh viên có bố mẹ bị tai nạn lao động sẽ được nhà trường giảm bao nhiêu tiền học phí?,sinh viên có cha hoặc mẹ bị tai nạn lao động được giảm bao nhiêu học phí?,401
"Thời gian áp dụng chính sách miễn, giảm học phí là bao lâu?","chính sách miễn, giảm học phí được áp dụng trong bao lâu?",402
Chính sách miễn giảm học phí sẽ được duy trì trong khoảng thời gian nào?,"chính sách miễn, giảm học phí được áp dụng trong bao lâu?",402
"Bao lâu thì chính sách miễn, giảm học phí có hiệu lực?","chính sách miễn, giảm học phí được áp dụng trong bao lâu?",402
Chế độ miễn giảm học phí được triển khai trong thời hạn bao nhiêu?,"chính sách miễn, giảm học phí được áp dụng trong bao lâu?",402
Học phí được miễn giảm trong một khoảng thời gian cụ thể nào?,"chính sách miễn, giảm học phí được áp dụng trong bao lâu?",402
Các học kỳ nào được áp dụng chính sách miễn và giảm học phí?,"những học kỳ nào được áp dụng chính sách miễn, giảm học phí?",403
Học kỳ nào sinh viên có được miễn hoặc giảm học phí?,"những học kỳ nào được áp dụng chính sách miễn, giảm học phí?",403
Chính sách miễn giảm học phí được thực hiện ở những học kỳ nào?,"những học kỳ nào được áp dụng chính sách miễn, giảm học phí?",403
"Những học kỳ nào có chính sách hỗ trợ miễn, giảm học phí?","những học kỳ nào được áp dụng chính sách miễn, giảm học phí?",403
"Sinh viên được miễn, giảm học phí vào những học kỳ nào?","những học kỳ nào được áp dụng chính sách miễn, giảm học phí?",403
Các học phần ôn lại có được hưởng chính sách miễn hoặc giảm học phí không?,"các học phần học lại có được miễn, giảm học phí không?",404
Sinh viên học lại có được giảm giá học phí cho các môn đã học chưa?,"các học phần học lại có được miễn, giảm học phí không?",404
Trường có miễn giảm học phí cho những học phần mà sinh viên phải học lại không?,"các học phần học lại có được miễn, giảm học phí không?",404
"Khi đăng ký học lại, các môn đó có được áp dụng mức học phí ưu đãi hay không?","các học phần học lại có được miễn, giảm học phí không?",404
Các môn cần học lại có thuộc diện được giảm học phí của nhà trường không?,"các học phần học lại có được miễn, giảm học phí không?",404
Học phần được học để cải thiện điểm số có được giảm học phí hay không?,học phần học cải thiện điểm có được hưởng chế độ giảm học phí không?,405
Sinh viên tham gia học cải thiện điểm có được hưởng ưu đãi giảm tiền học không?,học phần học cải thiện điểm có được hưởng chế độ giảm học phí không?,405
Mình muốn hỏi xem các môn học nâng cao điểm có miễn giảm học phí không ạ?,học phần học cải thiện điểm có được hưởng chế độ giảm học phí không?,405
Chương trình học cải thiện điểm có áp dụng chính sách giảm học phí cho sinh viên không?,học phần học cải thiện điểm có được hưởng chế độ giảm học phí không?,405
Việc đăng ký học để cải thiện thành tích có được tính giảm giá học phí hay không?,học phần học cải thiện điểm có được hưởng chế độ giảm học phí không?,405
Sinh viên được miễn học phí khi đăng ký học các môn ngoài chương trình đào tạo không?,sinh viên đăng ký học các môn ngoài chương trình đào tạo có được miễn học phí không?,406
Có chính sách miễn học phí cho những môn học vượt khung chương trình đào tạo của sinh viên không?,sinh viên đăng ký học các môn ngoài chương trình đào tạo có được miễn học phí không?,406
"Khi đăng ký học thêm các môn không nằm trong chương trình đào tạo, sinh viên có phải đóng học phí hay không?",sinh viên đăng ký học các môn ngoài chương trình đào tạo có được miễn học phí không?,406
Trường có miễn giảm học phí cho sinh viên đăng ký học các môn ngoại khóa ngoài chương trình chính không?,sinh viên đăng ký học các môn ngoài chương trình đào tạo có được miễn học phí không?,406
Việc đăng ký học các môn không thuộc chương trình đào tạo có được hỗ trợ miễn phí cho sinh viên không?,sinh viên đăng ký học các môn ngoài chương trình đào tạo có được miễn học phí không?,406
Những học phần nào được miễn hoặc giảm học phí cần đáp ứng điều kiện gì?,"các học phần được miễn, giảm học phí phải thỏa mãn điều kiện gì?",407
"Để được hưởng chính sách miễn giảm học phí, sinh viên cần thỏa mãn những yêu cầu nào về học phần?","các học phần được miễn, giảm học phí phải thỏa mãn điều kiện gì?",407
Điều kiện bắt buộc để một học phần được công nhận là miễn hoặc giảm học phí là gì?,"các học phần được miễn, giảm học phí phải thỏa mãn điều kiện gì?",407
Sinh viên cần đáp ứng những tiêu chí gì thì các học phần của mình mới được miễn giảm học phí?,"các học phần được miễn, giảm học phí phải thỏa mãn điều kiện gì?",407
Việc miễn giảm học phí cho các học phần áp dụng cho những trường hợp nào và phải đáp ứng điều kiện gì?,"các học phần được miễn, giảm học phí phải thỏa mãn điều kiện gì?",407
"Mức chi trả hỗ trợ của ngân sách nhà nước cho việc miễn, giảm học phí tại trường là bao nhiêu?","ngân sách nhà nước cấp bù tiền miễn, giảm học phí cho trường theo mức nào?",408
Trường được ngân sách nhà nước cấp bù tiền miễn giảm học phí ở mức cụ thể nào?,"ngân sách nhà nước cấp bù tiền miễn, giảm học phí cho trường theo mức nào?",408
Chính sách cấp bù từ ngân sách nhà nước cho học phí miễn giảm của trường quy định mức nào?,"ngân sách nhà nước cấp bù tiền miễn, giảm học phí cho trường theo mức nào?",408
Ngân sách nhà nước hỗ trợ trường miễn giảm học phí theo tỷ lệ hoặc mức độ ra sao?,"ngân sách nhà nước cấp bù tiền miễn, giảm học phí cho trường theo mức nào?",408
"Số tiền miễn, giảm học phí mà trường được ngân sách nhà nước cấp bù là bao nhiêu?","ngân sách nhà nước cấp bù tiền miễn, giảm học phí cho trường theo mức nào?",408
Trường ĐH Sư phạm Kỹ thuật TP.HCM giải quyết phần chênh lệch giữa mức trần nhà nước và mức học phí đại trà như thế nào?,trường đhspkt tphcm xử lý thế nào về phần chênh lệch giữa mức trần nhà nước cấp và mức học phí đại trà của trường?,409
Phần chênh lệch giữa mức học phí đại trà và mức trần nhà nước mà trường ĐHSPKT TP.HCM được áp dụng ra sao?,trường đhspkt tphcm xử lý thế nào về phần chênh lệch giữa mức trần nhà nước cấp và mức học phí đại trà của trường?,409
Cơ chế xử lý khoản chênh lệch giữa mức trần do nhà nước quy định và mức học phí đại trà của trường ĐHSPKT TP.HCM là gì?,trường đhspkt tphcm xử lý thế nào về phần chênh lệch giữa mức trần nhà nước cấp và mức học phí đại trà của trường?,409
Trường ĐHSPKT TP.HCM có phương án gì để xử lý khoảng cách giữa mức học phí đại trà và mức trần nhà nước cấp không?,trường đhspkt tphcm xử lý thế nào về phần chênh lệch giữa mức trần nhà nước cấp và mức học phí đại trà của trường?,409
Mức chênh lệch giữa mức học phí đại trà và mức trần nhà nước tại trường ĐHSPKT TP.HCM được giải quyết ra làm sao?,trường đhspkt tphcm xử lý thế nào về phần chênh lệch giữa mức trần nhà nước cấp và mức học phí đại trà của trường?,409
Sinh viên hệ chất lượng cao được miễn hoặc giảm học phí thì cần đóng khoản tiền nào?,"sinh viên hệ chất lượng cao thuộc diện miễn, giảm học phí phải đóng khoản tiền nào?",410
"Đối với sinh viên hệ chất lượng cao thuộc diện miễn giảm học phí, khoản phí nào vẫn phải nộp?","sinh viên hệ chất lượng cao thuộc diện miễn, giảm học phí phải đóng khoản tiền nào?",410
Bạn có thể cho biết sinh viên hệ chất lượng cao được miễn giảm học phí phải đóng loại tiền nào không?,"sinh viên hệ chất lượng cao thuộc diện miễn, giảm học phí phải đóng khoản tiền nào?",410
Sinh viên hệ chất lượng cao thuộc diện miễn giảm học phí thì khoản đóng góp còn lại là gì?,"sinh viên hệ chất lượng cao thuộc diện miễn, giảm học phí phải đóng khoản tiền nào?",410
"Khi được miễn giảm học phí, sinh viên hệ chất lượng cao vẫn phải đóng khoản tiền gì?","sinh viên hệ chất lượng cao thuộc diện miễn, giảm học phí phải đóng khoản tiền nào?",410
Khi sinh viên thuộc diện được hưởng nhiều mức hỗ trợ từ các văn bản khác nhau thì áp dụng mức nào?,nếu sinh viên thuộc đối tượng được hưởng nhiều mức hỗ trợ từ các văn bản khác nhau thì áp dụng mức nào?,411
"Nếu sinh viên nhận được nhiều khoản hỗ trợ từ các quy định khác nhau, cần ưu tiên mức hỗ trợ nào?",nếu sinh viên thuộc đối tượng được hưởng nhiều mức hỗ trợ từ các văn bản khác nhau thì áp dụng mức nào?,411
Trường hợp sinh viên đủ điều kiện cho nhiều mức hỗ trợ theo các văn bản khác nhau thì chọn mức nào để hưởng?,nếu sinh viên thuộc đối tượng được hưởng nhiều mức hỗ trợ từ các văn bản khác nhau thì áp dụng mức nào?,411
"Khi một sinh viên thuộc đối tượng được hỗ trợ bởi nhiều văn bản khác nhau, mức hỗ trợ nào sẽ được áp dụng?",nếu sinh viên thuộc đối tượng được hưởng nhiều mức hỗ trợ từ các văn bản khác nhau thì áp dụng mức nào?,411
Nếu sinh viên được hưởng nhiều mức hỗ trợ từ các văn bản khác nhau thì phải áp dụng mức hỗ trợ nào?,nếu sinh viên thuộc đối tượng được hưởng nhiều mức hỗ trợ từ các văn bản khác nhau thì áp dụng mức nào?,411
Sinh viên được trả lương trong thời gian học có được miễn hoặc giảm học phí không?,"sinh viên đang hưởng lương khi đi học có được miễn, giảm học phí không?",412
Những sinh viên đang có thu nhập khi đi học có thể xin miễn giảm học phí được không?,"sinh viên đang hưởng lương khi đi học có được miễn, giảm học phí không?",412
Có chính sách miễn giảm học phí dành cho sinh viên có hưởng lương khi đi học hay không?,"sinh viên đang hưởng lương khi đi học có được miễn, giảm học phí không?",412
Sinh viên đi học và được nhận lương có quyền được giảm học phí không?,"sinh viên đang hưởng lương khi đi học có được miễn, giảm học phí không?",412
Trường hợp sinh viên có lương khi theo học thì có được xét miễn giảm học phí không?,"sinh viên đang hưởng lương khi đi học có được miễn, giảm học phí không?",412
Sinh viên đã được hưởng chính sách miễn giảm ở trường đại học khác thì khi học thêm văn bằng tại trường hiện tại có tiếp tục được miễn giảm không?,sinh viên đã hưởng chính sách miễn giảm ở một trường đại học khác nay học thêm văn bằng khác tại trường có được hưởng tiếp không?,413
Những ai đã từng được ưu đãi miễn giảm học phí tại một cơ sở giáo dục khác thì nay đăng ký học thêm văn bằng tại trường này có còn được áp dụng chính sách đó không?,sinh viên đã hưởng chính sách miễn giảm ở một trường đại học khác nay học thêm văn bằng khác tại trường có được hưởng tiếp không?,413
Có được tiếp tục nhận hỗ trợ miễn giảm nếu sinh viên đã từng sử dụng chính sách này ở một trường đại học khác trước khi học thêm văn bằng tại đây không?,sinh viên đã hưởng chính sách miễn giảm ở một trường đại học khác nay học thêm văn bằng khác tại trường có được hưởng tiếp không?,413
Việc đã từng được miễn giảm học phí tại một trường khác có ảnh hưởng đến quyền lợi khi học thêm văn bằng tại trường hiện tại của sinh viên không?,sinh viên đã hưởng chính sách miễn giảm ở một trường đại học khác nay học thêm văn bằng khác tại trường có được hưởng tiếp không?,413
Sinh viên có tiếp tục được hưởng chính sách miễn giảm hay không sau khi đã từng được hưởng ở một trường đại học khác và nay học thêm văn bằng tại đây?,sinh viên đã hưởng chính sách miễn giảm ở một trường đại học khác nay học thêm văn bằng khác tại trường có được hưởng tiếp không?,413
Trường có chính sách hỗ trợ gì cho sinh viên học cùng lúc nhiều ngành?,trường hợp sinh viên học đồng thời nhiều ngành tại trường thì hưởng chính sách như thế nào?,414
"Khi đăng ký học song song nhiều ngành, sinh viên sẽ được hưởng chế độ nào?",trường hợp sinh viên học đồng thời nhiều ngành tại trường thì hưởng chính sách như thế nào?,414
"Đối với sinh viên theo học đa ngành, nhà trường áp dụng chính sách ra sao?",trường hợp sinh viên học đồng thời nhiều ngành tại trường thì hưởng chính sách như thế nào?,414
Nếu một sinh viên học nhiều ngành tại trường thì chính sách hỗ trợ như thế nào?,trường hợp sinh viên học đồng thời nhiều ngành tại trường thì hưởng chính sách như thế nào?,414
Các quy định về hỗ trợ dành cho sinh viên học đồng thời nhiều ngành là gì?,trường hợp sinh viên học đồng thời nhiều ngành tại trường thì hưởng chính sách như thế nào?,414
"Sinh viên đang bị đình chỉ học tập có được hưởng chính sách miễn, giảm học phí hay không?","sinh viên bị kỷ luật đình chỉ học tập có được hưởng miễn, giảm học phí không?",415
"Trường hợp bị kỷ luật đình chỉ, sinh viên vẫn có quyền được miễn hoặc giảm học phí không?","sinh viên bị kỷ luật đình chỉ học tập có được hưởng miễn, giảm học phí không?",415
"Làm sao để biết sinh viên bị đình chỉ học tập có được hưởng khoản miễn, giảm học phí không?","sinh viên bị kỷ luật đình chỉ học tập có được hưởng miễn, giảm học phí không?",415
Sinh viên bị đình chỉ có được hưởng các chế độ hỗ trợ về học phí như miễn hay giảm không?,"sinh viên bị kỷ luật đình chỉ học tập có được hưởng miễn, giảm học phí không?",415
"Việc bị kỷ luật đình chỉ có ảnh hưởng đến quyền được miễn, giảm học phí của sinh viên không?","sinh viên bị kỷ luật đình chỉ học tập có được hưởng miễn, giảm học phí không?",415
Sinh viên nghỉ học vì lý do ốm đau thì khi quay lại có được tiếp tục hưởng chính sách hỗ trợ hay không?,sinh viên tạm dừng học do ốm đau có được tiếp tục hưởng chính sách khi quay lại không?,416
Có chính sách gì dành cho sinh viên tạm dừng việc học do mắc bệnh khi họ trở lại trường không?,sinh viên tạm dừng học do ốm đau có được tiếp tục hưởng chính sách khi quay lại không?,416
Sinh viên tạm nghỉ học do sức khỏe yếu có được phép tiếp tục nhận hỗ trợ khi quay lại giảng đường không?,sinh viên tạm dừng học do ốm đau có được tiếp tục hưởng chính sách khi quay lại không?,416
Việc tạm dừng học vì lý do ốm đau có ảnh hưởng đến quyền lợi chính sách khi sinh viên quay lại không?,sinh viên tạm dừng học do ốm đau có được tiếp tục hưởng chính sách khi quay lại không?,416
Các sinh viên bị nghỉ học vì bệnh tật thì khi trở lại có được áp dụng lại các chính sách cũ không?,sinh viên tạm dừng học do ốm đau có được tiếp tục hưởng chính sách khi quay lại không?,416
"Thời gian được xem xét để miễn, giảm học phí cao nhất có thể kéo dài bao nhiêu tháng trong một năm học?","thời gian xét miễn, giảm học phí tối đa là bao nhiêu tháng trong một năm học?",417
"Trong một năm học, mức thời gian tối đa để xét miễn, giảm học phí là bao nhiêu tháng?","thời gian xét miễn, giảm học phí tối đa là bao nhiêu tháng trong một năm học?",417
"Nhà trường xét miễn, giảm học phí cho nhiều nhất bao nhiêu tháng mỗi năm học?","thời gian xét miễn, giảm học phí tối đa là bao nhiêu tháng trong một năm học?",417
"Có thể được miễn, giảm học phí tối đa bao nhiêu tháng trong suốt một năm học?","thời gian xét miễn, giảm học phí tối đa là bao nhiêu tháng trong một năm học?",417
"Giới hạn thời gian xét miễn, giảm học phí trong một năm học là bao nhiêu tháng?","thời gian xét miễn, giảm học phí tối đa là bao nhiêu tháng trong một năm học?",417
Một năm học trường tổ chức bao nhiêu lần việc xét miễn giảm học phí?,"một năm học nhà trường tổ chức xét miễn, giảm học phí bao nhiêu lần?",418
"Trong một năm, nhà trường xét miễn giảm học phí mấy lần?","một năm học nhà trường tổ chức xét miễn, giảm học phí bao nhiêu lần?",418
Số lần xét miễn giảm học phí của trường trong năm học là bao nhiêu?,"một năm học nhà trường tổ chức xét miễn, giảm học phí bao nhiêu lần?",418
Trường tổ chức xét miễn giảm học phí cho sinh viên bao nhiêu lần mỗi năm?,"một năm học nhà trường tổ chức xét miễn, giảm học phí bao nhiêu lần?",418
"Một năm học, nhà trường thực hiện xét miễn giảm học phí mấy lần?","một năm học nhà trường tổ chức xét miễn, giảm học phí bao nhiêu lần?",418
Hồ sơ xin miễn giảm học phí cơ bản cần chuẩn bị những giấy tờ nào?,"hồ sơ đề nghị miễn, giảm học phí cơ bản gồm những giấy tờ gì?",419
"Để được miễn giảm học phí cơ bản, sinh viên phải nộp đủ những loại giấy tờ gì?","hồ sơ đề nghị miễn, giảm học phí cơ bản gồm những giấy tờ gì?",419
Những chứng từ nào là bắt buộc khi làm hồ sơ đề nghị miễn giảm học phí cơ bản?,"hồ sơ đề nghị miễn, giảm học phí cơ bản gồm những giấy tờ gì?",419
Làm sao để biết danh sách giấy tờ cần thiết cho hồ sơ miễn giảm học phí cơ bản?,"hồ sơ đề nghị miễn, giảm học phí cơ bản gồm những giấy tờ gì?",419
Sinh viên cần cung cấp những giấy tờ gì trong hồ sơ đề nghị giảm hoặc miễn học phí cơ bản?,"hồ sơ đề nghị miễn, giảm học phí cơ bản gồm những giấy tờ gì?",419
Sinh viên thuộc diện người có công với cách mạng cần chuẩn bị những loại minh chứng nào?,minh chứng cần thiết cho sinh viên thuộc diện người có công với cách mạng là gì?,420
Những bằng chứng gì là bắt buộc đối với sinh viên được công nhận là người có công với cách mạng?,minh chứng cần thiết cho sinh viên thuộc diện người có công với cách mạng là gì?,420
"Để được ghi nhận là người có công, sinh viên cần cung cấp những chứng cứ gì?",minh chứng cần thiết cho sinh viên thuộc diện người có công với cách mạng là gì?,420
Danh mục các tài liệu xác nhận cần thiết cho sinh viên người có công là gì?,minh chứng cần thiết cho sinh viên thuộc diện người có công với cách mạng là gì?,420
Sinh viên thuộc diện người có công phải xuất trình những giấy tờ chứng minh nào?,minh chứng cần thiết cho sinh viên thuộc diện người có công với cách mạng là gì?,420
Sinh viên khuyết tật cần chuẩn bị những giấy tờ nào cho hồ sơ?,sinh viên khuyết tật cần nộp giấy tờ gì để làm hồ sơ?,421
Hồ sơ đăng ký của sinh viên khuyết tật phải có đủ những loại giấy tờ gì?,sinh viên khuyết tật cần nộp giấy tờ gì để làm hồ sơ?,421
Bạn cần nộp những chứng từ nào nếu là sinh viên khuyết tật để làm hồ sơ?,sinh viên khuyết tật cần nộp giấy tờ gì để làm hồ sơ?,421
Những tài liệu gì là bắt buộc sinh viên khuyết tật phải nộp cho hồ sơ của mình?,sinh viên khuyết tật cần nộp giấy tờ gì để làm hồ sơ?,421
Sinh viên khuyết tật cần cung cấp những giấy tờ chứng minh gì khi làm hồ sơ?,sinh viên khuyết tật cần nộp giấy tờ gì để làm hồ sơ?,421
Hồ sơ xin trợ cấp xã hội dành cho sinh viên từ 16 đến 22 tuổi cần chuẩn bị những giấy tờ nào?,hồ sơ cho sinh viên 16-22 tuổi hưởng trợ cấp xã hội gồm giấy tờ gì?,422
"Để được hưởng trợ cấp xã hội, sinh viên độ tuổi 16-22 phải nộp những loại giấy tờ gì?",hồ sơ cho sinh viên 16-22 tuổi hưởng trợ cấp xã hội gồm giấy tờ gì?,422
Những giấy tờ cần thiết cho hồ sơ trợ cấp xã hội của sinh viên trong độ tuổi 16-22 là gì?,hồ sơ cho sinh viên 16-22 tuổi hưởng trợ cấp xã hội gồm giấy tờ gì?,422
Sinh viên từ 16 đến 22 tuổi cần có những giấy tờ gì để làm hồ sơ nhận trợ cấp xã hội?,hồ sơ cho sinh viên 16-22 tuổi hưởng trợ cấp xã hội gồm giấy tờ gì?,422
Danh mục giấy tờ để đăng ký hưởng trợ cấp xã hội cho sinh viên 16-22 tuổi bao gồm những gì?,hồ sơ cho sinh viên 16-22 tuổi hưởng trợ cấp xã hội gồm giấy tờ gì?,422
Sinh viên thuộc dân tộc thiểu số đang sống trong hộ nghèo hoặc cận nghèo cần chuẩn bị những giấy tờ chứng minh nào?,sinh viên dân tộc thiểu số hộ nghèo/cận nghèo cần nộp minh chứng gì?,423
Những minh chứng chứng thực cho hoàn cảnh hộ nghèo/cận nghèo của sinh viên dân tộc thiểu số là gì?,sinh viên dân tộc thiểu số hộ nghèo/cận nghèo cần nộp minh chứng gì?,423
Sinh viên dân tộc thiểu số có hộ nghèo hay cận nghèo phải nộp loại giấy tờ gì để xác nhận?,sinh viên dân tộc thiểu số hộ nghèo/cận nghèo cần nộp minh chứng gì?,423
"Để xác định sinh viên dân tộc thiểu số thuộc hộ nghèo hoặc cận nghèo, cần cung cấp những bằng chứng cụ thể nào?",sinh viên dân tộc thiểu số hộ nghèo/cận nghèo cần nộp minh chứng gì?,423
Danh mục các tài liệu chứng minh hoàn cảnh hộ nghèo/cận nghèo dành cho sinh viên dân tộc thiểu số là gì?,sinh viên dân tộc thiểu số hộ nghèo/cận nghèo cần nộp minh chứng gì?,423
Sinh viên thuộc các dân tộc thiểu số có cần cung cấp thêm bằng chứng gì cho thông tin cá nhân không?,sinh viên dân tộc thiểu số rất ít người cần minh chứng gì về thông tin cá nhân?,424
"Đối với sinh viên dân tộc thiểu số, liệu có trường hợp nào cần minh chứng thông tin cá nhân hay không?",sinh viên dân tộc thiểu số rất ít người cần minh chứng gì về thông tin cá nhân?,424
Thông tin cá nhân của sinh viên dân tộc thiểu số có cần được chứng minh thêm hay không?,sinh viên dân tộc thiểu số rất ít người cần minh chứng gì về thông tin cá nhân?,424
Sinh viên người dân tộc thiểu số có cần xuất trình giấy tờ xác nhận thông tin cá nhân hay không?,sinh viên dân tộc thiểu số rất ít người cần minh chứng gì về thông tin cá nhân?,424
Những sinh viên thuộc dân tộc thiểu số có cần đưa ra bằng chứng nào thêm về thông tin cá nhân của mình không?,sinh viên dân tộc thiểu số rất ít người cần minh chứng gì về thông tin cá nhân?,424
Những đối tượng tham gia chương trình hoặc đề án của Chính phủ cần chuẩn bị hồ sơ gì?,"đối tượng thuộc chương trình, đề án của chính phủ cần nộp giấy tờ gì?",425
Người được hưởng các chính sách trong các đề án của Nhà nước phải nộp những giấy tờ nào?,"đối tượng thuộc chương trình, đề án của chính phủ cần nộp giấy tờ gì?",425
"Để tham gia các chương trình do Chính phủ triển khai, bên nào cần nộp văn bản gì?","đối tượng thuộc chương trình, đề án của chính phủ cần nộp giấy tờ gì?",425
Các cá nhân thuộc diện thụ hưởng các đề án của Chính phủ cần cung cấp giấy tờ ra sao?,"đối tượng thuộc chương trình, đề án của chính phủ cần nộp giấy tờ gì?",425
"Đối với những người tham gia chương trình của Chính phủ, danh sách giấy tờ cần nộp là gì?","đối tượng thuộc chương trình, đề án của chính phủ cần nộp giấy tờ gì?",425
Sinh viên dân tộc thiểu số ở vùng đặc biệt khó khăn được giảm 70% học phí thì minh chứng cư trú cần chuẩn bị là gì?,minh chứng cư trú cho sinh viên dân tộc thiểu số ở vùng đặc biệt khó khăn (giảm 70%) là gì?,426
Đối tượng sinh viên là dân tộc thiểu số sinh sống tại vùng đặc biệt khó khăn muốn được giảm 70% học phí thì phải có loại giấy tờ chứng minh nào?,minh chứng cư trú cho sinh viên dân tộc thiểu số ở vùng đặc biệt khó khăn (giảm 70%) là gì?,426
"Để sinh viên dân tộc thiểu số ở vùng khó khăn được giảm 70% học phí, người ta yêu cầu loại giấy tờ cư trú cụ thể nào?",minh chứng cư trú cho sinh viên dân tộc thiểu số ở vùng đặc biệt khó khăn (giảm 70%) là gì?,426
Giấy tờ cư trú nào là điều kiện bắt buộc để sinh viên dân tộc thiểu số tại vùng đặc biệt khó khăn được hưởng mức giảm 70% học phí?,minh chứng cư trú cho sinh viên dân tộc thiểu số ở vùng đặc biệt khó khăn (giảm 70%) là gì?,426
Minh chứng cư trú cần thiết cho sinh viên dân tộc thiểu số ở vùng đặc biệt khó khăn nhằm được giảm 70% học phí là loại gì?,minh chứng cư trú cho sinh viên dân tộc thiểu số ở vùng đặc biệt khó khăn (giảm 70%) là gì?,426
Sinh viên có cha mẹ bị tai nạn lao động cần chuẩn bị những giấy tờ gì để được giảm 50% học phí?,sinh viên có cha mẹ bị tai nạn lao động cần nộp giấy tờ gì để được giảm 50% học phí?,427
Làm thế nào để sinh viên có cha mẹ bị tai nạn lao động xin được giảm 50% học phí và cần nộp hồ sơ ra sao?,sinh viên có cha mẹ bị tai nạn lao động cần nộp giấy tờ gì để được giảm 50% học phí?,427
Những giấy tờ chứng minh cha mẹ bị tai nạn lao động mà sinh viên cần nộp để hưởng ưu đãi giảm 50% học phí là gì?,sinh viên có cha mẹ bị tai nạn lao động cần nộp giấy tờ gì để được giảm 50% học phí?,427
Cha mẹ sinh viên bị tai nạn lao động thì cần cung cấp giấy tờ gì để nhà trường chấp thuận giảm 50% học phí?,sinh viên có cha mẹ bị tai nạn lao động cần nộp giấy tờ gì để được giảm 50% học phí?,427
"Để được giảm 50% học phí cho trường hợp cha mẹ bị tai nạn lao động, sinh viên phải nộp những tài liệu gì?",sinh viên có cha mẹ bị tai nạn lao động cần nộp giấy tờ gì để được giảm 50% học phí?,427
Sinh viên nộp hồ sơ xin miễn giảm học phí tại địa điểm nào?,"sinh viên nộp hồ sơ miễn, giảm học phí ở đâu?",428
Ở đâu sinh viên có thể nộp hồ sơ để được miễn hoặc giảm học phí?,"sinh viên nộp hồ sơ miễn, giảm học phí ở đâu?",428
Địa chỉ nào dành cho việc sinh viên nộp đơn xin hỗ trợ học phí?,"sinh viên nộp hồ sơ miễn, giảm học phí ở đâu?",428
"Sinh viên cần đến đâu để nộp hồ sơ miễn, giảm học phí?","sinh viên nộp hồ sơ miễn, giảm học phí ở đâu?",428
Vị trí nộp hồ sơ cho sinh viên muốn được miễn giảm học phí là nơi nào?,"sinh viên nộp hồ sơ miễn, giảm học phí ở đâu?",428
"Thời điểm nào để nộp hồ sơ xin miễn, giảm học phí?","thời hạn nộp hồ sơ miễn, giảm học phí là khi nào?",429
"Khi nào thì cần nộp hồ sơ làm thủ tục miễn, giảm học phí?","thời hạn nộp hồ sơ miễn, giảm học phí là khi nào?",429
"Hạn chót nộp đơn xin miễn, giảm học phí là bao giờ?","thời hạn nộp hồ sơ miễn, giảm học phí là khi nào?",429
Sinh viên cần nộp hồ sơ miễn giảm học phí vào thời gian nào?,"thời hạn nộp hồ sơ miễn, giảm học phí là khi nào?",429
"Khi nào bắt đầu và kết thúc thời hạn nộp hồ sơ miễn, giảm học phí?","thời hạn nộp hồ sơ miễn, giảm học phí là khi nào?",429
"Trong quy trình này, ban chủ nhiệm khoa hay viện có trách nhiệm cụ thể là gì?",trách nhiệm của ban chủ nhiệm khoa/viện trong quy trình này là gì?,430
Ban chủ nhiệm khoa/viện cần làm những gì trong quy trình này?,trách nhiệm của ban chủ nhiệm khoa/viện trong quy trình này là gì?,430
"Ai là người chịu trách nhiệm chính cho quy trình này, cụ thể là ban chủ nhiệm khoa hay viện?",trách nhiệm của ban chủ nhiệm khoa/viện trong quy trình này là gì?,430
Hãy nêu rõ nhiệm vụ của ban chủ nhiệm khoa hoặc viện trong quy trình hiện tại.,trách nhiệm của ban chủ nhiệm khoa/viện trong quy trình này là gì?,430
Quy trình này đặt ra trách nhiệm gì cho ban chủ nhiệm khoa/viện?,trách nhiệm của ban chủ nhiệm khoa/viện trong quy trình này là gì?,430
Khoa hay viện cần bao lâu để chuyển hồ sơ về phòng chức năng?,thời gian để khoa/viện chuyển hồ sơ về phòng chức năng là bao lâu?,431
Thời gian chuyển hồ sơ từ khoa/viện về phòng chức năng là bao nhiêu?,thời gian để khoa/viện chuyển hồ sơ về phòng chức năng là bao lâu?,431
Bao lâu thì hồ sơ được chuyển từ khoa/viện về phòng chức năng?,thời gian để khoa/viện chuyển hồ sơ về phòng chức năng là bao lâu?,431
Quy trình chuyển hồ sơ từ khoa/viện về phòng chức năng mất bao lâu?,thời gian để khoa/viện chuyển hồ sơ về phòng chức năng là bao lâu?,431
Khoa/viện cần bao thời gian để hoàn tất việc chuyển hồ sơ về phòng chức năng?,thời gian để khoa/viện chuyển hồ sơ về phòng chức năng là bao lâu?,431
Đơn vị nào có trách nhiệm thẩm định lại hồ sơ và trình để Hiệu trưởng ký quyết định?,đơn vị nào thực hiện thẩm định lại hồ sơ và trình hiệu trưởng ký quyết định?,432
Ai là bộ phận thực hiện việc thẩm định hồ sơ và làm thủ tục trình Hiệu trưởng ký?,đơn vị nào thực hiện thẩm định lại hồ sơ và trình hiệu trưởng ký quyết định?,432
Hãy cho biết đơn vị nào thẩm định hồ sơ xong sẽ chuyển lên Hiệu trưởng ký quyết định.,đơn vị nào thực hiện thẩm định lại hồ sơ và trình hiệu trưởng ký quyết định?,432
Quy trình nào quy định đơn vị thẩm định lại hồ sơ và báo cáo Hiệu trưởng ký?,đơn vị nào thực hiện thẩm định lại hồ sơ và trình hiệu trưởng ký quyết định?,432
Đơn vị nào sẽ xem xét lại hồ sơ và đề xuất trình Hiệu trưởng ký quyết định?,đơn vị nào thực hiện thẩm định lại hồ sơ và trình hiệu trưởng ký quyết định?,432
"Đơn vị nào có trách nhiệm gán hệ số miễn, giảm vào phần mềm quản lý sinh viên?","việc gán hệ số miễn, giảm vào phần mềm quản lý sinh viên do đơn vị nào thực hiện?",433
"Ai là bên thực hiện việc cấp quyền hệ số miễn, giảm trong phần mềm quản lý sinh viên?","việc gán hệ số miễn, giảm vào phần mềm quản lý sinh viên do đơn vị nào thực hiện?",433
"Phần mềm quản lý sinh viên được đơn vị nào tiến hành gán hệ số miễn, giảm?","việc gán hệ số miễn, giảm vào phần mềm quản lý sinh viên do đơn vị nào thực hiện?",433
"Việc gán hệ số miễn, giảm cho phần mềm quản lý sinh viên do tổ chức nào đảm nhiệm?","việc gán hệ số miễn, giảm vào phần mềm quản lý sinh viên do đơn vị nào thực hiện?",433
"Đơn vị nào thực hiện thao tác gán hệ số miễn, giảm trên hệ thống phần mềm quản lý sinh viên?","việc gán hệ số miễn, giảm vào phần mềm quản lý sinh viên do đơn vị nào thực hiện?",433
"Sau khi có quyết định, học phí của sinh viên sẽ được trừ bao nhiêu?","sau khi có quyết định, sinh viên sẽ được trừ học phí như thế nào?",434
Việc trừ học phí cho sinh viên sẽ diễn ra ra sao sau khi ra quyết định?,"sau khi có quyết định, sinh viên sẽ được trừ học phí như thế nào?",434
Sinh viên sẽ bị cắt giảm học phí như thế nào sau khi có quyết định?,"sau khi có quyết định, sinh viên sẽ được trừ học phí như thế nào?",434
Làm thế nào để trừ học phí cho sinh viên sau khi có quyết định?,"sau khi có quyết định, sinh viên sẽ được trừ học phí như thế nào?",434
Quyết định đã ra thì quy trình trừ học phí cho sinh viên cụ thể như thế nào?,"sau khi có quyết định, sinh viên sẽ được trừ học phí như thế nào?",434
Hồ sơ này có cần công chứng các giấy tờ minh chứng không?,các giấy tờ minh chứng trong hồ sơ có cần công chứng không?,435
Những giấy tờ kèm theo trong hồ sơ có bắt buộc phải công chứng hay không?,các giấy tờ minh chứng trong hồ sơ có cần công chứng không?,435
Tôi có cần làm công chứng cho các giấy tờ chứng minh trong hồ sơ không?,các giấy tờ minh chứng trong hồ sơ có cần công chứng không?,435
Có yêu cầu phải công chứng các giấy tờ minh chứng trong hồ sơ này không?,các giấy tờ minh chứng trong hồ sơ có cần công chứng không?,435
Liệu các giấy tờ chứng thực trong hồ sơ có cần được công chứng không?,các giấy tờ minh chứng trong hồ sơ có cần công chứng không?,435
Nhà trường có chính sách hỗ trợ sinh viên tạm dừng học do lý do cá nhân hay không?,có áp dụng chính sách cho sinh viên tạm dừng học vì lý do cá nhân không?,436
Liệu có quy định cho phép sinh viên xin nghỉ học tạm thời vì vấn đề riêng tư không?,có áp dụng chính sách cho sinh viên tạm dừng học vì lý do cá nhân không?,436
Trường có đưa ra giải pháp nào cho sinh viên phải dừng học vì lý do cá nhân chưa?,có áp dụng chính sách cho sinh viên tạm dừng học vì lý do cá nhân không?,436
Sinh viên bị gián đoạn việc học vì chuyện riêng có được áp dụng chính sách đặc biệt không?,có áp dụng chính sách cho sinh viên tạm dừng học vì lý do cá nhân không?,436
Có chính sách nào dành riêng cho sinh viên xin tạm nghỉ học vì lý do cá nhân không?,có áp dụng chính sách cho sinh viên tạm dừng học vì lý do cá nhân không?,436
Mức học phí nào sẽ được dùng làm căn cứ để xét miễn giảm tại Trường ĐH Sư phạm Kỹ thuật TP.HCM?,mức học phí làm căn cứ miễn giảm tại trường đhspkt tphcm là mức nào?,437
Trường ĐH Sư phạm Kỹ thuật TP.HCM đang áp dụng mức học phí bao nhiêu để làm căn cứ miễn giảm?,mức học phí làm căn cứ miễn giảm tại trường đhspkt tphcm là mức nào?,437
"Khi xét miễn giảm, mức học phí mà Trường ĐH Sư phạm Kỹ thuật TP.HCM lấy làm cơ sở là bao nhiêu?",mức học phí làm căn cứ miễn giảm tại trường đhspkt tphcm là mức nào?,437
Bạn cho biết mức học phí dùng làm căn cứ miễn giảm tại trường ĐHSPKT TP.HCM hiện nay là gì?,mức học phí làm căn cứ miễn giảm tại trường đhspkt tphcm là mức nào?,437
"Để được miễn giảm, sinh viên cần căn cứ vào mức học phí nào tại Trường ĐH Sư phạm Kỹ thuật TP.HCM?",mức học phí làm căn cứ miễn giảm tại trường đhspkt tphcm là mức nào?,437
Sinh viên đang theo học văn bằng thứ hai có được áp dụng chính sách này hay không?,sinh viên học văn bằng thứ hai có được hưởng chính sách này không?,438
Liệu chính sách này có bao gồm cả sinh viên học bằng cấp thứ hai không?,sinh viên học văn bằng thứ hai có được hưởng chính sách này không?,438
Bạn có thể cho tôi biết sinh viên văn bằng thứ hai có được hưởng chính sách này không?,sinh viên học văn bằng thứ hai có được hưởng chính sách này không?,438
Chính sách này có dành cho nhóm sinh viên học văn bằng thứ hai không vậy?,sinh viên học văn bằng thứ hai có được hưởng chính sách này không?,438
Tôi muốn xác nhận xem sinh viên học bằng cấp thứ hai có thuộc đối tượng thụ hưởng chính sách này không.,sinh viên học văn bằng thứ hai có được hưởng chính sách này không?,438
Nếu sinh viên được giảm 70% và đồng thời là người khuyết tật thì mức học phí sẽ là bao nhiêu?,nếu sinh viên thuộc diện giảm 70% nhưng đồng thời là người khuyết tật thì hưởng mức nào?,439
Khi sinh viên vừa đủ điều kiện giảm 70% vừa là người khuyết tật thì mức giảm tối đa là bao nhiêu?,nếu sinh viên thuộc diện giảm 70% nhưng đồng thời là người khuyết tật thì hưởng mức nào?,439
Mức học phí áp dụng cho sinh viên thuộc diện giảm 70% và có hoàn cảnh đặc biệt là người khuyết tật như thế nào?,nếu sinh viên thuộc diện giảm 70% nhưng đồng thời là người khuyết tật thì hưởng mức nào?,439
Sinh viên được giảm 70% nhưng lại là người khuyết tật thì sẽ được giảm thêm bao nhiêu phần trăm nữa?,nếu sinh viên thuộc diện giảm 70% nhưng đồng thời là người khuyết tật thì hưởng mức nào?,439
Trường hợp sinh viên đủ điều kiện giảm 70% và là người khuyết tật thì tổng mức giảm học phí là bao nhiêu?,nếu sinh viên thuộc diện giảm 70% nhưng đồng thời là người khuyết tật thì hưởng mức nào?,439
Quy trình xét duyệt có bắt buộc sinh viên phải nộp lại hồ sơ hàng học kỳ không?,quy trình xét duyệt có yêu cầu sinh viên phải nộp lại hồ sơ mỗi học kỳ không?,440
Sinh viên có cần nộp lại hồ sơ mỗi học kỳ trong quy trình xét duyệt hay không?,quy trình xét duyệt có yêu cầu sinh viên phải nộp lại hồ sơ mỗi học kỳ không?,440
"Khi xét duyệt, liệu hồ sơ có yêu cầu sinh viên nộp lại mỗi học kỳ không?",quy trình xét duyệt có yêu cầu sinh viên phải nộp lại hồ sơ mỗi học kỳ không?,440
Quy trình xét duyệt quy định sinh viên phải nộp lại hồ sơ mỗi học kỳ nhé?,quy trình xét duyệt có yêu cầu sinh viên phải nộp lại hồ sơ mỗi học kỳ không?,440
Có yêu cầu sinh viên nộp lại hồ sơ mỗi học kỳ cho việc xét duyệt không?,quy trình xét duyệt có yêu cầu sinh viên phải nộp lại hồ sơ mỗi học kỳ không?,440
Sinh viên cần theo dõi kết quả miễn giảm cuối cùng tại vị trí nào?,kết quả miễn giảm cuối cùng được ghi nhận ở đâu để sinh viên theo dõi?,441
Nơi ghi nhận kết quả miễn giảm cuối cùng là đâu để sinh viên biết được?,kết quả miễn giảm cuối cùng được ghi nhận ở đâu để sinh viên theo dõi?,441
Làm thế nào để sinh viên có thể theo dõi được kết quả miễn giảm cuối cùng?,kết quả miễn giảm cuối cùng được ghi nhận ở đâu để sinh viên theo dõi?,441
Kết quả miễn giảm cuối cùng sẽ được cập nhật ở đâu để sinh viên kiểm tra?,kết quả miễn giảm cuối cùng được ghi nhận ở đâu để sinh viên theo dõi?,441
Sinh viên có thể tìm thấy kết quả miễn giảm cuối cùng ở đâu để theo dõi?,kết quả miễn giảm cuối cùng được ghi nhận ở đâu để sinh viên theo dõi?,441
Sinh viên nào sẽ được hưởng trợ cấp xã hội?,đối tượng sinh viên nào được hưởng chính sách trợ cấp xã hội?,442
Ai là đối tượng được quy định hưởng chế độ trợ cấp xã hội cho sinh viên?,đối tượng sinh viên nào được hưởng chính sách trợ cấp xã hội?,442
Những sinh viên nào đủ điều kiện để nhận trợ cấp xã hội?,đối tượng sinh viên nào được hưởng chính sách trợ cấp xã hội?,442
Chính sách trợ cấp xã hội dành cho nhóm sinh viên nào?,đối tượng sinh viên nào được hưởng chính sách trợ cấp xã hội?,442
Tiêu chuẩn sinh viên nào được xem xét hỗ trợ bằng trợ cấp xã hội?,đối tượng sinh viên nào được hưởng chính sách trợ cấp xã hội?,442
Sinh viên dân tộc thiểu số cần đáp ứng những điều kiện về hộ khẩu nào để được nhận trợ cấp xã hội?,điều kiện về hộ khẩu đối với sinh viên dân tộc thiểu số để nhận trợ cấp xã hội là gì?,443
Điều kiện về hộ khẩu quy định đối với sinh viên người dân tộc thiểu số nhằm nhận trợ cấp xã hội là gì?,điều kiện về hộ khẩu đối với sinh viên dân tộc thiểu số để nhận trợ cấp xã hội là gì?,443
"Để sinh viên dân tộc thiểu số có thể hưởng trợ cấp xã hội, thì yêu cầu về hộ khẩu như thế nào?",điều kiện về hộ khẩu đối với sinh viên dân tộc thiểu số để nhận trợ cấp xã hội là gì?,443
Luật định về hộ khẩu mà sinh viên dân tộc thiểu số phải tuân thủ để nhận trợ cấp xã hội là gì?,điều kiện về hộ khẩu đối với sinh viên dân tộc thiểu số để nhận trợ cấp xã hội là gì?,443
Những quy định nào về hộ khẩu áp dụng cho sinh viên dân tộc thiểu số khi xin trợ cấp xã hội?,điều kiện về hộ khẩu đối với sinh viên dân tộc thiểu số để nhận trợ cấp xã hội là gì?,443
Những sinh viên mồ côi cần đáp ứng những tiêu chuẩn nào thì mới được nhận trợ cấp xã hội?,sinh viên mồ côi cần đáp ứng điều kiện gì để được hưởng trợ cấp xã hội?,444
"Để được hưởng trợ cấp xã hội, sinh viên mất cha mẹ cần có những điều kiện gì?",sinh viên mồ côi cần đáp ứng điều kiện gì để được hưởng trợ cấp xã hội?,444
Sinh viên mồ côi phải làm gì để đủ điều kiện nhận trợ cấp xã hội?,sinh viên mồ côi cần đáp ứng điều kiện gì để được hưởng trợ cấp xã hội?,444
Điều kiện bắt buộc cho sinh viên mồ côi nhằm được cấp trợ cấp xã hội là gì?,sinh viên mồ côi cần đáp ứng điều kiện gì để được hưởng trợ cấp xã hội?,444
Ai là sinh viên mồ côi và cần những gì để có thể nhận được trợ cấp xã hội?,sinh viên mồ côi cần đáp ứng điều kiện gì để được hưởng trợ cấp xã hội?,444
Sinh viên khuyết tật cần đáp ứng những tiêu chí nào mới được nhận trợ cấp xã hội?,sinh viên khuyết tật cần thêm điều kiện gì để nhận trợ cấp xã hội?,445
"Để được cấp trợ cấp xã hội, sinh viên khuyết tật phải bổ sung thêm điều kiện gì?",sinh viên khuyết tật cần thêm điều kiện gì để nhận trợ cấp xã hội?,445
"Ngoài những quy định chung, sinh viên khuyết tật cần chuẩn bị thêm điều kiện gì để nhận trợ cấp?",sinh viên khuyết tật cần thêm điều kiện gì để nhận trợ cấp xã hội?,445
Làm thế nào để sinh viên khuyết tật có thể đủ điều kiện nhận thêm trợ cấp xã hội?,sinh viên khuyết tật cần thêm điều kiện gì để nhận trợ cấp xã hội?,445
Sinh viên khuyết tật cần thêm yếu tố gì vào hồ sơ để được xét nhận trợ cấp xã hội?,sinh viên khuyết tật cần thêm điều kiện gì để nhận trợ cấp xã hội?,445
Điều kiện xếp loại học tập dành cho sinh viên hộ nghèo và cận nghèo để được nhận trợ cấp xã hội là gì?,"điều kiện xếp loại học tập đối với sinh viên hộ nghèo, cận nghèo để nhận trợ cấp xã hội là gì?",446
Sinh viên thuộc hộ nghèo hay cận nghèo cần đạt những điều kiện về xếp loại học tập như thế nào thì mới được cấp trợ cấp xã hội?,"điều kiện xếp loại học tập đối với sinh viên hộ nghèo, cận nghèo để nhận trợ cấp xã hội là gì?",446
"Làm sao để biết điều kiện về xếp loại học tập của sinh viên hộ nghèo, cận nghèo nhằm nhận trợ cấp xã hội?","điều kiện xếp loại học tập đối với sinh viên hộ nghèo, cận nghèo để nhận trợ cấp xã hội là gì?",446
Tiêu chuẩn xếp loại học tập mà sinh viên hộ nghèo và cận nghèo phải đáp ứng để nhận trợ cấp xã hội là gì?,"điều kiện xếp loại học tập đối với sinh viên hộ nghèo, cận nghèo để nhận trợ cấp xã hội là gì?",446
"Những sinh viên hộ nghèo, cận nghèo muốn nhận trợ cấp xã hội cần có điều kiện xếp loại học tập ra sao?","điều kiện xếp loại học tập đối với sinh viên hộ nghèo, cận nghèo để nhận trợ cấp xã hội là gì?",446
Mức trợ cấp xã hội dành cho sinh viên dân tộc thiểu số ở vùng khó khăn là bao nhiêu?,mức trợ cấp xã hội đối với sinh viên dân tộc thiểu số vùng khó khăn là bao nhiêu?,447
Sinh viên dân tộc thiểu số sống tại vùng khó khăn được nhận bao nhiêu tiền trợ cấp xã hội?,mức trợ cấp xã hội đối với sinh viên dân tộc thiểu số vùng khó khăn là bao nhiêu?,447
Có ai biết mức hỗ trợ xã hội cho sinh viên người dân tộc thiểu số vùng khó khăn hiện nay là bao nhiêu không?,mức trợ cấp xã hội đối với sinh viên dân tộc thiểu số vùng khó khăn là bao nhiêu?,447
Khoản trợ cấp xã hội dành riêng cho sinh viên dân tộc thiểu số ở vùng khó khăn thì số tiền cụ thể là bao nhiêu?,mức trợ cấp xã hội đối với sinh viên dân tộc thiểu số vùng khó khăn là bao nhiêu?,447
"Đối với sinh viên dân tộc thiểu số vùng khó khăn, mức trợ cấp xã hội được quy định là bao nhiêu?",mức trợ cấp xã hội đối với sinh viên dân tộc thiểu số vùng khó khăn là bao nhiêu?,447
Mức trợ cấp xã hội dành cho sinh viên mồ côi không nơi nương tựa là bao nhiêu?,mức trợ cấp xã hội cho sinh viên mồ côi không nơi nương tựa là bao nhiêu?,448
"Sinh viên mồ côi, không nơi nương tựa được nhận bao nhiêu tiền trợ cấp xã hội?",mức trợ cấp xã hội cho sinh viên mồ côi không nơi nương tựa là bao nhiêu?,448
Số tiền trợ cấp xã hội cho sinh viên mồ côi không nơi nương tựa cụ thể là bao nhiêu?,mức trợ cấp xã hội cho sinh viên mồ côi không nơi nương tựa là bao nhiêu?,448
Có bao nhiêu tiền trợ cấp xã hội dành cho sinh viên mồ côi và không nơi nương tựa?,mức trợ cấp xã hội cho sinh viên mồ côi không nơi nương tựa là bao nhiêu?,448
Mức hỗ trợ xã hội mà sinh viên mồ côi không nơi nương tựa nhận được là bao nhiêu?,mức trợ cấp xã hội cho sinh viên mồ côi không nơi nương tựa là bao nhiêu?,448
Mức hỗ trợ tài chính dành cho sinh viên khuyết tật có hoàn cảnh khó khăn là bao nhiêu?,mức trợ cấp xã hội cho sinh viên khuyết tật có khó khăn kinh tế là bao nhiêu?,449
Sinh viên khuyết tật đang gặp khó khăn về kinh tế được nhận bao nhiêu tiền trợ cấp xã hội?,mức trợ cấp xã hội cho sinh viên khuyết tật có khó khăn kinh tế là bao nhiêu?,449
Số tiền trợ cấp xã hội mà sinh viên khuyết tật khó khăn được hưởng là bao nhiêu?,mức trợ cấp xã hội cho sinh viên khuyết tật có khó khăn kinh tế là bao nhiêu?,449
Có bao nhiêu tiền trợ cấp xã hội dành cho sinh viên khuyết tật trong gia đình khó khăn?,mức trợ cấp xã hội cho sinh viên khuyết tật có khó khăn kinh tế là bao nhiêu?,449
Mức độ hỗ trợ từ nhà nước cho sinh viên khuyết tật có hoàn cảnh đặc biệt khó khăn là bao nhiêu?,mức trợ cấp xã hội cho sinh viên khuyết tật có khó khăn kinh tế là bao nhiêu?,449
"Mức trợ cấp xã hội dành cho sinh viên thuộc hộ nghèo, hộ cận nghèo hoặc vượt khó là bao nhiêu?",mức trợ cấp xã hội cho sinh viên hộ nghèo/cận nghèo vượt khó là bao nhiêu?,450
"Sinh viên có hoàn cảnh khó khăn, hộ nghèo hay cận nghèo được nhận bao nhiêu tiền trợ cấp xã hội?",mức trợ cấp xã hội cho sinh viên hộ nghèo/cận nghèo vượt khó là bao nhiêu?,450
"Ai là người có quyền nhận trợ cấp xã hội và số tiền cụ thể cho sinh viên hộ nghèo, cận nghèo là bao nhiêu?",mức trợ cấp xã hội cho sinh viên hộ nghèo/cận nghèo vượt khó là bao nhiêu?,450
"Đối với sinh viên hộ nghèo, hộ cận nghèo hoặc vượt khó, nhà nước chi trả mức trợ cấp xã hội bao nhiêu tiền?",mức trợ cấp xã hội cho sinh viên hộ nghèo/cận nghèo vượt khó là bao nhiêu?,450
"Số tiền trợ cấp xã hội mà sinh viên thuộc hộ nghèo, cận nghèo hoặc vượt khó được hưởng là bao nhiêu?",mức trợ cấp xã hội cho sinh viên hộ nghèo/cận nghèo vượt khó là bao nhiêu?,450
Trợ cấp xã hội được nhận định kỳ ra sao?,trợ cấp xã hội được cấp theo định kỳ như thế nào?,451
Làm thế nào để được cấp trợ cấp xã hội theo chu kỳ?,trợ cấp xã hội được cấp theo định kỳ như thế nào?,451
Quy định về việc cấp trợ cấp xã hội theo định kỳ là gì?,trợ cấp xã hội được cấp theo định kỳ như thế nào?,451
Tần suất nhận trợ cấp xã hội được tính như thế nào?,trợ cấp xã hội được cấp theo định kỳ như thế nào?,451
Cơ chế cấp trợ cấp xã hội theo định kỳ hoạt động ra sao?,trợ cấp xã hội được cấp theo định kỳ như thế nào?,451
Khi nào thì cần nộp hồ sơ đề nghị trợ cấp xã hội?,thời hạn nộp hồ sơ đề nghị trợ cấp xã hội là khi nào?,452
Thời điểm nộp hồ sơ xin trợ cấp xã hội là lúc nào?,thời hạn nộp hồ sơ đề nghị trợ cấp xã hội là khi nào?,452
Mình cần nộp hồ sơ trợ cấp xã hội trước hạn gì?,thời hạn nộp hồ sơ đề nghị trợ cấp xã hội là khi nào?,452
Hạn chót để nộp đơn xin trợ cấp xã hội là khi nào?,thời hạn nộp hồ sơ đề nghị trợ cấp xã hội là khi nào?,452
Làm thế nào để biết thời hạn nộp hồ sơ trợ cấp xã hội?,thời hạn nộp hồ sơ đề nghị trợ cấp xã hội là khi nào?,452
Sinh viên cần nộp hồ sơ xin trợ cấp xã hội ở địa điểm nào?,sinh viên nộp hồ sơ trợ cấp xã hội tại đâu?,453
Cơ quan nào nhận hồ sơ trợ cấp xã hội cho sinh viên?,sinh viên nộp hồ sơ trợ cấp xã hội tại đâu?,453
Làm thế nào để sinh viên nộp đơn xin trợ cấp xã hội?,sinh viên nộp hồ sơ trợ cấp xã hội tại đâu?,453
Địa chỉ nộp hồ trợ cấp xã hội dành cho sinh viên là nơi nào?,sinh viên nộp hồ sơ trợ cấp xã hội tại đâu?,453
Sinh viên có thể nộp hồ sơ trợ cấp xã hội tại đâu được không?,sinh viên nộp hồ sơ trợ cấp xã hội tại đâu?,453
Hồ sơ xin trợ cấp xã hội cần chuẩn bị những giấy tờ gì?,hồ sơ đề nghị trợ cấp xã hội bao gồm những loại giấy tờ nào?,454
Những loại giấy tờ nào là bắt buộc để làm hồ sơ trợ cấp xã hội?,hồ sơ đề nghị trợ cấp xã hội bao gồm những loại giấy tờ nào?,454
"Để được cấp trợ cấp xã hội, đơn vị chức năng yêu cầu những giấy tờ gì?",hồ sơ đề nghị trợ cấp xã hội bao gồm những loại giấy tờ nào?,454
Danh mục giấy tờ trong hồ sơ đề nghị trợ cấp xã hội bao gồm những gì?,hồ sơ đề nghị trợ cấp xã hội bao gồm những loại giấy tờ nào?,454
Tôi cần nộp những chứng từ và giấy tờ gì cho hồ sơ trợ cấp xã hội?,hồ sơ đề nghị trợ cấp xã hội bao gồm những loại giấy tờ nào?,454
Hồ sơ cần bao nhiêu thời gian để ban chủ nhiệm khoa xét duyệt?,thời gian xét duyệt hồ sơ tại ban chủ nhiệm khoa là bao lâu?,455
Ban chủ nhiệm khoa thường mất bao lâu mới xem xét hồ sơ của sinh viên?,thời gian xét duyệt hồ sơ tại ban chủ nhiệm khoa là bao lâu?,455
Thời gian xét duyệt hồ sơ tại ban chủ nhiệm khoa là bao lâu vậy?,thời gian xét duyệt hồ sơ tại ban chủ nhiệm khoa là bao lâu?,455
Sinh viên cần chờ bao lâu để nhận kết quả xét duyệt hồ sơ từ ban chủ nhiệm khoa?,thời gian xét duyệt hồ sơ tại ban chủ nhiệm khoa là bao lâu?,455
Quy trình xét duyệt hồ sơ tại ban chủ nhiệm khoa kéo dài bao lâu?,thời gian xét duyệt hồ sơ tại ban chủ nhiệm khoa là bao lâu?,455
Ban chủ nhiệm khoa sẽ chuyển hồ trợ cấp xã hội về đơn vị nào vậy?,ban chủ nhiệm khoa chuyển hồ sơ trợ cấp xã hội về đơn vị nào?,456
Đơn vị nhận tiếp nhận hồ sơ trợ cấp xã hội từ ban chủ nhiệm khoa là đâu?,ban chủ nhiệm khoa chuyển hồ sơ trợ cấp xã hội về đơn vị nào?,456
"Sau khi ban chủ nhiệm khoa hoàn tất, hồ trợ cấp xã hội sẽ được chuyển đến nơi nào?",ban chủ nhiệm khoa chuyển hồ sơ trợ cấp xã hội về đơn vị nào?,456
Ai là đơn vị tiếp nhận hồ sơ trợ cấp xã hội mà ban chủ nhiệm khoa chuyển đến?,ban chủ nhiệm khoa chuyển hồ sơ trợ cấp xã hội về đơn vị nào?,456
Ban chủ nhiệm khoa giao hồ trợ cấp xã hội về phòng ban hay bộ phận nào?,ban chủ nhiệm khoa chuyển hồ sơ trợ cấp xã hội về đơn vị nào?,456
Đơn vị nào có nhiệm vụ thẩm định hồ sơ và trình hiệu trưởng ký quyết định trợ cấp xã hội?,đơn vị nào chịu trách nhiệm thẩm định lại hồ sơ và trình hiệu trưởng ký quyết định trợ cấp xã hội?,457
Ai là cơ quan chịu trách nhiệm rà soát lại hồ sơ và làm thủ tục trình hiệu trưởng ký quyết định trợ cấp xã hội?,đơn vị nào chịu trách nhiệm thẩm định lại hồ sơ và trình hiệu trưởng ký quyết định trợ cấp xã hội?,457
Bộ phận nào tiến hành thẩm định hồ sơ rồi chuyển lên hiệu trưởng để ký quyết định về trợ cấp xã hội?,đơn vị nào chịu trách nhiệm thẩm định lại hồ sơ và trình hiệu trưởng ký quyết định trợ cấp xã hội?,457
Cơ quan nào thực hiện việc xem xét hồ sơ và đưa ra quyết định trình hiệu trưởng ký ban hành trợ cấp xã hội?,đơn vị nào chịu trách nhiệm thẩm định lại hồ sơ và trình hiệu trưởng ký quyết định trợ cấp xã hội?,457
Tổ chức nào đảm nhận công tác thẩm định hồ sơ và thực hiện quy trình trình hiệu trưởng ký quyết định trợ cấp xã hội?,đơn vị nào chịu trách nhiệm thẩm định lại hồ sơ và trình hiệu trưởng ký quyết định trợ cấp xã hội?,457
Sinh viên nhận trợ cấp xã hội bằng hình thức nào?,hình thức chi trả tiền trợ cấp xã hội cho sinh viên là gì?,458
Tiền trợ cấp xã hội cho sinh viên được chi trả dưới dạng gì?,hình thức chi trả tiền trợ cấp xã hội cho sinh viên là gì?,458
Cách thức thanh toán tiền trợ cấp xã hội dành cho sinh viên là thế nào?,hình thức chi trả tiền trợ cấp xã hội cho sinh viên là gì?,458
Sinh viên cần biết hình thức nhận tiền trợ cấp xã hội ra sao?,hình thức chi trả tiền trợ cấp xã hội cho sinh viên là gì?,458
Tổ chức nào và bằng phương thức gì chi trả trợ cấp cho sinh viên?,hình thức chi trả tiền trợ cấp xã hội cho sinh viên là gì?,458
Tên văn bản quy định chính sách trợ cấp xã hội của nhà trường là gì?,tên văn bản quy định về chính sách trợ cấp xã hội của nhà trường là gì?,459
"Trường có văn bản nào quy định về chính sách trợ cấp xã hội không, và tên nó là gì?",tên văn bản quy định về chính sách trợ cấp xã hội của nhà trường là gì?,459
Bạn cho biết tên văn bản quy định về trợ cấp xã hội của trường nhé.,tên văn bản quy định về chính sách trợ cấp xã hội của nhà trường là gì?,459
Chúng ta đang sử dụng văn bản nào để quy định chính sách trợ cấp xã hội của nhà trường?,tên văn bản quy định về chính sách trợ cấp xã hội của nhà trường là gì?,459
Văn bản quy định về chính sách trợ cấp xã hội của trường mang tên gì vậy?,tên văn bản quy định về chính sách trợ cấp xã hội của nhà trường là gì?,459
Những ngành nghề sư phạm nào có được hưởng chế độ hỗ trợ theo quy định của Nghị định 116?,những ngành sư phạm nào được hưởng chính sách hỗ trợ theo nghị định 116?,460
"Theo Nghị định 116, sinh viên ngành sư phạm nào sẽ được nhà nước hỗ trợ?",những ngành sư phạm nào được hưởng chính sách hỗ trợ theo nghị định 116?,460
Bạn cho biết các ngành sư phạm nào nằm trong diện được hỗ trợ của Nghị định 116 nhé?,những ngành sư phạm nào được hưởng chính sách hỗ trợ theo nghị định 116?,460
Nghị định 116 quy định về việc hỗ trợ những ngành sư phạm cụ thể nào?,những ngành sư phạm nào được hưởng chính sách hỗ trợ theo nghị định 116?,460
Danh sách các ngành sư phạm được hưởng chính sách hỗ trợ từ Nghị định 116 là những ngành nào?,những ngành sư phạm nào được hưởng chính sách hỗ trợ theo nghị định 116?,460
Hệ đào tạo nào của sinh viên sư phạm được hưởng chính sách hỗ trợ học phí và sinh hoạt phí?,sinh viên sư phạm hệ nào được áp dụng chính sách hỗ trợ học phí và sinh hoạt phí?,461
Chính sách hỗ trợ học phí và sinh hoạt phí được áp dụng cho sinh viên sư phạm hệ gì?,sinh viên sư phạm hệ nào được áp dụng chính sách hỗ trợ học phí và sinh hoạt phí?,461
Sinh viên sư phạm theo học hệ nào thì có được miễn giảm học phí và hỗ trợ sinh hoạt?,sinh viên sư phạm hệ nào được áp dụng chính sách hỗ trợ học phí và sinh hoạt phí?,461
Ai là đối tượng sinh viên sư phạm được áp dụng chính sách hỗ trợ cả học phí lẫn sinh hoạt phí?,sinh viên sư phạm hệ nào được áp dụng chính sách hỗ trợ học phí và sinh hoạt phí?,461
Hệ đào tạo nào trong khối ngành sư phạm có chính sách hỗ trợ tiền học và ăn ở cho sinh viên?,sinh viên sư phạm hệ nào được áp dụng chính sách hỗ trợ học phí và sinh hoạt phí?,461
Sinh viên sư phạm nếu không đăng ký nhận chính sách theo Nghị định 116 thì có cần đóng học phí hay không?,sinh viên sư phạm không đăng ký hưởng chính sách theo nghị định 116 có phải đóng học phí không?,462
Các bạn sinh viên sư phạm mà không tham gia chính sách của Nghị định 116 thì có phải trả tiền học phí không?,sinh viên sư phạm không đăng ký hưởng chính sách theo nghị định 116 có phải đóng học phí không?,462
Việc sinh viên sư phạm không đăng ký hưởng chính sách theo Nghị định 116 có dẫn đến việc phải đóng học phí không?,sinh viên sư phạm không đăng ký hưởng chính sách theo nghị định 116 có phải đóng học phí không?,462
Nếu một sinh viên sư phạm không đăng ký nhận chế độ ưu đãi theo Nghị định 116 thì họ có phải đóng học phí không?,sinh viên sư phạm không đăng ký hưởng chính sách theo nghị định 116 có phải đóng học phí không?,462
Sinh viên ngành sư phạm khi không đăng ký chính sách theo Nghị định 116 thì có bắt buộc phải đóng học phí không?,sinh viên sư phạm không đăng ký hưởng chính sách theo nghị định 116 có phải đóng học phí không?,462
Sinh viên ngành sư phạm nếu không được hưởng chính sách hỗ trợ thì có cần phải bồi hoàn kinh phí khi ra trường không?,sinh viên sư phạm không hưởng chính sách hỗ trợ có phải bồi hoàn kinh phí sau khi ra trường không?,463
"Sau khi tốt nghiệp, sinh viên sư phạm bị yêu cầu hoàn lại tiền hỗ trợ nếu trước đó không nhận được chính sách đó thì sao?",sinh viên sư phạm không hưởng chính sách hỗ trợ có phải bồi hoàn kinh phí sau khi ra trường không?,463
Có bắt buộc sinh viên sư phạm phải trả lại kinh phí nếu họ không được áp dụng chính sách hỗ trợ trong quá trình học tập không?,sinh viên sư phạm không hưởng chính sách hỗ trợ có phải bồi hoàn kinh phí sau khi ra trường không?,463
"Trường hợp sinh viên sư phạm không được hưởng gói hỗ trợ, liệu họ có phải nộp lại số tiền đã được cấp sau khi ra trường chưa?",sinh viên sư phạm không hưởng chính sách hỗ trợ có phải bồi hoàn kinh phí sau khi ra trường không?,463
Việc bồi hoàn kinh phí có áp dụng với sinh viên sư phạm khi họ không được hưởng chính sách hỗ trợ hay không?,sinh viên sư phạm không hưởng chính sách hỗ trợ có phải bồi hoàn kinh phí sau khi ra trường không?,463
Mức hỗ trợ tiền đóng học phí dành cho sinh viên ngành sư phạm là bao nhiêu?,mức hỗ trợ tiền đóng học phí cho sinh viên sư phạm là bao nhiêu?,464
Sinh viên sư phạm được hỗ trợ đóng học phí ở mức độ nào?,mức hỗ trợ tiền đóng học phí cho sinh viên sư phạm là bao nhiêu?,464
Học phí của sinh viên sư phạm được nhà nước hỗ trợ bao nhiêu tiền?,mức hỗ trợ tiền đóng học phí cho sinh viên sư phạm là bao nhiêu?,464
Mức hỗ trợ đóng học phí cho sinh viên sư phạm hiện nay là bao nhiêu?,mức hỗ trợ tiền đóng học phí cho sinh viên sư phạm là bao nhiêu?,464
Sinh viên ngành sư phạm nhận được bao nhiêu tiền hỗ trợ học phí?,mức hỗ trợ tiền đóng học phí cho sinh viên sư phạm là bao nhiêu?,464
Mức hỗ trợ chi phí sinh hoạt hàng tháng dành cho sinh viên sư phạm là bao nhiêu?,mức hỗ trợ chi phí sinh hoạt hàng tháng cho sinh viên sư phạm là bao nhiêu?,465
Sinh viên ngành sư phạm được trợ cấp sinh hoạt phí bao nhiêu mỗi tháng?,mức hỗ trợ chi phí sinh hoạt hàng tháng cho sinh viên sư phạm là bao nhiêu?,465
Số tiền hỗ trợ sinh hoạt hàng tháng cho sinh viên sư phạm hiện tại là bao nhiêu?,mức hỗ trợ chi phí sinh hoạt hàng tháng cho sinh viên sư phạm là bao nhiêu?,465
Học sinh viên sư phạm nhận được bao nhiêu tiền hỗ trợ sinh hoạt mỗi tháng?,mức hỗ trợ chi phí sinh hoạt hàng tháng cho sinh viên sư phạm là bao nhiêu?,465
Mức trợ cấp sinh hoạt hàng tháng dành riêng cho sinh viên sư phạm có cụ thể là bao nhiêu không?,mức hỗ trợ chi phí sinh hoạt hàng tháng cho sinh viên sư phạm là bao nhiêu?,465
Thời gian hỗ trợ tiền đóng học phí dành cho sinh viên sư phạm kéo dài trong bao lâu?,thời gian hỗ trợ tiền đóng học phí cho sinh viên sư phạm kéo dài bao lâu?,466
Việc hỗ trợ đóng học phí cho sinh viên ngành sư phạm được thực hiện trong khoảng thời gian nào?,thời gian hỗ trợ tiền đóng học phí cho sinh viên sư phạm kéo dài bao lâu?,466
Sinh viên sư phạm sẽ nhận được hỗ trợ tiền đóng học phí trong thời gian bao dài?,thời gian hỗ trợ tiền đóng học phí cho sinh viên sư phạm kéo dài bao lâu?,466
Khoảng thời gian mà nhà trường hỗ trợ tiền học cho sinh viên sư phạm là bao nhiêu?,thời gian hỗ trợ tiền đóng học phí cho sinh viên sư phạm kéo dài bao lâu?,466
Chương trình hỗ trợ đóng học phí cho sinh viên sư phạm diễn ra trong bao lâu?,thời gian hỗ trợ tiền đóng học phí cho sinh viên sư phạm kéo dài bao lâu?,466
Thời gian nhận hỗ trợ chi phí sinh hoạt dành cho sinh viên ngành sư phạm trong một năm học kéo dài bao lâu?,thời gian hỗ trợ chi phí sinh hoạt cho sinh viên sư phạm trong một năm là bao lâu?,467
Sinh viên sư phạm được hỗ trợ chi phí sinh hoạt trong bao nhiêu tháng trên mỗi năm học?,thời gian hỗ trợ chi phí sinh hoạt cho sinh viên sư phạm trong một năm là bao lâu?,467
Hỗ trợ chi phí sinh hoạt cho sinh viên sư phạm trong một năm sẽ diễn ra trong thời gian bao lâu?,thời gian hỗ trợ chi phí sinh hoạt cho sinh viên sư phạm trong một năm là bao lâu?,467
Chu kỳ nhận hỗ trợ sinh hoạt của sinh viên sư phạm trong một năm học là bao nhiêu thời gian?,thời gian hỗ trợ chi phí sinh hoạt cho sinh viên sư phạm trong một năm là bao lâu?,467
"Trong một năm học, sinh viên sư phạm được hưởng hỗ trợ chi phí sinh hoạt trong khoảng thời gian bao dài?",thời gian hỗ trợ chi phí sinh hoạt cho sinh viên sư phạm trong một năm là bao lâu?,467
Thời điểm nào là giới hạn để nộp hồ sơ đăng ký nhận chính sách hỗ trợ dành cho sinh viên sư phạm?,thời hạn nộp hồ sơ đăng ký hưởng chính sách hỗ trợ sinh viên sư phạm là khi nào?,468
Sinh viên sư phạm cần nộp hồ sơ đăng ký hưởng chính sách hỗ trợ trước ngày bao nhiêu?,thời hạn nộp hồ sơ đăng ký hưởng chính sách hỗ trợ sinh viên sư phạm là khi nào?,468
Hạn chót nộp hồ sơ xin nhận hỗ trợ cho sinh viên ngành sư phạm là khi nào?,thời hạn nộp hồ sơ đăng ký hưởng chính sách hỗ trợ sinh viên sư phạm là khi nào?,468
Khi nào thì sinh viên sư phạm được phép nộp đơn đăng ký để được hưởng chính sách hỗ trợ?,thời hạn nộp hồ sơ đăng ký hưởng chính sách hỗ trợ sinh viên sư phạm là khi nào?,468
Thời hạn cuối cùng để sinh viên sư phạm nộp hồ sơ đăng ký hưởng chế độ hỗ trợ là lúc nào?,thời hạn nộp hồ sơ đăng ký hưởng chính sách hỗ trợ sinh viên sư phạm là khi nào?,468
Hồ sơ đăng ký nhận chính sách hỗ trợ cho sinh viên sư phạm bao gồm những giấy tờ gì?,hồ sơ đăng ký hưởng chính sách hỗ trợ sinh viên sư phạm gồm những gì?,469
Bạn cho tôi biết cần chuẩn bị những gì để đăng ký hưởng hỗ trợ sinh viên sư phạm?,hồ sơ đăng ký hưởng chính sách hỗ trợ sinh viên sư phạm gồm những gì?,469
Danh mục các loại giấy tờ cần nộp khi đăng ký hỗ trợ sinh viên ngành sư phạm là gì?,hồ sơ đăng ký hưởng chính sách hỗ trợ sinh viên sư phạm gồm những gì?,469
"Để được hỗ trợ, sinh viên sư phạm phải nộp hồ sơ gồm những thành phần nào?",hồ sơ đăng ký hưởng chính sách hỗ trợ sinh viên sư phạm gồm những gì?,469
Làm thế nào để đăng ký chính sách hỗ trợ sinh viên sư phạm và hồ sơ cần những gì?,hồ sơ đăng ký hưởng chính sách hỗ trợ sinh viên sư phạm gồm những gì?,469
"Trong suốt khóa học, sinh viên sư phạm cần nộp hồ sơ đăng ký hỗ trợ bao nhiêu lần?",sinh viên sư phạm phải nộp hồ sơ đăng ký hỗ trợ bao nhiêu lần trong cả khóa học?,470
Số lần sinh viên ngành sư phạm phải nộp hồ sơ xin hỗ trợ trong toàn bộ khóa là bao nhiêu?,sinh viên sư phạm phải nộp hồ sơ đăng ký hỗ trợ bao nhiêu lần trong cả khóa học?,470
Giảng viên cho biết sinh viên sư phạm cần nộp hồ sơ đăng ký hỗ trợ mấy lần trong cả khóa?,sinh viên sư phạm phải nộp hồ sơ đăng ký hỗ trợ bao nhiêu lần trong cả khóa học?,470
"Trong phạm vi khóa học, sinh viên sư phạm phải thực hiện việc nộp hồ sơ hỗ trợ bao nhiêu lần?",sinh viên sư phạm phải nộp hồ sơ đăng ký hỗ trợ bao nhiêu lần trong cả khóa học?,470
"Cả khóa học, sinh viên sư phạm cần nộp hồ sơ đăng ký hỗ trợ bao nhiêu lần thì đạt yêu cầu?",sinh viên sư phạm phải nộp hồ sơ đăng ký hỗ trợ bao nhiêu lần trong cả khóa học?,470
"Khi sinh viên sư phạm phải tạm dừng việc học, họ cần làm gì để quay lại và tiếp tục nhận được sự hỗ trợ?",sinh viên sư phạm cần làm gì khi tạm dừng và quay lại học để tiếp tục nhận hỗ trợ?,471
"Nếu sinh viên sư phạm muốn quay lại sau khi gián đoạn, thì cần thực hiện những bước nào nhằm tiếp tục được hỗ trợ?",sinh viên sư phạm cần làm gì khi tạm dừng và quay lại học để tiếp tục nhận hỗ trợ?,471
Sinh viên sư phạm cần chuẩn bị hoặc làm gì khi trở lại sau khoảng tạm dừng để vẫn có thể nhận hỗ trợ?,sinh viên sư phạm cần làm gì khi tạm dừng và quay lại học để tiếp tục nhận hỗ trợ?,471
"Để không bị gián đoạn hỗ trợ, sinh viên sư phạm cần làm gì khi quay lại học sau thời gian tạm nghỉ?",sinh viên sư phạm cần làm gì khi tạm dừng và quay lại học để tiếp tục nhận hỗ trợ?,471
"Khi sinh viên sư phạm quyết định quay lại chương trình học sau khi tạm dừng, họ cần thực hiện thủ tục gì để vẫn được hỗ trợ?",sinh viên sư phạm cần làm gì khi tạm dừng và quay lại học để tiếp tục nhận hỗ trợ?,471
Quy trình tiếp nhận hồ sơ hỗ trợ sinh viên sư phạm tại khoa diễn ra như thế nào?,quy trình tiếp nhận hồ sơ hỗ trợ sinh viên sư phạm tại khoa diễn ra thế nào?,472
Khoa tiếp nhận hồ sơ hỗ trợ sinh viên sư phạm theo trình tự ra sao?,quy trình tiếp nhận hồ sơ hỗ trợ sinh viên sư phạm tại khoa diễn ra thế nào?,472
Các bước để nộp hồ sơ hỗ trợ sinh viên sư phạm tại khoa là gì?,quy trình tiếp nhận hồ sơ hỗ trợ sinh viên sư phạm tại khoa diễn ra thế nào?,472
Hồ sơ hỗ trợ sinh viên sư phạm tại khoa được tiếp nhận theo quy trình nào?,quy trình tiếp nhận hồ sơ hỗ trợ sinh viên sư phạm tại khoa diễn ra thế nào?,472
Sinh viên sư phạm cần làm gì để nộp hồ sơ hỗ trợ tại khoa?,quy trình tiếp nhận hồ sơ hỗ trợ sinh viên sư phạm tại khoa diễn ra thế nào?,472
Cơ quan nào có thẩm quyền phê duyệt quyết định công nhận sinh viên sư phạm được hưởng chính sách hỗ trợ?,đơn vị nào phê duyệt quyết định công nhận sinh viên sư phạm được hưởng chính sách hỗ trợ?,473
Ai là đơn vị chịu trách nhiệm phê duyệt quyết định cho sinh viên sư phạm được hỗ trợ?,đơn vị nào phê duyệt quyết định công nhận sinh viên sư phạm được hưởng chính sách hỗ trợ?,473
Quyết định công nhận sinh viên sư phạm được hưởng chính sách hỗ trợ do đơn vị nào ban hành?,đơn vị nào phê duyệt quyết định công nhận sinh viên sư phạm được hưởng chính sách hỗ trợ?,473
Sinh viên sư phạm muốn được hỗ trợ thì cần chờ đơn vị nào phê duyệt quyết định?,đơn vị nào phê duyệt quyết định công nhận sinh viên sư phạm được hưởng chính sách hỗ trợ?,473
Đơn vị nào sẽ ra quyết định phê duyệt để sinh viên sư phạm được nhận chính sách hỗ trợ?,đơn vị nào phê duyệt quyết định công nhận sinh viên sư phạm được hưởng chính sách hỗ trợ?,473
Tiền hỗ trợ chi phí sinh hoạt dành cho sinh viên sư phạm sẽ được chi trả như thế nào?,tiền hỗ trợ chi phí sinh hoạt cho sinh viên sư phạm được chi trả như thế nào?,474
Sinh viên sư phạm nhận được khoản tiền hỗ trợ sinh hoạt theo hình thức chi trả gì?,tiền hỗ trợ chi phí sinh hoạt cho sinh viên sư phạm được chi trả như thế nào?,474
Quy trình chi trả tiền hỗ trợ sinh hoạt cho sinh viên ngành sư phạm diễn ra ra sao?,tiền hỗ trợ chi phí sinh hoạt cho sinh viên sư phạm được chi trả như thế nào?,474
Việc chi trả hỗ trợ chi phí sinh hoạt cho sinh viên sư phạm được thực hiện bằng cách nào?,tiền hỗ trợ chi phí sinh hoạt cho sinh viên sư phạm được chi trả như thế nào?,474
Sinh viên sư phạm sẽ được nhận tiền hỗ trợ sinh hoạt thông qua phương thức gì?,tiền hỗ trợ chi phí sinh hoạt cho sinh viên sư phạm được chi trả như thế nào?,474
Chính phủ đã ban hành nghị định nào về chính sách hỗ trợ sinh viên ngành sư phạm?,nghị định nào của chính phủ quy định về chính sách hỗ trợ cho sinh viên sư phạm?,475
Nghị định nào quy định cụ thể về các chế độ hỗ trợ dành cho sinh viên sư phạm?,nghị định nào của chính phủ quy định về chính sách hỗ trợ cho sinh viên sư phạm?,475
Bạn có biết nghị định nào của Chính phủ liên quan đến hỗ trợ sinh viên sư phạm không?,nghị định nào của chính phủ quy định về chính sách hỗ trợ cho sinh viên sư phạm?,475
Văn bản pháp luật nào dưới dạng nghị định đang quy định về việc hỗ trợ sinh viên sư phạm?,nghị định nào của chính phủ quy định về chính sách hỗ trợ cho sinh viên sư phạm?,475
"Theo bạn, nghị định nào của Chính phủ quy định các chính sách hỗ trợ cho sinh viên sư phạm?",nghị định nào của chính phủ quy định về chính sách hỗ trợ cho sinh viên sư phạm?,475
Quyết định 66 quy định đối tượng nào được hưởng chính sách hỗ trợ chi phí học tập?,đối tượng nào được hưởng chính sách hỗ trợ chi phí học tập theo quyết định 66?,476
Ai là những người được hưởng chính sách hỗ trợ chi phí học tập theo quy định tại Quyết định 66?,đối tượng nào được hưởng chính sách hỗ trợ chi phí học tập theo quyết định 66?,476
"Theo Quyết định 66, chính sách hỗ trợ chi phí học tập dành cho đối tượng nào?",đối tượng nào được hưởng chính sách hỗ trợ chi phí học tập theo quyết định 66?,476
Đối tượng nào có quyền được hưởng hỗ trợ chi phí học tập dựa trên Quyết định 66?,đối tượng nào được hưởng chính sách hỗ trợ chi phí học tập theo quyết định 66?,476
Chính sách hỗ trợ chi phí học tập trong Quyết định 66 áp dụng cho nhóm đối tượng nào?,đối tượng nào được hưởng chính sách hỗ trợ chi phí học tập theo quyết định 66?,476
Sinh viên theo học hệ liên thông có được nhận hỗ trợ chi phí học tập theo quy định tại Quyết định 66 hay không?,sinh viên hệ liên thông có được hưởng hỗ trợ chi phí học tập theo quyết định 66 không?,477
Quyết định 66 có quy định về việc cấp hỗ trợ chi phí học tập cho sinh viên hệ liên thông không?,sinh viên hệ liên thông có được hưởng hỗ trợ chi phí học tập theo quyết định 66 không?,477
"Theo Quyết định 66, đối tượng sinh viên hệ liên thông có nằm trong diện được hưởng chế độ hỗ trợ chi phí học tập?",sinh viên hệ liên thông có được hưởng hỗ trợ chi phí học tập theo quyết định 66 không?,477
Bạn cho tôi biết sinh viên hệ liên thông có được hưởng hỗ trợ chi phí học tập theo quyết định số 66 không nhé?,sinh viên hệ liên thông có được hưởng hỗ trợ chi phí học tập theo quyết định 66 không?,477
Chế độ hỗ trợ chi phí học tập theo quyết định 66 có áp dụng cho sinh viên hệ liên thông không vậy?,sinh viên hệ liên thông có được hưởng hỗ trợ chi phí học tập theo quyết định 66 không?,477
Sinh viên theo học văn bằng 2 có được hỗ trợ học phí cho người dân tộc thiểu số không?,sinh viên học văn bằng 2 có được nhận hỗ trợ chi phí học tập cho người dân tộc thiểu số không?,478
Người dân tộc thiểu số đang học văn bằng 2 có thuộc diện nhận hỗ trợ chi phí không?,sinh viên học văn bằng 2 có được nhận hỗ trợ chi phí học tập cho người dân tộc thiểu số không?,478
Có chính sách hỗ trợ tài chính nào dành cho sinh viên dân tộc thiểu số học văn bằng 2 hay không?,sinh viên học văn bằng 2 có được nhận hỗ trợ chi phí học tập cho người dân tộc thiểu số không?,478
Việc học văn bằng 2 có giúp sinh viên người dân tộc thiểu số được giảm chi phí hay không?,sinh viên học văn bằng 2 có được nhận hỗ trợ chi phí học tập cho người dân tộc thiểu số không?,478
Sinh viên người dân tộc thiểu số có được ưu đãi về học phí khi theo học chương trình văn bằng 2 không?,sinh viên học văn bằng 2 có được nhận hỗ trợ chi phí học tập cho người dân tộc thiểu số không?,478
Sinh viên tốt nghiệp chương trình dự bị đại học có được hưởng chế độ hỗ trợ theo Quyết định 66 hay không?,sinh viên sau khi hoàn thành chương trình dự bị đại học có được nhận hỗ trợ theo quyết định 66 không?,479
Những bạn đã hoàn thành khóa dự bị đại học có đủ điều kiện nhận hỗ trợ từ Quyết định 66 không?,sinh viên sau khi hoàn thành chương trình dự bị đại học có được nhận hỗ trợ theo quyết định 66 không?,479
"Sau khi học xong chương trình dự bị, sinh viên có được cấp hỗ trợ theo quy định tại Quyết định 66 không?",sinh viên sau khi hoàn thành chương trình dự bị đại học có được nhận hỗ trợ theo quyết định 66 không?,479
Quyết định 66 có bao gồm việc hỗ trợ sinh viên sau khi hoàn thành chương trình dự bị đại học không?,sinh viên sau khi hoàn thành chương trình dự bị đại học có được nhận hỗ trợ theo quyết định 66 không?,479
Sinh viên mới tốt nghiệp chương trình dự bị đại học có thuộc diện được hỗ trợ theo Quyết định 66 không?,sinh viên sau khi hoàn thành chương trình dự bị đại học có được nhận hỗ trợ theo quyết định 66 không?,479
Mức hỗ trợ chi phí học tập dành cho sinh viên dân tộc thiểu số có hộ nghèo hoặc cận nghèo là bao nhiêu?,mức hỗ trợ chi phí học tập cho sinh viên dân tộc thiểu số hộ nghèo/cận nghèo là bao nhiêu?,480
Sinh viên dân tộc thiểu số thuộc hộ nghèo hay cận nghèo được nhận bao nhiêu tiền hỗ trợ học tập?,mức hỗ trợ chi phí học tập cho sinh viên dân tộc thiểu số hộ nghèo/cận nghèo là bao nhiêu?,480
Chính sách hỗ trợ chi phí học tập cho sinh viên dân tộc thiểu số hộ nghèo/cận nghèo quy định mức bao nhiêu?,mức hỗ trợ chi phí học tập cho sinh viên dân tộc thiểu số hộ nghèo/cận nghèo là bao nhiêu?,480
Hỗ trợ chi phí học tập cho sinh viên dân tộc thiểu số có gia đình nghèo hoặc cận nghèo thì nhận được số tiền cụ thể là bao nhiêu?,mức hỗ trợ chi phí học tập cho sinh viên dân tộc thiểu số hộ nghèo/cận nghèo là bao nhiêu?,480
Số tiền hỗ trợ học tập dành riêng cho sinh viên dân tộc thiểu số thuộc hộ nghèo hoặc cận nghèo là bao nhiêu?,mức hỗ trợ chi phí học tập cho sinh viên dân tộc thiểu số hộ nghèo/cận nghèo là bao nhiêu?,480
Thời gian sinh viên dân tộc thiểu số được hưởng hỗ trợ chi phí học tập là bao lâu?,thời gian hưởng hỗ trợ chi phí học tập cho sinh viên dân tộc thiểu số là bao lâu?,481
Hỗ trợ chi phí học tập dành cho sinh viên dân tộc thiểu số được áp dụng trong thời gian dài đến khi nào?,thời gian hưởng hỗ trợ chi phí học tập cho sinh viên dân tộc thiểu số là bao lâu?,481
Mức thời gian nhận hỗ trợ học phí của sinh viên vùng dân tộc thiểu số là bao nhiêu?,thời gian hưởng hỗ trợ chi phí học tập cho sinh viên dân tộc thiểu số là bao lâu?,481
Sinh viên dân tộc thiểu số được hỗ trợ chi phí học tập trong bao lâu?,thời gian hưởng hỗ trợ chi phí học tập cho sinh viên dân tộc thiểu số là bao lâu?,481
Thời hạn hưởng chế độ hỗ trợ chi phí học tập cho sinh viên dân tộc thiểu số quy định là bao lâu?,thời gian hưởng hỗ trợ chi phí học tập cho sinh viên dân tộc thiểu số là bao lâu?,481
"Theo quy định tại Quyết định 66, hình thức và số lần cấp hỗ trợ chi phí học tập là gì?",hình thức và số lần cấp hỗ trợ chi phí học tập theo quyết định 66 là gì?,482
Quyết định 66 quy định cụ thể về hình thức và số lần hỗ trợ chi phí học tập như thế nào?,hình thức và số lần cấp hỗ trợ chi phí học tập theo quyết định 66 là gì?,482
Sinh viên cần biết hình thức cùng số lần được hỗ trợ chi phí học tập theo Quyết định 66 ra sao?,hình thức và số lần cấp hỗ trợ chi phí học tập theo quyết định 66 là gì?,482
Làm sao để biết hình thức và số lần cấp hỗ trợ chi phí học tập theo tinh thần Quyết định 66?,hình thức và số lần cấp hỗ trợ chi phí học tập theo quyết định 66 là gì?,482
Quyết định 66 đã quy định hình thức hỗ trợ chi phí học tập và số lần nhận hỗ trợ ra thế nào?,hình thức và số lần cấp hỗ trợ chi phí học tập theo quyết định 66 là gì?,482
Thời điểm nào sinh viên dân tộc thiểu số được nộp hồ sơ xin hỗ trợ chi phí học tập?,thời hạn nộp hồ sơ hỗ trợ chi phí học tập cho sinh viên dân tộc thiểu số là khi nào?,483
Khi nào thì sinh viên thuộc dân tộc thiểu số có thể nộp đơn xin hỗ trợ tiền học?,thời hạn nộp hồ sơ hỗ trợ chi phí học tập cho sinh viên dân tộc thiểu số là khi nào?,483
Sinh viên dân tộc thiểu số cần nộp hồ sơ hỗ trợ học phí vào khoảng thời gian nào?,thời hạn nộp hồ sơ hỗ trợ chi phí học tập cho sinh viên dân tộc thiểu số là khi nào?,483
Khoảng thời gian để sinh viên dân tộc thiểu số làm hồ sơ xin hỗ trợ chi phí học tập là lúc nào?,thời hạn nộp hồ sơ hỗ trợ chi phí học tập cho sinh viên dân tộc thiểu số là khi nào?,483
Hồ sơ hỗ trợ chi phí học tập dành cho sinh viên dân tộc thiểu số phải được nộp khi nào?,thời hạn nộp hồ sơ hỗ trợ chi phí học tập cho sinh viên dân tộc thiểu số là khi nào?,483
Hồ sơ xét hỗ trợ chi phí học tập dành cho sinh viên dân tộc thiểu số bao gồm những giấy tờ nào?,hồ sơ xét hỗ trợ chi phí học tập cho sinh viên dân tộc thiểu số gồm những gì?,484
"Để được xét hỗ trợ chi phí học tập, sinh viên dân tộc thiểu số cần nộp đầy đủ những gì?",hồ sơ xét hỗ trợ chi phí học tập cho sinh viên dân tộc thiểu số gồm những gì?,484
Danh mục hồ sơ cần chuẩn bị cho sinh viên dân tộc thiểu số tham gia xét hỗ trợ chi phí học tập là gì?,hồ sơ xét hỗ trợ chi phí học tập cho sinh viên dân tộc thiểu số gồm những gì?,484
Sinh viên dân tộc thiểu số cần cung cấp những loại giấy tờ nào trong hồ sơ xét hỗ trợ chi phí học tập?,hồ sơ xét hỗ trợ chi phí học tập cho sinh viên dân tộc thiểu số gồm những gì?,484
Nội dung cụ thể của hồ sơ xét hỗ trợ chi phí học tập dành cho sinh viên dân tộc thiểu số gồm những gì?,hồ sơ xét hỗ trợ chi phí học tập cho sinh viên dân tộc thiểu số gồm những gì?,484
"Khi làm hồ sơ, giấy xác nhận hộ nghèo hay cận nghèo cần lưu ý những gì?",giấy xác nhận hộ nghèo/cận nghèo trong hồ sơ cần lưu ý điều gì?,485
Hồ sơ giấy xác nhận hộ nghèo và cận nghèo phải chú ý điều gì?,giấy xác nhận hộ nghèo/cận nghèo trong hồ sơ cần lưu ý điều gì?,485
"Trong bộ hồ sơ, phần giấy xác nhận hộ nghèo/cận nghèo cần làm rõ điểm nào?",giấy xác nhận hộ nghèo/cận nghèo trong hồ sơ cần lưu ý điều gì?,485
Khi nộp giấy xác nhận hộ nghèo hay cận nghèo vào hồ sơ thì cần chú ý gì?,giấy xác nhận hộ nghèo/cận nghèo trong hồ sơ cần lưu ý điều gì?,485
Điểm cần lưu ý khi chuẩn bị giấy xác nhận hộ nghèo hoặc cận nghèo trong hồ sơ là gì?,giấy xác nhận hộ nghèo/cận nghèo trong hồ sơ cần lưu ý điều gì?,485
Quy trình xét duyệt hỗ trợ chi phí học tập tại khoa mất bao lâu?,quy trình xét duyệt hỗ trợ chi phí học tập tại khoa diễn ra trong bao lâu?,486
Khoa cần bao nhiêu thời gian để hoàn tất việc xét duyệt hỗ trợ kinh phí cho sinh viên?,quy trình xét duyệt hỗ trợ chi phí học tập tại khoa diễn ra trong bao lâu?,486
Sinh viên cần chờ đợi bao lâu từ lúc nộp hồ sơ đến khi nhận kết quả hỗ trợ tại khoa?,quy trình xét duyệt hỗ trợ chi phí học tập tại khoa diễn ra trong bao lâu?,486
Thời gian xử lý đơn xin hỗ trợ học phí của khoa kéo dài bao lâu?,quy trình xét duyệt hỗ trợ chi phí học tập tại khoa diễn ra trong bao lâu?,486
Bao lâu thì khoa sẽ có quyết định về việc hỗ trợ tài chính cho sinh viên?,quy trình xét duyệt hỗ trợ chi phí học tập tại khoa diễn ra trong bao lâu?,486
Cơ quan nào có thẩm quyền phê duyệt cuối cùng danh sách sinh viên dân tộc thiểu số được hỗ trợ học phí?,cơ quan nào thẩm định cuối cùng danh sách sinh viên dân tộc thiểu số được hỗ trợ chi phí học tập?,487
Đơn vị nào là cơ quan xét duyệt cuối cùng cho danh sách sinh viên dân tộc thiểu số nhận trợ cấp học tập?,cơ quan nào thẩm định cuối cùng danh sách sinh viên dân tộc thiểu số được hỗ trợ chi phí học tập?,487
Ai là cơ quan quyết định cuối cùng về việc công bố danh sách sinh viên dân tộc thiểu số được hỗ trợ chi phí?,cơ quan nào thẩm định cuối cùng danh sách sinh viên dân tộc thiểu số được hỗ trợ chi phí học tập?,487
Cơ quan nào chịu trách nhiệm thẩm định và phê duyệt bản danh sách sinh viên dân tộc thiểu số được hỗ trợ học phí?,cơ quan nào thẩm định cuối cùng danh sách sinh viên dân tộc thiểu số được hỗ trợ chi phí học tập?,487
Bộ phận hay cơ quan nào là khâu thẩm định cuối cùng đối với hồ sơ sinh viên dân tộc thiểu số nhận học bổng?,cơ quan nào thẩm định cuối cùng danh sách sinh viên dân tộc thiểu số được hỗ trợ chi phí học tập?,487
Thủ tướng Chính phủ đã ban hành quyết định nào quy định về hỗ trợ chi phí học tập cho sinh viên dân tộc thiểu số?,quyết định nào của thủ tướng chính phủ quy định về hỗ trợ chi phí học tập cho sv dân tộc thiểu số?,488
Có quyết định nào của Thủ tướng Chính phủ quy định về hỗ trợ kinh phí học tập dành cho sinh viên người dân tộc thiểu số không?,quyết định nào của thủ tướng chính phủ quy định về hỗ trợ chi phí học tập cho sv dân tộc thiểu số?,488
Quyết định cụ thể nào của Thủ tướng Chính phủ đang quy định về việc hỗ trợ chi phí học tập cho sinh viên thuộc dân tộc thiểu số?,quyết định nào của thủ tướng chính phủ quy định về hỗ trợ chi phí học tập cho sv dân tộc thiểu số?,488
"Theo quy định của Thủ tướng Chính phủ, quyết định nào áp dụng cho việc hỗ trợ chi phí học tập của sinh viên dân tộc thiểu số?",quyết định nào của thủ tướng chính phủ quy định về hỗ trợ chi phí học tập cho sv dân tộc thiểu số?,488
Tôi muốn biết quyết định nào của Thủ tướng Chính phủ có nội dung hỗ trợ chi phí học tập cho sinh viên dân tộc thiểu số?,quyết định nào của thủ tướng chính phủ quy định về hỗ trợ chi phí học tập cho sv dân tộc thiểu số?,488
Sinh viên sư phạm có được nhận trợ cấp xã hội khi thuộc diện quy định hay không?,sinh viên sư phạm có thể đồng thời hưởng trợ cấp xã hội nếu thuộc đối tượng quy định không?,489
"Đối với sinh viên sư phạm, điều kiện để được hưởng trợ cấp xã hội là gì?",sinh viên sư phạm có thể đồng thời hưởng trợ cấp xã hội nếu thuộc đối tượng quy định không?,489
Liệu sinh viên ngành sư phạm có nằm trong danh sách đối tượng được cấp trợ cấp xã hội không?,sinh viên sư phạm có thể đồng thời hưởng trợ cấp xã hội nếu thuộc đối tượng quy định không?,489
Làm thế nào để sinh viên sư phạm có thể đồng thời nhận trợ cấp xã hội theo quy định?,sinh viên sư phạm có thể đồng thời hưởng trợ cấp xã hội nếu thuộc đối tượng quy định không?,489
Sinh viên sư phạm thuộc nhóm đối tượng nào thì mới được hưởng trợ cấp xã hội?,sinh viên sư phạm có thể đồng thời hưởng trợ cấp xã hội nếu thuộc đối tượng quy định không?,489
Mọi khoản hỗ trợ cho sinh viên đều được chi trả bằng hình thức gì?,việc chi trả mọi khoản hỗ trợ cho sinh viên đều thực hiện qua hình thức nào?,490
Sinh viên nhận hỗ trợ thông qua phương thức nào?,việc chi trả mọi khoản hỗ trợ cho sinh viên đều thực hiện qua hình thức nào?,490
Các khoản trợ cấp cho sinh viên đều được chi trả ra sao?,việc chi trả mọi khoản hỗ trợ cho sinh viên đều thực hiện qua hình thức nào?,490
Hình thức chi trả tiền hỗ trợ cho sinh viên là gì?,việc chi trả mọi khoản hỗ trợ cho sinh viên đều thực hiện qua hình thức nào?,490
Việc giải ngân hỗ trợ sinh viên đều thực hiện bằng cách nào?,việc chi trả mọi khoản hỗ trợ cho sinh viên đều thực hiện qua hình thức nào?,490
Sinh viên nộp hồ sơ hỗ trợ chi phí học tập theo quyết định 66 ở địa điểm nào?,sinh viên nộp hồ sơ hỗ trợ chi phí học tập (qđ 66) tại đâu?,491
Tại đâu mà sinh viên có thể nộp đơn xin hỗ trợ chi phí học tập theo quy định 66?,sinh viên nộp hồ sơ hỗ trợ chi phí học tập (qđ 66) tại đâu?,491
Địa điểm để sinh viên nộp hồ sơ hỗ trợ chi phí học tập (QĐ 66) là nơi nào?,sinh viên nộp hồ sơ hỗ trợ chi phí học tập (qđ 66) tại đâu?,491
Mình cần nộp hồ sơ hỗ trợ chi phí học tập theo quyết định 66 tại cơ quan hay phòng ban nào?,sinh viên nộp hồ sơ hỗ trợ chi phí học tập (qđ 66) tại đâu?,491
"Theo quyết định 66, sinh viên nộp hồ sơ xin hỗ trợ chi phí học tập ở đâu thì được?",sinh viên nộp hồ sơ hỗ trợ chi phí học tập (qđ 66) tại đâu?,491
Điều kiện gì để sinh viên dân tộc thiểu số nhận được đồng thời cả trợ cấp xã hội và hỗ trợ chi phí học tập?,điều kiện để sinh viên dân tộc thiểu số được hưởng cả trợ cấp xã hội và hỗ trợ chi phí học tập là gì?,492
Làm thế nào một sinh viên dân tộc thiểu số có thể được hưởng vừa trợ cấp xã hội vừa hỗ trợ học tập?,điều kiện để sinh viên dân tộc thiểu số được hưởng cả trợ cấp xã hội và hỗ trợ chi phí học tập là gì?,492
Những tiêu chuẩn nào quy định sinh viên dân tộc thiểu số được nhận cả hai loại hỗ trợ là trợ cấp xã hội và hỗ trợ chi phí học tập?,điều kiện để sinh viên dân tộc thiểu số được hưởng cả trợ cấp xã hội và hỗ trợ chi phí học tập là gì?,492
"Để được hưởng cả trợ cấp xã hội lẫn hỗ trợ chi phí học tập, sinh viên dân tộc thiểu số cần đáp ứng điều kiện gì?",điều kiện để sinh viên dân tộc thiểu số được hưởng cả trợ cấp xã hội và hỗ trợ chi phí học tập là gì?,492
Sinh viên dân tộc thiểu số cần có những điều kiện gì mới được nhận trọn vẹn cả trợ cấp xã hội và hỗ trợ học tập?,điều kiện để sinh viên dân tộc thiểu số được hưởng cả trợ cấp xã hội và hỗ trợ chi phí học tập là gì?,492
Sinh viên khuyết tật nhưng hoàn cảnh không nghèo thì có được nhận trợ cấp xã hội hay không?,sinh viên khuyết tật nhưng không nghèo có được hưởng trợ cấp xã hội không?,493
Những sinh viên khuyết tật mà gia đình đủ điều kiện kinh tế vẫn có quyền hưởng trợ cấp xã hội không?,sinh viên khuyết tật nhưng không nghèo có được hưởng trợ cấp xã hội không?,493
Điều kiện về kinh tế có phải là rào cản khiến sinh viên khuyết tật không nghèo bị loại khỏi danh sách trợ cấp xã hội?,sinh viên khuyết tật nhưng không nghèo có được hưởng trợ cấp xã hội không?,493
Làm sao để xác định sinh viên khuyết tật không thuộc diện nghèo có thể tiếp cận được trợ cấp xã hội?,sinh viên khuyết tật nhưng không nghèo có được hưởng trợ cấp xã hội không?,493
"Trong trường hợp sinh viên khuyết tật có thu nhập ổn định, liệu họ vẫn được hưởng trợ cấp xã hội không?",sinh viên khuyết tật nhưng không nghèo có được hưởng trợ cấp xã hội không?,493
Sinh viên mồ côi có bắt buộc phải đạt xếp loại học tập khá mới được nhận trợ cấp 100.000 đồng hay không?,sinh viên mồ côi có cần xếp loại học tập khá để nhận trợ cấp 100.000đ không?,494
"Để nhận khoản trợ cấp 100.000 đồng, sinh viên mồ côi có cần xếp loại học tập khá không?",sinh viên mồ côi có cần xếp loại học tập khá để nhận trợ cấp 100.000đ không?,494
Điều kiện xếp loại học tập khá có phải là yêu cầu bắt buộc đối với sinh viên mồ côi nhận trợ cấp 100.000 đồng không?,sinh viên mồ côi có cần xếp loại học tập khá để nhận trợ cấp 100.000đ không?,494
Sinh viên mồ côi có thể nhận trợ cấp 100.000 đồng mà không cần xếp loại học tập khá được không?,sinh viên mồ côi có cần xếp loại học tập khá để nhận trợ cấp 100.000đ không?,494
Việc xếp loại học tập khá có ảnh hưởng đến việc sinh viên mồ côi nhận trợ cấp 100.000 đồng hay không?,sinh viên mồ côi có cần xếp loại học tập khá để nhận trợ cấp 100.000đ không?,494
Loại trợ cấp nào có thời hạn nộp hồ sơ là 45 ngày?,thời hạn 45 ngày nộp hồ sơ áp dụng cho loại trợ cấp nào?,495
45 ngày là thời hạn nộp hồ sơ cho khoản trợ cấp nào?,thời hạn 45 ngày nộp hồ sơ áp dụng cho loại trợ cấp nào?,495
Người nộp hồ sơ cần nộp trong vòng 45 ngày cho loại trợ cấp gì?,thời hạn 45 ngày nộp hồ sơ áp dụng cho loại trợ cấp nào?,495
Thời gian 45 ngày để nộp hồ sơ áp dụng cho trợ cấp nào?,thời hạn 45 ngày nộp hồ sơ áp dụng cho loại trợ cấp nào?,495
"Trong 45 ngày nộp hồ sơ, đó là quy định của loại trợ cấp nào?",thời hạn 45 ngày nộp hồ sơ áp dụng cho loại trợ cấp nào?,495
Những hạng mục hỗ trợ nào có thời gian nộp hồ sơ là 30 ngày?,thời hạn 30 ngày nộp hồ sơ áp dụng cho những loại hỗ trợ nào?,496
Loại hỗ trợ nào quy định thời hạn nộp hồ sơ trong vòng 30 ngày?,thời hạn 30 ngày nộp hồ sơ áp dụng cho những loại hỗ trợ nào?,496
Thời hạn 30 ngày để nộp hồ sơ áp dụng cho các trường hợp hỗ trợ nào?,thời hạn 30 ngày nộp hồ sơ áp dụng cho những loại hỗ trợ nào?,496
Các gói hỗ trợ nào yêu cầu sinh viên nộp hồ sơ không quá 30 ngày?,thời hạn 30 ngày nộp hồ sơ áp dụng cho những loại hỗ trợ nào?,496
Những đối tượng hỗ trợ nào thuộc quy định về thời hạn nộp hồ sơ 30 ngày?,thời hạn 30 ngày nộp hồ sơ áp dụng cho những loại hỗ trợ nào?,496
Sinh viên hộ cận nghèo với học lực trung bình có được nhận trợ cấp xã hội hay không?,sinh viên hộ cận nghèo có học lực trung bình có được nhận trợ cấp xã hội không?,497
Những sinh viên thuộc hộ cận nghèo và có điểm trung bình có đủ điều kiện nhận trợ cấp xã hội không?,sinh viên hộ cận nghèo có học lực trung bình có được nhận trợ cấp xã hội không?,497
Bạn có thể giải thích xem sinh viên hộ cận nghèo có học lực trung bình có được hỗ trợ bằng trợ cấp xã hội không nhé?,sinh viên hộ cận nghèo có học lực trung bình có được nhận trợ cấp xã hội không?,497
Trường hợp sinh viên hộ cận nghèo nhưng học lực trung bình thì có được cấp trợ cấp xã hội không vậy?,sinh viên hộ cận nghèo có học lực trung bình có được nhận trợ cấp xã hội không?,497
Sinh viên vừa là hộ cận nghèo vừa có học lực trung bình thì có thuộc diện nhận trợ cấp xã hội không?,sinh viên hộ cận nghèo có học lực trung bình có được nhận trợ cấp xã hội không?,497
"Mục đích của khoản hỗ trợ 3,63 triệu đồng dành cho sinh viên sư phạm là gì?","mục đích của khoản hỗ trợ 3,63 triệu đồng cho sinh viên sư phạm là gì?",498
"Khoản tiền 3,63 triệu đồng hỗ trợ sinh viên sư phạm được dùng để làm gì?","mục đích của khoản hỗ trợ 3,63 triệu đồng cho sinh viên sư phạm là gì?",498
"Sinh viên sư phạm nhận hỗ trợ 3,63 triệu đồng nhằm mục đích gì?","mục đích của khoản hỗ trợ 3,63 triệu đồng cho sinh viên sư phạm là gì?",498
"Hỗ trợ 3,63 triệu đồng cho sinh viên ngành sư phạm có ý nghĩa như thế nào?","mục đích của khoản hỗ trợ 3,63 triệu đồng cho sinh viên sư phạm là gì?",498
"Mục đích cụ thể của phần hỗ trợ 3,63 triệu đồng dành cho sinh viên sư phạm là gì?","mục đích của khoản hỗ trợ 3,63 triệu đồng cho sinh viên sư phạm là gì?",498
Đơn vị nào sẽ là nơi tiếp nhận hồ sơ cho mọi chính sách hỗ trợ ngay từ đầu?,đơn vị nào chịu trách nhiệm tiếp nhận hồ sơ của tất cả các chính sách hỗ trợ tại bước đầu tiên?,499
Ai là đơn vị chịu trách nhiệm nhận hồ sơ của tất cả các gói hỗ trợ tại bước đầu tiên?,đơn vị nào chịu trách nhiệm tiếp nhận hồ sơ của tất cả các chính sách hỗ trợ tại bước đầu tiên?,499
Hãy chỉ ra đơn vị nào được giao nhiệm vụ tiếp nhận hồ sơ của toàn bộ các chính sách hỗ trợ khi mới bắt đầu.,đơn vị nào chịu trách nhiệm tiếp nhận hồ sơ của tất cả các chính sách hỗ trợ tại bước đầu tiên?,499
"Trong giai đoạn đầu, đơn vị nào đảm nhận việc tiếp nhận hồ sơ liên quan đến tất cả các chính sách hỗ trợ?",đơn vị nào chịu trách nhiệm tiếp nhận hồ sơ của tất cả các chính sách hỗ trợ tại bước đầu tiên?,499
Đơn vị nào đứng đầu trong việc tiếp nhận hồ sơ cho mọi chính sách hỗ trợ vào thời điểm khởi đầu?,đơn vị nào chịu trách nhiệm tiếp nhận hồ sơ của tất cả các chính sách hỗ trợ tại bước đầu tiên?,499
Mức điểm trung bình tối thiểu sinh viên cần đạt để được xét học bổng khuyến khích học tập là bao nhiêu?,sinh viên cần đạt mức điểm trung bình tối thiểu là bao nhiêu để được xét học bổng khuyến khích học tập?,500
"Để có đủ điều kiện nhận học bổng khuyến khích học tập, sinh viên phải đạt điểm trung bình tối thiểu là bao nhiêu?",sinh viên cần đạt mức điểm trung bình tối thiểu là bao nhiêu để được xét học bổng khuyến khích học tập?,500
Học bổng khuyến khích học tập yêu cầu sinh viên phải giữ mức điểm trung bình tối thiểu là bao nhiêu?,sinh viên cần đạt mức điểm trung bình tối thiểu là bao nhiêu để được xét học bổng khuyến khích học tập?,500
Điểm trung bình tối thiểu mà sinh viên cần đạt nhằm đủ điều kiện xét học bổng khuyến khích học tập là bao nhiêu?,sinh viên cần đạt mức điểm trung bình tối thiểu là bao nhiêu để được xét học bổng khuyến khích học tập?,500
Sinh viên cần đạt mức điểm trung bình tối thiểu bao nhiêu mới được xem xét để nhận học bổng khuyến khích học tập?,sinh viên cần đạt mức điểm trung bình tối thiểu là bao nhiêu để được xét học bổng khuyến khích học tập?,500
Công thức tính điểm trung bình để xét học bổng khuyến khích học tập được quy định cụ thể như thế nào?,công thức tính điểm trung bình dùng để xét học bổng khuyến khích học tập (hbkkht) được quy định như thế nào?,501
Làm thế nào để tính điểm trung bình phục vụ việc xét học bổng khuyến khích học tập theo quy định hiện hành?,công thức tính điểm trung bình dùng để xét học bổng khuyến khích học tập (hbkkht) được quy định như thế nào?,501
Quy định về công thức tính điểm trung bình dùng cho xét học bổng khuyến khích học tập là gì?,công thức tính điểm trung bình dùng để xét học bổng khuyến khích học tập (hbkkht) được quy định như thế nào?,501
Điểm trung bình để xét học bổng khuyến khích học tập được tính theo công thức nào trong quy định?,công thức tính điểm trung bình dùng để xét học bổng khuyến khích học tập (hbkkht) được quy định như thế nào?,501
"Theo quy định, công thức xác định điểm trung bình cho xét học bổng khuyến khích học tập ra sao?",công thức tính điểm trung bình dùng để xét học bổng khuyến khích học tập (hbkkht) được quy định như thế nào?,501
Những môn học nào không được tính vào điểm trung bình cho việc xét học bổng khuyến khích học tập?,những loại học phần nào không được tính vào điểm trung bình để xét học bổng khuyến khích học tập?,502
Loại học phần nào bị loại trừ khi tính điểm để xét học bổng khuyến khích?,những loại học phần nào không được tính vào điểm trung bình để xét học bổng khuyến khích học tập?,502
Bạn cho biết những học phần nào không được dùng để tính điểm trung bình cho học bổng khuyến khích học tập không?,những loại học phần nào không được tính vào điểm trung bình để xét học bổng khuyến khích học tập?,502
Danh sách các môn học không được tính vào điểm trung bình khi xét học bổng khuyến khích là gì?,những loại học phần nào không được tính vào điểm trung bình để xét học bổng khuyến khích học tập?,502
Có những loại học phần nào không được đưa vào điểm trung bình cho mục đích xét học bổng khuyến khích?,những loại học phần nào không được tính vào điểm trung bình để xét học bổng khuyến khích học tập?,502
Học bổng khuyến khích học tập được xét cho đối tượng nào?,đối tượng nào được xét cấp học bổng khuyến khích học tập?,503
Ai là người có đủ điều kiện để nhận học bổng khuyến khích học tập?,đối tượng nào được xét cấp học bổng khuyến khích học tập?,503
Những đối tượng nào được tham gia xét học bổng khuyến khích học tập?,đối tượng nào được xét cấp học bổng khuyến khích học tập?,503
Học bổng khuyến khích học tập dành cho những ai?,đối tượng nào được xét cấp học bổng khuyến khích học tập?,503
Đối tượng nào nằm trong diện được xét cấp học bổng khuyến khích học tập?,đối tượng nào được xét cấp học bổng khuyến khích học tập?,503
Sinh viên đang nhận học bổng hoặc các khoản trợ cấp khác thì còn được xét học bổng khuyến khích học tập không?,sinh viên đang hưởng các chương trình học bổng hoặc trợ cấp khác có được xét học bổng khuyến khích học tập không?,504
Những bạn đang hưởng học bổng hay trợ cấp khác thì có đủ điều kiện để nhận thêm học bổng khuyến khích học tập hay không?,sinh viên đang hưởng các chương trình học bổng hoặc trợ cấp khác có được xét học bổng khuyến khích học tập không?,504
Nếu sinh viên đã được hưởng các chương trình học bổng hoặc trợ cấp khác thì vẫn có thể được xét học bổng khuyến khích học tập được không?,sinh viên đang hưởng các chương trình học bổng hoặc trợ cấp khác có được xét học bổng khuyến khích học tập không?,504
Việc sinh viên đang hưởng học bổng hoặc trợ cấp khác có ảnh hưởng đến việc xét duyệt học bổng khuyến khích học tập hay không?,sinh viên đang hưởng các chương trình học bổng hoặc trợ cấp khác có được xét học bổng khuyến khích học tập không?,504
Sinh viên đã nhận học bổng hay trợ cấp khác thì còn cơ hội được xét học bổng khuyến khích học tập tiếp tục không?,sinh viên đang hưởng các chương trình học bổng hoặc trợ cấp khác có được xét học bổng khuyến khích học tập không?,504
Tổng số tín chỉ tối thiểu mà sinh viên cần đạt để được xét học bổng khuyến khích học tập là bao nhiêu?,tổng số tín chỉ tối thiểu để sinh viên được xét học bổng khuyến khích học tập là bao nhiêu?,505
"Để được xét học bổng khuyến khích học tập, sinh viên phải tích lũy tối thiểu bao nhiêu tín chỉ?",tổng số tín chỉ tối thiểu để sinh viên được xét học bổng khuyến khích học tập là bao nhiêu?,505
Mức tín chỉ tối thiểu dành cho sinh viên có đủ điều kiện nhận học bổng khuyến khích học tập là bao nhiêu?,tổng số tín chỉ tối thiểu để sinh viên được xét học bổng khuyến khích học tập là bao nhiêu?,505
Sinh viên cần có tối thiểu bao nhiêu tín chỉ thì mới được tham gia xét học bổng khuyến khích học tập?,tổng số tín chỉ tối thiểu để sinh viên được xét học bổng khuyến khích học tập là bao nhiêu?,505
Điều kiện về tổng số tín chỉ tối thiểu để sinh viên đủ tư cách nhận học bổng khuyến khích học tập là bao nhiêu?,tổng số tín chỉ tối thiểu để sinh viên được xét học bổng khuyến khích học tập là bao nhiêu?,505
Tổng số tín chỉ dùng để xét học bổng khuyến khích học tập có tính cả các học phần học lại nhằm trả nợ không?,tổng số tín chỉ để xét học bổng khuyến khích học tập có bao gồm các học phần học lại để trả nợ không?,506
Những học phần học lại để trả nợ có được cộng vào tổng tín chỉ cho việc xét học bổng khuyến khích học tập hay không?,tổng số tín chỉ để xét học bổng khuyến khích học tập có bao gồm các học phần học lại để trả nợ không?,506
"Khi xét học bổng khuyến khích học tập, tín chỉ của các học phần học lại để trả nợ có được tính vào hạn mức không?",tổng số tín chỉ để xét học bổng khuyến khích học tập có bao gồm các học phần học lại để trả nợ không?,506
Tôi muốn hỏi xem học phần học lại trả nợ có ảnh hưởng đến tổng số tín chỉ xét học bổng khuyến khích học tập không?,tổng số tín chỉ để xét học bổng khuyến khích học tập có bao gồm các học phần học lại để trả nợ không?,506
Việc học lại các học phần để trả nợ có làm tăng tổng số tín chỉ dùng để xét học bổng khuyến khích học tập được không?,tổng số tín chỉ để xét học bổng khuyến khích học tập có bao gồm các học phần học lại để trả nợ không?,506
Tổng số tín chỉ dùng để xét học bổng khuyến khích học tập có bao gồm các học phần cải thiện điểm hay không?,tổng số tín chỉ để xét học bổng khuyến khích học tập có bao gồm các học phần học cải thiện điểm không?,507
Các học phần cải thiện điểm có được tính vào tổng số tín chỉ để xét học bổng khuyến khích học tập không?,tổng số tín chỉ để xét học bổng khuyến khích học tập có bao gồm các học phần học cải thiện điểm không?,507
"Khi xét học bổng khuyến khích học tập, tín chỉ từ các học phần cải thiện điểm có được tính vào hay không?",tổng số tín chỉ để xét học bổng khuyến khích học tập có bao gồm các học phần học cải thiện điểm không?,507
Tổng số tín chỉ xét học bổng khuyến khích học tập có đếm thêm các học phần cải thiện điểm không?,tổng số tín chỉ để xét học bổng khuyến khích học tập có bao gồm các học phần học cải thiện điểm không?,507
Các học phần cải thiện điểm có được tính trong tổng số tín chỉ để xét học bổng khuyến khích học tập không vậy?,tổng số tín chỉ để xét học bổng khuyến khích học tập có bao gồm các học phần học cải thiện điểm không?,507
Học phần ngoài chương trình đào tạo có được tính vào tổng số tín chỉ để xét học bổng khuyến khích học tập hay không?,học phần ngoài thiết kế chương trình đào tạo có được tính vào tổng số tín chỉ xét học bổng khuyến khích học tập không?,508
Tôi có thể dùng tín chỉ của học phần ngoài để nộp hồ sơ xin học bổng khuyến khích học tập không?,học phần ngoài thiết kế chương trình đào tạo có được tính vào tổng số tín chỉ xét học bổng khuyến khích học tập không?,508
Những học phần học thêm ngoài khung chương trình có được cộng vào tổng số tín chỉ xét học bổng hay không?,học phần ngoài thiết kế chương trình đào tạo có được tính vào tổng số tín chỉ xét học bổng khuyến khích học tập không?,508
Làm thế nào để biết học phần ngoài thiết kế đào tạo có được tính điểm xét học bổng khuyến khích học tập không?,học phần ngoài thiết kế chương trình đào tạo có được tính vào tổng số tín chỉ xét học bổng khuyến khích học tập không?,508
Số tín chỉ từ các học phần ngoài chương trình có đủ điều kiện để nhận học bổng khuyến khích học tập không?,học phần ngoài thiết kế chương trình đào tạo có được tính vào tổng số tín chỉ xét học bổng khuyến khích học tập không?,508
Học phần Giáo dục thể chất có được tính vào tổng số tín chỉ để xét học bổng khuyến khích học tập không?,học phần giáo dục thể chất có được tính vào tổng số tín chỉ xét học bổng khuyến khích học tập không?,509
Tín chỉ của môn Giáo dục thể chất có được tính khi xét duyệt học bổng khuyến khích học tập hay không?,học phần giáo dục thể chất có được tính vào tổng số tín chỉ xét học bổng khuyến khích học tập không?,509
"Khi xét học bổng khuyến khích học tập, học phần thể chất có được tính vào tổng tín chỉ không?",học phần giáo dục thể chất có được tính vào tổng số tín chỉ xét học bổng khuyến khích học tập không?,509
Tổng số tín chỉ dùng để xét học bổng khuyến khích học tập có bao gồm môn Giáo dục thể chất không?,học phần giáo dục thể chất có được tính vào tổng số tín chỉ xét học bổng khuyến khích học tập không?,509
Học bổng khuyến khích học tập có tính đến tín chỉ của học phần Giáo dục thể chất trong tổng số tín chỉ của sinh viên không?,học phần giáo dục thể chất có được tính vào tổng số tín chỉ xét học bổng khuyến khích học tập không?,509
Học phần Giáo dục quốc phòng có được tính vào tổng số tín chỉ để xét học bổng khuyến khích học tập không?,học phần giáo dục quốc phòng có được tính vào tổng số tín chỉ xét học bổng khuyến khích học tập không?,510
Tín chỉ của môn Giáo dục quốc phòng có được cộng vào danh mục xét học bổng khuyến khích học tập hay không?,học phần giáo dục quốc phòng có được tính vào tổng số tín chỉ xét học bổng khuyến khích học tập không?,510
"Khi xét học bổng khuyến khích học tập, học phần Giáo dục quốc phòng có được tính là tín chỉ hợp lệ không?",học phần giáo dục quốc phòng có được tính vào tổng số tín chỉ xét học bổng khuyến khích học tập không?,510
Có tính học phần Giáo dục quốc phòng vào tổng số tín chỉ dùng để xét học bổng khuyến khích học tập không?,học phần giáo dục quốc phòng có được tính vào tổng số tín chỉ xét học bổng khuyến khích học tập không?,510
Học sinh viên có được tính tín chỉ môn Giáo dục quốc phòng vào tổng số tín chỉ xét học bổng khuyến khích học tập không?,học phần giáo dục quốc phòng có được tính vào tổng số tín chỉ xét học bổng khuyến khích học tập không?,510
Học phần Kỹ năng giao tiếp tiếng Anh có được tính vào tổng số tín chỉ để xét học bổng khuyến khích học tập hay không?,học phần kỹ năng giao tiếp tiếng anh có được tính vào tổng số tín chỉ xét học bổng khuyến khích học tập không?,511
Tôi muốn hỏi xem tín chỉ của môn Kỹ năng giao tiếp tiếng Anh có được công nhận trong danh mục xét học bổng khuyến khích học tập không?,học phần kỹ năng giao tiếp tiếng anh có được tính vào tổng số tín chỉ xét học bổng khuyến khích học tập không?,511
Có tính học phần Kỹ năng giao tiếp tiếng Anh vào tổng số tín chỉ dùng để xét giải thưởng học bổng khuyến khích học tập không?,học phần kỹ năng giao tiếp tiếng anh có được tính vào tổng số tín chỉ xét học bổng khuyến khích học tập không?,511
Số tín chỉ từ môn Kỹ năng giao tiếp tiếng Anh có được đưa vào tổng thể để xét cấp học bổng khuyến khích học tập của trường không?,học phần kỹ năng giao tiếp tiếng anh có được tính vào tổng số tín chỉ xét học bổng khuyến khích học tập không?,511
Liệu tín chỉ của học phần Kỹ năng giao tiếp tiếng Anh có được xem xét cùng với các môn khác cho học bổng khuyến khích học tập hay không?,học phần kỹ năng giao tiếp tiếng anh có được tính vào tổng số tín chỉ xét học bổng khuyến khích học tập không?,511
Nếu số tín chỉ đăng ký đầu tiên dưới 15 thì điều kiện xét học bổng là gì?,nếu số tín chỉ sinh viên đăng ký học lần đầu nhỏ hơn 15 thì điều kiện để được xét học bổng là gì?,512
"Khi sinh viên mới đăng ký ít hơn 15 tín chỉ, cần đáp ứng những yêu cầu gì để nhận học bổng?",nếu số tín chỉ sinh viên đăng ký học lần đầu nhỏ hơn 15 thì điều kiện để được xét học bổng là gì?,512
"Với trường hợp số tín chỉ lần đầu chưa đầy 15, tiêu chuẩn được xét học bổng là như thế nào?",nếu số tín chỉ sinh viên đăng ký học lần đầu nhỏ hơn 15 thì điều kiện để được xét học bổng là gì?,512
Điều kiện cụ thể để sinh viên có dưới 15 tín chỉ đăng ký lần đầu được xét học bổng là gì?,nếu số tín chỉ sinh viên đăng ký học lần đầu nhỏ hơn 15 thì điều kiện để được xét học bổng là gì?,512
"Nếu lần đầu chỉ đăng ký dưới 15 tín chỉ, sinh viên phải làm gì thì mới được xét học bổng?",nếu số tín chỉ sinh viên đăng ký học lần đầu nhỏ hơn 15 thì điều kiện để được xét học bổng là gì?,512
Ai là người có thẩm quyền xem xét và quyết định đối với các trường hợp đặc biệt về số tín chỉ trong xét duyệt học bổng?,ai có thẩm quyền xem xét quyết định các trường hợp đặc biệt về số tín chỉ xét học bổng?,513
Cơ quan nào được phép xem xét và ra quyết định cho những tình huống đặc biệt liên quan đến số tín chỉ khi xét học bổng?,ai có thẩm quyền xem xét quyết định các trường hợp đặc biệt về số tín chỉ xét học bổng?,513
"Theo quy định, ai là đơn vị có thẩm quyền xử lý các trường hợp đặc biệt về số tín chỉ trong hồ sơ xét học bổng?",ai có thẩm quyền xem xét quyết định các trường hợp đặc biệt về số tín chỉ xét học bổng?,513
Người có trách nhiệm xem xét và phê duyệt các trường hợp đặc biệt về số tín chỉ cho học bổng là ai?,ai có thẩm quyền xem xét quyết định các trường hợp đặc biệt về số tín chỉ xét học bổng?,513
Tôi muốn biết ai là thẩm quyền cho việc xét các trường hợp đặc biệt về số tín chỉ khi làm hồ sơ học bổng?,ai có thẩm quyền xem xét quyết định các trường hợp đặc biệt về số tín chỉ xét học bổng?,513
Học kỳ này việc xét học bổng khuyến khích học tập được quy định ra sao?,học kỳ lấy kết quả xét học bổng khuyến khích học tập được quy định như thế nào?,514
Quy định về cách thức xét học bổng khuyến khích học tập trong học kỳ này là gì?,học kỳ lấy kết quả xét học bổng khuyến khích học tập được quy định như thế nào?,514
Các bạn có thể cho mình biết cách xét học bổng khuyến khích học tập cho học kỳ này được định hướng như thế nào không?,học kỳ lấy kết quả xét học bổng khuyến khích học tập được quy định như thế nào?,514
Mình muốn hỏi xem quy định xét học bổng khuyến khích học tập cho học kỳ này cụ thể là gì?,học kỳ lấy kết quả xét học bổng khuyến khích học tập được quy định như thế nào?,514
"Học kỳ này, việc xét và cấp học bổng khuyến khích học tập tuân theo quy định nào?",học kỳ lấy kết quả xét học bổng khuyến khích học tập được quy định như thế nào?,514
Kết quả xét học bổng trong học kỳ có bị giới hạn trong thời gian đào tạo hay không?,học kỳ lấy kết quả xét học bổng có bị giới hạn trong thời gian đào tạo không?,515
Việc xét học bổng của học kỳ này có nằm trong khung thời gian đào tạo được quy định không?,học kỳ lấy kết quả xét học bổng có bị giới hạn trong thời gian đào tạo không?,515
Thời gian xét học bổng của kỳ này có bị giới hạn bởi tổng thời gian đào tạo hay không?,học kỳ lấy kết quả xét học bổng có bị giới hạn trong thời gian đào tạo không?,515
Học viên có bị giới hạn kết quả xét học bổng trong suốt thời gian đào tạo hay không?,học kỳ lấy kết quả xét học bổng có bị giới hạn trong thời gian đào tạo không?,515
Kết quả xét học bổng của kỳ này có thuộc phạm vi thời gian đào tạo hay không?,học kỳ lấy kết quả xét học bổng có bị giới hạn trong thời gian đào tạo không?,515
Điểm rèn luyện tối thiểu ở học kỳ cần đạt để đủ điều kiện xét học bổng khuyến khích học tập là bao nhiêu?,điểm rèn luyện tối thiểu ở học kỳ lấy kết quả để sinh viên đủ điều kiện xét học bổng khuyến khích học tập là bao nhiêu?,516
"Để được xét học bổng khuyến khích học tập, sinh viên phải có điểm rèn luyện tối thiểu ở học kỳ là bao nhiêu?",điểm rèn luyện tối thiểu ở học kỳ lấy kết quả để sinh viên đủ điều kiện xét học bổng khuyến khích học tập là bao nhiêu?,516
Mức điểm rèn luyện tối thiểu cho học kỳ để sinh viên đủ điều kiện nhận học bổng khuyến khích học tập là bao nhiêu?,điểm rèn luyện tối thiểu ở học kỳ lấy kết quả để sinh viên đủ điều kiện xét học bổng khuyến khích học tập là bao nhiêu?,516
Sinh viên cần đạt điểm rèn luyện tối thiểu bao nhiêu ở học kỳ mới đủ điều kiện xét học bổng khuyến khích học tập?,điểm rèn luyện tối thiểu ở học kỳ lấy kết quả để sinh viên đủ điều kiện xét học bổng khuyến khích học tập là bao nhiêu?,516
Điểm rèn luyện tối thiểu ở học kỳ mà sinh viên phải có để đủ điều kiện xét học bổng khuyến khích học tập là bao nhiêu?,điểm rèn luyện tối thiểu ở học kỳ lấy kết quả để sinh viên đủ điều kiện xét học bổng khuyến khích học tập là bao nhiêu?,516
Thang điểm nào được dùng để tính điểm rèn luyện phục vụ xét học bổng khuyến khích học tập?,điểm rèn luyện để xét học bổng khuyến khích học tập được tính theo thang điểm nào?,517
"Để xét học bổng khuyến khích học tập, điểm rèn luyện sẽ được tính theo thang điểm gì?",điểm rèn luyện để xét học bổng khuyến khích học tập được tính theo thang điểm nào?,517
Sinh viên cần đạt thang điểm nào về rèn luyện mới được xét học bổng khuyến khích học tập?,điểm rèn luyện để xét học bổng khuyến khích học tập được tính theo thang điểm nào?,517
Điểm rèn luyện cho mục đích xét học bổng khuyến khích học tập được quy đổi theo thang điểm ra sao?,điểm rèn luyện để xét học bổng khuyến khích học tập được tính theo thang điểm nào?,517
Vậy thang điểm tính điểm rèn luyện cho học bổng khuyến khích học tập là bao nhiêu?,điểm rèn luyện để xét học bổng khuyến khích học tập được tính theo thang điểm nào?,517
"Sinh viên có môn học nào điểm dưới 5,0 thì có đủ điều kiện để nhận học bổng khuyến khích học tập không?","sinh viên có học phần bị điểm dưới 5,0 có được xét học bổng khuyến khích học tập không?",518
"Những bạn nào bị điểm dưới 5,0 vẫn được tham gia xét học bổng khuyến khích học tập hay không?","sinh viên có học phần bị điểm dưới 5,0 có được xét học bổng khuyến khích học tập không?",518
"Việc có học phần với điểm thấp hơn 5,0 sẽ ảnh hưởng thế nào đến hồ sơ xét học bổng khuyến khích học tập của sinh viên?","sinh viên có học phần bị điểm dưới 5,0 có được xét học bổng khuyến khích học tập không?",518
"Sinh viên đang bị điểm dưới 5,0 còn có cơ hội được xét để nhận học bổng khuyến khích học tập không?","sinh viên có học phần bị điểm dưới 5,0 có được xét học bổng khuyến khích học tập không?",518
"Có quy định cấm xét học bổng khuyến khích học tập đối với những sinh viên có học phần dưới 5,0 hay không?","sinh viên có học phần bị điểm dưới 5,0 có được xét học bổng khuyến khích học tập không?",518
Loại kỷ luật nào khiến sinh viên bị loại khỏi danh sách xét học bổng khuyến khích học tập?,mức kỷ luật nào làm cho sinh viên không được xét học bổng khuyến khích học tập?,519
Sinh viên sẽ mất cơ hội nhận học bổng khuyến khích học tập nếu vi phạm mức kỷ luật nào?,mức kỷ luật nào làm cho sinh viên không được xét học bổng khuyến khích học tập?,519
Mức độ kỷ luật nào dẫn đến việc sinh viên không đủ điều kiện xét học bổng khuyến khích?,mức kỷ luật nào làm cho sinh viên không được xét học bổng khuyến khích học tập?,519
Những hành vi vi phạm kỷ luật nào làm cho sinh viên bị tước quyền xét học bổng khuyến khích học tập?,mức kỷ luật nào làm cho sinh viên không được xét học bổng khuyến khích học tập?,519
Sinh viên cần tránh mức kỷ luật nào để vẫn được duy trì quyền xét học bổng khuyến khích?,mức kỷ luật nào làm cho sinh viên không được xét học bổng khuyến khích học tập?,519
Điểm trung bình tối thiểu để nhận học bổng khuyến khích học tập loại xuất sắc là bao nhiêu?,điểm trung bình tối thiểu để đạt học bổng khuyến khích học tập loại xuất sắc là bao nhiêu?,520
Cần đạt bao nhiêu điểm trung bình mới được xét học bổng khuyến khích học tập loại xuất sắc?,điểm trung bình tối thiểu để đạt học bổng khuyến khích học tập loại xuất sắc là bao nhiêu?,520
Học bổng khuyến khích học tập loại xuất sắc yêu cầu điểm trung bình tối thiểu là bao nhiêu?,điểm trung bình tối thiểu để đạt học bổng khuyến khích học tập loại xuất sắc là bao nhiêu?,520
Mức điểm trung bình tối thiểu để đủ điều kiện nhận học bổng khuyến khích học tập loại xuất sắc là bao nhiêu?,điểm trung bình tối thiểu để đạt học bổng khuyến khích học tập loại xuất sắc là bao nhiêu?,520
"Để được cấp học bổng khuyến khích học tập loại xuất sắc, sinh viên cần có điểm trung bình tối thiểu là bao nhiêu?",điểm trung bình tối thiểu để đạt học bổng khuyến khích học tập loại xuất sắc là bao nhiêu?,520
Điểm rèn luyện tối thiểu cần đạt để nhận học bổng khuyến khích học tập loại xuất sắc là bao nhiêu?,điểm rèn luyện tối thiểu để đạt học bổng khuyến khích học tập loại xuất sắc là bao nhiêu?,521
"Để được xét học bổng khuyến khích học tập loại xuất sắc, sinh viên cần có điểm rèn luyện tối thiểu là bao nhiêu?",điểm rèn luyện tối thiểu để đạt học bổng khuyến khích học tập loại xuất sắc là bao nhiêu?,521
Mức điểm rèn luyện thấp nhất để đủ điều kiện nhận học bổng khuyến khích học tập loại xuất sắc là bao nhiêu?,điểm rèn luyện tối thiểu để đạt học bổng khuyến khích học tập loại xuất sắc là bao nhiêu?,521
Điểm rèn luyện ít nhất mà sinh viên phải đạt để có học bổng khuyến khích học tập loại xuất sắc là bao nhiêu?,điểm rèn luyện tối thiểu để đạt học bổng khuyến khích học tập loại xuất sắc là bao nhiêu?,521
Học bổng khuyến khích học tập loại xuất sắc yêu cầu điểm rèn luyện tối thiểu là bao nhiêu điểm?,điểm rèn luyện tối thiểu để đạt học bổng khuyến khích học tập loại xuất sắc là bao nhiêu?,521
Học bổng khuyến khích học tập loại xuất sắc tương đương với mức điểm phân loại nào theo ký tự?,học bổng khuyến khích học tập loại xuất sắc tương đương với phân loại nào theo chữ cái?,522
Loại học bổng khuyến khích học tập xuất sắc được xếp vào nhóm chữ cái nào?,học bổng khuyến khích học tập loại xuất sắc tương đương với phân loại nào theo chữ cái?,522
"Theo bảng phân loại, học bổng khuyến khích học tập loại xuất sắc tương ứng với ký tự gì?",học bổng khuyến khích học tập loại xuất sắc tương đương với phân loại nào theo chữ cái?,522
Chữ cái nào đại diện cho mức học bổng khuyến khích học tập loại xuất sắc?,học bổng khuyến khích học tập loại xuất sắc tương đương với phân loại nào theo chữ cái?,522
Phân loại học bổng khuyến khích học tập loại xuất sắc tương ứng với mã chữ cái nào?,học bổng khuyến khích học tập loại xuất sắc tương đương với phân loại nào theo chữ cái?,522
Học bổng khuyến khích học tập loại xuất sắc được quy định tính toán như thế nào?,giá trị của học bổng khuyến khích học tập loại xuất sắc được tính như thế nào?,523
Cách tính giá trị học bổng khuyến khích học tập danh hiệu xuất sắc ra sao?,giá trị của học bổng khuyến khích học tập loại xuất sắc được tính như thế nào?,523
Mức tiền học bổng khuyến khích học tập loại xuất sắc được xác định dựa trên tiêu chí gì?,giá trị của học bổng khuyến khích học tập loại xuất sắc được tính như thế nào?,523
Làm thế nào để biết giá trị cụ thể của học bổng khuyến khích học tập loại xuất sắc?,giá trị của học bổng khuyến khích học tập loại xuất sắc được tính như thế nào?,523
Chính sách tính toán học bổng khuyến khích học tập cho sinh viên xuất sắc có nội dung gì?,giá trị của học bổng khuyến khích học tập loại xuất sắc được tính như thế nào?,523
Điểm trung bình tối thiểu cần đạt để nhận học bổng khuyến khích học tập loại giỏi là bao nhiêu?,điểm trung bình tối thiểu để đạt học bổng khuyến khích học tập loại giỏi là bao nhiêu?,524
"Để được xét học bổng khuyến khích học tập loại giỏi, sinh viên cần có điểm trung bình tối thiểu là bao nhiêu?",điểm trung bình tối thiểu để đạt học bổng khuyến khích học tập loại giỏi là bao nhiêu?,524
Mức điểm trung bình tối thiểu cho loại giỏi của học bổng khuyến khích học tập là bao nhiêu?,điểm trung bình tối thiểu để đạt học bổng khuyến khích học tập loại giỏi là bao nhiêu?,524
Học bổng khuyến khích học tập loại giỏi yêu cầu điểm trung bình tối thiểu là bao nhiêu để đạt được?,điểm trung bình tối thiểu để đạt học bổng khuyến khích học tập loại giỏi là bao nhiêu?,524
Bạn cho mình biết điểm trung bình tối thiểu cần có để đủ điều kiện nhận học bổng khuyến khích học tập loại giỏi nhé?,điểm trung bình tối thiểu để đạt học bổng khuyến khích học tập loại giỏi là bao nhiêu?,524
Điểm rèn luyện tối thiểu cần đạt để được xét học bổng khuyến khích học tập loại giỏi là bao nhiêu?,điểm rèn luyện tối thiểu để đạt học bổng khuyến khích học tập loại giỏi là bao nhiêu?,525
"Để nhận học bổng khuyến khích học tập loại giỏi, sinh viên phải có điểm rèn luyện ít nhất là bao nhiêu?",điểm rèn luyện tối thiểu để đạt học bổng khuyến khích học tập loại giỏi là bao nhiêu?,525
Mức điểm rèn luyện thấp nhất cho việc nhận học bổng khuyến khích học tập loại giỏi là bao nhiêu?,điểm rèn luyện tối thiểu để đạt học bổng khuyến khích học tập loại giỏi là bao nhiêu?,525
Làm sao để biết điểm rèn luyện tối thiểu cần có cho học bổng khuyến khích học tập loại giỏi?,điểm rèn luyện tối thiểu để đạt học bổng khuyến khích học tập loại giỏi là bao nhiêu?,525
Sinh viên cần đạt bao nhiêu điểm rèn luyện mới đủ điều kiện nhận học bổng khuyến khích học tập loại giỏi?,điểm rèn luyện tối thiểu để đạt học bổng khuyến khích học tập loại giỏi là bao nhiêu?,525
Học bổng khuyến khích học tập loại giỏi tương ứng với ký hiệu chữ cái nào?,học bổng khuyến khích học tập loại giỏi tương đương với phân loại nào theo chữ cái?,526
Phân loại bằng chữ cái của học bổng khuyến khích học tập loại giỏi là gì?,học bổng khuyến khích học tập loại giỏi tương đương với phân loại nào theo chữ cái?,526
Loại giỏi trong học bổng khuyến khích học tập được đánh dấu bằng ký hiệu chữ cái ra sao?,học bổng khuyến khích học tập loại giỏi tương đương với phân loại nào theo chữ cái?,526
Tôi muốn biết học bổng khuyến khích học tập loại giỏi tương đương với mã chữ cái nào?,học bổng khuyến khích học tập loại giỏi tương đương với phân loại nào theo chữ cái?,526
"Theo phân loại bằng chữ cái, học bổng khuyến khích học tập loại giỏi thuộc nhóm nào?",học bổng khuyến khích học tập loại giỏi tương đương với phân loại nào theo chữ cái?,526
Học bổng khuyến khích học tập dành cho sinh viên loại giỏi được tính toán như thế nào?,giá trị của học bổng khuyến khích học tập loại giỏi được tính như thế nào?,527
Cách tính số tiền học bổng khuyến khích học tập cho sinh viên đạt loại giỏi là ra sao?,giá trị của học bổng khuyến khích học tập loại giỏi được tính như thế nào?,527
Mức học bổng khuyến khích học tập cho sinh viên học loại giỏi được quy định tính thế nào?,giá trị của học bổng khuyến khích học tập loại giỏi được tính như thế nào?,527
Làm thế nào để xác định giá trị của học bổng khuyến khích học tập dành cho sinh viên loại giỏi?,giá trị của học bổng khuyến khích học tập loại giỏi được tính như thế nào?,527
Công thức tính học bổng khuyến khích học tập cho sinh viên đạt loại giỏi cụ thể là gì?,giá trị của học bổng khuyến khích học tập loại giỏi được tính như thế nào?,527
Điểm trung bình tối thiểu để nhận được học bổng khuyến khích học tập loại khá là bao nhiêu?,điểm trung bình tối thiểu để đạt học bổng khuyến khích học tập loại khá là bao nhiêu?,528
Tôi cần có điểm trung bình bao nhiêu thì mới đủ điều kiện nhận học bổng khuyến khích học tập loại khá?,điểm trung bình tối thiểu để đạt học bổng khuyến khích học tập loại khá là bao nhiêu?,528
Mức điểm trung bình tối thiểu cho học bổng khuyến khích học tập loại khá là bao nhiêu vậy?,điểm trung bình tối thiểu để đạt học bổng khuyến khích học tập loại khá là bao nhiêu?,528
"Để đạt học bổng khuyến khích học tập loại khá, sinh viên phải có điểm trung bình tối thiểu là bao nhiêu?",điểm trung bình tối thiểu để đạt học bổng khuyến khích học tập loại khá là bao nhiêu?,528
Học bổng khuyến khích học tập loại khá yêu cầu điểm trung bình tối thiểu ở mức nào?,điểm trung bình tối thiểu để đạt học bổng khuyến khích học tập loại khá là bao nhiêu?,528
Điểm rèn luyện tối thiểu cần đạt để được xét học bổng khuyến khích học tập loại khá là bao nhiêu?,điểm rèn luyện tối thiểu để đạt học bổng khuyến khích học tập loại khá là bao nhiêu?,529
Làm thế nào để biết điểm rèn luyện tối thiểu cho học bổng khuyến khích học tập loại khá?,điểm rèn luyện tối thiểu để đạt học bổng khuyến khích học tập loại khá là bao nhiêu?,529
Mức điểm rèn luyện thấp nhất để nhận học bổng khuyến khích học tập loại khá là bao nhiêu?,điểm rèn luyện tối thiểu để đạt học bổng khuyến khích học tập loại khá là bao nhiêu?,529
Bạn cho mình biết điểm rèn luyện tối thiểu để đạt học bổng khuyến khích học tập loại khá nhé?,điểm rèn luyện tối thiểu để đạt học bổng khuyến khích học tập loại khá là bao nhiêu?,529
Tiêu chuẩn điểm rèn luyện tối thiểu cho học bổng khuyến khích học tập loại khá là bao nhiêu?,điểm rèn luyện tối thiểu để đạt học bổng khuyến khích học tập loại khá là bao nhiêu?,529
Học bổng khuyến khích học tập loại khá tương ứng với mã chữ cái nào?,học bổng khuyến khích học tập loại khá tương đương với phân loại nào theo chữ cái?,530
Loại khá trong học bổng khuyến khích học tập được xếp vào phân loại chữ cái gì?,học bổng khuyến khích học tập loại khá tương đương với phân loại nào theo chữ cái?,530
"Theo bảng phân loại, học bổng khuyến khích học tập loại khá là chữ cái nào?",học bổng khuyến khích học tập loại khá tương đương với phân loại nào theo chữ cái?,530
Chữ cái tương đương với học bổng khuyến khích học tập loại khá là gì?,học bổng khuyến khích học tập loại khá tương đương với phân loại nào theo chữ cái?,530
Tôi muốn biết học bổng khuyến khích học tập loại khá thuộc nhóm chữ cái nào?,học bổng khuyến khích học tập loại khá tương đương với phân loại nào theo chữ cái?,530
Học bổng khuyến khích học tập loại khá được tính bao nhiêu phần trăm so với học phí?,giá trị của học bổng khuyến khích học tập loại khá được tính bằng bao nhiêu phần trăm học phí?,531
Tỷ lệ học phí nhận được dưới dạng học bổng khuyến khích học tập loại khá là bao nhiêu?,giá trị của học bổng khuyến khích học tập loại khá được tính bằng bao nhiêu phần trăm học phí?,531
Mức học bổng khuyến khích học tập loại khá chiếm bao nhiêu phần trăm giá trị học phí?,giá trị của học bổng khuyến khích học tập loại khá được tính bằng bao nhiêu phần trăm học phí?,531
"Khi xét học bổng khuyến khích học tập loại khá, sinh viên sẽ nhận được bao nhiêu phần trăm học phí?",giá trị của học bổng khuyến khích học tập loại khá được tính bằng bao nhiêu phần trăm học phí?,531
Phần trăm học phí mà học bổng khuyến khích học tập loại khá hỗ trợ là bao nhiêu?,giá trị của học bổng khuyến khích học tập loại khá được tính bằng bao nhiêu phần trăm học phí?,531
Việc xác định mức học bổng khuyến khích học tập loại khá dựa trên những yếu tố nào về học phí?,học phí để xác định giá trị học bổng khuyến khích học tập loại khá được căn cứ vào các yếu tố nào?,532
Các yếu tố nào ảnh hưởng đến giá trị học bổng khuyến khích học tập loại khá khi tính toán dựa trên học phí?,học phí để xác định giá trị học bổng khuyến khích học tập loại khá được căn cứ vào các yếu tố nào?,532
"Để định giá học bổng khuyến khích học tập loại khá, người ta căn cứ vào những yếu tố liên quan đến học phí như thế nào?",học phí để xác định giá trị học bổng khuyến khích học tập loại khá được căn cứ vào các yếu tố nào?,532
Những thành phần nào của học phí được dùng làm cơ sở để quyết định số tiền học bổng khuyến khích học tập loại khá?,học phí để xác định giá trị học bổng khuyến khích học tập loại khá được căn cứ vào các yếu tố nào?,532
"Khi xét học bổng khuyến khích học tập loại khá, các yếu tố về học phí đóng vai trò gì trong việc xác định giá trị khoản tiền này?",học phí để xác định giá trị học bổng khuyến khích học tập loại khá được căn cứ vào các yếu tố nào?,532
Đơn vị nào có trách nhiệm thực hiện xét học bổng khuyến khích học tập cho sinh viên?,đơn vị nào phụ trách tiến hành xét học bổng khuyến khích học tập cho sinh viên?,533
Phòng ban nào phụ trách công tác xét học bổng khuyến khích học tập dành cho sinh viên?,đơn vị nào phụ trách tiến hành xét học bổng khuyến khích học tập cho sinh viên?,533
Ai là đơn vị tiến hành xét và phê duyệt học bổng khuyến khích học tập cho sinh viên?,đơn vị nào phụ trách tiến hành xét học bổng khuyến khích học tập cho sinh viên?,533
Sinh viên cần liên hệ với đơn vị nào để làm thủ tục xét học bổng khuyến khích học tập?,đơn vị nào phụ trách tiến hành xét học bổng khuyến khích học tập cho sinh viên?,533
Cơ quan nào đứng đầu việc tổ chức xét học bổng khuyến khích học tập cho sinh viên trong trường?,đơn vị nào phụ trách tiến hành xét học bổng khuyến khích học tập cho sinh viên?,533
Công cụ nào được sử dụng để thực hiện việc xét học bổng khuyến khích học tập?,việc xét học bổng khuyến khích học tập được thực hiện thông qua công cụ nào?,534
Việc xét học bổng khuyến khích học tập được tiến hành bằng công cụ gì?,việc xét học bổng khuyến khích học tập được thực hiện thông qua công cụ nào?,534
Bạn có thể cho biết công cụ dùng để xét học bổng khuyến khích học tập là gì không?,việc xét học bổng khuyến khích học tập được thực hiện thông qua công cụ nào?,534
Công cụ nào hỗ trợ quá trình xét học bổng khuyến khích học tập diễn ra?,việc xét học bổng khuyến khích học tập được thực hiện thông qua công cụ nào?,534
"Làm thế nào để thực hiện xét học bổng khuyến khích học tập, cụ thể là dùng công cụ nào?",việc xét học bổng khuyến khích học tập được thực hiện thông qua công cụ nào?,534
Tiêu chí quan trọng nhất để xếp hạng thành tích xét học bổng khuyến khích học tập là gì?,tiêu chí ưu tiên số một khi sắp xếp thứ tự thành tích xét học bổng khuyến khích học tập là gì?,535
"Khi phân loại thứ tự thành tích cho học bổng khuyến khích học tập, yếu tố nào được ưu tiên hàng đầu?",tiêu chí ưu tiên số một khi sắp xếp thứ tự thành tích xét học bổng khuyến khích học tập là gì?,535
Yếu tố nào được xem là số một trong việc sắp xếp thứ tự thành tích để xét học bổng khuyến khích học tập?,tiêu chí ưu tiên số một khi sắp xếp thứ tự thành tích xét học bổng khuyến khích học tập là gì?,535
"Trong quy trình xét học bổng khuyến khích học tập, tiêu chí nào sẽ quyết định thứ tự thành tích cao nhất?",tiêu chí ưu tiên số một khi sắp xếp thứ tự thành tích xét học bổng khuyến khích học tập là gì?,535
"Để sắp xếp thứ tự thành tích cho học bổng khuyến khích học tập, nhà trường ưu tiên dựa vào yếu tố gì nhất?",tiêu chí ưu tiên số một khi sắp xếp thứ tự thành tích xét học bổng khuyến khích học tập là gì?,535
Tiêu chí ưu tiên thứ hai trong việc sắp xếp thứ tự thành tích xét học bổng khuyến khích học tập là gì?,tiêu chí ưu tiên số hai khi sắp xếp thứ tự thành tích xét học bổng khuyến khích học tập là gì?,536
"Khi sắp xếp thứ tự thành tích để xét học bổng khuyến khích học tập, tiêu chí ưu tiên số hai là điều gì?",tiêu chí ưu tiên số hai khi sắp xếp thứ tự thành tích xét học bổng khuyến khích học tập là gì?,536
Tiêu chí nào được xem là ưu tiên số hai cho việc xếp hạng thành tích trong hồ sơ xét học bổng khuyến khích học tập?,tiêu chí ưu tiên số hai khi sắp xếp thứ tự thành tích xét học bổng khuyến khích học tập là gì?,536
"Trong danh sách các tiêu chí xếp hạng thành tích cho học bổng khuyến khích học tập, tiêu chí thứ hai là gì?",tiêu chí ưu tiên số hai khi sắp xếp thứ tự thành tích xét học bổng khuyến khích học tập là gì?,536
Bạn có thể cho biết tiêu chí ưu tiên số hai khi phân loại thứ tự thành tích xét học bổng khuyến khích học tập không?,tiêu chí ưu tiên số hai khi sắp xếp thứ tự thành tích xét học bổng khuyến khích học tập là gì?,536
Tiêu chí ưu tiên thứ ba trong việc xếp hạng thành tích xét học bổng khuyến khích học tập là gì?,tiêu chí ưu tiên số ba khi sắp xếp thứ tự thành tích xét học bổng khuyến khích học tập là gì?,537
"Khi xét học bổng khuyến khích học tập, tiêu chí thứ ba để sắp xếp thứ tự thành tích là gì?",tiêu chí ưu tiên số ba khi sắp xếp thứ tự thành tích xét học bổng khuyến khích học tập là gì?,537
Yếu tố thứ ba được dùng để ưu tiên sắp xếp thành tích cho học bổng khuyến khích học tập là gì?,tiêu chí ưu tiên số ba khi sắp xếp thứ tự thành tích xét học bổng khuyến khích học tập là gì?,537
"Trong danh sách các tiêu chí xét học bổng khuyến khích học tập, mục tiêu thứ ba về sắp xếp thứ tự thành tích là gì?",tiêu chí ưu tiên số ba khi sắp xếp thứ tự thành tích xét học bổng khuyến khích học tập là gì?,537
Tiêu chí thứ ba để phân định thứ tự thành tích khi xét học bổng khuyến khích học tập được quy định như thế nào?,tiêu chí ưu tiên số ba khi sắp xếp thứ tự thành tích xét học bổng khuyến khích học tập là gì?,537
Tiêu chí ưu tiên thứ tư trong việc xếp hạng thành tích xét học bổng khuyến khích học tập là gì?,tiêu chí ưu tiên số bốn khi sắp xếp thứ tự thành tích xét học bổng khuyến khích học tập là gì?,538
"Khi sắp xếp thứ tự thành tích để xét học bổng khuyến khích học tập, tiêu chí ưu tiên số bốn là gì?",tiêu chí ưu tiên số bốn khi sắp xếp thứ tự thành tích xét học bổng khuyến khích học tập là gì?,538
Bạn có thể cho biết tiêu chí ưu tiên số bốn cho việc xếp hạng thành tích xét học bổng khuyến khích học tập là gì không?,tiêu chí ưu tiên số bốn khi sắp xếp thứ tự thành tích xét học bổng khuyến khích học tập là gì?,538
Tiêu chí thứ tư được dùng làm cơ sở ưu tiên khi sắp xếp thứ tự thành tích xét học bổng khuyến khích học tập là gì?,tiêu chí ưu tiên số bốn khi sắp xếp thứ tự thành tích xét học bổng khuyến khích học tập là gì?,538
"Trong danh mục tiêu chí xét học bổng khuyến khích học tập, ưu tiên số bốn dành cho việc sắp xếp thứ tự thành tích là gì?",tiêu chí ưu tiên số bốn khi sắp xếp thứ tự thành tích xét học bổng khuyến khích học tập là gì?,538
Nguồn học bổng khuyến khích học tập được phân bổ căn cứ vào yếu tố nào?,nguồn học bổng khuyến khích học tập được phân bổ dựa trên cơ sở nào?,539
Cơ sở nào được dùng để quyết định việc phân bổ nguồn học bổng khuyến khích học tập?,nguồn học bổng khuyến khích học tập được phân bổ dựa trên cơ sở nào?,539
Việc phân bổ học bổng khuyến khích học tập dựa trên tiêu chuẩn gì?,nguồn học bổng khuyến khích học tập được phân bổ dựa trên cơ sở nào?,539
Người ta phân bổ nguồn học bổng khuyến khích học tập dựa trên nền tảng nào?,nguồn học bổng khuyến khích học tập được phân bổ dựa trên cơ sở nào?,539
Căn cứ vào đâu mà nguồn học bổng khuyến khích học tập được phân chia?,nguồn học bổng khuyến khích học tập được phân bổ dựa trên cơ sở nào?,539
Phòng tuyển sinh và công tác sinh viên sẽ xác định danh sách sinh viên dự kiến nhận học bổng đến thời điểm nào?,phòng tuyển sinh và công tác sinh viên sẽ thực hiện xác định danh sách sinh viên dự kiến nhận học bổng cho đến khi nào?,540
Khi nào thì bộ phận tuyển sinh và công tác sinh viên hoàn tất việc chốt danh sách sinh viên dự kiến nhận học bổng?,phòng tuyển sinh và công tác sinh viên sẽ thực hiện xác định danh sách sinh viên dự kiến nhận học bổng cho đến khi nào?,540
Hạn chót để phòng tuyển sinh và công tác sinh viên xác định danh sách sinh viên dự kiến nhận học bổng là bao giờ?,phòng tuyển sinh và công tác sinh viên sẽ thực hiện xác định danh sách sinh viên dự kiến nhận học bổng cho đến khi nào?,540
Phòng tuyển sinh và công tác sinh viên sẽ tiến hành xác định danh sách sinh viên dự kiến nhận học bổng cho đến lúc nào?,phòng tuyển sinh và công tác sinh viên sẽ thực hiện xác định danh sách sinh viên dự kiến nhận học bổng cho đến khi nào?,540
Thời điểm kết thúc việc xác định danh sách sinh viên dự kiến nhận học bổng của phòng tuyển sinh và công tác sinh viên là khi nào?,phòng tuyển sinh và công tác sinh viên sẽ thực hiện xác định danh sách sinh viên dự kiến nhận học bổng cho đến khi nào?,540
"Sau khi danh sách dự kiến nhận học bổng được công bố, sinh viên có thể phản hồi nếu phát hiện sai lệch về dữ liệu không?",sinh viên có thể phản hồi nếu có sai lệch về dữ liệu sau khi danh sách dự kiến nhận học bổng được công bố không?,541
"Nếu có sai sót trong dữ liệu sau khi bảng dự kiến học bổng ra, liệu sinh viên có được phép phản hồi hay không?",sinh viên có thể phản hồi nếu có sai lệch về dữ liệu sau khi danh sách dự kiến nhận học bổng được công bố không?,541
Sinh viên có thể báo cáo sai lệch thông tin cho ban tổ chức sau khi danh sách dự kiến nhận học bổng đã được công bố chưa?,sinh viên có thể phản hồi nếu có sai lệch về dữ liệu sau khi danh sách dự kiến nhận học bổng được công bố không?,541
"Khi danh sách dự kiến nhận học bổng đã công bố, liệu sinh viên có thể phản hồi nếu thấy dữ liệu không chính xác không?",sinh viên có thể phản hồi nếu có sai lệch về dữ liệu sau khi danh sách dự kiến nhận học bổng được công bố không?,541
"Trường hợp phát hiện dữ liệu sai sau khi công bố danh sách dự kiến học bổng, sinh viên có quyền phản hồi được không?",sinh viên có thể phản hồi nếu có sai lệch về dữ liệu sau khi danh sách dự kiến nhận học bổng được công bố không?,541
Đơn vị hay cá nhân nào được phép ra quyết định cấp học bổng khuyến khích học tập cho sinh viên?,"đơn vị, cá nhân nào có thẩm quyền ban hành quyết định cấp học bổng khuyến khích học tập cho sinh viên?",542
Ai là người có thẩm quyền phê duyệt và ban hành quyết định cấp học bổng khuyến khích học tập?,"đơn vị, cá nhân nào có thẩm quyền ban hành quyết định cấp học bổng khuyến khích học tập cho sinh viên?",542
Cơ quan nào có trách nhiệm ban hành quyết định cấp học bổng khuyến khích học tập cho sinh viên?,"đơn vị, cá nhân nào có thẩm quyền ban hành quyết định cấp học bổng khuyến khích học tập cho sinh viên?",542
Cá nhân hay đơn vị nào được giao thẩm quyền cấp học bổng khuyến khích học tập?,"đơn vị, cá nhân nào có thẩm quyền ban hành quyết định cấp học bổng khuyến khích học tập cho sinh viên?",542
Quyết định cấp học bổng khuyến khích học tập cho sinh viên do đơn vị hay cá nhân nào ban hành?,"đơn vị, cá nhân nào có thẩm quyền ban hành quyết định cấp học bổng khuyến khích học tập cho sinh viên?",542
Sinh viên được nhận tiền học bổng khuyến khích học tập bằng hình thức nào?,sinh viên được nhận tiền học bổng khuyến khích học tập qua hình thức nào?,543
Hình thức trao đổi tiền học bổng khuyến khích học tập cho sinh viên là gì?,sinh viên được nhận tiền học bổng khuyến khích học tập qua hình thức nào?,543
Tiền học bổng khuyến khích học tập của sinh viên được giao qua phương thức nào?,sinh viên được nhận tiền học bổng khuyến khích học tập qua hình thức nào?,543
Sinh viên nhận học bổng khuyến khích học tập thông qua kênh nào?,sinh viên được nhận tiền học bổng khuyến khích học tập qua hình thức nào?,543
Việc cấp phát học bổng khuyến khích học tập cho sinh viên diễn ra dưới dạng nào?,sinh viên được nhận tiền học bổng khuyến khích học tập qua hình thức nào?,543
Đối tượng nào có đủ điều kiện để được xét cấp học bổng khuyến tài?,đối tượng nào được xét cấp học bổng khuyến tài?,544
Ai là những người được xem xét xét tuyển vào học bổng khuyến tài?,đối tượng nào được xét cấp học bổng khuyến tài?,544
Nhóm đối tượng nào có quyền nhận học bổng khuyến tài?,đối tượng nào được xét cấp học bổng khuyến tài?,544
Những ai sẽ được nhà trường cân nhắc xét tặng học bổng khuyến tài?,đối tượng nào được xét cấp học bổng khuyến tài?,544
Tiêu chí xét duyệt học bổng khuyến tài áp dụng cho đối tượng nào?,đối tượng nào được xét cấp học bổng khuyến tài?,544
Học bổng khuyến tài yêu cầu điểm số bao nhiêu để được nhận?,điều kiện về điểm số để nhận học bổng khuyến tài là gì?,545
Điểm số tối thiểu cần đạt là bao nhiêu để có thể nhận học bổng khuyến tài?,điều kiện về điểm số để nhận học bổng khuyến tài là gì?,545
"Để được trao học bổng khuyến tài, sinh viên phải có điểm trung bình bao nhiêu?",điều kiện về điểm số để nhận học bổng khuyến tài là gì?,545
Quy định về điểm số cho việc nhận học bổng khuyến tài là cụ thể như thế nào?,điều kiện về điểm số để nhận học bổng khuyến tài là gì?,545
Điều kiện điểm số để đủ tư cách nhận học bổng khuyến tài là gì?,điều kiện về điểm số để nhận học bổng khuyến tài là gì?,545
Học bổng khuyến tài được tính giá trị ra sao?,giá trị của học bổng khuyến tài được tính như thế nào?,546
Cách tính giá trị của học bổng khuyến tài là gì?,giá trị của học bổng khuyến tài được tính như thế nào?,546
Làm thế nào để xác định giá trị học bổng khuyến tài?,giá trị của học bổng khuyến tài được tính như thế nào?,546
Giá trị học bổng khuyến tài được quy định tính theo tiêu chí nào?,giá trị của học bổng khuyến tài được tính như thế nào?,546
Quy trình tính toán giá trị học bổng khuyến tài diễn ra như thế nào?,giá trị của học bổng khuyến tài được tính như thế nào?,546
Học bổng khuyến tài sẽ được chi trả bằng cách nào và vào thời điểm nào?,phương thức và thời gian chi trả học bổng khuyến tài như thế nào?,547
Khi nào và thông qua hình thức gì thì học bổng khuyến tài sẽ được giải ngân?,phương thức và thời gian chi trả học bổng khuyến tài như thế nào?,547
Quy trình và thời gian nhận học bổng khuyến tài diễn ra ra sao?,phương thức và thời gian chi trả học bổng khuyến tài như thế nào?,547
Bạn có thể cho biết phương thức và thời điểm phát học bổng khuyến tài không?,phương thức và thời gian chi trả học bổng khuyến tài như thế nào?,547
Học bổng khuyến tài được trao dưới hình thức nào và vào thời gian nào?,phương thức và thời gian chi trả học bổng khuyến tài như thế nào?,547
Sinh viên đang nhận học bổng khuyến tài nếu bị thôi học thì còn được tiếp tục nhận học bổng không?,sinh viên nhận học bổng khuyến tài bị thôi học có được tiếp tục nhận học bổng không?,548
"Khi sinh viên khuyến tài bị thôi học, liệu họ vẫn có quyền nhận học bổng hay không?",sinh viên nhận học bổng khuyến tài bị thôi học có được tiếp tục nhận học bổng không?,548
Học bổng khuyến tài có còn được cấp cho những sinh viên đã bị thôi học không?,sinh viên nhận học bổng khuyến tài bị thôi học có được tiếp tục nhận học bổng không?,548
"Nếu sinh viên được học bổng khuyến tài mà thôi học, trường còn duy trì chế độ học bổng cho em không?",sinh viên nhận học bổng khuyến tài bị thôi học có được tiếp tục nhận học bổng không?,548
Sinh viên khuyến tài bị thôi học thì có được tiếp tục hưởng học bổng nữa không?,sinh viên nhận học bổng khuyến tài bị thôi học có được tiếp tục nhận học bổng không?,548
Sinh viên tạm nghỉ học thì có được duy trì học bổng khuyến tài không?,sinh viên tạm dừng học có được bảo lưu học bổng khuyến tài không?,549
Trường có cho phép bảo lưu học bổng khuyến tài khi sinh viên tạm dừng học tập hay không?,sinh viên tạm dừng học có được bảo lưu học bổng khuyến tài không?,549
"Nếu sinh viên gián đoạn quá trình học, liệu học bổng khuyến tài vẫn được giữ nguyên hay không?",sinh viên tạm dừng học có được bảo lưu học bổng khuyến tài không?,549
Việc tạm nghỉ học có ảnh hưởng đến việc bảo lưu học bổng khuyến tài của sinh viên không?,sinh viên tạm dừng học có được bảo lưu học bổng khuyến tài không?,549
Sinh viên đang tạm dừng học có thể tiếp tục nhận học bổng khuyến tài được không?,sinh viên tạm dừng học có được bảo lưu học bổng khuyến tài không?,549
Ai là người được nhận học bổng dành cho nữ sinh viên ngành kỹ thuật?,đối tượng nào được nhận học bổng nữ sinh viên kỹ thuật?,550
Nữ sinh viên kỹ thuật nào có quyền nhận học bổng này?,đối tượng nào được nhận học bổng nữ sinh viên kỹ thuật?,550
Đối tượng được cấp học bổng là nữ sinh viên kỹ thuật hay nam?,đối tượng nào được nhận học bổng nữ sinh viên kỹ thuật?,550
Bạn có thể cho tôi biết ai là nữ sinh viên kỹ thuật đủ điều kiện nhận học bổng không?,đối tượng nào được nhận học bổng nữ sinh viên kỹ thuật?,550
Học bổng nữ sinh viên kỹ thuật được trao cho đối tượng nào?,đối tượng nào được nhận học bổng nữ sinh viên kỹ thuật?,550
Thời gian thống kê số liệu về tỷ lệ sinh viên nữ đủ điều kiện xét học bổng là bao lâu?,số liệu tỉ lệ sinh viên nữ để xét học bổng được thống kê trong thời gian bao lâu?,551
Trong khoảng thời gian nào thì dữ liệu về tỷ lệ nữ sinh viên tham gia xét học bổng được tổng hợp?,số liệu tỉ lệ sinh viên nữ để xét học bổng được thống kê trong thời gian bao lâu?,551
Các số liệu phản ánh tỷ lệ sinh viên nữ xét học bổng được thu thập trong bao lâu?,số liệu tỉ lệ sinh viên nữ để xét học bổng được thống kê trong thời gian bao lâu?,551
Khoảng thời gian nào dùng để thống kê thông tin về tỷ lệ sinh viên nữ đủ điều kiện nhận học bổng?,số liệu tỉ lệ sinh viên nữ để xét học bổng được thống kê trong thời gian bao lâu?,551
Dữ liệu tỷ lệ sinh viên nữ tham gia xét học bổng được ghi nhận trong thời gian bao dài?,số liệu tỉ lệ sinh viên nữ để xét học bổng được thống kê trong thời gian bao lâu?,551
Số tiền hỗ trợ dành cho nữ sinh viên ngành kỹ thuật trong học kỳ đầu tiên là bao nhiêu?,giá trị học bổng nữ sinh viên kỹ thuật trong học kỳ đầu tiên là bao nhiêu?,552
"Học kỳ đầu tiên, nữ sinh viên theo đuổi ngành kỹ thuật nhận được học bổng trị giá bao nhiêu?",giá trị học bổng nữ sinh viên kỹ thuật trong học kỳ đầu tiên là bao nhiêu?,552
Bạn có thể cho mình biết mức học bổng cho nữ sinh viên kỹ thuật tại học kỳ đầu tiên không?,giá trị học bổng nữ sinh viên kỹ thuật trong học kỳ đầu tiên là bao nhiêu?,552
Mức hỗ trợ tài chính dành riêng cho nữ sinh viên ngành kỹ thuật trong học kỳ đầu tiên là bao nhiêu?,giá trị học bổng nữ sinh viên kỹ thuật trong học kỳ đầu tiên là bao nhiêu?,552
"Trong học kỳ đầu tiên, giá trị học bổng mà nữ sinh viên kỹ thuật được nhận là bao nhiêu?",giá trị học bổng nữ sinh viên kỹ thuật trong học kỳ đầu tiên là bao nhiêu?,552
"Để tiếp tục nhận học bổng dành cho nữ sinh viên ngành kỹ thuật từ học kỳ thứ 2, cần đáp ứng những điều kiện gì?",điều kiện để tiếp tục nhận học bổng nữ sinh viên kỹ thuật từ học kỳ thứ 2 là gì?,553
Những yêu cầu nào là bắt buộc nếu nữ sinh viên kỹ thuật muốn duy trì nhận học bổng từ học kỳ 2 trở đi?,điều kiện để tiếp tục nhận học bổng nữ sinh viên kỹ thuật từ học kỳ thứ 2 là gì?,553
Tôi cần làm gì để không bị cắt học bổng nữ sinh viên kỹ thuật khi sang học kỳ thứ 2?,điều kiện để tiếp tục nhận học bổng nữ sinh viên kỹ thuật từ học kỳ thứ 2 là gì?,553
Học bổng nữ sinh viên kỹ thuật sẽ tiếp tục cấp từ học kỳ 2 nếu ứng viên đáp ứng các tiêu chí nào?,điều kiện để tiếp tục nhận học bổng nữ sinh viên kỹ thuật từ học kỳ thứ 2 là gì?,553
Điều kiện duy nhất để nữ sinh viên kỹ thuật giữ được học bổng qua học kỳ thứ 2 là gì?,điều kiện để tiếp tục nhận học bổng nữ sinh viên kỹ thuật từ học kỳ thứ 2 là gì?,553
Chuyện gì sẽ xảy ra nếu sinh viên nữ ngành kỹ thuật không đủ điều kiện để duy trì học bổng?,chuyện gì xảy ra nếu sinh viên không đủ điều kiện duy trì học bổng nữ sinh viên kỹ thuật?,554
Nếu sinh viên nữ kỹ thuật mất điều kiện giữ học bổng thì hậu quả là gì?,chuyện gì xảy ra nếu sinh viên không đủ điều kiện duy trì học bổng nữ sinh viên kỹ thuật?,554
Hậu quả ra sao khi sinh viên nữ ngành kỹ thuật không còn đủ tiêu chuẩn nhận học bổng?,chuyện gì xảy ra nếu sinh viên không đủ điều kiện duy trì học bổng nữ sinh viên kỹ thuật?,554
Sinh viên nữ kỹ thuật sẽ gặp tình trạng gì nếu không đạt yêu cầu duy trì học bổng?,chuyện gì xảy ra nếu sinh viên không đủ điều kiện duy trì học bổng nữ sinh viên kỹ thuật?,554
Làm sao khi sinh viên nữ ngành kỹ thuật bị coi là không đủ điều kiện tiếp tục học bổng?,chuyện gì xảy ra nếu sinh viên không đủ điều kiện duy trì học bổng nữ sinh viên kỹ thuật?,554
Học bổng truyền thống của trường Đại học Bách khoa TP.HCM (HCMUTE) dành cho những đối tượng nào?,học bổng truyền thống hcmute dành cho đối tượng nào?,555
Những ai có thể được xét nhận học bổng truyền thống tại trường HCMUTE?,học bổng truyền thống hcmute dành cho đối tượng nào?,555
Đối tượng được hưởng học bổng truyền thống của HCMUTE là những người như thế nào?,học bổng truyền thống hcmute dành cho đối tượng nào?,555
Học bổng truyền thống của trường Bách Khoa TP.HCM mở rộng cho nhóm sinh viên nào?,học bổng truyền thống hcmute dành cho đối tượng nào?,555
Sinh viên thuộc đối tượng nào sẽ có cơ hội nhận học bổng truyền thống tại trường HCMUTE?,học bổng truyền thống hcmute dành cho đối tượng nào?,555
Mức hỗ trợ tài chính của học bổng truyền thống Trường Đại học Công nghệ TP.HCM là bao nhiêu?,mức hỗ trợ của học bổng truyền thống hcmute là bao nhiêu?,556
Học bổng truyền thống hcmute cấp bao nhiêu tiền cho sinh viên?,mức hỗ trợ của học bổng truyền thống hcmute là bao nhiêu?,556
Sinh viên có thể nhận được bao nhiêu từ học bổng truyền thống của hcmute?,mức hỗ trợ của học bổng truyền thống hcmute là bao nhiêu?,556
Số tiền hỗ trợ mà học bổng truyền thống hcmute cung cấp là bao nhiêu?,mức hỗ trợ của học bổng truyền thống hcmute là bao nhiêu?,556
Học bổng truyền thống của Trường Đại học Công nghệ TP.HCM hỗ trợ bao nhiêu?,mức hỗ trợ của học bổng truyền thống hcmute là bao nhiêu?,556
Điều kiện số tín chỉ để giữ được học bổng truyền thống của HCMUTE là gì?,điều kiện về số tín chỉ để duy trì học bổng truyền thống hcmute là gì?,557
Học sinh viên cần đạt bao nhiêu tín chỉ mỗi kỳ thì mới được duy trì học bổng truyền thống trường?,điều kiện về số tín chỉ để duy trì học bổng truyền thống hcmute là gì?,557
Tôi cần tích lũy bao nhiêu tín chỉ trong kỳ này để không bị mất học bổng truyền thống của trường?,điều kiện về số tín chỉ để duy trì học bổng truyền thống hcmute là gì?,557
Quy định về số tín chỉ tối thiểu để tiếp tục nhận học bổng truyền thống tại HCMUTE là bao nhiêu?,điều kiện về số tín chỉ để duy trì học bổng truyền thống hcmute là gì?,557
Sinh viên phải đạt mức tín chỉ bao nhiêu mới đủ điều kiện duy trì học bổng truyền thống?,điều kiện về số tín chỉ để duy trì học bổng truyền thống hcmute là gì?,557
Điểm trung bình và điểm rèn luyện tối thiểu cần đạt để giữ học bổng truyền thống của trường HUTECH là bao nhiêu?,điểm trung bình và điểm rèn luyện cần thiết để duy trì học bổng truyền thống hcmute là bao nhiêu?,558
"Để tiếp tục nhận học bổng truyền thống HUTECH, sinh viên cần duy trì mức điểm trung bình và điểm rèn luyện bao nhiêu?",điểm trung bình và điểm rèn luyện cần thiết để duy trì học bổng truyền thống hcmute là bao nhiêu?,558
Mức điểm trung bình cộng và điểm rèn luyện yêu cầu nhằm duy trì học bổng truyền thống tại HUTECH là bao nhiêu?,điểm trung bình và điểm rèn luyện cần thiết để duy trì học bổng truyền thống hcmute là bao nhiêu?,558
Tôi cần có bao nhiêu điểm trung bình và điểm rèn luyện thì mới đủ điều kiện giữ học bổng truyền thống của trường?,điểm trung bình và điểm rèn luyện cần thiết để duy trì học bổng truyền thống hcmute là bao nhiêu?,558
Tiêu chí về điểm trung bình và điểm rèn luyện để không bị mất học bổng truyền thống HUTECH là bao nhiêu?,điểm trung bình và điểm rèn luyện cần thiết để duy trì học bổng truyền thống hcmute là bao nhiêu?,558
Sinh viên phải nộp hồ sơ xét học bổng truyền thống của HCMUTE bao nhiêu lần?,sinh viên cần nộp hồ sơ xét học bổng truyền thống hcmute bao nhiêu lần?,559
Có cần nộp hồ sơ xét học bổng truyền thống HCMUTE nhiều hơn một lần không?,sinh viên cần nộp hồ sơ xét học bổng truyền thống hcmute bao nhiêu lần?,559
Số lần nộp hồ sơ cho việc xét học bổng truyền thống tại HCMUTE là bao nhiêu?,sinh viên cần nộp hồ sơ xét học bổng truyền thống hcmute bao nhiêu lần?,559
"Khi xét học bổng truyền thống, sinh viên HCMUTE cần nộp hồ sơ mấy lần?",sinh viên cần nộp hồ sơ xét học bổng truyền thống hcmute bao nhiêu lần?,559
Quy định về số lần nộp hồ sơ xét học bổng truyền thống của trường HCMUTE như thế nào?,sinh viên cần nộp hồ sơ xét học bổng truyền thống hcmute bao nhiêu lần?,559
Sinh viên bắt đầu nhận học bổng truyền thống của trường HCMUTE vào thời điểm nào?,thời điểm sinh viên bắt đầu nhận được học bổng truyền thống hcmute là khi nào?,560
Khi nào sinh viên sẽ được nhận học bổng truyền thống của HCMUTE lần đầu tiên?,thời điểm sinh viên bắt đầu nhận được học bổng truyền thống hcmute là khi nào?,560
Thời gian sinh viên bắt đầu nhận học bổng truyền thống tại HCMUTE là khi nào?,thời điểm sinh viên bắt đầu nhận được học bổng truyền thống hcmute là khi nào?,560
Sinh viên có thể nhận học bổng truyền thống của trường HCMUTE từ lúc nào?,thời điểm sinh viên bắt đầu nhận được học bổng truyền thống hcmute là khi nào?,560
Điểm khởi đầu để sinh viên nhận được học bổng truyền thống HCMUTE là vào lúc nào?,thời điểm sinh viên bắt đầu nhận được học bổng truyền thống hcmute là khi nào?,560
Sinh viên tạm dừng việc học có vẫn được tiếp tục nhận học bổng truyền thống của trường Đại học Công nghệ TP.HCM (HCMUTE) không?,sinh viên tạm dừng học có được nhận học bổng truyền thống hcmute không?,561
"Nếu sinh viên dừng học, liệu học bổng truyền thống của HCMUTE có còn được duy trì cho đến khi quay lại học không?",sinh viên tạm dừng học có được nhận học bổng truyền thống hcmute không?,561
Quy định của HCMUTE cho phép sinh viên tạm nghỉ học vẫn nhận học bổng truyền thống hay không?,sinh viên tạm dừng học có được nhận học bổng truyền thống hcmute không?,561
"Khi sinh viên phải tạm dừng khóa học, khả năng được nhận học bổng truyền thống từ trường là như thế nào?",sinh viên tạm dừng học có được nhận học bổng truyền thống hcmute không?,561
Học bổng truyền thống tại HCMUTE có áp dụng cho trường hợp sinh viên tạm nghỉ học hay không?,sinh viên tạm dừng học có được nhận học bổng truyền thống hcmute không?,561
"Nếu sinh viên đã bị mất điều kiện để duy trì học bổng truyền thống, thì làm thế nào để xin nhận lại?","nếu sinh viên đã mất điều kiện duy trì học bổng truyền thống, làm sao để nhận lại?",562
Khi nào và bằng cách nào sinh viên có thể khôi phục lại học bổng truyền thống sau khi bị mất điều kiện?,"nếu sinh viên đã mất điều kiện duy trì học bổng truyền thống, làm sao để nhận lại?",562
Sinh viên bị tước quyền nhận học bổng truyền thống có thể làm gì để lấy lại học bổng đó không?,"nếu sinh viên đã mất điều kiện duy trì học bổng truyền thống, làm sao để nhận lại?",562
Làm sao để một sinh viên bị mất học bổng truyền thống có thể nhận lại khoản hỗ trợ này?,"nếu sinh viên đã mất điều kiện duy trì học bổng truyền thống, làm sao để nhận lại?",562
"Nếu đã vi phạm điều kiện nhận học bổng truyền thống, sinh viên cần thực hiện những bước gì để được cấp lại?","nếu sinh viên đã mất điều kiện duy trì học bổng truyền thống, làm sao để nhận lại?",562
Ai là đối tượng được cấp học bổng sinh viên tài năng của trường HCMUTE?,đối tượng của học bổng sinh viên tài năng hcmute là ai?,563
Học bổng sinh viên tài năng HCMUTE dành cho những ai?,đối tượng của học bổng sinh viên tài năng hcmute là ai?,563
Đối tượng nhận học bổng sinh viên tài năng HCMUTE là học sinh hay sinh viên?,đối tượng của học bổng sinh viên tài năng hcmute là ai?,563
Sinh viên nào có đủ điều kiện để nhận học bổng sinh viên tài năng HCMUTE?,đối tượng của học bổng sinh viên tài năng hcmute là ai?,563
Học bổng sinh viên tài năng HCMUTE hướng tới nhóm đối tượng nào?,đối tượng của học bổng sinh viên tài năng hcmute là ai?,563
Sinh viên năm nhất có đủ điều kiện để nộp hồ sơ xét học bổng sinh viên tài năng của trường không?,sinh viên năm nhất có được xét học bổng sinh viên tài năng hcmute không?,564
Bạn cho mình biết xem sinh viên khóa đầu tiên có được tham gia xét học bổng tài năng HCMUT hay không nhé.,sinh viên năm nhất có được xét học bổng sinh viên tài năng hcmute không?,564
Liệu các bạn sinh viên năm nhất có nằm trong diện xét chọn học bổng sinh viên tài năng hay không?,sinh viên năm nhất có được xét học bổng sinh viên tài năng hcmute không?,564
Mình muốn hỏi xem sinh viên mới vào học năm nhất có cơ hội nhận học bổng sinh viên tài năng không.,sinh viên năm nhất có được xét học bổng sinh viên tài năng hcmute không?,564
Quy định của trường có cho phép sinh viên năm nhất ứng tuyển học bổng sinh viên tài năng HCMUT không?,sinh viên năm nhất có được xét học bổng sinh viên tài năng hcmute không?,564
Học bổng sinh viên tài năng HCMUTE yêu cầu những điều kiện về điểm học tập và rèn luyện như thế nào?,điều kiện điểm học tập và rèn luyện của học bổng sinh viên tài năng hcmute là gì?,565
Điều kiện điểm số và rèn luyện để được xét học bổng sinh viên tài năng của trường HCMUTE là gì?,điều kiện điểm học tập và rèn luyện của học bổng sinh viên tài năng hcmute là gì?,565
Bạn có thể cho mình biết điều kiện về thành tích học tập và rèn luyện cho học bổng sinh viên tài năng HCMUTE không?,điều kiện điểm học tập và rèn luyện của học bổng sinh viên tài năng hcmute là gì?,565
Mức điểm và yêu cầu rèn luyện cụ thể để nhận học bổng sinh viên tài năng tại trường HCMUTE là bao nhiêu?,điều kiện điểm học tập và rèn luyện của học bổng sinh viên tài năng hcmute là gì?,565
Quy định về điều kiện điểm học tập cũng như rèn luyện của học bổng sinh viên tài năng HCMUTE được quy định ra sao?,điều kiện điểm học tập và rèn luyện của học bổng sinh viên tài năng hcmute là gì?,565
Điều kiện về số lượng tín chỉ và quy định về kỷ luật đối với học bổng sinh viên tài năng của trường hcmute là gì?,điều kiện về tín chỉ và kỷ luật của học bổng sinh viên tài năng hcmute như thế nào?,566
Học bổng sinh viên tài năng hcmute yêu cầu sinh viên phải đáp ứng những tiêu chí nào về tín chỉ và kỷ luật?,điều kiện về tín chỉ và kỷ luật của học bổng sinh viên tài năng hcmute như thế nào?,566
Làm thế nào để trở thành học viên của học bổng sinh viên tài năng hcmute xét về mặt tín chỉ và kỷ luật?,điều kiện về tín chỉ và kỷ luật của học bổng sinh viên tài năng hcmute như thế nào?,566
Những quy định cụ thể về tín chỉ và xử lý kỷ luật mà sinh viên nhận học bổng tài năng hcmute phải tuân thủ là gì?,điều kiện về tín chỉ và kỷ luật của học bổng sinh viên tài năng hcmute như thế nào?,566
Sinh viên cần đáp ứng điều kiện tín chỉ và không vi phạm những quy tắc kỷ luật nào để được giữ học bổng tài năng hcmute?,điều kiện về tín chỉ và kỷ luật của học bổng sinh viên tài năng hcmute như thế nào?,566
Điểm yêu cầu của công tác xã hội để nhận học bổng sinh viên tài năng hcmute là bao nhiêu?,yêu cầu về điểm công tác xã hội đối với học bổng sinh viên tài năng hcmute là bao nhiêu?,567
Mức điểm công tác xã hội mà sinh viên tài năng hcmute cần đạt cho học bổng là gì?,yêu cầu về điểm công tác xã hội đối với học bổng sinh viên tài năng hcmute là bao nhiêu?,567
"Để được xét học bổng sinh viên tài năng hcmute, điểm công tác xã hội cần phải bao nhiêu?",yêu cầu về điểm công tác xã hội đối với học bổng sinh viên tài năng hcmute là bao nhiêu?,567
Quy định về điểm công tác xã hội dành cho học bổng sinh viên tài năng hcmute hiện đang là bao nhiêu?,yêu cầu về điểm công tác xã hội đối với học bổng sinh viên tài năng hcmute là bao nhiêu?,567
Sinh viên tài năng hcmute cần có bao nhiêu điểm công tác xã hội thì mới đủ điều kiện nhận học bổng?,yêu cầu về điểm công tác xã hội đối với học bổng sinh viên tài năng hcmute là bao nhiêu?,567
Số suất học bổng dành cho sinh viên tài năng của trường HCMUTE được phân bổ ra sao?,số suất học bổng sinh viên tài năng hcmute được phân bổ như thế nào?,568
Việc phân bổ suất học bổng sinh viên tài năng tại HCMUTE diễn ra thế nào?,số suất học bổng sinh viên tài năng hcmute được phân bổ như thế nào?,568
Trường HCMUTE đã chia sẻ số lượng học bổng cho sinh viên tài năng như thế nào?,số suất học bổng sinh viên tài năng hcmute được phân bổ như thế nào?,568
Cơ cấu phân bổ suất học bổng sinh viên tài năng của HCMUTE cụ thể ra sao?,số suất học bổng sinh viên tài năng hcmute được phân bổ như thế nào?,568
Các suất học bổng dành cho sinh viên tài năng tại HCMUTE được phân chia thế nào?,số suất học bổng sinh viên tài năng hcmute được phân bổ như thế nào?,568
Học bổng dành cho sinh viên tài năng của trường HCMUTE có mức giá trị là bao nhiêu?,giá trị của học bổng sinh viên tài năng hcmute là bao nhiêu?,569
Mức tiền cụ thể mà sinh viên tài năng HCMUTE nhận được từ học bổng là bao nhiêu?,giá trị của học bổng sinh viên tài năng hcmute là bao nhiêu?,569
Bạn có thể cho mình biết giá trị của học bổng sinh viên tài năng HCMUTE không?,giá trị của học bổng sinh viên tài năng hcmute là bao nhiêu?,569
Học bổng sinh viên tài năng tại trường HCMUTE được cấp với số tiền bao nhiêu?,giá trị của học bổng sinh viên tài năng hcmute là bao nhiêu?,569
Tổng giá trị mà học bổng dành cho sinh viên tài năng HCMUTE mang lại là bao nhiêu?,giá trị của học bổng sinh viên tài năng hcmute là bao nhiêu?,569
Sinh viên chuyên ngữ cần đáp ứng những điều kiện nào để được nhận học bổng ngoại ngữ?,điều kiện nhận học bổng ngoại ngữ đối với sinh viên chuyên ngữ là gì?,570
Tiêu chí xét tuyển học bổng ngoại ngữ dành cho sinh viên chuyên ngữ là gì?,điều kiện nhận học bổng ngoại ngữ đối với sinh viên chuyên ngữ là gì?,570
Ai là đối tượng được hưởng học bổng ngoại ngữ và yêu cầu cụ thể là gì?,điều kiện nhận học bổng ngoại ngữ đối với sinh viên chuyên ngữ là gì?,570
"Để có thể nhận học bổng ngoại ngữ, sinh viên chuyên ngữ phải chuẩn bị hồ sơ như thế nào?",điều kiện nhận học bổng ngoại ngữ đối với sinh viên chuyên ngữ là gì?,570
Quy định về điều kiện nhận học bổng ngoại ngữ đối với sinh viên chuyên ngữ được quy định ra sao?,điều kiện nhận học bổng ngoại ngữ đối với sinh viên chuyên ngữ là gì?,570
Sinh viên không chuyên ngữ cần đáp ứng những điều kiện gì để được nhận học bổng ngoại ngữ?,điều kiện nhận học bổng ngoại ngữ đối với sinh viên không chuyên ngữ là gì?,571
Điều kiện xét tuyển học bổng ngoại ngữ dành cho sinh viên ngành khác là như thế nào?,điều kiện nhận học bổng ngoại ngữ đối với sinh viên không chuyên ngữ là gì?,571
Bạn có thể cho mình biết các tiêu chí về học bổng ngoại ngữ dành cho sinh viên không chuyên ngữ không?,điều kiện nhận học bổng ngoại ngữ đối với sinh viên không chuyên ngữ là gì?,571
Trường quy định những yêu cầu cụ thể nào cho sinh viên ngoài ngành khi tham gia học bổng ngoại ngữ?,điều kiện nhận học bổng ngoại ngữ đối với sinh viên không chuyên ngữ là gì?,571
Làm thế nào để một sinh viên không chuyên ngữ đủ điều kiện nhận học bổng ngoại ngữ?,điều kiện nhận học bổng ngoại ngữ đối với sinh viên không chuyên ngữ là gì?,571
Mức hỗ trợ tài chính và số lần sinh viên được nhận học bổng nâng cao trình độ ngoại ngữ là bao nhiêu?,giá trị và số lần cấp học bổng sinh viên nâng cao trình độ ngoại ngữ là bao nhiêu?,572
Học bổng giúp sinh viên cải thiện kỹ năng ngoại ngữ có giá trị bao nhiêu và cấp trong bao nhiêu đợt?,giá trị và số lần cấp học bổng sinh viên nâng cao trình độ ngoại ngữ là bao nhiêu?,572
Giá trị tiền thưởng cùng tần suất cấp học bổng cho sinh viên tham gia nâng cao trình độ ngoại ngữ là bao nhiêu?,giá trị và số lần cấp học bổng sinh viên nâng cao trình độ ngoại ngữ là bao nhiêu?,572
Sinh viên được hỗ trợ bao nhiêu lần và mỗi lần nhận được mức học bổng nâng cao ngoại ngữ là bao nhiêu?,giá trị và số lần cấp học bổng sinh viên nâng cao trình độ ngoại ngữ là bao nhiêu?,572
Tổng số tiền và số lần cấp học bổng dành cho việc nâng cao trình độ ngoại ngữ của sinh viên là bao nhiêu?,giá trị và số lần cấp học bổng sinh viên nâng cao trình độ ngoại ngữ là bao nhiêu?,572
Mức hỗ trợ ban đầu dành cho sinh viên tham gia các hoạt động giao lưu văn hóa quốc tế là bao nhiêu?,mức hỗ trợ lần đầu cho sinh viên tham gia trao đổi văn hóa quốc tế là bao nhiêu?,573
Sinh viên được nhận bao nhiêu tiền hỗ trợ cho lần đầu tham gia trao đổi văn hóa với nước ngoài?,mức hỗ trợ lần đầu cho sinh viên tham gia trao đổi văn hóa quốc tế là bao nhiêu?,573
Số tiền hỗ trợ cho sinh viên khi lần đầu tham gia chương trình giao lưu văn hóa quốc tế là bao nhiêu?,mức hỗ trợ lần đầu cho sinh viên tham gia trao đổi văn hóa quốc tế là bao nhiêu?,573
Mức trợ cấp lần đầu mà sinh viên nhận được khi tham gia trao đổi văn hóa quốc tế là bao nhiêu?,mức hỗ trợ lần đầu cho sinh viên tham gia trao đổi văn hóa quốc tế là bao nhiêu?,573
Chương trình trao đổi văn hóa quốc tế hỗ trợ bao nhiêu tiền cho sinh viên trong lần đầu tham gia?,mức hỗ trợ lần đầu cho sinh viên tham gia trao đổi văn hóa quốc tế là bao nhiêu?,573
Mức hỗ trợ cho các lần trao đổi văn hóa quốc tế từ lần thứ hai trở đi là bao nhiêu?,mức hỗ trợ từ lần thứ hai trở đi cho sinh viên trao đổi văn hóa quốc tế là bao nhiêu?,574
"Từ lần thứ hai trở đi, sinh viên được nhận bao nhiêu tiền hỗ trợ cho hoạt động trao đổi văn hóa quốc tế?",mức hỗ trợ từ lần thứ hai trở đi cho sinh viên trao đổi văn hóa quốc tế là bao nhiêu?,574
Hỗ trợ tài chính cho sinh viên tham gia trao đổi văn hóa quốc tế từ kỳ thứ hai trở đi có mức bao nhiêu?,mức hỗ trợ từ lần thứ hai trở đi cho sinh viên trao đổi văn hóa quốc tế là bao nhiêu?,574
"Khi đã có lần đầu, mức hỗ trợ cho các chuyến trao đổi văn hóa quốc tế tiếp theo của sinh viên là bao nhiêu?",mức hỗ trợ từ lần thứ hai trở đi cho sinh viên trao đổi văn hóa quốc tế là bao nhiêu?,574
Sinh viên được cấp bao nhiêu tiền hỗ trợ cho việc trao đổi văn hóa quốc tế nếu đó là lần thứ hai trở đi?,mức hỗ trợ từ lần thứ hai trở đi cho sinh viên trao đổi văn hóa quốc tế là bao nhiêu?,574
Trường hỗ trợ sinh viên đi trao đổi học tập hoàn toàn tự túc những gì?,trường hỗ trợ gì cho sinh viên đi trao đổi học tập diện tự túc hoàn toàn?,575
"Đối với sinh viên đi trao đổi tự túc, nhà trường hỗ trợ cụ thể như thế nào?",trường hỗ trợ gì cho sinh viên đi trao đổi học tập diện tự túc hoàn toàn?,575
Trường có hỗ trợ tài chính hay các dịch vụ nào cho sinh viên du học sinh tự túc không?,trường hỗ trợ gì cho sinh viên đi trao đổi học tập diện tự túc hoàn toàn?,575
Sinh viên tự túc đi trao đổi thì được trường hỗ trợ những vấn đề gì?,trường hỗ trợ gì cho sinh viên đi trao đổi học tập diện tự túc hoàn toàn?,575
Những khoản hỗ trợ nào mà trường dành cho sinh viên tự túc tham gia chương trình trao đổi?,trường hỗ trợ gì cho sinh viên đi trao đổi học tập diện tự túc hoàn toàn?,575
Trường hỗ trợ sinh viên quốc tế đến trao đổi những gì?,sinh viên quốc tế đến trường trao đổi được hỗ trợ những gì?,576
Sinh viên nước ngoài sang trao đổi sẽ nhận được sự hỗ trợ như thế nào từ nhà trường?,sinh viên quốc tế đến trường trao đổi được hỗ trợ những gì?,576
Những chính sách hỗ trợ dành cho sinh viên quốc tế đi trao đổi tại trường là gì?,sinh viên quốc tế đến trường trao đổi được hỗ trợ những gì?,576
Sinh viên quốc tế sang làm việc sinh viên trao đổi được trường giúp đỡ những vấn đề gì?,sinh viên quốc tế đến trường trao đổi được hỗ trợ những gì?,576
Những trường hợp nào được xét hỗ trợ trợ cấp khó khăn định kỳ?,những trường hợp nào được xét trợ cấp khó khăn định kỳ?,577
Điều kiện để nhận trợ cấp khó khăn hàng tháng là gì?,những trường hợp nào được xét trợ cấp khó khăn định kỳ?,577
Ai là những đối tượng có quyền được xét trợ cấp khó khăn thường xuyên?,những trường hợp nào được xét trợ cấp khó khăn định kỳ?,577
Trường hợp nào sẽ được hưởng trợ cấp khó khăn mỗi tháng?,những trường hợp nào được xét trợ cấp khó khăn định kỳ?,577
Những ai đủ điều kiện để nhận khoản trợ cấp khó khăn định kỳ?,những trường hợp nào được xét trợ cấp khó khăn định kỳ?,577
Loại hoàn cảnh nào được xem là đặc biệt khó khăn để có thể được xét trợ cấp?,ví dụ về hoàn cảnh đặc biệt khó khăn được xét trợ cấp là gì?,578
Bạn có thể cho tôi biết ví dụ cụ thể về hoàn cảnh đặc biệt khó khăn đủ điều kiện nhận trợ cấp không?,ví dụ về hoàn cảnh đặc biệt khó khăn được xét trợ cấp là gì?,578
Những trường hợp nào bị xếp vào diện hoàn cảnh đặc biệt khó khăn để được hưởng trợ cấp?,ví dụ về hoàn cảnh đặc biệt khó khăn được xét trợ cấp là gì?,578
Tôi muốn hỏi xem những hoàn cảnh đặc biệt khó khăn nào sẽ được cấp hỗ trợ tài chính?,ví dụ về hoàn cảnh đặc biệt khó khăn được xét trợ cấp là gì?,578
Có thể nêu lên vài ví dụ về các hoàn cảnh đặc biệt khó khăn được phép xin trợ cấp được không?,ví dụ về hoàn cảnh đặc biệt khó khăn được xét trợ cấp là gì?,578
Điều kiện để nhận trợ cấp khó khăn đột xuất là gì?,điều kiện để được xét trợ cấp khó khăn đột xuất là gì?,579
Cần đáp ứng những yêu cầu gì mới được xét hỗ trợ khó khăn đột xuất?,điều kiện để được xét trợ cấp khó khăn đột xuất là gì?,579
Làm thế nào để có thể được xem xét trợ cấp cho các trường hợp khó khăn bất ngờ?,điều kiện để được xét trợ cấp khó khăn đột xuất là gì?,579
Những tiêu chuẩn nào quy định về việc cấp trợ cấp khi gặp khó khăn đột xuất?,điều kiện để được xét trợ cấp khó khăn đột xuất là gì?,579
Tôi cần chuẩn bị những gì để được hưởng chế độ trợ cấp khó khăn đột xuất?,điều kiện để được xét trợ cấp khó khăn đột xuất là gì?,579
Mức trợ cấp khó khăn định kỳ mức 1 được quy định là bao nhiêu?,mức trợ cấp khó khăn định kỳ mức 1 là bao nhiêu?,580
Tôi muốn biết số tiền cụ thể của mức trợ cấp khó khăn định kỳ mức 1.,mức trợ cấp khó khăn định kỳ mức 1 là bao nhiêu?,580
Mức trợ cấp khó khăn định kỳ hạng 1 có giá trị bao nhiêu tiền?,mức trợ cấp khó khăn định kỳ mức 1 là bao nhiêu?,580
Hãy cho tôi biết mức trợ cấp khó khăn định kỳ đối với mức 1 là bao nhiêu.,mức trợ cấp khó khăn định kỳ mức 1 là bao nhiêu?,580
Mức trợ cấp khó khăn định kỳ nhóm 1 được trả với số tiền bao nhiêu?,mức trợ cấp khó khăn định kỳ mức 1 là bao nhiêu?,580
Mức trợ cấp khó khăn định kỳ thứ hai là bao nhiêu?,mức trợ cấp khó khăn định kỳ mức 2 là bao nhiêu?,581
Số tiền của mức trợ cấp khó khăn định kỳ loại 2 bằng bao nhiêu?,mức trợ cấp khó khăn định kỳ mức 2 là bao nhiêu?,581
Mức trợ cấp khó khăn định kỳ hạng 2 có giá trị cụ thể là bao nhiêu?,mức trợ cấp khó khăn định kỳ mức 2 là bao nhiêu?,581
Ai đang nhận trợ cấp khó khăn định kỳ thứ hai thì được cấp bao nhiêu tiền?,mức trợ cấp khó khăn định kỳ mức 2 là bao nhiêu?,581
Mức trợ cấp khó khăn định kỳ hạng hai hiện nay được quy định là bao nhiêu?,mức trợ cấp khó khăn định kỳ mức 2 là bao nhiêu?,581
Mức trợ cấp khó khăn định kỳ hạng 3 được quy định là bao nhiêu?,mức trợ cấp khó khăn định kỳ mức 3 là bao nhiêu?,582
Số tiền trợ cấp khó khăn định kỳ cho hạng 3 hiện nay là bao nhiêu?,mức trợ cấp khó khăn định kỳ mức 3 là bao nhiêu?,582
Mình muốn biết mức trợ cấp khó khăn định kỳ mức 3 được tính bao nhiêu?,mức trợ cấp khó khăn định kỳ mức 3 là bao nhiêu?,582
Ai cho mình biết con số cụ thể của trợ cấp khó khăn định kỳ hạng 3?,mức trợ cấp khó khăn định kỳ mức 3 là bao nhiêu?,582
Mức trợ cấp khó khăn định kỳ dành cho đối tượng hạng 3 có giá trị bao nhiêu?,mức trợ cấp khó khăn định kỳ mức 3 là bao nhiêu?,582
Ai là người quyết định mức trợ cấp khó khăn đột xuất?,mức trợ cấp khó khăn đột xuất do ai quyết định?,583
Cơ quan nào phê duyệt khoản trợ cấp khó khăn đột xuất?,mức trợ cấp khó khăn đột xuất do ai quyết định?,583
Người có thẩm quyền quyết định hỗ trợ khó khăn đột xuất là ai?,mức trợ cấp khó khăn đột xuất do ai quyết định?,583
Ai chịu trách nhiệm quyết định số tiền trợ cấp khi gặp khó khăn bất ngờ?,mức trợ cấp khó khăn đột xuất do ai quyết định?,583
Quy trình xác định ai sẽ quyết định cho khoản trợ cấp khó khăn đột xuất ra sao?,mức trợ cấp khó khăn đột xuất do ai quyết định?,583
Hồ sơ đề nghị xét trợ cấp khó khăn định kỳ cần chuẩn bị những gì?,hồ sơ đề nghị xét trợ cấp khó khăn định kỳ gồm những gì?,584
"Làm thế nào để xin được trợ cấp khó khăn định kỳ, tôi cần nộp hồ sơ gồm những nội dung nào?",hồ sơ đề nghị xét trợ cấp khó khăn định kỳ gồm những gì?,584
"Để được xét nhận trợ cấp khó khăn định kỳ, đơn xin cần đính kèm các giấy tờ gì?",hồ sơ đề nghị xét trợ cấp khó khăn định kỳ gồm những gì?,584
Danh mục hồ sơ cho việc đề nghị trợ cấp khó khăn định kỳ bao gồm những tài liệu cụ thể nào?,hồ sơ đề nghị xét trợ cấp khó khăn định kỳ gồm những gì?,584
Tôi muốn xin trợ cấp khó khăn định kỳ thì bộ hồ sơ cần phải có đầy đủ những gì?,hồ sơ đề nghị xét trợ cấp khó khăn định kỳ gồm những gì?,584
Địa điểm nào để sinh viên nộp hồ sơ xin trợ cấp khó khăn định kỳ?,sinh viên nộp hồ sơ xét trợ cấp khó khăn định kỳ ở đâu?,585
Sinh viên cần nộp đơn xin trợ cấp thường xuyên tại cơ quan nào?,sinh viên nộp hồ sơ xét trợ cấp khó khăn định kỳ ở đâu?,585
Làm thế nào để sinh viên có thể nộp hồ sơ cho trợ cấp khó khăn định kỳ?,sinh viên nộp hồ sơ xét trợ cấp khó khăn định kỳ ở đâu?,585
Sinh viên nên đến đâu để nộp đơn xin hỗ trợ tài chính định kỳ khi gặp khó khăn?,sinh viên nộp hồ sơ xét trợ cấp khó khăn định kỳ ở đâu?,585
Nơi nào sinh viên có thể trình bày hồ sơ để được xét trợ cấp khó khăn hàng kỳ?,sinh viên nộp hồ sơ xét trợ cấp khó khăn định kỳ ở đâu?,585
Định nghĩa hình thức trợ cấp khó khăn định kỳ là gì?,hình thức nhận trợ cấp khó khăn định kỳ là gì?,586
Làm thế nào để hiểu về chế độ trợ cấp khó khăn thường xuyên?,hình thức nhận trợ cấp khó khăn định kỳ là gì?,586
Hình thức trợ cấp khó khăn định kỳ được quy định như thế nào?,hình thức nhận trợ cấp khó khăn định kỳ là gì?,586
Thế nào là trợ cấp khó khăn mà nhà nước cấp định kỳ?,hình thức nhận trợ cấp khó khăn định kỳ là gì?,586
Nội dung chính của hình thức trợ cấp khó khăn định kỳ là gì?,hình thức nhận trợ cấp khó khăn định kỳ là gì?,586
Định nghĩa hình thức trợ cấp khó khăn đột xuất là gì?,hình thức nhận trợ cấp khó khăn đột xuất là gì?,587
Vậy hỗ trợ khẩn cấp khi gặp khó khăn được hiểu như thế nào?,hình thức nhận trợ cấp khó khăn đột xuất là gì?,587
Người ta gọi tên hình thức nhận tiền giúp đỡ khi gặp hoạn nạn là gì?,hình thức nhận trợ cấp khó khăn đột xuất là gì?,587
Khái niệm về trợ cấp đặc biệt khi xảy ra khó khăn bất ngờ ra sao?,hình thức nhận trợ cấp khó khăn đột xuất là gì?,587
Hình thức được gọi là hỗ trợ khó khăn đột xuất có ý nghĩa cụ thể như thế nào?,hình thức nhận trợ cấp khó khăn đột xuất là gì?,587
Quy trình làm hồ sơ xin hỗ trợ khẩn cấp diễn ra như thế nào?,quy trình nộp đơn trợ cấp khó khăn đột xuất như thế nào?,588
Làm sao để nộp đơn xin trợ cấp khẩn cấp một cách đúng trình tự?,quy trình nộp đơn trợ cấp khó khăn đột xuất như thế nào?,588
Những bước cụ thể để đăng ký nhận hỗ trợ đột xuất là gì?,quy trình nộp đơn trợ cấp khó khăn đột xuất như thế nào?,588
Tôi cần thực hiện các thủ tục gì để được cấp hỗ trợ khẩn cấp?,quy trình nộp đơn trợ cấp khó khăn đột xuất như thế nào?,588
Quy định về việc nộp đơn xin trợ cấp bất ngờ được thực hiện ra sao?,quy trình nộp đơn trợ cấp khó khăn đột xuất như thế nào?,588
Cơ quan nào có thẩm quyền ban hành thông báo về việc tiếp nhận hồ sơ xin trợ cấp khó khăn định kỳ?,cơ quan nào ban hành thông báo nhận hồ sơ trợ cấp khó khăn định kỳ?,589
Tôi cần liên hệ với đơn vị nào để được cung cấp thông báo nhận hồ sơ trợ cấp định kỳ cho người gặp khó khăn?,cơ quan nào ban hành thông báo nhận hồ sơ trợ cấp khó khăn định kỳ?,589
Ai là cơ quan chủ trì phát hành văn bản hướng dẫn về việc tiếp nhận hồ sơ trợ cấp khó khăn định kỳ?,cơ quan nào ban hành thông báo nhận hồ sơ trợ cấp khó khăn định kỳ?,589
Tôi muốn biết cơ quan nào đang chịu trách nhiệm công bố thông tin về việc nhận hồ sơ trợ cấp định kỳ?,cơ quan nào ban hành thông báo nhận hồ sơ trợ cấp khó khăn định kỳ?,589
Đơn vị nào là nơi ban hành thông báo cụ thể về việc tiếp nhận hồ sơ trợ cấp khó khăn định kỳ?,cơ quan nào ban hành thông báo nhận hồ sơ trợ cấp khó khăn định kỳ?,589
Ai có thẩm quyền phê duyệt quyết định cấp học bổng hay trợ cấp cuối cùng?,ai là người ban hành quyết định cuối cùng về việc cấp học bổng/trợ cấp?,590
Người nào là chủ thể ban hành quyết định cuối cùng cho việc cấp học bổng và trợ cấp?,ai là người ban hành quyết định cuối cùng về việc cấp học bổng/trợ cấp?,590
Quyết định cấp học bổng/trợ cấp cuối cùng sẽ do vị trí nào trong trường ra?,ai là người ban hành quyết định cuối cùng về việc cấp học bổng/trợ cấp?,590
Ai là người ký quyết định cuối cùng về việc trao học bổng hay trợ cấp?,ai là người ban hành quyết định cuối cùng về việc cấp học bổng/trợ cấp?,590
Bộ phận hay cá nhân nào chịu trách nhiệm ra quyết định cuối cùng cho khoản trợ cấp/học bổng?,ai là người ban hành quyết định cuối cùng về việc cấp học bổng/trợ cấp?,590
Tiêu chí phụ để xét học bổng tài năng HCMUTE là gì?,tiêu chí phụ khi xét học bổng tài năng hcmute là gì?,591
"Ngoài những điều kiện chính, nhà trường xem xét thêm yếu tố nào cho học bổng tài năng HCMUTE?",tiêu chí phụ khi xét học bổng tài năng hcmute là gì?,591
Sinh viên cần đáp ứng thêm điều kiện gì nữa ngoài các tiêu chí cơ bản để được xét học bổng tài năng HCMUTE?,tiêu chí phụ khi xét học bổng tài năng hcmute là gì?,591
Các yếu tố bổ sung trong hồ sơ xét học bổng tài năng HCMUTE bao gồm những gì?,tiêu chí phụ khi xét học bổng tài năng hcmute là gì?,591
"Để đạt học bổng tài năng HCMUTE, ngoài các điều kiện bắt buộc còn cần phải làm thêm gì?",tiêu chí phụ khi xét học bổng tài năng hcmute là gì?,591
Học bổng tài năng HCMUTE có yêu cầu phải cung cấp giấy tờ chứng minh không?,học bổng tài năng hcmute có yêu cầu minh chứng không?,592
Mình cần chuẩn bị bằng chứng minh chứng gì cho học bổng tài năng HCMUTE vậy?,học bổng tài năng hcmute có yêu cầu minh chứng không?,592
"Để đăng ký học bổng tài năng HCMUTE, nhà trường có bắt buộc yêu cầu minh chứng không?",học bổng tài năng hcmute có yêu cầu minh chứng không?,592
Có cần phải minh chứng năng lực gì đặc biệt khi nộp hồ sơ học bổng tài năng HCMUTE không?,học bổng tài năng hcmute có yêu cầu minh chứng không?,592
Nhà trường có yêu cầu ứng viên phải đưa ra bằng chứng xác nhận năng lực cho học bổng tài năng HCMUTE hay không?,học bổng tài năng hcmute có yêu cầu minh chứng không?,592
Ngân hàng nào hỗ trợ nhận học bổng và trợ cấp?,ngân hàng nào được dùng để nhận học bổng và trợ cấp?,593
Tôi cần mở tài khoản ngân hàng nào để nhận được học bổng cùng trợ cấp?,ngân hàng nào được dùng để nhận học bổng và trợ cấp?,593
Ai là ngân hàng cung cấp học bổng và trợ cấp cho sinh viên?,ngân hàng nào được dùng để nhận học bổng và trợ cấp?,593
Sinh viên nên chọn ngân hàng nào để giải quyết việc nhận học bổng và trợ cấp?,ngân hàng nào được dùng để nhận học bổng và trợ cấp?,593
Loại ngân hàng nào được phép nhận các khoản học bổng và trợ cấp?,ngân hàng nào được dùng để nhận học bổng và trợ cấp?,593
Định nghĩa điểm rèn luyện của sinh viên là gì?,điểm rèn luyện của sinh viên được định nghĩa như thế nào?,594
Thế nào là điểm rèn luyện dành cho sinh viên?,điểm rèn luyện của sinh viên được định nghĩa như thế nào?,594
Làm thế nào để hiểu khái niệm điểm rèn luyện của sinh viên?,điểm rèn luyện của sinh viên được định nghĩa như thế nào?,594
Nội dung định nghĩa về điểm rèn luyện của sinh viên ra sao?,điểm rèn luyện của sinh viên được định nghĩa như thế nào?,594
Điểm rèn luyện của sinh viên được quy định như thế nào?,điểm rèn luyện của sinh viên được định nghĩa như thế nào?,594
Kết quả đánh giá rèn luyện của từng học kỳ và năm học được dùng để làm gì?,kết quả đánh giá rèn luyện từng học kỳ và từng năm học được sử dụng vào việc gì?,595
Những kết quả rèn luyện ở mỗi học kỳ cũng như năm học sẽ phục vụ cho mục đích gì?,kết quả đánh giá rèn luyện từng học kỳ và từng năm học được sử dụng vào việc gì?,595
Các thông tin về đánh giá rèn luyện qua từng kỳ và năm được sử dụng vào việc nào?,kết quả đánh giá rèn luyện từng học kỳ và từng năm học được sử dụng vào việc gì?,595
Việc ghi nhận kết quả rèn luyện theo từng học kỳ và năm học nhằm mục đích gì?,kết quả đánh giá rèn luyện từng học kỳ và từng năm học được sử dụng vào việc gì?,595
Kết quả đánh giá rèn luyện từng giai đoạn học tập được khai thác để làm gì?,kết quả đánh giá rèn luyện từng học kỳ và từng năm học được sử dụng vào việc gì?,595
Kết quả đánh giá rèn luyện toàn khóa học đóng vai trò như thế nào đối với sinh viên?,kết quả đánh giá rèn luyện toàn khóa học có vai trò gì đối với sinh viên?,596
Việc đánh giá rèn luyện cả khóa học có ý nghĩa gì với sinh viên?,kết quả đánh giá rèn luyện toàn khóa học có vai trò gì đối với sinh viên?,596
Sinh viên nhận được vai trò gì từ kết quả rèn luyện tổng kết của khóa học?,kết quả đánh giá rèn luyện toàn khóa học có vai trò gì đối với sinh viên?,596
Kết quả rèn luyện trong suốt khóa học ảnh hưởng ra sao đến sinh viên?,kết quả đánh giá rèn luyện toàn khóa học có vai trò gì đối với sinh viên?,596
"Đối với sinh viên, kết quả đánh giá rèn luyện toàn khóa học có chức năng gì?",kết quả đánh giá rèn luyện toàn khóa học có vai trò gì đối với sinh viên?,596
Sinh viên phải tích lũy tối thiểu bao nhiêu điểm rèn luyện trong toàn khóa học mới được xét tốt nghiệp?,sinh viên cần đạt tối thiểu bao nhiêu điểm rèn luyện toàn khóa để được xét tốt nghiệp?,597
"Để được xét tốt nghiệp, mức điểm rèn luyện tối thiểu mà sinh viên cần đạt trong toàn khóa là bao nhiêu?",sinh viên cần đạt tối thiểu bao nhiêu điểm rèn luyện toàn khóa để được xét tốt nghiệp?,597
Điểm rèn luyện tối thiểu trong toàn khóa mà sinh viên cần đạt để đủ điều kiện xét tốt nghiệp là bao nhiêu?,sinh viên cần đạt tối thiểu bao nhiêu điểm rèn luyện toàn khóa để được xét tốt nghiệp?,597
Nhà trường yêu cầu sinh viên đạt ít nhất bao nhiêu điểm rèn luyện toàn khóa mới có thể xét tốt nghiệp?,sinh viên cần đạt tối thiểu bao nhiêu điểm rèn luyện toàn khóa để được xét tốt nghiệp?,597
Mức điểm rèn luyện tối thiểu cần thiết để sinh viên đủ điều kiện tốt nghiệp sau toàn khóa là bao nhiêu?,sinh viên cần đạt tối thiểu bao nhiêu điểm rèn luyện toàn khóa để được xét tốt nghiệp?,597
Sinh viên có thể nhận bảng điểm kết quả rèn luyện vào thời điểm nào?,sinh viên có thể nhận bảng điểm kết quả rèn luyện khi nào?,598
Khi nào sinh viên sẽ được giao nhận bảng điểm kết quả rèn luyện?,sinh viên có thể nhận bảng điểm kết quả rèn luyện khi nào?,598
Thời gian sinh viên có thể lấy bảng điểm rèn luyện là lúc nào vậy?,sinh viên có thể nhận bảng điểm kết quả rèn luyện khi nào?,598
Bảng điểm kết quả rèn luyện sẽ được phát cho sinh viên lúc nào?,sinh viên có thể nhận bảng điểm kết quả rèn luyện khi nào?,598
Sinh viên có thể tiếp nhận bảng điểm rèn luyện từ bao giờ?,sinh viên có thể nhận bảng điểm kết quả rèn luyện khi nào?,598
Quy định xử lý dành cho sinh viên bị xếp loại rèn luyện yếu hoặc kém liên tiếp là gì?,quy định xử lý đối với sinh viên bị xếp loại rèn luyện yếu hoặc kém liên tiếp là gì?,599
Sinh viên nào bị xếp loại rèn luyện yếu hoặc kém liên tiếp sẽ bị xử lý như thế nào theo quy định?,quy định xử lý đối với sinh viên bị xếp loại rèn luyện yếu hoặc kém liên tiếp là gì?,599
Tôi muốn biết quy định xử lý đối với những trường hợp sinh viên xếp loại rèn luyện yếu hoặc kém liên tiếp.,quy định xử lý đối với sinh viên bị xếp loại rèn luyện yếu hoặc kém liên tiếp là gì?,599
Quy định của nhà trường về việc xử lý sinh viên có thành tích rèn luyện yếu hoặc kém liên tiếp là gì?,quy định xử lý đối với sinh viên bị xếp loại rèn luyện yếu hoặc kém liên tiếp là gì?,599
"Khi sinh viên bị xếp loại rèn luyện yếu hoặc kém liên tiếp, chế độ xử lý cụ thể là gì?",quy định xử lý đối với sinh viên bị xếp loại rèn luyện yếu hoặc kém liên tiếp là gì?,599
Trong đánh giá kết quả rèn luyện có những nội dung chính nào?,có bao nhiêu nội dung chính trong đánh giá kết quả rèn luyện?,600
Số lượng các nội dung chính khi đánh giá kết quả rèn luyện là bao nhiêu?,có bao nhiêu nội dung chính trong đánh giá kết quả rèn luyện?,600
Khi lập bảng đánh giá kết quả rèn luyện thì gồm những phần nội dung chủ yếu nào?,có bao nhiêu nội dung chính trong đánh giá kết quả rèn luyện?,600
Đánh giá kết quả rèn luyện thường được chia thành mấy nội dung cốt lõi?,có bao nhiêu nội dung chính trong đánh giá kết quả rèn luyện?,600
Các thành phần nội dung chính của hồ sơ đánh giá kết quả rèn luyện gồm những gì?,có bao nhiêu nội dung chính trong đánh giá kết quả rèn luyện?,600
Nội dung của việc đánh giá ý thức và kết quả học tập gồm những phần nào?,"nội dung ""đánh giá về ý thức và kết quả học tập"" bao gồm những gì?",601
"Khi nói đến đánh giá ý thức cùng kết quả học tập, nó bao hàm những nội dung cụ thể gì?","nội dung ""đánh giá về ý thức và kết quả học tập"" bao gồm những gì?",601
Những yếu tố nào được xem xét trong phần đánh giá về ý thức và kết quả học tập?,"nội dung ""đánh giá về ý thức và kết quả học tập"" bao gồm những gì?",601
Việc đánh giá ý thức và thành tích học tập sẽ đề cập đến những vấn đề gì?,"nội dung ""đánh giá về ý thức và kết quả học tập"" bao gồm những gì?",601
Phần nội dung đánh giá ý thức lẫn kết quả học tập bao gồm những gì?,"nội dung ""đánh giá về ý thức và kết quả học tập"" bao gồm những gì?",601
Khung điểm dành cho phần đánh giá ý thức và kết quả học tập được quy định ra sao?,"khung điểm cho nội dung ""đánh giá về ý thức và kết quả học tập"" được quy định như thế nào?",602
Nội dung về ý thức và kết quả học tập được tính điểm theo quy định cụ thể nào?,"khung điểm cho nội dung ""đánh giá về ý thức và kết quả học tập"" được quy định như thế nào?",602
Làm thế nào để xác định khung điểm cho việc đánh giá ý thức cùng kết quả học tập?,"khung điểm cho nội dung ""đánh giá về ý thức và kết quả học tập"" được quy định như thế nào?",602
Quy định về khung điểm cho mục đánh giá ý thức và kết quả học tập hiện hành là gì?,"khung điểm cho nội dung ""đánh giá về ý thức và kết quả học tập"" được quy định như thế nào?",602
Khung điểm áp dụng cho phần ý thức và kết quả học tập được thiết lập như thế nào?,"khung điểm cho nội dung ""đánh giá về ý thức và kết quả học tập"" được quy định như thế nào?",602
"Nội dung về ý thức và kết quả chấp hành nội quy, quy chế bao gồm những tiêu chí nào?","nội dung ""đánh giá về ý thức và kết quả chấp hành nội quy, quy chế"" gồm các tiêu chí nào?",603
"Những tiêu chí nào được đưa vào phần đánh giá ý thức cũng như việc chấp hành nội quy, quy chế?","nội dung ""đánh giá về ý thức và kết quả chấp hành nội quy, quy chế"" gồm các tiêu chí nào?",603
"Khi đánh giá ý thức và kết quả tuân thủ nội quy, quy chế thì người ta xét những tiêu chí gì?","nội dung ""đánh giá về ý thức và kết quả chấp hành nội quy, quy chế"" gồm các tiêu chí nào?",603
"Việc đánh giá về ý thức và kết quả chấp hành nội quy, quy chế sẽ dựa trên các tiêu chí cụ thể ra sao?","nội dung ""đánh giá về ý thức và kết quả chấp hành nội quy, quy chế"" gồm các tiêu chí nào?",603
"Làm thế nào để xác định các tiêu chí cho việc đánh giá ý thức và kết quả thực hiện nội quy, quy chế?","nội dung ""đánh giá về ý thức và kết quả chấp hành nội quy, quy chế"" gồm các tiêu chí nào?",603
"Tiêu chí nào được dùng để đánh giá ý thức tham gia hoạt động chính trị, xã hội và phòng chống tệ nạn xã hội?","tiêu chí đánh giá ý thức tham gia hoạt động chính trị, xã hội và phòng chống tệ nạn xã hội là gì?",604
"Làm thế nào để xác định các tiêu chí về ý thức tham gia hoạt động chính trị, xã hội cũng như phòng chống tệ nạn xã hội?","tiêu chí đánh giá ý thức tham gia hoạt động chính trị, xã hội và phòng chống tệ nạn xã hội là gì?",604
"Những yếu tố nào cấu thành nên tiêu chí đánh giá ý thức tham gia hoạt động chính trị, xã hội và phòng chống tệ nạn xã hội?","tiêu chí đánh giá ý thức tham gia hoạt động chính trị, xã hội và phòng chống tệ nạn xã hội là gì?",604
"Bạn có thể liệt kê các tiêu chí đánh giá ý thức tham gia hoạt động chính trị, xã hội và phòng chống tệ nạn xã hội không?","tiêu chí đánh giá ý thức tham gia hoạt động chính trị, xã hội và phòng chống tệ nạn xã hội là gì?",604
"Nội dung cụ thể của tiêu chí đánh giá ý thức tham gia hoạt động chính trị, xã hội và phòng chống tệ nạn xã hội là gì?","tiêu chí đánh giá ý thức tham gia hoạt động chính trị, xã hội và phòng chống tệ nạn xã hội là gì?",604
"Số điểm dành cho các hoạt động chính trị, xã hội, văn hóa, văn nghệ và thể thao là bao nhiêu?","khung điểm cho nội dung tham gia hoạt động chính trị, xã hội, văn hóa, văn nghệ, thể thao là bao nhiêu?",605
"Mức điểm cộng cho phần tham gia hoạt động chính trị, xã hội, văn hóa, văn nghệ, thể thao được tính như thế nào?","khung điểm cho nội dung tham gia hoạt động chính trị, xã hội, văn hóa, văn nghệ, thể thao là bao nhiêu?",605
"Trong quy định điểm, khung cho hoạt động chính trị, xã hội, văn hóa, văn nghệ, thể thao có giá trị bao nhiêu?","khung điểm cho nội dung tham gia hoạt động chính trị, xã hội, văn hóa, văn nghệ, thể thao là bao nhiêu?",605
"Các hoạt động chính trị, xã hội, văn hóa, văn nghệ, thể thao được cộng bao nhiêu điểm vào tổng điểm?","khung điểm cho nội dung tham gia hoạt động chính trị, xã hội, văn hóa, văn nghệ, thể thao là bao nhiêu?",605
"Điểm thưởng cho việc tham gia hoạt động chính trị, xã hội, văn hóa, văn nghệ, thể thao là bao nhiêu?","khung điểm cho nội dung tham gia hoạt động chính trị, xã hội, văn hóa, văn nghệ, thể thao là bao nhiêu?",605
"Nội dung ""đánh giá về ý thức công dân trong quan hệ cộng đồng"" bao gồm những tiêu chí cụ thể nào?","những tiêu chí nào thuộc nội dung ""đánh giá về ý thức công dân trong quan hệ cộng đồng""?",606
Có những tiêu chí nào được dùng để đánh giá ý thức công dân trong mối quan hệ cộng đồng?,"những tiêu chí nào thuộc nội dung ""đánh giá về ý thức công dân trong quan hệ cộng đồng""?",606
"Khi nói đến đánh giá ý thức công dân trong quan hệ cộng đồng, người ta thường xem xét những tiêu chí gì?","những tiêu chí nào thuộc nội dung ""đánh giá về ý thức công dân trong quan hệ cộng đồng""?",606
Hãy liệt kê các tiêu chí nằm trong phần đánh giá về ý thức công dân trong quan hệ cộng đồng.,"những tiêu chí nào thuộc nội dung ""đánh giá về ý thức công dân trong quan hệ cộng đồng""?",606
Những tiêu chí nào cấu thành nội dung đánh giá ý thức công dân khi xem xét đến quan hệ cộng đồng?,"những tiêu chí nào thuộc nội dung ""đánh giá về ý thức công dân trong quan hệ cộng đồng""?",606
Số điểm được dành cho phần đánh giá ý thức công dân trong quan hệ cộng đồng là bao nhiêu?,"khung điểm cho nội dung ""đánh giá về ý thức công dân trong quan hệ cộng đồng"" là bao nhiêu?",607
"Khung điểm quy định cho nội dung ""đánh giá về ý thức công dân trong quan hệ cộng đồng"" có giá trị cụ thể là bao nhiêu?","khung điểm cho nội dung ""đánh giá về ý thức công dân trong quan hệ cộng đồng"" là bao nhiêu?",607
"Làm thế nào để xác định số điểm cho phần ""đánh giá về ý thức công dân trong quan hệ cộng đồng"" trong khung điểm?","khung điểm cho nội dung ""đánh giá về ý thức công dân trong quan hệ cộng đồng"" là bao nhiêu?",607
"Bạn có thể cho tôi biết số điểm tương ứng với mục ""đánh giá về ý thức công dân trong quan hệ cộng đồng"" không?","khung điểm cho nội dung ""đánh giá về ý thức công dân trong quan hệ cộng đồng"" là bao nhiêu?",607
Tổng số điểm được phân bổ cho việc đánh giá ý thức công dân trong mối quan hệ cộng đồng là bao nhiêu điểm?,"khung điểm cho nội dung ""đánh giá về ý thức công dân trong quan hệ cộng đồng"" là bao nhiêu?",607
Nội dung đánh giá về ý thức tham gia công tác cán bộ lớp và đoàn thể bao gồm những phần nào?,nội dung đánh giá về ý thức tham gia công tác cán bộ lớp và đoàn thể bao gồm những gì?,608
Khi đánh giá ý thức tham gia công tác cán bộ lớp và đoàn thể thì cần xem xét những khía cạnh gì?,nội dung đánh giá về ý thức tham gia công tác cán bộ lớp và đoàn thể bao gồm những gì?,608
Các tiêu chí cụ thể để đánh giá ý thức tham gia công tác cán bộ lớp và đoàn thể là những gì?,nội dung đánh giá về ý thức tham gia công tác cán bộ lớp và đoàn thể bao gồm những gì?,608
Việc đánh giá ý thức tham gia công tác cán bộ lớp và đoàn thể sẽ căn cứ vào những nội dung nào?,nội dung đánh giá về ý thức tham gia công tác cán bộ lớp và đoàn thể bao gồm những gì?,608
Những hạng mục nào được đưa vào khi đánh giá ý thức tham gia công tác cán bộ lớp và đoàn thể?,nội dung đánh giá về ý thức tham gia công tác cán bộ lớp và đoàn thể bao gồm những gì?,608
"Mức điểm dành cho phần tham gia công tác cán bộ lớp, đoàn thể và các tổ chức trong trường là bao nhiêu?","khung điểm cho nội dung tham gia công tác cán bộ lớp, đoàn thể và tổ chức trong trường là bao nhiêu?",609
"Chúng ta được bao nhiêu điểm cho hoạt động công tác cán bộ, công tác đoàn thể và các tổ chức trường?","khung điểm cho nội dung tham gia công tác cán bộ lớp, đoàn thể và tổ chức trong trường là bao nhiêu?",609
"Số điểm ghi nhận cho việc tham gia làm việc với cán bộ lớp, hoạt động đoàn thể và các tổ chức nhà trường là bao nhiêu?","khung điểm cho nội dung tham gia công tác cán bộ lớp, đoàn thể và tổ chức trong trường là bao nhiêu?",609
"Trong thang điểm tổng thể, phần tham gia công tác cán bộ lớp, công tác đoàn thể và tổ chức trường chiếm bao nhiêu điểm?","khung điểm cho nội dung tham gia công tác cán bộ lớp, đoàn thể và tổ chức trong trường là bao nhiêu?",609
"Bạn cho mình hỏi về số điểm quy định cho hoạt động tham gia công tác cán bộ, công tác đoàn thể và các tổ chức trong trường?","khung điểm cho nội dung tham gia công tác cán bộ lớp, đoàn thể và tổ chức trong trường là bao nhiêu?",609
Hệ thống phân loại điểm rèn luyện được áp dụng dựa trên các mức điểm đạt được như thế nào?,cách phân loại điểm rèn luyện theo mức điểm đạt được như thế nào?,610
Các mức điểm rèn luyện được quy định để phân loại sinh viên cụ thể ra sao?,cách phân loại điểm rèn luyện theo mức điểm đạt được như thế nào?,610
Làm thế nào để xác định hạng điểm rèn luyện cho sinh viên dựa trên tổng điểm tích lũy?,cách phân loại điểm rèn luyện theo mức điểm đạt được như thế nào?,610
Tiêu chí phân loại điểm rèn luyện của sinh viên được chia thành các cấp độ nào?,cách phân loại điểm rèn luyện theo mức điểm đạt được như thế nào?,610
Quy trình phân hạng điểm rèn luyện được thực hiện dựa trên thang điểm ra làm sao?,cách phân loại điểm rèn luyện theo mức điểm đạt được như thế nào?,610
Làm thế nào để tính điểm rèn luyện cho một học kỳ?,điểm rèn luyện của một học kỳ được tính toán như thế nào?,611
Quy trình tính điểm rèn luyện trong học kỳ diễn ra ra sao?,điểm rèn luyện của một học kỳ được tính toán như thế nào?,611
"Học kỳ này, điểm rèn luyện được quy đổi theo công thức nào?",điểm rèn luyện của một học kỳ được tính toán như thế nào?,611
Thầy cô có thể hướng dẫn cách tính điểm rèn luyện hàng tháng không?,điểm rèn luyện của một học kỳ được tính toán như thế nào?,611
Tiêu chí và công thức tính điểm rèn luyện của học kỳ là gì?,điểm rèn luyện của một học kỳ được tính toán như thế nào?,611
Thời điểm nào sẽ được tính điểm cho các hoạt động rèn luyện trong học kỳ hè?,các hoạt động rèn luyện trong học kỳ hè được tính điểm vào thời gian nào?,612
Khi nào thì điểm các hoạt động rèn luyện hè được cộng vào?,các hoạt động rèn luyện trong học kỳ hè được tính điểm vào thời gian nào?,612
Nhà trường sẽ ghi nhận điểm rèn luyện của học kỳ hè vào thời gian nào?,các hoạt động rèn luyện trong học kỳ hè được tính điểm vào thời gian nào?,612
Các hoạt động hè được tính điểm vào lúc nào vậy?,các hoạt động rèn luyện trong học kỳ hè được tính điểm vào thời gian nào?,612
Thời gian tính điểm cho phần rèn luyện trong học kỳ hè là khi nào?,các hoạt động rèn luyện trong học kỳ hè được tính điểm vào thời gian nào?,612
Làm thế nào để tính điểm rèn luyện cho một năm học?,cách tính điểm rèn luyện cho một năm học là gì?,613
Công thức tính điểm rèn luyện trong năm học là gì?,cách tính điểm rèn luyện cho một năm học là gì?,613
Điểm rèn luyện của một năm học được tính như thế nào?,cách tính điểm rèn luyện cho một năm học là gì?,613
Quy trình xác định điểm rèn luyện cho cả năm học ra sao?,cách tính điểm rèn luyện cho một năm học là gì?,613
Mình cần biết cách tính điểm rèn luyện trong năm nay là gì?,cách tính điểm rèn luyện cho một năm học là gì?,613
Điểm rèn luyện toàn khóa được tính theo quy định nào?,cách tính điểm rèn luyện toàn khóa học được quy định ra sao?,614
Nhà trường quy định thế nào về việc tính điểm rèn luyện cho toàn khóa?,cách tính điểm rèn luyện toàn khóa học được quy định ra sao?,614
Quy chế tính điểm rèn luyện trong toàn khóa học như thế nào?,cách tính điểm rèn luyện toàn khóa học được quy định ra sao?,614
Làm thế nào để xác định điểm rèn luyện cho toàn bộ khóa học?,cách tính điểm rèn luyện toàn khóa học được quy định ra sao?,614
Việc quy định tính điểm rèn luyện toàn khóa được thực hiện ra sao?,cách tính điểm rèn luyện toàn khóa học được quy định ra sao?,614
Học kỳ này sinh viên sẽ tích lũy điểm rèn luyện theo quy trình nào?,quy trình tích lũy điểm rèn luyện trong suốt học kỳ diễn ra như thế nào?,615
Làm thế nào để sinh viên thực hiện việc tích lũy điểm rèn luyện trong toàn bộ học kỳ?,quy trình tích lũy điểm rèn luyện trong suốt học kỳ diễn ra như thế nào?,615
Quy trình ghi nhận và tích lũy điểm rèn luyện của sinh viên trong học kỳ diễn ra ra sao?,quy trình tích lũy điểm rèn luyện trong suốt học kỳ diễn ra như thế nào?,615
Các bước để sinh viên hoàn thành việc tích lũy điểm rèn luyện trong học kỳ là gì?,quy trình tích lũy điểm rèn luyện trong suốt học kỳ diễn ra như thế nào?,615
Sinh viên cần làm gì để tích lũy đủ điểm rèn luyện cho cả học kỳ này?,quy trình tích lũy điểm rèn luyện trong suốt học kỳ diễn ra như thế nào?,615
"Khi phát hiện điểm rèn luyện trên phần mềm bị thiếu hoặc sai, sinh viên được hưởng quyền lợi gì?",sinh viên có quyền lợi gì khi phát hiện điểm rèn luyện trên phần mềm bị thiếu hoặc sai lệch?,616
Sinh viên có những quyền lợi nào nếu thấy thông tin điểm rèn luyện trên hệ thống không chính xác hoặc bị bỏ sót?,sinh viên có quyền lợi gì khi phát hiện điểm rèn luyện trên phần mềm bị thiếu hoặc sai lệch?,616
"Nếu điểm rèn luyện trên phần mềm bị thiếu hoặc sai lệch, sinh viên sẽ được hỗ trợ và hưởng quyền lợi ra sao?",sinh viên có quyền lợi gì khi phát hiện điểm rèn luyện trên phần mềm bị thiếu hoặc sai lệch?,616
Trường hợp điểm rèn luyện trên ứng dụng bị sai số liệu hoặc thiếu dữ liệu thì quyền lợi của sinh viên là gì?,sinh viên có quyền lợi gì khi phát hiện điểm rèn luyện trên phần mềm bị thiếu hoặc sai lệch?,616
"Khi sinh viên phát hiện lỗi thiếu hoặc sai điểm rèn luyện trên phần mềm, họ có quyền nhận được những gì?",sinh viên có quyền lợi gì khi phát hiện điểm rèn luyện trên phần mềm bị thiếu hoặc sai lệch?,616
"Tuần đầu tiên của học kỳ sau, sinh viên cần thực hiện quy trình đánh giá điểm rèn luyện như thế nào?",quy trình đánh giá điểm rèn luyện vào tuần đầu tiên của học kỳ tiếp theo là gì?,617
Quy trình chấm điểm rèn luyện cho tuần đầu của học kỳ tiếp theo diễn ra ra sao?,quy trình đánh giá điểm rèn luyện vào tuần đầu tiên của học kỳ tiếp theo là gì?,617
Làm thế nào để thực hiện việc đánh giá điểm rèn luyện vào tuần đầu tiên của học kỳ sau?,quy trình đánh giá điểm rèn luyện vào tuần đầu tiên của học kỳ tiếp theo là gì?,617
Sinh viên cần chuẩn bị gì và làm gì trong tuần đầu học kỳ sau để hoàn thành quy trình đánh giá điểm rèn luyện?,quy trình đánh giá điểm rèn luyện vào tuần đầu tiên của học kỳ tiếp theo là gì?,617
Nội dung và các bước của quy trình đánh giá điểm rèn luyện tại tuần đầu tiên của học kỳ tiếp theo là gì?,quy trình đánh giá điểm rèn luyện vào tuần đầu tiên của học kỳ tiếp theo là gì?,617
Kết quả tổng điểm rèn luyện của sinh viên sẽ được công bố chính thức trên phần mềm vào thời điểm nào?,khi nào kết quả tổng điểm rèn luyện của sinh viên được công bố chính thức trên phần mềm?,618
Khi nào thì hệ thống phần mềm cập nhật và hiển thị công khai điểm tổng kết rèn luyện của sinh viên?,khi nào kết quả tổng điểm rèn luyện của sinh viên được công bố chính thức trên phần mềm?,618
Sinh viên cần đợi đến lúc nào mới có thể xem kết quả tổng điểm rèn luyện trên phần mềm được chính thức đăng tải?,khi nào kết quả tổng điểm rèn luyện của sinh viên được công bố chính thức trên phần mềm?,618
Thời gian chính thức công bố điểm tổng rèn luyện của sinh viên trên phần mềm là khi nào?,khi nào kết quả tổng điểm rèn luyện của sinh viên được công bố chính thức trên phần mềm?,618
Phần mềm sẽ cho phép sinh viên truy cập xem kết quả tổng điểm rèn luyện vào thời điểm nào?,khi nào kết quả tổng điểm rèn luyện của sinh viên được công bố chính thức trên phần mềm?,618
Sinh viên cần hoàn thành nhiệm vụ nào trong tuần thứ ba của học kỳ sau?,sinh viên cần thực hiện nhiệm vụ gì vào tuần thứ ba của học kỳ tiếp theo?,619
"Vào tuần ba của học kỳ tiếp theo, sinh viên phải làm gì?",sinh viên cần thực hiện nhiệm vụ gì vào tuần thứ ba của học kỳ tiếp theo?,619
Nhiệm vụ cụ thể dành cho sinh viên tại tuần thứ ba của học kỳ sau là gì?,sinh viên cần thực hiện nhiệm vụ gì vào tuần thứ ba của học kỳ tiếp theo?,619
"Học kỳ sau, sinh viên cần thực hiện hoạt động gì vào tuần số 3?",sinh viên cần thực hiện nhiệm vụ gì vào tuần thứ ba của học kỳ tiếp theo?,619
Bạn biết sinh viên cần làm nhiệm vụ gì trong tuần thứ ba của học kỳ tới không?,sinh viên cần thực hiện nhiệm vụ gì vào tuần thứ ba của học kỳ tiếp theo?,619
Hình phạt dành cho sinh viên không đăng ký xác nhận điểm rèn luyện trực tuyến là gì?,hình phạt đối với sinh viên không thực hiện xác nhận điểm rèn luyện trên trang online là gì?,620
Sinh viên nào bỏ qua việc xác nhận điểm rèn luyện trên mạng sẽ bị xử lý như thế nào?,hình phạt đối với sinh viên không thực hiện xác nhận điểm rèn luyện trên trang online là gì?,620
"Nếu không làm thủ tục xác nhận điểm rèn luyện online, sinh viên sẽ chịu hình thức kỷ luật gì?",hình phạt đối với sinh viên không thực hiện xác nhận điểm rèn luyện trên trang online là gì?,620
Hậu quả đối với sinh viên không thực hiện xác nhận điểm rèn luyện trên trang web là gì?,hình phạt đối với sinh viên không thực hiện xác nhận điểm rèn luyện trên trang online là gì?,620
Quy định xử lý sinh viên không xác nhận điểm rèn luyện qua mạng internet như thế nào?,hình phạt đối với sinh viên không thực hiện xác nhận điểm rèn luyện trên trang online là gì?,620
Bước cuối cùng của quy trình công nhận kết quả rèn luyện là gì?,bước cuối cùng trong quy trình công nhận kết quả rèn luyện là gì?,621
Kết thúc quy trình công nhận kết quả rèn luyện ở bước nào?,bước cuối cùng trong quy trình công nhận kết quả rèn luyện là gì?,621
Làm thế nào để xác định bước cuối cùng trong công nhận kết quả rèn luyện?,bước cuối cùng trong quy trình công nhận kết quả rèn luyện là gì?,621
Quy trình công nhận kết quả rèn luyện kết thúc bằng hành động gì?,bước cuối cùng trong quy trình công nhận kết quả rèn luyện là gì?,621
Hành động nào là bước chót trong quy trình công nhận kết quả rèn luyện?,bước cuối cùng trong quy trình công nhận kết quả rèn luyện là gì?,621
Sinh viên có thể tra cứu điểm rèn luyện cá nhân ở đâu?,sinh viên có thể theo dõi và kiểm tra điểm rèn luyện cá nhân tại địa chỉ nào?,622
Địa chỉ nào dành cho việc theo dõi và kiểm tra điểm rèn luyện của sinh viên?,sinh viên có thể theo dõi và kiểm tra điểm rèn luyện cá nhân tại địa chỉ nào?,622
Làm thế nào để sinh viên xem được điểm rèn luyện cá nhân của mình?,sinh viên có thể theo dõi và kiểm tra điểm rèn luyện cá nhân tại địa chỉ nào?,622
Sinh viên nên đến đâu để kiểm tra thông tin điểm rèn luyện?,sinh viên có thể theo dõi và kiểm tra điểm rèn luyện cá nhân tại địa chỉ nào?,622
Nơi nào cung cấp dịch vụ cho phép sinh viên theo dõi điểm rèn luyện?,sinh viên có thể theo dõi và kiểm tra điểm rèn luyện cá nhân tại địa chỉ nào?,622
Sinh viên cần làm thế nào khi phát hiện mình bị thiếu điểm rèn luyện cho một hoạt động đã tham gia?,sinh viên phải làm gì nếu nhận thấy bị thiếu điểm rèn luyện của một hoạt động đã tham gia?,623
Nếu sinh viên thấy mình bị trừ điểm rèn luyện dù đã tham gia hoạt động thì phải xử lý ra sao?,sinh viên phải làm gì nếu nhận thấy bị thiếu điểm rèn luyện của một hoạt động đã tham gia?,623
Làm gì khi sinh viên nhận ra điểm rèn luyện của mình bị thiếu mặc dù đã đăng ký tham gia hoạt động?,sinh viên phải làm gì nếu nhận thấy bị thiếu điểm rèn luyện của một hoạt động đã tham gia?,623
"Khi bị thiếu điểm rèn luyện của một hoạt động đã tham gia, sinh viên cần thực hiện những bước nào?",sinh viên phải làm gì nếu nhận thấy bị thiếu điểm rèn luyện của một hoạt động đã tham gia?,623
Sinh viên phải giải quyết vấn đề thiếu điểm rèn luyện như thế nào nếu mình đã tham gia hoạt động đó?,sinh viên phải làm gì nếu nhận thấy bị thiếu điểm rèn luyện của một hoạt động đã tham gia?,623
Hoạt động công tác xã hội là gì?,hoạt động công tác xã hội (ctxh) là gì?,624
Định nghĩa về hoạt động công tác xã hội như thế nào?,hoạt động công tác xã hội (ctxh) là gì?,624
Công tác xã hội hoạt động ra sao?,hoạt động công tác xã hội (ctxh) là gì?,624
Làm thế nào để hiểu về hoạt động công tác xã hội?,hoạt động công tác xã hội (ctxh) là gì?,624
Hoạt động công tác xã hội mang ý nghĩa cụ thể gì?,hoạt động công tác xã hội (ctxh) là gì?,624
Điểm công tác xã hội là gì?,điểm công tác xã hội (ctxh) là gì?,625
Làm thế nào để hiểu khái niệm điểm công tác xã hội?,điểm công tác xã hội (ctxh) là gì?,625
Định nghĩa điểm công tác xã hội ra sao?,điểm công tác xã hội (ctxh) là gì?,625
Có thể giải thích ý nghĩa của điểm công tác xã hội không?,điểm công tác xã hội (ctxh) là gì?,625
Điểm công tác xã hội mang ý nghĩa cụ thể như thế nào?,điểm công tác xã hội (ctxh) là gì?,625
Khái niệm ngày công tác xã hội là gì?,ngày công tác xã hội (ctxh) là gì?,626
Công tác xã hội được hiểu như thế nào trong ngày hôm nay?,ngày công tác xã hội (ctxh) là gì?,626
Ngày công tác xã hội mang ý nghĩa ra sao?,ngày công tác xã hội (ctxh) là gì?,626
Chúng ta có thể định nghĩa thế nào về ngày công tác xã hội?,ngày công tác xã hội (ctxh) là gì?,626
Tại sao lại gọi là ngày công tác xã hội và điều đó hàm ý gì?,ngày công tác xã hội (ctxh) là gì?,626
Tỷ lệ chuyển đổi điểm công tác xã hội sang ngày làm việc là bao nhiêu?,tỷ lệ quy đổi từ điểm công tác xã hội sang ngày công tác xã hội là bao nhiêu?,627
Một điểm công tác xã hội tương đương với bao nhiêu ngày công?,tỷ lệ quy đổi từ điểm công tác xã hội sang ngày công tác xã hội là bao nhiêu?,627
Công thức quy đổi điểm sang ngày trong công tác xã hội được tính như thế nào?,tỷ lệ quy đổi từ điểm công tác xã hội sang ngày công tác xã hội là bao nhiêu?,627
Làm sao để biết số điểm công tác xã hội quy ra được bao nhiêu ngày?,tỷ lệ quy đổi từ điểm công tác xã hội sang ngày công tác xã hội là bao nhiêu?,627
Hệ thống tính toán từ điểm sang ngày làm xã hội có tỷ lệ bao nhiêu?,tỷ lệ quy đổi từ điểm công tác xã hội sang ngày công tác xã hội là bao nhiêu?,627
Mục đích của yêu cầu sinh viên hoàn thành chương trình công tác xã hội là gì?,mục đích của việc yêu cầu sinh viên hoàn thành chương trình công tác xã hội là gì?,628
Tại sao trường lại bắt sinh viên phải làm chương trình công tác xã hội?,mục đích của việc yêu cầu sinh viên hoàn thành chương trình công tác xã hội là gì?,628
Ý nghĩa của việc sinh viên phải thực hiện chương trình công tác xã hội là gì?,mục đích của việc yêu cầu sinh viên hoàn thành chương trình công tác xã hội là gì?,628
Mục tiêu khi bắt buộc sinh viên hoàn thành chương trình công tác xã hội là như thế nào?,mục đích của việc yêu cầu sinh viên hoàn thành chương trình công tác xã hội là gì?,628
Việc yêu cầu sinh viên làm chương trình công tác xã hội nhằm mục đích gì?,mục đích của việc yêu cầu sinh viên hoàn thành chương trình công tác xã hội là gì?,628
Sinh viên phải tích lũy được bao nhiêu ngày công tác xã hội thì mới được xét tốt nghiệp?,sinh viên cần tích lũy bao nhiêu ngày công tác xã hội để được xét tốt nghiệp?,629
"Để được xét tốt nghiệp, sinh viên cần hoàn thành bao nhiêu ngày làm việc trong lĩnh vực công tác xã hội?",sinh viên cần tích lũy bao nhiêu ngày công tác xã hội để được xét tốt nghiệp?,629
Số ngày công tác xã hội tối thiểu mà sinh viên cần tích lũy để đủ điều kiện tốt nghiệp là bao nhiêu?,sinh viên cần tích lũy bao nhiêu ngày công tác xã hội để được xét tốt nghiệp?,629
Trường yêu cầu sinh viên phải tham gia bao nhiêu ngày công tác xã hội trước khi xét tốt nghiệp?,sinh viên cần tích lũy bao nhiêu ngày công tác xã hội để được xét tốt nghiệp?,629
Tiêu chí về số ngày thực tập công tác xã hội để sinh viên đủ điều kiện nhận bằng tốt nghiệp là bao nhiêu?,sinh viên cần tích lũy bao nhiêu ngày công tác xã hội để được xét tốt nghiệp?,629
Thời gian sinh viên được quy định tích lũy ngày công tác xã hội như thế nào?,thời gian để sinh viên tích lũy ngày công tác xã hội được quy định như thế nào?,630
Quy định về thời gian tích lũy ngày công tác xã hội của sinh viên ra sao?,thời gian để sinh viên tích lũy ngày công tác xã hội được quy định như thế nào?,630
Sinh viên cần tích lũy bao nhiêu ngày công tác xã hội và theo quy định nào?,thời gian để sinh viên tích lũy ngày công tác xã hội được quy định như thế nào?,630
Chế độ thời gian dành cho việc tích lũy ngày công tác xã hội của sinh viên được định rõ thế nào?,thời gian để sinh viên tích lũy ngày công tác xã hội được quy định như thế nào?,630
"Theo quy định hiện hành, thời gian sinh viên thực hiện ngày công tác xã hội được tính như thế nào?",thời gian để sinh viên tích lũy ngày công tác xã hội được quy định như thế nào?,630
Nhà trường có đưa ra khuyến cáo gì về thời gian để sinh viên hoàn thành đủ số ngày công tác xã hội không?,nhà trường có khuyến cáo gì về thời điểm hoàn thành tích lũy ngày công tác xã hội?,631
"Theo hướng dẫn của nhà trường, sinh viên cần hoàn thành hoạt động công tác xã hội trước thời điểm nào?",nhà trường có khuyến cáo gì về thời điểm hoàn thành tích lũy ngày công tác xã hội?,631
Nhà trường có yêu cầu sinh viên phải kết thúc tích lũy ngày công tác xã hội vào khoảng thời gian cụ thể nào hay không?,nhà trường có khuyến cáo gì về thời điểm hoàn thành tích lũy ngày công tác xã hội?,631
Liệu nhà trường có chỉ định mốc thời gian cụ thể nào cho việc sinh viên hoàn thành ngày công tác xã hội không?,nhà trường có khuyến cáo gì về thời điểm hoàn thành tích lũy ngày công tác xã hội?,631
Sinh viên cần lưu ý những khuyến cáo gì từ nhà trường về thời hạn hoàn thành công tác xã hội?,nhà trường có khuyến cáo gì về thời điểm hoàn thành tích lũy ngày công tác xã hội?,631
Những hoạt động tình nguyện nào dành cho cộng đồng sẽ được cộng điểm công tác xã hội?,các hoạt động tình nguyện vì cộng đồng nào được cộng điểm công tác xã hội?,632
Hoạt động tình nguyện vì cộng đồng nào được ghi nhận và cộng điểm vào công tác xã hội?,các hoạt động tình nguyện vì cộng đồng nào được cộng điểm công tác xã hội?,632
Sinh viên có thể nhận điểm công tác xã hội từ những hoạt động tình nguyện cho cộng đồng nào?,các hoạt động tình nguyện vì cộng đồng nào được cộng điểm công tác xã hội?,632
Danh mục các hoạt động tình nguyện vì cộng đồng được cấp điểm công tác xã hội là gì?,các hoạt động tình nguyện vì cộng đồng nào được cộng điểm công tác xã hội?,632
Loại hoạt động tình nguyện nào vì cộng đồng sẽ được cộng thêm điểm vào thành tích công tác xã hội?,các hoạt động tình nguyện vì cộng đồng nào được cộng điểm công tác xã hội?,632
Những hoạt động công ích nào sẽ được tính điểm công tác xã hội?,các hoạt động công ích nào được tính điểm công tác xã hội?,633
Hoạt động tình nguyện nào được cộng điểm trong hồ sơ công tác xã hội?,các hoạt động công ích nào được tính điểm công tác xã hội?,633
Loại hoạt động xã hội nào có thể lấy điểm cho mục công tác xã hội?,các hoạt động công ích nào được tính điểm công tác xã hội?,633
Sinh viên làm những việc công ích gì thì được tính vào điểm công tác xã hội?,các hoạt động công ích nào được tính điểm công tác xã hội?,633
Danh mục các hoạt động thiện nguyện nào được ghi nhận điểm công tác xã hội?,các hoạt động công ích nào được tính điểm công tác xã hội?,633
Các hoạt động về môi trường và pháp luật có được cộng điểm công tác xã hội hay không?,hoạt động môi trường và pháp luật có được cộng điểm công tác xã hội không?,634
Mình muốn hỏi xem việc tham gia lĩnh vực môi trường và pháp luật có tính vào điểm công tác xã hội không nhé?,hoạt động môi trường và pháp luật có được cộng điểm công tác xã hội không?,634
Những hoạt động liên quan đến môi trường và luật pháp có được cộng điểm trong phần công tác xã hội không?,hoạt động môi trường và pháp luật có được cộng điểm công tác xã hội không?,634
Bạn cho biết hoạt động môi trường cùng pháp luật có được cộng điểm cho phần công tác xã hội không vậy?,hoạt động môi trường và pháp luật có được cộng điểm công tác xã hội không?,634
Liệu các hoạt động thuộc phạm vi môi trường và pháp luật có được ghi nhận là điểm công tác xã hội hay không?,hoạt động môi trường và pháp luật có được cộng điểm công tác xã hội không?,634
Công tác chăm sóc đối tượng chính sách và người khó khăn gồm những nội dung nào?,hoạt động chăm lo đối tượng chính sách và người khó khăn bao gồm những gì?,635
Những hoạt động nào thuộc về việc hỗ trợ đối tượng chính sách và người có hoàn cảnh khó khăn?,hoạt động chăm lo đối tượng chính sách và người khó khăn bao gồm những gì?,635
"Việc quan tâm, giúp đỡ đối tượng chính sách và người khó khăn bao hàm những gì?",hoạt động chăm lo đối tượng chính sách và người khó khăn bao gồm những gì?,635
Các biện pháp hỗ trợ đối tượng chính sách cũng như người dân gặp khó khăn được tổ chức ra sao?,hoạt động chăm lo đối tượng chính sách và người khó khăn bao gồm những gì?,635
Những hành động cụ thể nào được thực hiện để chăm lo cho đối tượng chính sách và người khó khăn?,hoạt động chăm lo đối tượng chính sách và người khó khăn bao gồm những gì?,635
Những hoạt động giáo dục và hỗ trợ cộng đồng nào sẽ được cộng vào điểm công tác xã hội?,hoạt động giáo dục và hỗ trợ địa phương nào được tính điểm công tác xã hội?,636
Loại hoạt động nào trong mảng giáo dục và giúp đỡ địa phương có thể được tính điểm cho công tác xã hội?,hoạt động giáo dục và hỗ trợ địa phương nào được tính điểm công tác xã hội?,636
Sinh viên cần thực hiện những công việc giáo dục và hỗ trợ địa phương gì để được tính điểm công tác xã hội?,hoạt động giáo dục và hỗ trợ địa phương nào được tính điểm công tác xã hội?,636
"Trong các hoạt động giáo dục và hỗ trợ địa phương, mục nào được ghi nhận vào điểm công tác xã hội?",hoạt động giáo dục và hỗ trợ địa phương nào được tính điểm công tác xã hội?,636
Hoạt động giáo dục hay hỗ trợ địa phương nào sẽ được đưa vào bảng tính điểm công tác xã hội của sinh viên?,hoạt động giáo dục và hỗ trợ địa phương nào được tính điểm công tác xã hội?,636
Cán bộ đoàn thể có được tính điểm công tác xã hội hay không?,nhiệm vụ cán bộ đoàn thể có được tính điểm công tác xã hội không?,637
Nhiệm vụ của cán bộ đoàn thể có được cộng điểm vào công tác xã hội không?,nhiệm vụ cán bộ đoàn thể có được tính điểm công tác xã hội không?,637
Có tính điểm công tác xã hội cho cán bộ làm việc tại đoàn thể không?,nhiệm vụ cán bộ đoàn thể có được tính điểm công tác xã hội không?,637
Việc thực hiện nhiệm vụ ở đoàn thể có được ghi nhận bằng điểm công tác xã hội không?,nhiệm vụ cán bộ đoàn thể có được tính điểm công tác xã hội không?,637
Cán bộ đoàn thể có được hưởng điểm công tác xã hội khi hoàn thành nhiệm vụ không?,nhiệm vụ cán bộ đoàn thể có được tính điểm công tác xã hội không?,637
Những hoạt động văn hóa và nghệ thuật nào không được tính là ngày công tác xã hội?,"những hoạt động văn hóa, nghệ thuật nào không được tính ngày công tác xã hội?",638
Hoạt động văn hóa nghệ thuật nào sẽ không được ghi nhận là ngày công tác xã hội?,"những hoạt động văn hóa, nghệ thuật nào không được tính ngày công tác xã hội?",638
Bạn có thể cho biết những hoạt động văn hóa nghệ thuật nào bị loại trừ khỏi ngày công tác xã hội không?,"những hoạt động văn hóa, nghệ thuật nào không được tính ngày công tác xã hội?",638
"Theo quy định, hoạt động văn hóa nghệ thuật nào không được tính vào ngày công tác xã hội?","những hoạt động văn hóa, nghệ thuật nào không được tính ngày công tác xã hội?",638
"Những hoạt động về văn hóa, nghệ thuật nào không nằm trong danh sách ngày công tác xã hội?","những hoạt động văn hóa, nghệ thuật nào không được tính ngày công tác xã hội?",638
Việc tham quan và du lịch có được xem là ngày công tác xã hội không?,tham quan và du lịch có được tính ngày công tác xã hội không?,639
Có tính ngày công tác xã hội cho các hoạt động tham quan du lịch hay không?,tham quan và du lịch có được tính ngày công tác xã hội không?,639
Tôi muốn biết liệu đi tham quan và du lịch có được tính vào ngày công tác xã hội không.,tham quan và du lịch có được tính ngày công tác xã hội không?,639
Các ngày đi tham quan du lịch có được công nhận là ngày làm việc xã hội không?,tham quan và du lịch có được tính ngày công tác xã hội không?,639
Làm sao để biết việc tham quan du lịch có được tính là ngày công tác xã hội hay không?,tham quan và du lịch có được tính ngày công tác xã hội không?,639
Sinh viên tham gia hội thảo và sinh hoạt câu lạc bộ có được cộng điểm công tác xã hội không?,tham dự hội thảo và sinh hoạt câu lạc bộ có được cộng điểm công tác xã hội không?,640
Việc tham dự hội thảo và sinh hoạt CLB có được tính điểm công tác xã hội hay không?,tham dự hội thảo và sinh hoạt câu lạc bộ có được cộng điểm công tác xã hội không?,640
Làm sao để biết việc đi hội thảo và sinh hoạt câu lạc bộ được cộng điểm công tác xã hội chưa?,tham dự hội thảo và sinh hoạt câu lạc bộ có được cộng điểm công tác xã hội không?,640
Có chính sách cộng điểm công tác xã hội cho những bạn tham gia hội thảo và sinh hoạt CLB không?,tham dự hội thảo và sinh hoạt câu lạc bộ có được cộng điểm công tác xã hội không?,640
Các hoạt động như hội thảo và sinh hoạt câu lạc bộ có được ghi nhận vào điểm công tác xã hội của sinh viên không?,tham dự hội thảo và sinh hoạt câu lạc bộ có được cộng điểm công tác xã hội không?,640
Sinh viên có nhận được điểm cộng hoạt động xã hội cho những công việc có lương hay không?,sinh viên có được cộng điểm công tác xã hội khi tham gia hoạt động có trả lương không?,641
Những sinh viên tham gia vào các hoạt động trả tiền có được cộng thêm điểm công tác xã hội không?,sinh viên có được cộng điểm công tác xã hội khi tham gia hoạt động có trả lương không?,641
Việc nhận thù lao cho hoạt động có ảnh hưởng đến việc sinh viên được cộng điểm xã hội không?,sinh viên có được cộng điểm công tác xã hội khi tham gia hoạt động có trả lương không?,641
Sinh viên có thể tích lũy điểm công tác xã hội khi làm các công việc có trả lương được không?,sinh viên có được cộng điểm công tác xã hội khi tham gia hoạt động có trả lương không?,641
Các hoạt động có chi trả tiền có tính vào điểm công tác xã hội của sinh viên hay không?,sinh viên có được cộng điểm công tác xã hội khi tham gia hoạt động có trả lương không?,641
Hình thức xử lý dành cho sinh viên đăng ký tham gia nhưng vắng mặt không báo lý do là gì?,hình thức xử lý khi sinh viên đăng ký tham gia nhưng vắng mặt không lý do là gì?,642
Trường hợp sinh viên đăng ký rồi không đến mà không có lý do thì bị xử lý thế nào?,hình thức xử lý khi sinh viên đăng ký tham gia nhưng vắng mặt không lý do là gì?,642
Quy định xử lý sinh viên đã đăng ký nhưng vắng mặt vô cớ được nêu như thế nào?,hình thức xử lý khi sinh viên đăng ký tham gia nhưng vắng mặt không lý do là gì?,642
Nếu sinh viên đăng ký tham gia mà không có lý do vắng mặt sẽ bị xử lý ra sao?,hình thức xử lý khi sinh viên đăng ký tham gia nhưng vắng mặt không lý do là gì?,642
Hình thức kỷ luật đối với sinh viên đăng ký nhưng vắng mặt không lý do là gì?,hình thức xử lý khi sinh viên đăng ký tham gia nhưng vắng mặt không lý do là gì?,642
Sinh viên nào không làm xong nhiệm vụ và gây hại cho nhà trường sẽ bị xử lý ra sao?,sinh viên không hoàn thành nhiệm vụ và gây ảnh hưởng xấu đến nhà trường sẽ bị xử lý như thế nào?,643
"Nếu sinh viên vi phạm bằng cách không hoàn thành nhiệm vụ và làm xấu uy tín nhà trường, hình phạt sẽ là gì?",sinh viên không hoàn thành nhiệm vụ và gây ảnh hưởng xấu đến nhà trường sẽ bị xử lý như thế nào?,643
Nhà trường sẽ xử lý sinh viên thế nào khi họ không hoàn thành nhiệm vụ và để lại hậu quả tiêu cực?,sinh viên không hoàn thành nhiệm vụ và gây ảnh hưởng xấu đến nhà trường sẽ bị xử lý như thế nào?,643
Những sinh viên chưa hoàn thành nhiệm vụ đồng thời gây ảnh hưởng xấu đến danh dự nhà trường sẽ chịu hình thức xử lý gì?,sinh viên không hoàn thành nhiệm vụ và gây ảnh hưởng xấu đến nhà trường sẽ bị xử lý như thế nào?,643
Trường hợp sinh viên bỏ dở nhiệm vụ và gây tổn hại đến nhà trường thì sẽ bị xử lý theo quy định nào?,sinh viên không hoàn thành nhiệm vụ và gây ảnh hưởng xấu đến nhà trường sẽ bị xử lý như thế nào?,643
Sinh viên tìm hiểu thông tin về các hoạt động công tác xã hội tại địa điểm nào?,sinh viên theo dõi thông tin các hoạt động công tác xã hội ở đâu?,644
Ở đâu sinh viên có thể theo dõi được các hoạt động công tác xã hội?,sinh viên theo dõi thông tin các hoạt động công tác xã hội ở đâu?,644
Vị trí nào cho phép sinh viên nắm bắt thông tin về hoạt động công tác xã hội?,sinh viên theo dõi thông tin các hoạt động công tác xã hội ở đâu?,644
Sinh viên cần đến đâu để xem thông tin các hoạt động công tác xã hội?,sinh viên theo dõi thông tin các hoạt động công tác xã hội ở đâu?,644
Nguồn nào cung cấp thông tin về các hoạt động công tác xã hội cho sinh viên theo dõi?,sinh viên theo dõi thông tin các hoạt động công tác xã hội ở đâu?,644
Làm thế nào để đăng ký tham gia các hoạt động công tác xã hội?,cách thức đăng ký tham gia hoạt động công tác xã hội như thế nào?,645
Quy trình đăng ký tham gia hoạt động công tác xã hội diễn ra ra sao?,cách thức đăng ký tham gia hoạt động công tác xã hội như thế nào?,645
"Để tham gia hoạt động công tác xã hội, mình cần đăng ký theo cách nào?",cách thức đăng ký tham gia hoạt động công tác xã hội như thế nào?,645
Cách thức để trở thành thành viên tham gia các hoạt động công tác xã hội là gì?,cách thức đăng ký tham gia hoạt động công tác xã hội như thế nào?,645
Bạn có thể hướng dẫn mình cách đăng ký tham gia hoạt động công tác xã hội không?,cách thức đăng ký tham gia hoạt động công tác xã hội như thế nào?,645
Sinh viên cần chuẩn bị những gì để tham gia hoạt động công tác xã hội do đơn vị bên ngoài nhà trường tổ chức?,sinh viên cần làm gì khi tham gia hoạt động công tác xã hội do đơn vị ngoài trường tổ chức?,646
"Khi có chương trình hoạt động công tác xã hội từ bên ngoài trường, sinh viên phải làm gì?",sinh viên cần làm gì khi tham gia hoạt động công tác xã hội do đơn vị ngoài trường tổ chức?,646
Quy trình sinh viên cần thực hiện khi đăng ký tham gia hoạt động xã hội do đơn vị ngoài trường chủ trì là gì?,sinh viên cần làm gì khi tham gia hoạt động công tác xã hội do đơn vị ngoài trường tổ chức?,646
"Để tham gia vào các hoạt động công tác xã hội do đơn vị ngoài trường tổ chức, sinh viên cần đáp ứng những yêu cầu nào?",sinh viên cần làm gì khi tham gia hoạt động công tác xã hội do đơn vị ngoài trường tổ chức?,646
Sinh viên cần làm những bước nào trước khi tham gia hoạt động công tác xã hội do bên ngoài nhà trường sắp xếp?,sinh viên cần làm gì khi tham gia hoạt động công tác xã hội do đơn vị ngoài trường tổ chức?,646
Quy trình xác nhận điểm sau khi kết thúc hoạt động công tác xã hội được thực hiện như thế nào?,quy trình xác nhận điểm sau khi kết thúc hoạt động công tác xã hội là gì?,647
Làm thế nào để xác nhận điểm cho sinh viên sau khi kết thúc hoạt động công tác xã hội?,quy trình xác nhận điểm sau khi kết thúc hoạt động công tác xã hội là gì?,647
"Sau khi hoàn thành hoạt động công tác xã hội, sinh viên cần đi qua những bước nào để được cấp điểm?",quy trình xác nhận điểm sau khi kết thúc hoạt động công tác xã hội là gì?,647
Nội dung quy trình phê duyệt điểm cho sinh viên sau khi kết thúc hoạt động xã hội là gì?,quy trình xác nhận điểm sau khi kết thúc hoạt động công tác xã hội là gì?,647
Các bước để xác định và công nhận điểm cho sinh viên sau hoạt động công tác xã hội diễn ra ra sao?,quy trình xác nhận điểm sau khi kết thúc hoạt động công tác xã hội là gì?,647
Sinh viên có thể tra cứu điểm công tác xã hội đã tích lũy trên trang web nào?,sinh viên có thể xem điểm công tác xã hội đã tích lũy ở trang web nào?,648
Tại trang web nào sinh viên có thể xem được điểm số công tác xã hội của mình?,sinh viên có thể xem điểm công tác xã hội đã tích lũy ở trang web nào?,648
Bạn biết trang web nào cho phép sinh viên kiểm tra điểm tích lũy về công tác xã hội không?,sinh viên có thể xem điểm công tác xã hội đã tích lũy ở trang web nào?,648
Sinh viên cần truy cập vào website nào để xem điểm công tác xã hội đã ghi nhận?,sinh viên có thể xem điểm công tác xã hội đã tích lũy ở trang web nào?,648
Điểm công tác xã hội đã tích lũy được hiển thị trên trang web nào dành cho sinh viên?,sinh viên có thể xem điểm công tác xã hội đã tích lũy ở trang web nào?,648
Sinh viên phải làm thế nào khi điểm công tác xã hội được nhập sai so với thông báo chính thức?,sinh viên cần làm gì nếu điểm công tác xã hội bị nhập sai so với công bố?,649
Làm gì nếu điểm công tác xã hội của sinh viên bị ghi nhầm khác với công bố?,sinh viên cần làm gì nếu điểm công tác xã hội bị nhập sai so với công bố?,649
"Khi điểm công tác xã hội không khớp với thông báo, sinh viên cần xử lý ra sao?",sinh viên cần làm gì nếu điểm công tác xã hội bị nhập sai so với công bố?,649
"Nếu điểm công tác xã hội bị nhập liệu sai lệch so với bản công bố, sinh viên cần làm gì?",sinh viên cần làm gì nếu điểm công tác xã hội bị nhập sai so với công bố?,649
"Trong trường hợp điểm công tác xã hội được ghi sai so với công bố, sinh viên phải thực hiện các bước gì?",sinh viên cần làm gì nếu điểm công tác xã hội bị nhập sai so với công bố?,649
Sinh viên được quyền khiếu nại về điểm công tác xã hội lên đến cấp nào?,sinh viên có quyền khiếu nại về điểm công tác xã hội lên cấp nào?,650
Ai là cấp cao nhất mà sinh viên có thể gửi đơn khiếu nại điểm công tác xã hội?,sinh viên có quyền khiếu nại về điểm công tác xã hội lên cấp nào?,650
Mức cao nhất sinh viên có thể khiếu nại điểm công tác xã hội là cấp gì?,sinh viên có quyền khiếu nại về điểm công tác xã hội lên cấp nào?,650
Điểm công tác xã hội nếu sinh viên không đồng ý thì có thể khiếu nại lên cơ quan nào?,sinh viên có quyền khiếu nại về điểm công tác xã hội lên cấp nào?,650
Giới hạn cấp độ khiếu nại về điểm công tác xã hội dành cho sinh viên là bao nhiêu?,sinh viên có quyền khiếu nại về điểm công tác xã hội lên cấp nào?,650
Sinh viên cần làm gì để nhận được bảng điểm công tác xã hội chính thức?,làm thế nào để sinh viên có được bảng điểm công tác xã hội chính thức?,651
Quy trình lấy bảng điểm chính thức về công tác xã hội cho sinh viên như thế nào?,làm thế nào để sinh viên có được bảng điểm công tác xã hội chính thức?,651
Làm sao sinh viên có thể xin được bảng điểm công tác xã hội có dấu đóng dấu?,làm thế nào để sinh viên có được bảng điểm công tác xã hội chính thức?,651
Ai có thể hướng dẫn sinh viên lấy bảng điểm công tác xã hội chính thức?,làm thế nào để sinh viên có được bảng điểm công tác xã hội chính thức?,651
Thủ tục để sinh viên sở hữu bảng điểm công tác xã hội hợp lệ là gì?,làm thế nào để sinh viên có được bảng điểm công tác xã hội chính thức?,651
Đơn vị nào được giao nhiệm vụ quản lý phần mềm và điểm công tác xã hội dành cho sinh viên?,đơn vị nào chịu trách nhiệm quản lý phần mềm và điểm công tác xã hội của sinh viên?,652
Ai là nơi phụ trách công tác quản lý phần mềm cũng như điểm số công tác xã hội của sinh viên?,đơn vị nào chịu trách nhiệm quản lý phần mềm và điểm công tác xã hội của sinh viên?,652
Hãy chỉ cho tôi đơn vị chịu trách nhiệm quản lý phần mềm và ghi nhận điểm công tác xã hội cho sinh viên.,đơn vị nào chịu trách nhiệm quản lý phần mềm và điểm công tác xã hội của sinh viên?,652
Bộ phận nào của trường nắm giữ trách nhiệm quản lý phần mềm và điểm công tác xã hội của sinh viên?,đơn vị nào chịu trách nhiệm quản lý phần mềm và điểm công tác xã hội của sinh viên?,652
Đơn vị nào là cơ quan quản lý chính đối với phần mềm và điểm số công tác xã hội của sinh viên?,đơn vị nào chịu trách nhiệm quản lý phần mềm và điểm công tác xã hội của sinh viên?,652
Đơn vị nào xem xét việc tốt nghiệp của sinh viên dựa trên điểm công tác xã hội?,đơn vị nào căn cứ vào điểm công tác xã hội để xét tốt nghiệp cho sinh viên?,653
Ai là đơn vị chịu trách nhiệm xét tốt nghiệp cho sinh viên theo điểm công tác xã hội?,đơn vị nào căn cứ vào điểm công tác xã hội để xét tốt nghiệp cho sinh viên?,653
Điểm công tác xã hội được dùng để xét tốt nghiệp bởi đơn vị nào?,đơn vị nào căn cứ vào điểm công tác xã hội để xét tốt nghiệp cho sinh viên?,653
Đơn vị nào căn cứ điểm công tác xã hội nhằm quyết định cho sinh viên tốt nghiệp?,đơn vị nào căn cứ vào điểm công tác xã hội để xét tốt nghiệp cho sinh viên?,653
Việc xét tốt nghiệp của sinh viên dựa trên điểm công tác xã hội thuộc thẩm quyền của đơn vị nào?,đơn vị nào căn cứ vào điểm công tác xã hội để xét tốt nghiệp cho sinh viên?,653
Phần thưởng dành cho sinh viên bao gồm những hạng mục nào?,nội dung khen thưởng sinh viên bao gồm những gì?,654
Nội dung khen thưởng dành cho sinh viên được quy định gồm những gì?,nội dung khen thưởng sinh viên bao gồm những gì?,654
Khi khen thưởng sinh viên thì những khoản nào sẽ được trao?,nội dung khen thưởng sinh viên bao gồm những gì?,654
Sinh viên sẽ nhận được những phần thưởng gì khi được khen?,nội dung khen thưởng sinh viên bao gồm những gì?,654
Những nội dung cụ thể nào được đưa vào phần khen thưởng cho sinh viên?,nội dung khen thưởng sinh viên bao gồm những gì?,654
Thời điểm nào sinh viên được nhận khen thưởng?,việc khen thưởng sinh viên được thực hiện vào thời điểm nào?,655
Khi nào nhà trường tiến hành khen thưởng sinh viên?,việc khen thưởng sinh viên được thực hiện vào thời điểm nào?,655
Việc trao thưởng cho sinh viên diễn ra vào lúc nào?,việc khen thưởng sinh viên được thực hiện vào thời điểm nào?,655
Sinh viên sẽ được khen thưởng vào thời gian nào?,việc khen thưởng sinh viên được thực hiện vào thời điểm nào?,655
Nhà trường thực hiện khen thưởng sinh viên vào lúc nào trong năm?,việc khen thưởng sinh viên được thực hiện vào thời điểm nào?,655
Những tiêu chuẩn chung để sinh viên được xét khen thưởng là gì?,những tiêu chuẩn chung để sinh viên được xét khen thưởng là gì?,656
Sinh viên cần đáp ứng những điều kiện nào để được xét khen thưởng?,những tiêu chuẩn chung để sinh viên được xét khen thưởng là gì?,656
"Để được khen thưởng, sinh viên phải đạt những tiêu chuẩn chung ra sao?",những tiêu chuẩn chung để sinh viên được xét khen thưởng là gì?,656
Các tiêu chí chung quy định về sinh viên được xét khen thưởng là gì?,những tiêu chuẩn chung để sinh viên được xét khen thưởng là gì?,656
Làm thế nào để sinh viên đủ điều kiện xét khen thưởng theo quy định chung?,những tiêu chuẩn chung để sinh viên được xét khen thưởng là gì?,656
Sinh viên được tham gia những hình thức khen thưởng nào?,có những hình thức khen thưởng nào dành cho sinh viên?,657
Nhà trường có những hình thức khen thưởng gì dành cho sinh viên không?,có những hình thức khen thưởng nào dành cho sinh viên?,657
Những hình thức khen thưởng nào hiện đang áp dụng cho sinh viên?,có những hình thức khen thưởng nào dành cho sinh viên?,657
Sinh viên có thể nhận được những phần thưởng nào từ phía nhà trường?,có những hình thức khen thưởng nào dành cho sinh viên?,657
Danh sách các hình thức khen thưởng dành riêng cho sinh viên là gì?,có những hình thức khen thưởng nào dành cho sinh viên?,657
Việc xét khen thưởng sinh viên được căn cứ vào những nguyên tắc nào?,việc xét khen thưởng sinh viên dựa trên những nguyên tắc nào?,658
Những nguyên tắc nào được áp dụng để xem xét khen thưởng sinh viên?,việc xét khen thưởng sinh viên dựa trên những nguyên tắc nào?,658
Sinh viên cần biết những nguyên tắc gì khi xét khen thưởng?,việc xét khen thưởng sinh viên dựa trên những nguyên tắc nào?,658
Cơ sở để xét khen thưởng sinh viên là những nguyên tắc nào?,việc xét khen thưởng sinh viên dựa trên những nguyên tắc nào?,658
Nguyên tắc nào chi phối quá trình xét khen thưởng sinh viên?,việc xét khen thưởng sinh viên dựa trên những nguyên tắc nào?,658
Liệu một thành tích có thể nhận được nhiều khoản thưởng từ quỹ khen thưởng của trường hay không?,một thành tích có được nhận nhiều nguồn thưởng từ quỹ khen thưởng của trường không?,659
Có được phép nhận đa dạng các nguồn thưởng từ quỹ khen thưởng của trường cho một thành tích không?,một thành tích có được nhận nhiều nguồn thưởng từ quỹ khen thưởng của trường không?,659
Một thành tích có khả năng nhận cùng lúc nhiều nguồn hỗ trợ từ quỹ khen thưởng của trường được không?,một thành tích có được nhận nhiều nguồn thưởng từ quỹ khen thưởng của trường không?,659
Trường có quy định cho phép một thành tích nhận nhiều loại thưởng từ quỹ khen thưởng không?,một thành tích có được nhận nhiều nguồn thưởng từ quỹ khen thưởng của trường không?,659
Bạn có thể giải thích xem một thành tích có được cấp nhiều nguồn thưởng từ quỹ của trường hay chỉ một nguồn duy nhất?,một thành tích có được nhận nhiều nguồn thưởng từ quỹ khen thưởng của trường không?,659
Điểm trung bình tối thiểu cần đạt để được xét khen thưởng là bao nhiêu?,điểm trung bình học tập tối thiểu để được xét khen thưởng là bao nhiêu?,660
"Để được khen thưởng, sinh viên cần có điểm trung bình học tập ít nhất là bao nhiêu?",điểm trung bình học tập tối thiểu để được xét khen thưởng là bao nhiêu?,660
Mức điểm trung bình thấp nhất để có quyền được xét khen thưởng là bao nhiêu?,điểm trung bình học tập tối thiểu để được xét khen thưởng là bao nhiêu?,660
Nhà trường quy định điểm trung bình tối thiểu bao nhiêu cho việc xét khen thưởng?,điểm trung bình học tập tối thiểu để được xét khen thưởng là bao nhiêu?,660
Bao nhiêu điểm trung bình trở lên thì mới đủ điều kiện để được khen thưởng?,điểm trung bình học tập tối thiểu để được xét khen thưởng là bao nhiêu?,660
Mức điểm rèn luyện tối thiểu cần đạt để được xét khen thưởng là bao nhiêu?,điểm rèn luyện tối thiểu để được xét khen thưởng là bao nhiêu?,661
Bạn cần có điểm rèn luyện bao nhiêu mới đủ điều kiện nhận phần thưởng?,điểm rèn luyện tối thiểu để được xét khen thưởng là bao nhiêu?,661
"Để được công nhận khen thưởng, sinh viên phải đạt điểm rèn luyện tối thiểu là bao nhiêu?",điểm rèn luyện tối thiểu để được xét khen thưởng là bao nhiêu?,661
Điểm thấp nhất trong rèn luyện mà sinh viên phải có để đủ tiêu chuẩn khen thưởng là bao nhiêu?,điểm rèn luyện tối thiểu để được xét khen thưởng là bao nhiêu?,661
Quy định cho biết cần đạt mức điểm rèn luyện bao nhiêu thì mới được xét thưởng?,điểm rèn luyện tối thiểu để được xét khen thưởng là bao nhiêu?,661
Những đối tượng nào sẽ không được xét tặng danh hiệu thi đua trong năm học này?,đối tượng nào không được xét danh hiệu thi đua năm học?,662
Ai là những người không đủ điều kiện để được xem xét phong danh hiệu thi đua năm nay?,đối tượng nào không được xét danh hiệu thi đua năm học?,662
Danh hiệu thi đua năm học năm nay sẽ không xét cho đối tượng nào?,đối tượng nào không được xét danh hiệu thi đua năm học?,662
Những ai bị loại khỏi việc xét tặng danh hiệu thi đua cho năm học?,đối tượng nào không được xét danh hiệu thi đua năm học?,662
Có những đối tượng cụ thể nào không được phép tham gia xét danh hiệu thi đua năm học không?,đối tượng nào không được xét danh hiệu thi đua năm học?,662
Sinh viên nào sẽ không được xét tặng danh hiệu thi đua cho toàn khóa học?,đối tượng nào không được xét danh hiệu thi đua toàn khóa học?,663
Danh hiệu thi đua toàn khóa học sẽ không xét đến đối tượng nào?,đối tượng nào không được xét danh hiệu thi đua toàn khóa học?,663
Ai là người không đủ điều kiện để nhận danh hiệu thi đua trong toàn bộ khóa học?,đối tượng nào không được xét danh hiệu thi đua toàn khóa học?,663
Đối tượng nào bị loại khỏi danh sách xét thưởng danh hiệu thi đua toàn khóa?,đối tượng nào không được xét danh hiệu thi đua toàn khóa học?,663
Những sinh viên nào không được phép được xét danh hiệu thi đua cho cả khóa?,đối tượng nào không được xét danh hiệu thi đua toàn khóa học?,663
Tiêu chí để được phong danh hiệu sinh viên giỏi trong năm học này là gì?,tiêu chuẩn để đạt danh hiệu sinh viên giỏi năm học là gì?,664
Em cần đạt những yêu cầu nào để nhận danh hiệu sinh viên giỏi năm nay?,tiêu chuẩn để đạt danh hiệu sinh viên giỏi năm học là gì?,664
Những điều kiện bắt buộc nào cần đáp ứng để trở thành sinh viên giỏi?,tiêu chuẩn để đạt danh hiệu sinh viên giỏi năm học là gì?,664
Trường quy định thế nào về việc xét phong tặng sinh viên giỏi cho năm học vừa qua?,tiêu chuẩn để đạt danh hiệu sinh viên giỏi năm học là gì?,664
"Để được công nhận là sinh viên giỏi, sinh viên cần phải thỏa mãn những tiêu chuẩn gì?",tiêu chuẩn để đạt danh hiệu sinh viên giỏi năm học là gì?,664
Tiêu chuẩn nào để được phong tặng danh hiệu sinh viên xuất sắc trong năm học?,tiêu chuẩn để đạt danh hiệu sinh viên xuất sắc năm học là gì?,665
"Để đạt danh hiệu sinh viên xuất sắc năm nay, sinh viên cần đáp ứng những điều kiện gì?",tiêu chuẩn để đạt danh hiệu sinh viên xuất sắc năm học là gì?,665
Những tiêu chí đánh giá sinh viên xuất sắc cho năm học này là gì?,tiêu chuẩn để đạt danh hiệu sinh viên xuất sắc năm học là gì?,665
Sinh viên cần làm gì để có đủ điều kiện nhận danh hiệu sinh viên xuất sắc?,tiêu chuẩn để đạt danh hiệu sinh viên xuất sắc năm học là gì?,665
"Năm học này, việc xét phong tặng sinh viên xuất sắc dựa trên những yêu cầu nào?",tiêu chuẩn để đạt danh hiệu sinh viên xuất sắc năm học là gì?,665
Sinh viên được trao giấy khen danh hiệu thi đua cá nhân tại địa điểm nào?,sinh viên đạt danh hiệu thi đua cá nhân nhận giấy khen ở đâu?,666
Ở đâu thì sinh viên nhận giấy khen cho danh hiệu thi đua cá nhân?,sinh viên đạt danh hiệu thi đua cá nhân nhận giấy khen ở đâu?,666
Nơi nào diễn ra buổi lễ trao giấy khen cho sinh viên đạt danh hiệu thi đua cá nhân?,sinh viên đạt danh hiệu thi đua cá nhân nhận giấy khen ở đâu?,666
Sinh viên có thể nhận giấy khen danh hiệu cá nhân tại vị trí nào?,sinh viên đạt danh hiệu thi đua cá nhân nhận giấy khen ở đâu?,666
Địa điểm trao giấy khen cho sinh viên đạt danh hiệu thi đua cá nhân là nơi nào?,sinh viên đạt danh hiệu thi đua cá nhân nhận giấy khen ở đâu?,666
Sinh viên đứng đầu danh hiệu thi đua ngành-khóa-khoa sẽ nhận được mức thưởng bao nhiêu?,mức thưởng cho sinh viên đạt danh hiệu thi đua đứng thứ nhất ngành-khóa-khoa là bao nhiêu?,667
Mức tiền thưởng dành cho sinh viên xuất sắc nhất ngành-khóa-khoa là bao nhiêu?,mức thưởng cho sinh viên đạt danh hiệu thi đua đứng thứ nhất ngành-khóa-khoa là bao nhiêu?,667
Ai là người nhận thưởng và số tiền thưởng cho vị trí thứ nhất trong danh hiệu thi đua ngành-khóa-khoa?,mức thưởng cho sinh viên đạt danh hiệu thi đua đứng thứ nhất ngành-khóa-khoa là bao nhiêu?,667
Khoản thưởng cụ thể cho sinh viên đạt giải nhất danh hiệu thi đua tại cấp ngành-khóa-khoa là bao nhiêu?,mức thưởng cho sinh viên đạt danh hiệu thi đua đứng thứ nhất ngành-khóa-khoa là bao nhiêu?,667
Sinh viên nào đứng thứ nhất ngành-khóa-khoa sẽ được phát thưởng bao nhiêu tiền?,mức thưởng cho sinh viên đạt danh hiệu thi đua đứng thứ nhất ngành-khóa-khoa là bao nhiêu?,667
"Sinh viên đạt danh hiệu thi đua hạng nhì của ngành, khóa hoặc khoa thì được thưởng bao nhiêu?",mức thưởng cho sinh viên đạt danh hiệu thi đua đứng thứ nhì ngành-khóa-khoa là bao nhiêu?,668
"Mức thưởng dành cho bạn đạt giải nhì cấp ngành, cấp khóa hay cấp khoa là bao nhiêu tiền?",mức thưởng cho sinh viên đạt danh hiệu thi đua đứng thứ nhì ngành-khóa-khoa là bao nhiêu?,668
"Nếu sinh viên đạt danh hiệu thi đua đứng thứ nhì trong ngành, khóa hoặc khoa, số tiền thưởng cụ thể là bao nhiêu?",mức thưởng cho sinh viên đạt danh hiệu thi đua đứng thứ nhì ngành-khóa-khoa là bao nhiêu?,668
"Bạn cho tôi biết mức thưởng cho sinh viên đạt giải nhì thuộc ngành, khóa hay khoa có bao nhiêu không?",mức thưởng cho sinh viên đạt danh hiệu thi đua đứng thứ nhì ngành-khóa-khoa là bao nhiêu?,668
"Đối với sinh viên đạt danh hiệu thi đua hạng nhì của ngành, khóa hoặc khoa thì phần thưởng được quy định bao nhiêu?",mức thưởng cho sinh viên đạt danh hiệu thi đua đứng thứ nhì ngành-khóa-khoa là bao nhiêu?,668
"Sinh viên đạt danh hiệu thi đua đứng thứ ba cấp ngành, khoa và khóa thì được nhận mức thưởng bao nhiêu?",mức thưởng cho sinh viên đạt danh hiệu thi đua đứng thứ ba ngành-khóa-khoa là bao nhiêu?,669
"Mức tiền thưởng dành cho sinh viên xếp hạng thứ ba trong danh hiệu thi đua của ngành, khoa và khóa là bao nhiêu?",mức thưởng cho sinh viên đạt danh hiệu thi đua đứng thứ ba ngành-khóa-khoa là bao nhiêu?,669
Ai là người nhận mức thưởng cho vị trí thứ ba trong danh hiệu thi đua ngành-khoa-khóa và số tiền cụ thể là bao nhiêu?,mức thưởng cho sinh viên đạt danh hiệu thi đua đứng thứ ba ngành-khóa-khoa là bao nhiêu?,669
"Làm thế nào để biết mức thưởng dành riêng cho sinh viên đạt danh hiệu thi đua hạng ba của ngành, khoa và khóa?",mức thưởng cho sinh viên đạt danh hiệu thi đua đứng thứ ba ngành-khóa-khoa là bao nhiêu?,669
"Sinh viên đứng thứ ba trong danh hiệu thi đua cấp ngành, khoa, khóa sẽ nhận được khoản thưởng bằng bao nhiêu?",mức thưởng cho sinh viên đạt danh hiệu thi đua đứng thứ ba ngành-khóa-khoa là bao nhiêu?,669
Những tiêu chuẩn về kết quả học tập nào cần đạt được để được phong danh hiệu lớp sinh viên tiên tiến?,điều kiện về kết quả học tập để đạt danh hiệu lớp sinh viên tiên tiến là gì?,670
"Để nhận danh hiệu lớp sinh viên tiên tiến, điều kiện về điểm số và kết quả học tập cụ thể là gì?",điều kiện về kết quả học tập để đạt danh hiệu lớp sinh viên tiên tiến là gì?,670
Trường có quy định những điều kiện nào về thành tích học tập cho sinh viên muốn đạt danh hiệu lớp tiên tiến không?,điều kiện về kết quả học tập để đạt danh hiệu lớp sinh viên tiên tiến là gì?,670
Sinh viên cần duy trì kết quả học tập như thế nào thì mới đủ điều kiện nhận danh hiệu lớp tiên tiến?,điều kiện về kết quả học tập để đạt danh hiệu lớp sinh viên tiên tiến là gì?,670
Làm thế nào để đạt được danh hiệu lớp sinh viên tiên tiến về mặt điều kiện kết quả học tập?,điều kiện về kết quả học tập để đạt danh hiệu lớp sinh viên tiên tiến là gì?,670
Điều kiện về kỷ luật cần đáp ứng để được xét danh hiệu lớp sinh viên tiên tiến là gì?,điều kiện về kỷ luật để xét danh hiệu lớp sinh viên tiên tiến là gì?,671
Làm thế nào về mặt kỷ luật mà một lớp sinh viên phải đạt được mới đủ điều kiện xét danh hiệu tiên tiến?,điều kiện về kỷ luật để xét danh hiệu lớp sinh viên tiên tiến là gì?,671
Tiêu chuẩn kỷ luật cụ thể cho việc xét tặng danh hiệu lớp sinh viên tiên tiến là gì?,điều kiện về kỷ luật để xét danh hiệu lớp sinh viên tiên tiến là gì?,671
Các lớp sinh viên cần tuân thủ những quy định về kỷ luật nào thì mới được cân nhắc cho danh hiệu tiên tiến?,điều kiện về kỷ luật để xét danh hiệu lớp sinh viên tiên tiến là gì?,671
"Để được phong danh hiệu lớp sinh viên tiên tiến, lớp đó cần đạt yêu cầu về kỷ luật ra sao?",điều kiện về kỷ luật để xét danh hiệu lớp sinh viên tiên tiến là gì?,671
Những hoạt động phong trào nào là cần thiết cho việc xét lớp sinh viên tiên tiến?,các hoạt động phong trào cần thiết để xét lớp sinh viên tiên tiến là gì?,672
"Để xét danh hiệu sinh viên tiên tiến, chúng ta cần thực hiện những hoạt động phong trào gì?",các hoạt động phong trào cần thiết để xét lớp sinh viên tiên tiến là gì?,672
Sinh viên cần tham gia những hoạt động phong trào gì để đủ điều kiện xét lớp tiên tiến?,các hoạt động phong trào cần thiết để xét lớp sinh viên tiên tiến là gì?,672
Danh sách các hoạt động phong trào cần thiết cho kỳ xét sinh viên tiên tiến gồm những gì?,các hoạt động phong trào cần thiết để xét lớp sinh viên tiên tiến là gì?,672
Cần tiến hành những hoạt động phong trào nào để sinh viên được xét vào lớp tiên tiến?,các hoạt động phong trào cần thiết để xét lớp sinh viên tiên tiến là gì?,672
Điều kiện để được phong danh hiệu lớp sinh viên xuất sắc là gì?,tiêu chuẩn để đạt danh hiệu lớp sinh viên xuất sắc là gì?,673
Tiêu chí lựa chọn sinh viên xuất sắc cho một lớp học cụ thể là như thế nào?,tiêu chuẩn để đạt danh hiệu lớp sinh viên xuất sắc là gì?,673
Một lớp cần đáp ứng những yêu cầu gì mới được gọi là lớp sinh viên xuất sắc?,tiêu chuẩn để đạt danh hiệu lớp sinh viên xuất sắc là gì?,673
Làm thế nào để một lớp đạt danh hiệu sinh viên xuất sắc?,tiêu chuẩn để đạt danh hiệu lớp sinh viên xuất sắc là gì?,673
Các yêu cầu bắt buộc để công nhận lớp là lớp sinh viên xuất sắc là gì?,tiêu chuẩn để đạt danh hiệu lớp sinh viên xuất sắc là gì?,673
Phần thưởng dành cho tập thể lớp sinh viên xuất sắc là bao nhiêu tiền?,mức thưởng cho tập thể lớp sinh viên xuất sắc là bao nhiêu?,674
Tập thể lớp sinh viên xuất sắc sẽ nhận được mức thưởng cụ thể là bao nhiêu?,mức thưởng cho tập thể lớp sinh viên xuất sắc là bao nhiêu?,674
Số tiền thưởng cho tập thể lớp sinh viên xuất sắc được quy định là bao nhiêu?,mức thưởng cho tập thể lớp sinh viên xuất sắc là bao nhiêu?,674
Mức thưởng mà tập thể lớp sinh viên xuất sắc nhận được là bao nhiêu?,mức thưởng cho tập thể lớp sinh viên xuất sắc là bao nhiêu?,674
Chúng ta được thưởng bao nhiêu cho tập thể lớp sinh viên xuất sắc?,mức thưởng cho tập thể lớp sinh viên xuất sắc là bao nhiêu?,674
Tiêu chuẩn để được phong danh hiệu sinh viên giỏi toàn khóa khi tốt nghiệp là gì?,tiêu chuẩn đạt danh hiệu sinh viên giỏi toàn khóa khi tốt nghiệp là gì?,675
"Để nhận danh hiệu sinh viên giỏi toàn khóa, sinh viên cần đạt những điều kiện nào khi ra trường?",tiêu chuẩn đạt danh hiệu sinh viên giỏi toàn khóa khi tốt nghiệp là gì?,675
Làm thế nào để trở thành sinh viên giỏi toàn khóa khi kết thúc chương trình học?,tiêu chuẩn đạt danh hiệu sinh viên giỏi toàn khóa khi tốt nghiệp là gì?,675
Danh hiệu sinh viên giỏi toàn khóa yêu cầu những tiêu chí gì đối với sinh viên sắp tốt nghiệp?,tiêu chuẩn đạt danh hiệu sinh viên giỏi toàn khóa khi tốt nghiệp là gì?,675
Những điều kiện bắt buộc nào để sinh viên được phong danh hiệu giỏi toàn khóa?,tiêu chuẩn đạt danh hiệu sinh viên giỏi toàn khóa khi tốt nghiệp là gì?,675
Tiêu chuẩn để sinh viên đạt danh hiệu xuất sắc toàn khóa khi tốt nghiệp là gì?,tiêu chuẩn đạt danh hiệu sinh viên xuất sắc toàn khóa khi tốt nghiệp là gì?,676
"Để được phong danh hiệu sinh viên xuất sắc toàn khóa, sinh viên cần đạt những yêu cầu nào?",tiêu chuẩn đạt danh hiệu sinh viên xuất sắc toàn khóa khi tốt nghiệp là gì?,676
Điều kiện cần thiết cho sinh viên tốt nghiệp với danh hiệu xuất sắc toàn khóa là gì?,tiêu chuẩn đạt danh hiệu sinh viên xuất sắc toàn khóa khi tốt nghiệp là gì?,676
Sinh viên phải đáp ứng những tiêu chí nào mới được nhận danh hiệu xuất sắc toàn khóa khi tốt nghiệp?,tiêu chuẩn đạt danh hiệu sinh viên xuất sắc toàn khóa khi tốt nghiệp là gì?,676
Các yêu cầu để sinh viên hoàn thành khóa học với danh hiệu xuất sắc toàn khóa ra sao?,tiêu chuẩn đạt danh hiệu sinh viên xuất sắc toàn khóa khi tốt nghiệp là gì?,676
Tiêu chuẩn để được gọi là thủ khoa ngành và khóa học là gì?,thế nào là danh hiệu tốt nghiệp thủ khoa ngành và khóa học?,677
Làm thế nào để xác định mình là thủ khoa của ngành và khóa học đó?,thế nào là danh hiệu tốt nghiệp thủ khoa ngành và khóa học?,677
Định nghĩa cụ thể về danh hiệu thủ khoa trong ngành và khóa học là gì?,thế nào là danh hiệu tốt nghiệp thủ khoa ngành và khóa học?,677
Điều kiện cần thiết để nhận danh hiệu thủ khoa ngành và khóa học như thế nào?,thế nào là danh hiệu tốt nghiệp thủ khoa ngành và khóa học?,677
Thủ khoa ngành và khóa học được hiểu như thế nào trong trường học?,thế nào là danh hiệu tốt nghiệp thủ khoa ngành và khóa học?,677
Tiêu chí để được phong thưởng tốt nghiệp sớm là gì?,tiêu chuẩn để được khen thưởng tốt nghiệp trước thời hạn là gì?,678
Muốn được khen thưởng tốt nghiệp trước hạn thì cần đáp ứng điều kiện nào?,tiêu chuẩn để được khen thưởng tốt nghiệp trước thời hạn là gì?,678
Điều kiện để sinh viên nhận thưởng tốt nghiệp sớm là gì?,tiêu chuẩn để được khen thưởng tốt nghiệp trước thời hạn là gì?,678
Làm thế nào để được ghi nhận và khen thưởng khi tốt nghiệp trước thời gian quy định?,tiêu chuẩn để được khen thưởng tốt nghiệp trước thời hạn là gì?,678
Quy định về tiêu chuẩn khen thưởng cho sinh viên tốt nghiệp sớm ra sao?,tiêu chuẩn để được khen thưởng tốt nghiệp trước thời hạn là gì?,678
Tiêu chuẩn khen thưởng dành cho sinh viên có nhiều đóng góp cho phong trào chung khi tốt nghiệp là gì?,tiêu chuẩn khen thưởng sinh viên có nhiều đóng góp cho phong trào chung khi tốt nghiệp?,679
Nhà trường quy định thế nào về việc khen thưởng sinh viên tích cực tham gia phong trào khi ra trường?,tiêu chuẩn khen thưởng sinh viên có nhiều đóng góp cho phong trào chung khi tốt nghiệp?,679
"Để được khen thưởng khi tốt nghiệp, sinh viên cần có những đóng góp như thế nào cho phong trào chung?",tiêu chuẩn khen thưởng sinh viên có nhiều đóng góp cho phong trào chung khi tốt nghiệp?,679
Điều kiện để sinh viên nhận phần thưởng vì đã cống hiến cho phong trào chung khi tốt nghiệp là gì?,tiêu chuẩn khen thưởng sinh viên có nhiều đóng góp cho phong trào chung khi tốt nghiệp?,679
Quy định về khen thưởng cho sinh viên có nhiều hoạt động phong trào khi tốt nghiệp được nêu ra như thế nào?,tiêu chuẩn khen thưởng sinh viên có nhiều đóng góp cho phong trào chung khi tốt nghiệp?,679
Mức thưởng dành cho danh hiệu sinh viên xuất sắc toàn khóa là bao nhiêu?,mức thưởng cho danh hiệu sinh viên xuất sắc toàn khóa là bao nhiêu?,680
Sinh viên xuất sắc toàn khóa sẽ nhận được phần thưởng trị giá bao nhiêu?,mức thưởng cho danh hiệu sinh viên xuất sắc toàn khóa là bao nhiêu?,680
Phần thưởng cho danh hiệu sinh viên xuất sắc trong toàn khóa có giá bao nhiêu?,mức thưởng cho danh hiệu sinh viên xuất sắc toàn khóa là bao nhiêu?,680
Nhà trường trao bao nhiêu tiền cho sinh viên đạt danh hiệu xuất sắc toàn khóa?,mức thưởng cho danh hiệu sinh viên xuất sắc toàn khóa là bao nhiêu?,680
Số tiền thưởng dành cho sinh viên xuất sắc toàn khóa là bao nhiêu?,mức thưởng cho danh hiệu sinh viên xuất sắc toàn khóa là bao nhiêu?,680
Mức thưởng dành cho danh hiệu sinh viên giỏi toàn khóa là bao nhiêu tiền?,mức thưởng cho danh hiệu sinh viên giỏi toàn khóa là bao nhiêu?,681
Sinh viên được nhận danh hiệu giỏi toàn khóa sẽ nhận được phần thưởng bao nhiêu?,mức thưởng cho danh hiệu sinh viên giỏi toàn khóa là bao nhiêu?,681
Phần thưởng cụ thể cho sinh viên toàn khóa xuất sắc có bao nhiêu không?,mức thưởng cho danh hiệu sinh viên giỏi toàn khóa là bao nhiêu?,681
Trường trao bao nhiêu tiền thưởng cho những sinh viên đạt danh hiệu giỏi trong suốt khóa học?,mức thưởng cho danh hiệu sinh viên giỏi toàn khóa là bao nhiêu?,681
Sinh viên toàn khóa giỏi có quyền nhận mức thù lao bao nhiêu?,mức thưởng cho danh hiệu sinh viên giỏi toàn khóa là bao nhiêu?,681
Phần thưởng thêm dành cho thủ khoa ngành và khóa học có mức độ là bao nhiêu?,mức thưởng thêm cho thủ khoa ngành và khóa học là bao nhiêu?,682
Số tiền thưởng bổ sung cho thủ khoa ngành cùng khóa học là bao nhiêu?,mức thưởng thêm cho thủ khoa ngành và khóa học là bao nhiêu?,682
Thủ khoa ngành và khóa học được nhận thêm bao nhiêu tiền thưởng?,mức thưởng thêm cho thủ khoa ngành và khóa học là bao nhiêu?,682
Mức thưởng phụ trợ dành riêng cho thủ khoa ngành và khóa học là bao nhiêu?,mức thưởng thêm cho thủ khoa ngành và khóa học là bao nhiêu?,682
Cho biết con số phần thưởng thêm của thủ khoa ngành và khóa học là bao nhiêu?,mức thưởng thêm cho thủ khoa ngành và khóa học là bao nhiêu?,682
Sinh viên ra trường sớm được thưởng bổ sung bao nhiêu tiền?,sinh viên tốt nghiệp trước thời hạn được thưởng thêm bao nhiêu?,683
Những bạn tốt nghiệp trước hạn sẽ nhận thêm khoản thưởng là bao nhiêu?,sinh viên tốt nghiệp trước thời hạn được thưởng thêm bao nhiêu?,683
Khoản thưởng thêm cho sinh viên hoàn thành chương trình sớm là bao nhiêu?,sinh viên tốt nghiệp trước thời hạn được thưởng thêm bao nhiêu?,683
Sinh viên dự bị tốt nghiệp sớm được cộng thêm bao nhiêu phần thưởng?,sinh viên tốt nghiệp trước thời hạn được thưởng thêm bao nhiêu?,683
Mức thưởng dành cho sinh viên ra trường trước thời gian quy định là bao nhiêu?,sinh viên tốt nghiệp trước thời hạn được thưởng thêm bao nhiêu?,683
Sinh viên được cộng thêm bao nhiêu phần thưởng khi tốt nghiệp nếu có đóng góp cho phong trào chung?,sinh viên có đóng góp cho phong trào chung khi tốt nghiệp được thưởng thêm bao nhiêu?,684
"Khi tốt nghiệp, mức thưởng tăng thêm cho những sinh viên có công với phong trào chung là bao nhiêu?",sinh viên có đóng góp cho phong trào chung khi tốt nghiệp được thưởng thêm bao nhiêu?,684
Đóng góp cho phong trào chung khi tốt nghiệp sẽ giúp sinh viên nhận thêm bao nhiêu tiền thưởng?,sinh viên có đóng góp cho phong trào chung khi tốt nghiệp được thưởng thêm bao nhiêu?,684
Bao nhiêu tiền thưởng bổ sung dành cho sinh viên có đóng góp tích cực vào phong trào chung trước khi tốt nghiệp?,sinh viên có đóng góp cho phong trào chung khi tốt nghiệp được thưởng thêm bao nhiêu?,684
Sinh viên tham gia phong trào chung sẽ được thưởng thêm bao nhiêu khi hoàn thành khóa học và tốt nghiệp?,sinh viên có đóng góp cho phong trào chung khi tốt nghiệp được thưởng thêm bao nhiêu?,684
Danh hiệu thủ khoa tuyển sinh đại học sẽ được trao cho ai?,ai được xét danh hiệu thủ khoa tuyển sinh đại học?,685
Ai có quyền được phong tặng danh hiệu thủ khoa trong đợt tuyển sinh đại học này?,ai được xét danh hiệu thủ khoa tuyển sinh đại học?,685
Đối tượng nào sẽ được chọn để nhận danh hiệu thủ khoa khi tuyển sinh đại học?,ai được xét danh hiệu thủ khoa tuyển sinh đại học?,685
"Trong kỳ tuyển sinh đại học, ai là người duy nhất được gọi tên là thủ khoa?",ai được xét danh hiệu thủ khoa tuyển sinh đại học?,685
Ai sẽ là chủ nhân của danh hiệu thủ khoa trong đợt xét tuyển đại học sắp tới?,ai được xét danh hiệu thủ khoa tuyển sinh đại học?,685
Sinh thủ khoa trúng tuyển đại học sẽ nhận được mức học bổng bao nhiêu?,mức thưởng cho thủ khoa tuyển sinh đại học là bao nhiêu?,686
Trường có quy định mức tiền thưởng cụ thể cho thí sinh đỗ thủ khoa không?,mức thưởng cho thủ khoa tuyển sinh đại học là bao nhiêu?,686
Học bổng dành riêng cho thủ khoa tuyển sinh đại học là bao nhiêu tiền?,mức thưởng cho thủ khoa tuyển sinh đại học là bao nhiêu?,686
Bạn biết mức hỗ trợ tài chính cho thủ khoa mới nhập học là bao nhiêu không?,mức thưởng cho thủ khoa tuyển sinh đại học là bao nhiêu?,686
Mức trợ cấp hay học bổng cho thủ khoa của trường là con số bao nhiêu?,mức thưởng cho thủ khoa tuyển sinh đại học là bao nhiêu?,686
Sinh viên đoạt giải ở các kỳ thi Olympic hay nghiên cứu khoa học sẽ được khen thưởng ra sao?,sinh viên đạt giải trong các cuộc thi olympic hoặc nghiên cứu khoa học được khen thưởng như thế nào?,687
"Đối với sinh viên có thành tích xuất sắc tại cuộc thi Olympic hoặc nghiên cứu khoa học, cơ chế khen thưởng là gì?",sinh viên đạt giải trong các cuộc thi olympic hoặc nghiên cứu khoa học được khen thưởng như thế nào?,687
Các sinh viên giành huy chương trong các kỳ thi Olympic hay đạt giải nghiên cứu khoa học được thưởng như thế nào?,sinh viên đạt giải trong các cuộc thi olympic hoặc nghiên cứu khoa học được khen thưởng như thế nào?,687
Việc sinh viên đạt giải trong các cuộc thi Olympic hoặc nghiên cứu khoa học thì phần thưởng cụ thể là gì?,sinh viên đạt giải trong các cuộc thi olympic hoặc nghiên cứu khoa học được khen thưởng như thế nào?,687
Nhà trường khen thưởng cho sinh viên có thành tích trong các kỳ thi Olympic hay nghiên cứu khoa học theo hình thức nào?,sinh viên đạt giải trong các cuộc thi olympic hoặc nghiên cứu khoa học được khen thưởng như thế nào?,687
Quy trình xét khen thưởng cho các thành tích thi đấu năng khiếu và thể thao diễn ra như thế nào?,"quy trình xét khen thưởng cho các thành tích thi đấu năng khiếu, thể thao diễn ra như thế nào?",688
"Việc xét khen thưởng cho các thành tích thi đấu năng khiếu, thể thao được thực hiện theo quy trình ra sao?","quy trình xét khen thưởng cho các thành tích thi đấu năng khiếu, thể thao diễn ra như thế nào?",688
Các bước xét khen thưởng cho thành tích thi đấu năng khiếu và thể thao được tổ chức cụ thể thế nào?,"quy trình xét khen thưởng cho các thành tích thi đấu năng khiếu, thể thao diễn ra như thế nào?",688
"Quy định về quy trình xét khen thưởng cho học sinh, sinh viên có thành tích thi đấu năng khiếu, thể thao như thế nào?","quy trình xét khen thưởng cho các thành tích thi đấu năng khiếu, thể thao diễn ra như thế nào?",688
Làm thế nào để thực hiện quy trình xét khen thưởng cho các thành tích thi đấu năng khiếu và thể thao?,"quy trình xét khen thưởng cho các thành tích thi đấu năng khiếu, thể thao diễn ra như thế nào?",688
Sinh viên chưa hoàn thành chương trình đào tạo mà lại đăng ký môn học sẽ bị xử lý ra sao?,sinh viên không đăng ký môn học khi chưa hoàn thành chương trình đào tạo sẽ bị xử lý như thế nào?,689
Làm thế nào để xử lý trường hợp sinh viên đăng ký học khi chưa xong chương trình đào tạo?,sinh viên không đăng ký môn học khi chưa hoàn thành chương trình đào tạo sẽ bị xử lý như thế nào?,689
Hậu quả đối với sinh viên chưa hoàn thành khóa học nhưng vẫn đăng ký môn mới là gì?,sinh viên không đăng ký môn học khi chưa hoàn thành chương trình đào tạo sẽ bị xử lý như thế nào?,689
Trường hợp sinh viên vẫn đăng ký môn học dù chưa xong chương trình đào tạo thì bị xử lý thế nào?,sinh viên không đăng ký môn học khi chưa hoàn thành chương trình đào tạo sẽ bị xử lý như thế nào?,689
Quy định xử lý sinh viên đăng ký môn học khi chưa hoàn tất chương trình đào tạo như thế nào?,sinh viên không đăng ký môn học khi chưa hoàn thành chương trình đào tạo sẽ bị xử lý như thế nào?,689
Sinh viên bị mất trật tự hoặc làm việc riêng trong giờ học sẽ bị xử lý như thế nào?,hình thức xử lý đối với sinh viên mất trật tự hoặc làm việc riêng trong giờ học là gì?,690
Nhà trường có hình thức xử lý nào dành cho sinh viên gây mất trật tự hoặc làm việc riêng khi đang lên lớp?,hình thức xử lý đối với sinh viên mất trật tự hoặc làm việc riêng trong giờ học là gì?,690
Việc sinh viên mất trật tự hoặc làm việc riêng trong giờ học sẽ dẫn đến hình thức xử lý gì?,hình thức xử lý đối với sinh viên mất trật tự hoặc làm việc riêng trong giờ học là gì?,690
Hình thức xử lý cụ thể đối với sinh viên vi phạm quy định về mất trật tự hoặc làm việc riêng trong giờ học là gì?,hình thức xử lý đối với sinh viên mất trật tự hoặc làm việc riêng trong giờ học là gì?,690
"Khi sinh viên làm việc riêng hoặc mất trật tự trong giờ học, nhà trường sẽ áp dụng biện pháp xử lý như thế nào?",hình thức xử lý đối với sinh viên mất trật tự hoặc làm việc riêng trong giờ học là gì?,690
Mức kỷ luật dành cho hành vi học thay hay nhờ người khác làm hộ bài tập là bao nhiêu?,mức kỷ luật đối với hành vi học thay hoặc nhờ người khác học thay là gì?,691
Sinh viên bị phát hiện học thay hoặc nhờ người khác học thay sẽ bị xử lý như thế nào?,mức kỷ luật đối với hành vi học thay hoặc nhờ người khác học thay là gì?,691
Quy định xử phạt đối với trường hợp học thay hoặc thuê người học hộ là gì?,mức kỷ luật đối với hành vi học thay hoặc nhờ người khác học thay là gì?,691
Nhà trường áp dụng mức kỷ luật gì cho hành vi gian lận bằng cách học thay hay nhờ người khác làm bài?,mức kỷ luật đối với hành vi học thay hoặc nhờ người khác học thay là gì?,691
"Khi có hành vi học thay hoặc nhờ người khác làm hộ, sinh viên sẽ bị kỷ luật ra sao?",mức kỷ luật đối với hành vi học thay hoặc nhờ người khác học thay là gì?,691
Nếu sinh viên vi phạm quy định sinh hoạt vào đầu năm học hoặc đầu khóa học thì sẽ bị xử lý ra sao?,vi phạm quy định sinh hoạt đầu năm học hoặc đầu khóa học bị xử lý như thế nào?,692
Xử lý như thế nào đối với những trường hợp vi phạm nội quy sinh hoạt ngay từ đầu năm hoặc đầu khóa?,vi phạm quy định sinh hoạt đầu năm học hoặc đầu khóa học bị xử lý như thế nào?,692
Quy định xử lý sinh viên vi phạm quy tắc sinh hoạt khi mới bắt đầu năm học hoặc khóa học là gì?,vi phạm quy định sinh hoạt đầu năm học hoặc đầu khóa học bị xử lý như thế nào?,692
"Khi có hành vi vi phạm quy định sinh hoạt vào giai đoạn đầu năm hay đầu khóa, nhà trường sẽ xử lý thế nào?",vi phạm quy định sinh hoạt đầu năm học hoặc đầu khóa học bị xử lý như thế nào?,692
Hậu quả và mức độ xử lý dành cho sinh viên vi phạm quy định sinh hoạt vào đầu năm học hoặc đầu khóa học là gì?,vi phạm quy định sinh hoạt đầu năm học hoặc đầu khóa học bị xử lý như thế nào?,692
Việc gian lận hoặc mua bán chỗ đăng ký môn học sẽ bị xử lý như thế nào?,hành vi gian lận hoặc mua bán chỗ trong việc đăng ký môn học bị xử lý ra sao?,693
Sinh viên vi phạm bằng cách gian lận hay mua bán chỗ đăng ký môn học sẽ gặp hậu quả gì?,hành vi gian lận hoặc mua bán chỗ trong việc đăng ký môn học bị xử lý ra sao?,693
"Nếu bị phát hiện gian lận hoặc mua bán chỗ trong lúc đăng ký môn, nhà trường sẽ xử lý ra sao?",hành vi gian lận hoặc mua bán chỗ trong việc đăng ký môn học bị xử lý ra sao?,693
Chế độ xử lý đối với hành vi gian lận hoặc mua bán chỗ đăng ký môn học được quy định thế nào?,hành vi gian lận hoặc mua bán chỗ trong việc đăng ký môn học bị xử lý ra sao?,693
Hành vi gian lận hay mua bán chỗ đăng ký môn học sẽ dẫn đến hình thức xử lý gì?,hành vi gian lận hoặc mua bán chỗ trong việc đăng ký môn học bị xử lý ra sao?,693
Sinh viên mang tài liệu vào phòng thi hoặc đưa đề ra ngoài để nhờ giải hộ thì sẽ bị xử lý như thế nào?,sinh viên mang tài liệu vào phòng thi hoặc đưa đề thi ra ngoài nhờ giải hộ sẽ bị xử lý thế nào?,694
"Nếu sinh viên mang sách vở vào phòng thi hoặc đưa đề thi ra ngoài nhờ người khác giải hộ, hình phạt sẽ ra sao?",sinh viên mang tài liệu vào phòng thi hoặc đưa đề thi ra ngoài nhờ giải hộ sẽ bị xử lý thế nào?,694
Hành động mang tài liệu vào phòng thi hay đưa đề ra ngoài nhờ giải hộ của sinh viên sẽ dẫn đến mức xử lý gì?,sinh viên mang tài liệu vào phòng thi hoặc đưa đề thi ra ngoài nhờ giải hộ sẽ bị xử lý thế nào?,694
"Khi sinh viên vi phạm quy chế bằng cách mang tài liệu vào phòng thi hoặc nhờ giải hộ đề thi, nhà trường sẽ xử lý thế nào?",sinh viên mang tài liệu vào phòng thi hoặc đưa đề thi ra ngoài nhờ giải hộ sẽ bị xử lý thế nào?,694
Sinh viên có bị xử lý ra sao nếu mang tài liệu vào phòng thi hoặc đưa đề thi ra ngoài nhờ người khác giải hộ không?,sinh viên mang tài liệu vào phòng thi hoặc đưa đề thi ra ngoài nhờ giải hộ sẽ bị xử lý thế nào?,694
"Sinh viên vi phạm quy chế thi lần đầu bằng cách làm thay, kiểm tra thay hoặc nhờ người khác làm thay sẽ bị xử lý ra sao?","sinh viên có hành vi thi thay, kiểm tra thay hoặc nhờ người khác thi thay lần đầu sẽ bị xử lý như thế nào?",695
"Nếu bị phát hiện có hành vi thi thay, kiểm tra thay hoặc nhờ người khác thi thay vào lần đầu, sinh viên sẽ chịu hình phạt gì?","sinh viên có hành vi thi thay, kiểm tra thay hoặc nhờ người khác thi thay lần đầu sẽ bị xử lý như thế nào?",695
"Quy định xử lý đối với sinh viên lần đầu có hành vi thi thay, kiểm tra thay hay nhờ người khác thi thay là như thế nào?","sinh viên có hành vi thi thay, kiểm tra thay hoặc nhờ người khác thi thay lần đầu sẽ bị xử lý như thế nào?",695
"Khi sinh viên phạm lỗi lần đầu bằng việc làm thay bài, kiểm tra thay hoặc nhờ người khác thi, nhà trường sẽ xử lý thế nào?","sinh viên có hành vi thi thay, kiểm tra thay hoặc nhờ người khác thi thay lần đầu sẽ bị xử lý như thế nào?",695
"Sinh viên bị phát hiện thi thay, kiểm tra thay hoặc nhờ người khác thi thay vào lần đầu sẽ bị xử lý theo quy định nào?","sinh viên có hành vi thi thay, kiểm tra thay hoặc nhờ người khác thi thay lần đầu sẽ bị xử lý như thế nào?",695
Hình thức xử lý dành cho sinh viên tái phạm hành vi thi thay hoặc thuê người thi thay là gì?,hình thức xử lý đối với sinh viên tái phạm hành vi thi thay hoặc nhờ thi thay là gì?,696
"Khi sinh viên bị phát hiện tái phạm việc thi thay hay nhờ người thi thay, họ sẽ bị xử lý như thế nào?",hình thức xử lý đối với sinh viên tái phạm hành vi thi thay hoặc nhờ thi thay là gì?,696
Quy định về hình thức xử lý đối với sinh viên có hành vi tái phạm thi thay hoặc thuê thi thay ra sao?,hình thức xử lý đối với sinh viên tái phạm hành vi thi thay hoặc nhờ thi thay là gì?,696
Sinh viên nào tái phạm hành vi thi thay hoặc nhờ người thi thay sẽ chịu hình thức xử lý gì?,hình thức xử lý đối với sinh viên tái phạm hành vi thi thay hoặc nhờ thi thay là gì?,696
"Đối với trường hợp sinh viên tái phạm việc thi thay hay thuê người thi thay, hình thức xử lý áp dụng là gì?",hình thức xử lý đối với sinh viên tái phạm hành vi thi thay hoặc nhờ thi thay là gì?,696
"Khi sinh viên phát hiện việc sao chép tiểu luận, đồ án môn học hoặc khóa luận tốt nghiệp lần đầu, nhà trường sẽ xử lý như thế nào?","sinh viên sao chép tiểu luận, đồ án môn học hoặc khóa luận tốt nghiệp lần đầu bị xử lý ra sao?",697
"Nếu lần đầu bị phát hiện gian lận bằng cách sao chép trong tiểu luận, đồ án hay khóa luận tốt nghiệp, sinh viên phải đối mặt với hình thức xử lý gì?","sinh viên sao chép tiểu luận, đồ án môn học hoặc khóa luận tốt nghiệp lần đầu bị xử lý ra sao?",697
"Các biện pháp xử lý dành cho sinh viên có hành vi sao chép lần đầu trong các công trình như tiểu luận, đồ án hoặc khóa luận tốt nghiệp là gì?","sinh viên sao chép tiểu luận, đồ án môn học hoặc khóa luận tốt nghiệp lần đầu bị xử lý ra sao?",697
"Trường hợp sinh viên bị bắt quả tang sao chép nội dung lần đầu trên tiểu luận, đồ án môn học hay khóa luận tốt nghiệp thì sẽ bị xử lý ra sao?","sinh viên sao chép tiểu luận, đồ án môn học hoặc khóa luận tốt nghiệp lần đầu bị xử lý ra sao?",697
"Quy định xử lý hành vi sao chép lần đầu đối với sinh viên khi làm tiểu luận, đồ án hoặc khóa luận tốt nghiệp được áp dụng như thế nào?","sinh viên sao chép tiểu luận, đồ án môn học hoặc khóa luận tốt nghiệp lần đầu bị xử lý ra sao?",697
"Mức xử phạt đối với sinh viên tự học thay, thi thay hay làm thay đồ án, khóa luận được quy định như thế nào?","mức kỷ luật đối với hành vi tổ chức học thay, thi thay hoặc tổ chức làm thay đồ án, khóa luận là gì?",698
"Nếu sinh viên vi phạm bằng cách tự tổ chức học, thi hoặc làm thay đồ án, khóa luận thì sẽ bị kỷ luật ra sao?","mức kỷ luật đối với hành vi tổ chức học thay, thi thay hoặc tổ chức làm thay đồ án, khóa luận là gì?",698
"Quy định về hình thức kỷ luật dành cho hành vi thuê người học, thi hay làm đồ án, khóa luận thay mình là gì?","mức kỷ luật đối với hành vi tổ chức học thay, thi thay hoặc tổ chức làm thay đồ án, khóa luận là gì?",698
"Nhà trường áp dụng mức kỷ luật nào đối với trường hợp sinh viên tổ chức học, thi hoặc làm thay đồ án, khóa luận?","mức kỷ luật đối với hành vi tổ chức học thay, thi thay hoặc tổ chức làm thay đồ án, khóa luận là gì?",698
"Hành vi tổ chức cho người khác học, thi hay làm thay đồ án, khóa luận sẽ dẫn đến mức kỷ luật cụ thể gì?","mức kỷ luật đối với hành vi tổ chức học thay, thi thay hoặc tổ chức làm thay đồ án, khóa luận là gì?",698
Nếu sinh viên vắng mặt bảng tên hoặc mặc trang phục không đúng quy định từ 3 lần trở lên thì sẽ bị xử lý như thế nào?,sinh viên không mang bảng tên hoặc mặc sai trang phục từ 3 lần trở lên bị xử lý thế nào?,699
"Khi sinh viên vi phạm quy định về trang phục hoặc không đeo bảng tên liên tiếp 3 lần, nhà trường có hình thức xử lý gì?",sinh viên không mang bảng tên hoặc mặc sai trang phục từ 3 lần trở lên bị xử lý thế nào?,699
Quy định xử phạt sinh viên không mang bảng tên hay mặc sai đồ bộ 3 lần trở lên là gì?,sinh viên không mang bảng tên hoặc mặc sai trang phục từ 3 lần trở lên bị xử lý thế nào?,699
Sinh viên bị xử lý ra sao nếu đã 3 lần chưa đeo bảng tên hoặc mặc trang phục sai quy định?,sinh viên không mang bảng tên hoặc mặc sai trang phục từ 3 lần trở lên bị xử lý thế nào?,699
Hình thức kỷ luật dành cho sinh viên vi phạm 3 lần liên tiếp về vấn đề bảng tên hoặc trang phục là gì?,sinh viên không mang bảng tên hoặc mặc sai trang phục từ 3 lần trở lên bị xử lý thế nào?,699
Trường có quy định xử lý ra sao đối với học viên hút thuốc từ 3 lần trở lên trong khuôn viên?,hành vi hút thuốc lá trong khuôn viên trường từ 3 lần trở lên bị xử lý như thế nào?,700
Làm thế nào để xử lý những ai hút thuốc lá ở trường khi đã vi phạm đến 3 lần?,hành vi hút thuốc lá trong khuôn viên trường từ 3 lần trở lên bị xử lý như thế nào?,700
Hậu quả sẽ là gì nếu một người hút thuốc ba lần hoặc nhiều hơn tại khu vực của trường?,hành vi hút thuốc lá trong khuôn viên trường từ 3 lần trở lên bị xử lý như thế nào?,700
Quy chế của trường quy định hình phạt như thế nào cho hành vi hút thuốc từ 3 lần trở lên?,hành vi hút thuốc lá trong khuôn viên trường từ 3 lần trở lên bị xử lý như thế nào?,700
"Khi sinh viên hút thuốc tại trường đủ 3 lần, nhà trường sẽ xử lý cụ thể những gì?",hành vi hút thuốc lá trong khuôn viên trường từ 3 lần trở lên bị xử lý như thế nào?,700
"Nếu sinh viên uống rượu bia trong giờ học lần đầu, nhà trường sẽ xử lý như thế nào?","sinh viên bị xử lý như thế nào nếu uống rượu, bia trong giờ học lần đầu?",701
"Khi bị phát hiện uống rượu bia vào giờ giảng lần đầu, sinh viên sẽ bị xử lý ra sao?","sinh viên bị xử lý như thế nào nếu uống rượu, bia trong giờ học lần đầu?",701
Mức độ xử lý dành cho sinh viên uống rượu bia trong giờ học lần đầu là gì?,"sinh viên bị xử lý như thế nào nếu uống rượu, bia trong giờ học lần đầu?",701
Sinh viên có bị xử lý nếu lần đầu uống rượu bia trong giờ học không?,"sinh viên bị xử lý như thế nào nếu uống rượu, bia trong giờ học lần đầu?",701
"Trường hợp sinh viên uống rượu bia trong giờ học lần đầu, hình thức xử lý sẽ như thế nào?","sinh viên bị xử lý như thế nào nếu uống rượu, bia trong giờ học lần đầu?",701
Hình thức xử lý dành cho sinh viên vi phạm lần thứ ba khi uống rượu bia trong giờ học là gì?,"hình thức xử lý khi sinh viên uống rượu, bia trong giờ học đến lần thứ 3 là gì?",702
"Khi sinh viên uống rượu, bia vào giờ học đến lần thứ ba, nhà trường sẽ áp dụng hình thức xử lý nào?","hình thức xử lý khi sinh viên uống rượu, bia trong giờ học đến lần thứ 3 là gì?",702
Lần thứ ba sinh viên uống rượu bia trong giờ học thì sẽ bị xử lý bằng hình thức gì?,"hình thức xử lý khi sinh viên uống rượu, bia trong giờ học đến lần thứ 3 là gì?",702
Biện pháp xử lý đối với sinh viên uống rượu bia trong giờ học đến lần thứ ba là hình thức nào?,"hình thức xử lý khi sinh viên uống rượu, bia trong giờ học đến lần thứ 3 là gì?",702
Sinh viên uống rượu bia trong giờ học đến lần thứ ba sẽ nhận hình thức xử lý như thế nào?,"hình thức xử lý khi sinh viên uống rượu, bia trong giờ học đến lần thứ 3 là gì?",702
Thời điểm nào sinh viên sẽ bị buộc thôi học do uống rượu bia trong giờ học?,"sinh viên bị xử lý buộc thôi học vì uống rượu, bia trong giờ học khi nào?",703
Khi nào sinh viên sẽ bị xử lý buộc thôi học vì hành vi uống rượu bia trong giờ giảng?,"sinh viên bị xử lý buộc thôi học vì uống rượu, bia trong giờ học khi nào?",703
Sinh viên bị buộc thôi học vì uống rượu bia trong giờ học sẽ xảy ra vào lúc nào?,"sinh viên bị xử lý buộc thôi học vì uống rượu, bia trong giờ học khi nào?",703
Trường hợp nào thì sinh viên uống rượu bia trong giờ học sẽ bị buộc thôi học?,"sinh viên bị xử lý buộc thôi học vì uống rượu, bia trong giờ học khi nào?",703
Vào thời điểm nào sinh viên sẽ chịu hình thức buộc thôi học vì đã uống rượu bia trong giờ học?,"sinh viên bị xử lý buộc thôi học vì uống rượu, bia trong giờ học khi nào?",703
"Hành vi tổ chức uống rượu, bia trong giờ học gây mất trật tự sẽ bị xử lý ra sao?","hành vi tổ chức uống rượu, bia trong giờ học gây mất trật tự bị xử lý như thế nào?",704
Nếu sinh viên tổ chức uống rượu bia trong giờ học gây mất trật tự thì sẽ bị xử lý thế nào?,"hành vi tổ chức uống rượu, bia trong giờ học gây mất trật tự bị xử lý như thế nào?",704
"Việc tổ chức uống rượu, bia giữa giờ học dẫn đến mất trật tự sẽ chịu hình phạt gì?","hành vi tổ chức uống rượu, bia trong giờ học gây mất trật tự bị xử lý như thế nào?",704
Làm thế nào để xử lý cho hành vi tổ chức uống rượu bia gây mất trật tự trong giờ học?,"hành vi tổ chức uống rượu, bia trong giờ học gây mất trật tự bị xử lý như thế nào?",704
Tổ chức uống rượu bia trong giờ học gây rối trật tự sẽ bị xử lý nghiêm minh như thế nào?,"hành vi tổ chức uống rượu, bia trong giờ học gây mất trật tự bị xử lý như thế nào?",704
Hình thức xử lý dành cho sinh viên bị phát hiện chơi cờ bạc (dù dưới hình thức nào) ở lần thứ hai là gì?,hình thức xử lý đối với sinh viên chơi cờ bạc dưới mọi hình thức lần thứ 2 là gì?,705
"Khi một sinh viên vi phạm quy định về cờ bạc vào lần thứ hai, nhà trường sẽ áp dụng hình thức xử lý nào?",hình thức xử lý đối với sinh viên chơi cờ bạc dưới mọi hình thức lần thứ 2 là gì?,705
Sinh viên nào đã chơi cờ bạc dưới mọi hình thức và đây là lần thứ hai sẽ bị xử lý ra sao?,hình thức xử lý đối với sinh viên chơi cờ bạc dưới mọi hình thức lần thứ 2 là gì?,705
Mức độ xử lý dành cho sinh viên tái phạm hành vi chơi cờ bạc ở lần thứ hai là gì?,hình thức xử lý đối với sinh viên chơi cờ bạc dưới mọi hình thức lần thứ 2 là gì?,705
"Đối với sinh viên chơi cờ bạc (bất kỳ hình thức nào) ở lần thứ hai, hình thức xử lý cụ thể là gì?",hình thức xử lý đối với sinh viên chơi cờ bạc dưới mọi hình thức lần thứ 2 là gì?,705
Sinh viên có biểu hiện vô lễ với giảng viên và cán bộ nhà trường sẽ bị xử lý như thế nào?,"sinh viên có hành vi vô lễ với thầy, cô giáo và cán bộ viên chức nhà trường bị xử lý ra sao?",706
Hành vi thiếu lễ phép của sinh viên đối với thầy cô giáo và nhân viên trường học có bị xử phạt không?,"sinh viên có hành vi vô lễ với thầy, cô giáo và cán bộ viên chức nhà trường bị xử lý ra sao?",706
Nếu sinh viên vô lễ với giảng viên hay cán bộ viên chức thì quy định xử lý ra sao?,"sinh viên có hành vi vô lễ với thầy, cô giáo và cán bộ viên chức nhà trường bị xử lý ra sao?",706
Trường hợp sinh viên có thái độ vô lễ với giáo viên và nhân sự nhà trường sẽ bị xử lý thế nào?,"sinh viên có hành vi vô lễ với thầy, cô giáo và cán bộ viên chức nhà trường bị xử lý ra sao?",706
Sinh viên tỏ thái độ bất kính với thầy cô và cán bộ trường học thì bị xử lý ra sao?,"sinh viên có hành vi vô lễ với thầy, cô giáo và cán bộ viên chức nhà trường bị xử lý ra sao?",706
"Nếu sinh viên chưa đóng đủ học phí hoặc chậm hạn đóng, nhà trường sẽ xử lý như thế nào?",sinh viên không đóng học phí đúng hạn hoặc không đóng đủ mức tối thiểu quy định bị xử lý thế nào?,707
"Khi sinh viên không nộp đúng hạn hoặc số tiền đóng thấp hơn mức tối thiểu, họ sẽ gặp phải hình thức xử lý gì?",sinh viên không đóng học phí đúng hạn hoặc không đóng đủ mức tối thiểu quy định bị xử lý thế nào?,707
Nhà trường có biện pháp gì đối với những sinh viên vi phạm quy định về thời gian và số tiền đóng học phí?,sinh viên không đóng học phí đúng hạn hoặc không đóng đủ mức tối thiểu quy định bị xử lý thế nào?,707
Hậu quả dành cho sinh viên khi không đóng đủ học phí hoặc để quá hạn là gì?,sinh viên không đóng học phí đúng hạn hoặc không đóng đủ mức tối thiểu quy định bị xử lý thế nào?,707
Quy định xử phạt cụ thể dành cho sinh viên chậm hoặc thiếu đóng học phí là như thế nào?,sinh viên không đóng học phí đúng hạn hoặc không đóng đủ mức tối thiểu quy định bị xử lý thế nào?,707
Sinh viên không đóng học phí cả đợt I và đợt II của học kỳ sẽ bị xử lý như thế nào?,hình thức xử lý đối với sinh viên không đóng học phí cả đợt i và đợt ii của học kỳ là gì?,708
Hình thức xử lý dành cho sinh viên chưa đóng học phí trong cả hai đợt của học kỳ là gì?,hình thức xử lý đối với sinh viên không đóng học phí cả đợt i và đợt ii của học kỳ là gì?,708
"Khi sinh viên bỏ qua việc đóng học phí ở cả đợt I và đợt II, nhà trường sẽ áp dụng biện pháp gì?",hình thức xử lý đối với sinh viên không đóng học phí cả đợt i và đợt ii của học kỳ là gì?,708
"Đối với trường hợp sinh viên không đóng tiền học từ đợt I đến đợt II trong cùng một học kỳ, hình thức xử lý ra sao?",hình thức xử lý đối với sinh viên không đóng học phí cả đợt i và đợt ii của học kỳ là gì?,708
Sinh viên nào không đóng học phí cả hai đợt của học kỳ sẽ gặp hình thức xử lý gì?,hình thức xử lý đối với sinh viên không đóng học phí cả đợt i và đợt ii của học kỳ là gì?,708
Khi nào sinh viên sẽ bị xóa tên khỏi danh sách do lý do học phí và chuyên cần?,trường hợp nào sinh viên bị xóa tên khỏi danh sách vì lý do học phí và chuyên cần?,709
Trường hợp nào khiến sinh viên bị tước quyền học tập vì không đóng học phí và đi học không đều?,trường hợp nào sinh viên bị xóa tên khỏi danh sách vì lý do học phí và chuyên cần?,709
Sinh viên bị xóa danh sách vì vi phạm về học phí và chuyên cần ở tình huống nào?,trường hợp nào sinh viên bị xóa tên khỏi danh sách vì lý do học phí và chuyên cần?,709
Điều kiện gì dẫn đến việc sinh viên bị truất quyền học tập do nợ học phí và thiếu chuyên cần?,trường hợp nào sinh viên bị xóa tên khỏi danh sách vì lý do học phí và chuyên cần?,709
Khi nào sinh viên mất tên trong danh sách sinh viên vì lý do tiền học phí và thái độ đi học?,trường hợp nào sinh viên bị xóa tên khỏi danh sách vì lý do học phí và chuyên cần?,709
Nếu sinh viên đã xin gia hạn đóng học phí nhưng đến hạn vẫn chưa đóng đủ thì sẽ bị xử lý như thế nào?,sinh viên đã xin gia hạn đóng học phí nhưng hết hạn vẫn không đóng đủ sẽ bị xử lý ra sao?,710
"Khi sinh viên đã làm thủ tục xin gia hạn mà hết hạn vẫn chưa đóng đủ học phí, nhà trường sẽ xử lý ra sao?",sinh viên đã xin gia hạn đóng học phí nhưng hết hạn vẫn không đóng đủ sẽ bị xử lý ra sao?,710
Trường hợp sinh viên xin được gia hạn đóng học phí nhưng đến ngày đến hạn vẫn chưa đóng đủ thì hậu quả sẽ là gì?,sinh viên đã xin gia hạn đóng học phí nhưng hết hạn vẫn không đóng đủ sẽ bị xử lý ra sao?,710
Sinh viên đã xin gia hạn đóng học phí nhưng nếu hết hạn vẫn không đóng đủ thì sẽ bị xử lý thế nào?,sinh viên đã xin gia hạn đóng học phí nhưng hết hạn vẫn không đóng đủ sẽ bị xử lý ra sao?,710
Làm sao nếu sinh viên đã xin gia hạn đóng học phí mà đến hạn vẫn chưa đóng đủ số tiền còn thiếu?,sinh viên đã xin gia hạn đóng học phí nhưng hết hạn vẫn không đóng đủ sẽ bị xử lý ra sao?,710
"Khi sinh viên nộp trễ hoặc không đóng bảo hiểm y tế, hình thức xử lý sẽ như thế nào?",hình thức xử lý khi sinh viên nộp chậm hoặc không nộp bảo hiểm y tế là gì?,711
Cơ quan chức năng có quy định biện pháp xử lý gì đối với sinh viên chậm hoặc không nộp bảo hiểm y tế không?,hình thức xử lý khi sinh viên nộp chậm hoặc không nộp bảo hiểm y tế là gì?,711
Quy định xử lý dành cho sinh viên vi phạm về việc nộp muộn hoặc bỏ qua bảo hiểm y tế là gì?,hình thức xử lý khi sinh viên nộp chậm hoặc không nộp bảo hiểm y tế là gì?,711
Sinh viên sẽ bị xử lý ra sao nếu để quá hạn hoặc không thực hiện nghĩa vụ nộp bảo hiểm y tế?,hình thức xử lý khi sinh viên nộp chậm hoặc không nộp bảo hiểm y tế là gì?,711
Hậu quả xử lý đối với sinh viên nộp chậm hoặc không đóng bảo hiểm y tế được quy định cụ thể như thế nào?,hình thức xử lý khi sinh viên nộp chậm hoặc không nộp bảo hiểm y tế là gì?,711
Sinh viên nếu tham gia hoặc môi giới mại dâm sẽ bị xử lý ra sao?,sinh viên tham gia hoạt động mại dâm hoặc môi giới mại dâm bị xử lý như thế nào?,712
Việc sinh viên làm mại dâm hay môi giới mại dâm bị xử lý thế nào?,sinh viên tham gia hoạt động mại dâm hoặc môi giới mại dâm bị xử lý như thế nào?,712
Sinh viên dính dáng đến hoạt động mại dâm hoặc môi giới sẽ chịu hình phạt gì?,sinh viên tham gia hoạt động mại dâm hoặc môi giới mại dâm bị xử lý như thế nào?,712
"Khi sinh viên tham gia mại dâm hoặc làm môi giới, họ sẽ bị xử lý như thế nào?",sinh viên tham gia hoạt động mại dâm hoặc môi giới mại dâm bị xử lý như thế nào?,712
Sinh viên có bị xử lý thế nào nếu tham gia hoặc môi giới hoạt động mại dâm không?,sinh viên tham gia hoạt động mại dâm hoặc môi giới mại dâm bị xử lý như thế nào?,712
"Hành vi sử dụng, buôn bán hay lôi kéo người khác dùng ma túy sẽ bị xử lý thế nào?","hành vi sử dụng, buôn bán hoặc lôi kéo người khác sử dụng ma túy bị xử lý ra sao?",713
"Người có hành vi sử dụng, buôn bán hoặc dụ dỗ người khác dùng ma túy sẽ chịu hình phạt gì?","hành vi sử dụng, buôn bán hoặc lôi kéo người khác sử dụng ma túy bị xử lý ra sao?",713
"Làm thế nào để xử lý đối tượng sử dụng, buôn bán hoặc lôi kéo người khác sử dụng ma túy?","hành vi sử dụng, buôn bán hoặc lôi kéo người khác sử dụng ma túy bị xử lý ra sao?",713
"Mức xử lý hành chính hay hình sự đối với việc sử dụng, buôn bán hoặc ép buộc người khác dùng ma túy là gì?","hành vi sử dụng, buôn bán hoặc lôi kéo người khác sử dụng ma túy bị xử lý ra sao?",713
"Việc sử dụng, buôn bán hoặc kích động người khác sử dụng ma túy sẽ bị xử lý ra sao theo quy định?","hành vi sử dụng, buôn bán hoặc lôi kéo người khác sử dụng ma túy bị xử lý ra sao?",713
"Sinh viên có hành vi bạo lực học đường hoặc quấy rối, xâm phạm nhân phẩm người khác sẽ bị xử lý như thế nào?","sinh viên có hành vi bạo lực học đường hoặc quấy rối, xâm phạm nhân phẩm người khác bị xử lý thế nào?",714
Những trường hợp sinh viên phạm bạo lực học đường hay xâm phạm nhân phẩm sẽ chịu hình phạt ra sao?,"sinh viên có hành vi bạo lực học đường hoặc quấy rối, xâm phạm nhân phẩm người khác bị xử lý thế nào?",714
"Quy định xử lý sinh viên khi có hành vi quấy rối, bạo lực hoặc làm tổn thương nhân phẩm của bạn bè là gì?","sinh viên có hành vi bạo lực học đường hoặc quấy rối, xâm phạm nhân phẩm người khác bị xử lý thế nào?",714
Sinh viên nào gây ra bạo lực học đường hoặc xâm phạm nhân phẩm người khác sẽ bị xử lý nghiêm minh thế nào?,"sinh viên có hành vi bạo lực học đường hoặc quấy rối, xâm phạm nhân phẩm người khác bị xử lý thế nào?",714
Hành vi bạo lực hay quấy rối xâm phạm nhân phẩm của sinh viên sẽ dẫn đến những biện pháp xử lý gì?,"sinh viên có hành vi bạo lực học đường hoặc quấy rối, xâm phạm nhân phẩm người khác bị xử lý thế nào?",714
Xử lý thế nào đối với sinh viên đánh nhau hoặc tổ chức đánh nhau lần đầu?,hình thức xử lý đối với sinh viên đánh nhau hoặc tổ chức đánh nhau lần đầu là gì?,715
Hình thức kỷ luật dành cho sinh viên đánh nhau hay tổ chức đánh nhau lần đầu là gì?,hình thức xử lý đối với sinh viên đánh nhau hoặc tổ chức đánh nhau lần đầu là gì?,715
Sinh viên đánh nhau hoặc tổ chức đánh nhau lần đầu sẽ bị xử lý ra sao?,hình thức xử lý đối với sinh viên đánh nhau hoặc tổ chức đánh nhau lần đầu là gì?,715
"Khi sinh viên đánh nhau hoặc tổ chức đánh nhau lần đầu, hình thức xử lý là gì?",hình thức xử lý đối với sinh viên đánh nhau hoặc tổ chức đánh nhau lần đầu là gì?,715
"Bạn biết không, sinh viên đánh nhau hoặc tổ chức đánh nhau lần đầu bị xử lý như thế nào?",hình thức xử lý đối với sinh viên đánh nhau hoặc tổ chức đánh nhau lần đầu là gì?,715
Sinh viên tham gia đánh nhau đến lần thứ ba sẽ bị xử lý ra sao?,sinh viên tham gia đánh nhau đến lần thứ 3 sẽ bị xử lý như thế nào?,716
"Khi sinh viên đánh nhau đến lần thứ 3, nhà trường sẽ xử lý thế nào?",sinh viên tham gia đánh nhau đến lần thứ 3 sẽ bị xử lý như thế nào?,716
Sinh viên bị kỷ luật vì đánh nhau đến lần thứ ba sẽ chịu hình phạt gì?,sinh viên tham gia đánh nhau đến lần thứ 3 sẽ bị xử lý như thế nào?,716
"Nếu sinh viên đánh nhau đến lần thứ 3, mức xử lý sẽ như thế nào?",sinh viên tham gia đánh nhau đến lần thứ 3 sẽ bị xử lý như thế nào?,716
Sinh viên tham gia đánh nhau đến lần thứ ba sẽ bị xử lý nặng hay nhẹ ra sao?,sinh viên tham gia đánh nhau đến lần thứ 3 sẽ bị xử lý như thế nào?,716
Hành vi đưa người có hành vi xấu vào trường hoặc ký túc xá sẽ bị xử lý như thế nào?,hành vi đưa phần tử xấu vào trường hoặc ký túc xá gây ảnh hưởng an ninh bị xử lý ra sao?,717
Trường hợp đưa phần tử nguy hiểm vào cơ sở giáo dục hay nhà ở tập thể thì hậu quả pháp lý ra sao?,hành vi đưa phần tử xấu vào trường hoặc ký túc xá gây ảnh hưởng an ninh bị xử lý ra sao?,717
Làm sao để biết chế tài xử lý đối với việc đưa những người có tiền án tiền sự vào trường học hoặc ký túc xá?,hành vi đưa phần tử xấu vào trường hoặc ký túc xá gây ảnh hưởng an ninh bị xử lý ra sao?,717
Việc cho phép người có vấn đề về hành vi vào trường hoặc nhà ở sinh viên sẽ bị xử lý nặng hay nhẹ?,hành vi đưa phần tử xấu vào trường hoặc ký túc xá gây ảnh hưởng an ninh bị xử lý ra sao?,717
Những quy định xử lý đối với hành vi đưa phần tử xấu xâm nhập vào môi trường giáo dục hiện nay như thế nào?,hành vi đưa phần tử xấu vào trường hoặc ký túc xá gây ảnh hưởng an ninh bị xử lý ra sao?,717
Sinh viên gây hư hỏng tài sản của trường hoặc ký túc xá sẽ bị xử lý ra sao?,sinh viên làm hư hỏng tài sản của nhà trường hoặc ký túc xá bị xử lý thế nào?,718
Trường hợp sinh viên làm hỏng đồ của nhà trường hoặc phòng ký túc xá thì có bị phạt gì không?,sinh viên làm hư hỏng tài sản của nhà trường hoặc ký túc xá bị xử lý thế nào?,718
"Nếu sinh viên làm hư tài sản công hoặc tài sản của khu ký túc xá, chế độ xử lý là gì?",sinh viên làm hư hỏng tài sản của nhà trường hoặc ký túc xá bị xử lý thế nào?,718
Việc sinh viên làm mất hoặc hư hại tài sản của trường/ký túc xá sẽ dẫn đến hình thức xử lý nào?,sinh viên làm hư hỏng tài sản của nhà trường hoặc ký túc xá bị xử lý thế nào?,718
Sinh viên nào bị hư hỏng tài sản của nhà trường hoặc khu vực ký túc xá thì sẽ chịu trách nhiệm thế nào?,sinh viên làm hư hỏng tài sản của nhà trường hoặc ký túc xá bị xử lý thế nào?,718
Hình thức xử lý hành vi lấy cắp tài sản hoặc tiêu thụ tài sản đã lấy là gì?,hình thức xử lý đối với hành vi lấy cắp tài sản hoặc tiêu thụ tài sản lấy cắp là gì?,719
"Khi ai đó lấy cắp hoặc tiêu thụ tài sản bị lấy cắp, họ sẽ bị xử lý như thế nào?",hình thức xử lý đối với hành vi lấy cắp tài sản hoặc tiêu thụ tài sản lấy cắp là gì?,719
Quy định xử lý đối với việc trộm cắp tài sản hay ăn cắp và tiêu thụ chúng là gì?,hình thức xử lý đối với hành vi lấy cắp tài sản hoặc tiêu thụ tài sản lấy cắp là gì?,719
Ai bị phát hiện lấy cắp hoặc dùng tài sản của người khác sẽ chịu hình phạt gì?,hình thức xử lý đối với hành vi lấy cắp tài sản hoặc tiêu thụ tài sản lấy cắp là gì?,719
Chế tài xử lý cho hành vi trộm cắp hoặc tiêu thụ tài sản bị trộm là gì?,hình thức xử lý đối với hành vi lấy cắp tài sản hoặc tiêu thụ tài sản lấy cắp là gì?,719
Sinh viên tham gia biểu tình hoặc tụ tập đông người vi phạm quy định thì lần đầu bị xử lý ra sao?,"sinh viên tham gia biểu tình, tụ tập đông người trái quy định lần đầu bị xử lý như thế nào?",720
"Đối với trường hợp sinh viên tụ tập đông người trái quy định lần đầu, cơ quan chức năng sẽ xử lý thế nào?","sinh viên tham gia biểu tình, tụ tập đông người trái quy định lần đầu bị xử lý như thế nào?",720
"Nếu sinh viên lần đầu bị phát hiện tham gia biểu tình, tụ tập đông người vi phạm pháp luật thì hậu quả pháp lý là gì?","sinh viên tham gia biểu tình, tụ tập đông người trái quy định lần đầu bị xử lý như thế nào?",720
"Khi sinh viên vi phạm quy định về tụ tập đông người hoặc biểu tình lần đầu, hình thức xử phạt sẽ như thế nào?","sinh viên tham gia biểu tình, tụ tập đông người trái quy định lần đầu bị xử lý như thế nào?",720
Quy định xử lý đối với sinh viên tham gia biểu tình hay tụ tập đông người trái phép lần đầu được áp dụng ra sao?,"sinh viên tham gia biểu tình, tụ tập đông người trái quy định lần đầu bị xử lý như thế nào?",720
"Mức xử phạt hành chính đối với việc kích động, lôi kéo người khác biểu tình trái pháp luật khi vi phạm lần đầu là bao nhiêu?","mức kỷ luật đối với hành vi kích động, lôi kéo người khác biểu tình trái pháp luật lần đầu là gì?",721
Nếu lần đầu kích động hay lôi kéo người khác biểu tình trái pháp luật thì sẽ bị truy cứu trách nhiệm hình sự hay bị xử phạt vi phạm hành chính?,"mức kỷ luật đối với hành vi kích động, lôi kéo người khác biểu tình trái pháp luật lần đầu là gì?",721
"Đối với hành vi kích động, lôi kéo người khác biểu tình trái pháp luật mà mới thực hiện lần đầu, chế tài nào sẽ được áp dụng?","mức kỷ luật đối với hành vi kích động, lôi kéo người khác biểu tình trái pháp luật lần đầu là gì?",721
"Khi lần đầu tiên có hành vi kích động hoặc lôi kéo người khác biểu tình trái pháp luật, mức phạt sẽ như thế nào?","mức kỷ luật đối với hành vi kích động, lôi kéo người khác biểu tình trái pháp luật lần đầu là gì?",721
"Việc kích động, lôi kéo người khác biểu tình trái pháp luật ở lần đầu bị quy định xử lý bằng hình thức nào và mức độ ra sao?","mức kỷ luật đối với hành vi kích động, lôi kéo người khác biểu tình trái pháp luật lần đầu là gì?",721
"Sinh viên nếu tàng trữ, buôn bán vũ khí, chất nổ hay hàng cấm sẽ bị xử lý thế nào?","sinh viên chứa chấp, buôn bán vũ khí, chất nổ hoặc hàng cấm bị xử lý ra sao?",722
"Việc sinh viên chứa chấp, giao dịch vũ khí, chất nổ hoặc hàng hóa cấm đối mặt với hình phạt gì?","sinh viên chứa chấp, buôn bán vũ khí, chất nổ hoặc hàng cấm bị xử lý ra sao?",722
"Khi sinh viên tham gia chứa chấp hay buôn bán vũ khí, chất nổ, hàng cấm thì bị xử lý ra sao?","sinh viên chứa chấp, buôn bán vũ khí, chất nổ hoặc hàng cấm bị xử lý ra sao?",722
"Pháp luật xử lý sinh viên như thế nào khi họ chứa chấp, mua bán vũ khí, chất nổ hoặc hàng cấm?","sinh viên chứa chấp, buôn bán vũ khí, chất nổ hoặc hàng cấm bị xử lý ra sao?",722
"Sinh viên có hành vi chứa chấp, buôn bán vũ khí, chất nổ hoặc hàng cấm sẽ chịu mức xử lý ra sao?","sinh viên chứa chấp, buôn bán vũ khí, chất nổ hoặc hàng cấm bị xử lý ra sao?",722
"Internet xử lý thế nào đối với hành vi đăng tải và bình luận xuyên tạc, xúc phạm uy tín tổ chức?","hành vi đăng tải, bình luận nội dung xuyên tạc, xúc phạm uy tín tổ chức trên internet bị xử lý thế nào?",723
Làm thế nào để xử lý những người bình luận hoặc đăng bài làm xấu uy tín tổ chức trên mạng?,"hành vi đăng tải, bình luận nội dung xuyên tạc, xúc phạm uy tín tổ chức trên internet bị xử lý thế nào?",723
"Người dân sẽ bị xử lý ra sao nếu đăng tải hoặc bình luận nội dung xúc phạm, xuyên tạc tổ chức trên internet?","hành vi đăng tải, bình luận nội dung xuyên tạc, xúc phạm uy tín tổ chức trên internet bị xử lý thế nào?",723
Hậu quả pháp lý đối với việc đăng bài hoặc bình luận làm tổn hại uy tín tổ chức trên mạng là gì?,"hành vi đăng tải, bình luận nội dung xuyên tạc, xúc phạm uy tín tổ chức trên internet bị xử lý thế nào?",723
"Cơ quan chức năng xử lý thế nào khi phát hiện hành vi đăng tải, bình luận xuyên tạc, xúc phạm uy tín tổ chức trên mạng?","hành vi đăng tải, bình luận nội dung xuyên tạc, xúc phạm uy tín tổ chức trên internet bị xử lý thế nào?",723
"Khi sinh viên vi phạm an toàn giao thông lần đầu, công an gửi biên bản về trường thì nhà trường xử lý thế nào?",sinh viên vi phạm an toàn giao thông bị công an gửi biên bản về trường lần 1 bị xử lý ra sao?,724
Trường sẽ ra quyết định gì với sinh viên bị công an gửi biên bản vi phạm giao thông lần đầu?,sinh viên vi phạm an toàn giao thông bị công an gửi biên bản về trường lần 1 bị xử lý ra sao?,724
Quy định xử lý sinh viên bị công an chuyển biên bản vi phạm an toàn giao thông về trường lần đầu là gì?,sinh viên vi phạm an toàn giao thông bị công an gửi biên bản về trường lần 1 bị xử lý ra sao?,724
"Nếu bị công an gửi biên bản về trường vì vi phạm giao thông lần đầu, sinh viên sẽ bị xử lý ra sao?",sinh viên vi phạm an toàn giao thông bị công an gửi biên bản về trường lần 1 bị xử lý ra sao?,724
Trường có chính sách xử lý như thế nào đối với sinh viên bị công an gửi biên bản vi phạm giao thông lần đầu?,sinh viên vi phạm an toàn giao thông bị công an gửi biên bản về trường lần 1 bị xử lý ra sao?,724
Hành vi đua xe trái pháp luật sẽ bị xử lý như thế nào?,hình thức xử lý đối với hành vi đua xe trái pháp luật là gì?,725
Mức hình phạt dành cho người đua xe vi phạm pháp luật ra sao?,hình thức xử lý đối với hành vi đua xe trái pháp luật là gì?,725
"Theo quy định, hành vi đua xe bất hợp pháp sẽ bị xử lý ra sao?",hình thức xử lý đối với hành vi đua xe trái pháp luật là gì?,725
"Khi đua xe trái phép, cơ quan chức năng sẽ xử lý người vi phạm thế nào?",hình thức xử lý đối với hành vi đua xe trái pháp luật là gì?,725
Hành vi đua xe vi phạm pháp luật sẽ dẫn đến hình thức xử lý gì?,hình thức xử lý đối với hành vi đua xe trái pháp luật là gì?,725
Sinh viên nếu tổ chức hay tham gia đua xe vi phạm pháp luật sẽ bị xử lý ra sao?,sinh viên tổ chức hoặc tham gia tổ chức đua xe trái pháp luật bị xử lý như thế nào?,726
Hành vi đua xe trái phép của sinh viên được xử lý bằng hình thức nào?,sinh viên tổ chức hoặc tham gia tổ chức đua xe trái pháp luật bị xử lý như thế nào?,726
"Khi sinh viên tham gia hoặc đứng ra tổ chức đua xe bất hợp pháp, hậu quả pháp lý là gì?",sinh viên tổ chức hoặc tham gia tổ chức đua xe trái pháp luật bị xử lý như thế nào?,726
Các sinh viên bị phát hiện tổ chức hoặc tham gia đua xe vi phạm sẽ chịu chế tài gì?,sinh viên tổ chức hoặc tham gia tổ chức đua xe trái pháp luật bị xử lý như thế nào?,726
Xử lý như thế nào đối với sinh viên có hành vi đua xe không đúng quy định của pháp luật?,sinh viên tổ chức hoặc tham gia tổ chức đua xe trái pháp luật bị xử lý như thế nào?,726
Sinh viên sẽ bị áp dụng những hình thức kỷ luật chính thức nào?,có các hình thức kỷ luật chính thức nào dành cho sinh viên?,727
Nhà trường quy định những biện pháp kỷ luật chính thức nào dành cho sinh viên?,có các hình thức kỷ luật chính thức nào dành cho sinh viên?,727
Loại hình kỷ luật chính thức nào hiện đang được áp dụng đối với sinh viên?,có các hình thức kỷ luật chính thức nào dành cho sinh viên?,727
Những hình thức xử lý kỷ luật chính thức nào sinh viên cần biết?,có các hình thức kỷ luật chính thức nào dành cho sinh viên?,727
Các quy định về hình thức kỷ luật chính thức cho sinh viên là gì?,có các hình thức kỷ luật chính thức nào dành cho sinh viên?,727
Trường hợp nào thì hình thức kỷ luật khiển trách được áp dụng?,hình thức kỷ luật khiển trách được áp dụng trong trường hợp nào?,728
Khi nào thì việc áp dụng hình thức kỷ luật khiển trách là phù hợp?,hình thức kỷ luật khiển trách được áp dụng trong trường hợp nào?,728
Những tình huống nào dẫn đến việc sử dụng hình thức kỷ luật khiển trách?,hình thức kỷ luật khiển trách được áp dụng trong trường hợp nào?,728
Hình thức kỷ luật khiển trách sẽ được dùng trong trường hợp cụ thể nào?,hình thức kỷ luật khiển trách được áp dụng trong trường hợp nào?,728
Làm thế nào để xác định trường hợp cần áp dụng hình thức kỷ luật khiển trách?,hình thức kỷ luật khiển trách được áp dụng trong trường hợp nào?,728
Sinh viên sẽ bị áp dụng hình thức kỷ luật cảnh cáo vào những trường hợp nào?,khi nào sinh viên bị áp dụng hình thức kỷ luật cảnh cáo?,729
Khi nào thì sinh viên bị ban hành quyết định cảnh cáo?,khi nào sinh viên bị áp dụng hình thức kỷ luật cảnh cáo?,729
Những hành vi nào khiến sinh viên phải chịu hình phạt cảnh cáo?,khi nào sinh viên bị áp dụng hình thức kỷ luật cảnh cáo?,729
Điều kiện để sinh viên bị kỷ luật bằng hình thức cảnh cáo là gì?,khi nào sinh viên bị áp dụng hình thức kỷ luật cảnh cáo?,729
Trường hợp cụ thể nào dẫn đến việc sinh viên bị cảnh cáo?,khi nào sinh viên bị áp dụng hình thức kỷ luật cảnh cáo?,729
Các mức thời gian đình chỉ học tập có thời hạn được quy định ra sao?,các mức thời gian đình chỉ học tập có thời hạn được quy định như thế nào?,730
Pháp luật quy định cụ thể những mức thời gian nào cho việc đình chỉ học tập có thời hạn?,các mức thời gian đình chỉ học tập có thời hạn được quy định như thế nào?,730
Thời gian đình chỉ học tập có thời hạn được xác định như thế nào theo quy định?,các mức thời gian đình chỉ học tập có thời hạn được quy định như thế nào?,730
Làm thế nào để biết được các mức thời gian đình chỉ học tập có thời hạn được quy định?,các mức thời gian đình chỉ học tập có thời hạn được quy định như thế nào?,730
Những mức thời gian đình chỉ học tập có thời hạn hiện nay được quy định thế nào?,các mức thời gian đình chỉ học tập có thời hạn được quy định như thế nào?,730
Sinh viên sẽ bị buộc thôi học trong những tình huống nào?,sinh viên bị buộc thôi học trong những trường hợp nào?,731
Những trường hợp nào dẫn đến việc sinh viên bị buộc phải rời trường?,sinh viên bị buộc thôi học trong những trường hợp nào?,731
Khi nào thì một sinh viên phải đối mặt với việc bị buộc thôi học?,sinh viên bị buộc thôi học trong những trường hợp nào?,731
Hãy nêu các lý do khiến sinh viên bị buộc thôi học.,sinh viên bị buộc thôi học trong những trường hợp nào?,731
Danh sách các trường hợp sinh viên bị buộc thôi học là gì?,sinh viên bị buộc thôi học trong những trường hợp nào?,731
Hình thức kỷ luật dành cho sinh viên sẽ được thông báo đến những đối tượng nào?,hình thức kỷ luật của sinh viên được thông báo cho những ai?,732
Những người nào sẽ nhận được thông báo về hình thức kỷ luật áp dụng cho sinh viên?,hình thức kỷ luật của sinh viên được thông báo cho những ai?,732
Ai là những người được thông báo khi có hình thức kỷ luật đối với sinh viên?,hình thức kỷ luật của sinh viên được thông báo cho những ai?,732
Thông báo về hình thức kỷ luật của sinh viên sẽ gửi đến ai?,hình thức kỷ luật của sinh viên được thông báo cho những ai?,732
Những ai cần được thông tin về quyết định kỷ luật đối với sinh viên?,hình thức kỷ luật của sinh viên được thông báo cho những ai?,732
Sinh viên đang bị kỷ luật thì vẫn có cơ hội nhận học bổng không?,sinh viên bị kỷ luật có được xét học bổng không?,733
Có được xét học bổng cho sinh viên vi phạm quy chế bị kỷ luật hay không?,sinh viên bị kỷ luật có được xét học bổng không?,733
Trường có xét duyệt học bổng cho những sinh viên đã bị kỷ luật chưa?,sinh viên bị kỷ luật có được xét học bổng không?,733
Việc bị kỷ luật có ảnh hưởng đến quyền nhận học bổng của sinh viên không?,sinh viên bị kỷ luật có được xét học bổng không?,733
Sinh viên nào đã bị kỷ luật vẫn có thể tham gia xét học bổng được không?,sinh viên bị kỷ luật có được xét học bổng không?,733
Kỷ luật tác động ra sao đến việc khen thưởng tốt nghiệp?,việc kỷ luật ảnh hưởng như thế nào đến khen thưởng tốt nghiệp?,734
Làm thế nào mà tình trạng kỷ luật ảnh hưởng đến phần thưởng tốt nghiệp?,việc kỷ luật ảnh hưởng như thế nào đến khen thưởng tốt nghiệp?,734
Mối liên hệ giữa kỷ luật và việc trao khen thưởng khi tốt nghiệp là gì?,việc kỷ luật ảnh hưởng như thế nào đến khen thưởng tốt nghiệp?,734
Việc vi phạm kỷ luật có tác động gì đến cơ hội nhận thưởng khi ra trường?,việc kỷ luật ảnh hưởng như thế nào đến khen thưởng tốt nghiệp?,734
Ảnh hưởng của kỷ luật đến quyết định khen thưởng cho sinh viên tốt nghiệp như thế nào?,việc kỷ luật ảnh hưởng như thế nào đến khen thưởng tốt nghiệp?,734
Nếu một học sinh có thành tích xuất sắc hoặc giỏi lại bị kỷ luật cảnh cáo hay nặng hơn thì hậu quả là gì?,"sinh viên xếp loại học lực xuất sắc, giỏi bị kỷ luật cảnh cáo trở lên sẽ bị ảnh hưởng gì?",735
"Đối với sinh viên xếp loại giỏi hay xuất sắc, việc bị kỷ luật từ cảnh cáo trở lên sẽ dẫn đến hệ lụy gì?","sinh viên xếp loại học lực xuất sắc, giỏi bị kỷ luật cảnh cáo trở lên sẽ bị ảnh hưởng gì?",735
Việc bị xử lý kỷ luật cảnh cáo trở lên sẽ tác động thế nào đến sinh viên có điểm số xuất sắc hoặc giỏi?,"sinh viên xếp loại học lực xuất sắc, giỏi bị kỷ luật cảnh cáo trở lên sẽ bị ảnh hưởng gì?",735
Các bạn sinh viên học lực xuất sắc hoặc giỏi bị kỷ luật cảnh cáo trở lên sẽ bị ảnh hưởng ra sao?,"sinh viên xếp loại học lực xuất sắc, giỏi bị kỷ luật cảnh cáo trở lên sẽ bị ảnh hưởng gì?",735
"Khi sinh viên có thành tích xuất sắc hay giỏi bị kỷ luật cảnh cáo trở lên, kết quả sẽ như thế nào?","sinh viên xếp loại học lực xuất sắc, giỏi bị kỷ luật cảnh cáo trở lên sẽ bị ảnh hưởng gì?",735
Hành động đầu tiên sinh viên cần làm khi vi phạm là gì?,quy trình đầu tiên sinh viên phải thực hiện khi có hành vi vi phạm là gì?,736
"Khi sinh viên có hành vi vi phạm, bước đầu tiên cần thực hiện là gì?",quy trình đầu tiên sinh viên phải thực hiện khi có hành vi vi phạm là gì?,736
Sinh viên phải làm gì trước hết nếu mình vi phạm quy định?,quy trình đầu tiên sinh viên phải thực hiện khi có hành vi vi phạm là gì?,736
Bước khởi đầu cho sinh viên khi phạm lỗi là gì?,quy trình đầu tiên sinh viên phải thực hiện khi có hành vi vi phạm là gì?,736
"Nếu sinh viên vi phạm, họ cần thực hiện việc gì đầu tiên?",quy trình đầu tiên sinh viên phải thực hiện khi có hành vi vi phạm là gì?,736
Trường sẽ xử lý ra sao nếu sinh viên không nộp bản tự kiểm điểm?,nếu sinh viên không chấp hành làm bản tự kiểm điểm thì nhà trường xử lý thế nào?,737
"Nếu sinh viên từ chối làm bản tự kiểm điểm, nhà trường có biện pháp gì?",nếu sinh viên không chấp hành làm bản tự kiểm điểm thì nhà trường xử lý thế nào?,737
Sinh viên không chấp hành viết bản tự kiểm điểm thì hậu quả là gì?,nếu sinh viên không chấp hành làm bản tự kiểm điểm thì nhà trường xử lý thế nào?,737
Khi nào nhà trường sẽ xử lý nếu sinh viên không làm bản tự kiểm điểm?,nếu sinh viên không chấp hành làm bản tự kiểm điểm thì nhà trường xử lý thế nào?,737
Việc sinh viên không thực hiện bản tự kiểm điểm sẽ dẫn đến xử lý thế nào?,nếu sinh viên không chấp hành làm bản tự kiểm điểm thì nhà trường xử lý thế nào?,737
Tập thể lớp đóng vai trò như thế nào trong quy trình xét xử kỷ luật sinh viên?,vai trò của tập thể lớp trong quy trình xét kỷ luật sinh viên là gì?,738
Bạn có thể cho tôi biết nhiệm vụ của lớp trong việc xét kỷ luật sinh viên không?,vai trò của tập thể lớp trong quy trình xét kỷ luật sinh viên là gì?,738
Quy trình xét kỷ luật sinh viên cần sự tham gia của tập thể lớp ở điểm nào?,vai trò của tập thể lớp trong quy trình xét kỷ luật sinh viên là gì?,738
Đóng góp của tập thể lớp đối với việc xem xét kỷ luật sinh viên là gì?,vai trò của tập thể lớp trong quy trình xét kỷ luật sinh viên là gì?,738
"Trong hồ sơ xét kỷ luật sinh viên, vai trò cụ thể của lớp là ra sao?",vai trò của tập thể lớp trong quy trình xét kỷ luật sinh viên là gì?,738
Thành phần nào trong hội đồng kỷ luật nhà trường có thể được mời tham dự nhưng lại không có quyền biểu quyết?,thành phần nào có thể được mời tham dự nhưng không có quyền biểu quyết tại hội đồng kỷ luật nhà trường?,739
Ai là những người được mời đến hội đồng kỷ luật của trường nhưng không được phép bỏ phiếu?,thành phần nào có thể được mời tham dự nhưng không có quyền biểu quyết tại hội đồng kỷ luật nhà trường?,739
"Trong hội đồng kỷ luật nhà trường, vị trí nào chỉ được tham gia nghe nhưng không có quyền quyết định?",thành phần nào có thể được mời tham dự nhưng không có quyền biểu quyết tại hội đồng kỷ luật nhà trường?,739
Những thành viên nào có mặt tại hội đồng kỷ luật nhưng không được hưởng quyền biểu quyết?,thành phần nào có thể được mời tham dự nhưng không có quyền biểu quyết tại hội đồng kỷ luật nhà trường?,739
Ai là đối tượng được mời tham dự hội đồng kỷ luật của trường mà không nắm giữ quyền bỏ phiếu?,thành phần nào có thể được mời tham dự nhưng không có quyền biểu quyết tại hội đồng kỷ luật nhà trường?,739
Người nào có thẩm quyền ra quyết định kỷ luật sinh viên bằng văn bản?,ai là người ra quyết định kỷ luật sinh viên bằng văn bản?,740
Ai là người được giao trách nhiệm ban hành quyết định kỷ luật sinh viên bằng văn bản?,ai là người ra quyết định kỷ luật sinh viên bằng văn bản?,740
"Trong trường hợp sinh viên bị kỷ luật bằng văn bản, thì ai là người ra quyết định?",ai là người ra quyết định kỷ luật sinh viên bằng văn bản?,740
Quyết định kỷ luật sinh viên bằng văn bản sẽ do ai ký duyệt hoặc ra lệnh?,ai là người ra quyết định kỷ luật sinh viên bằng văn bản?,740
Cơ quan hay cá nhân nào có quyền đưa ra quyết định kỷ luật sinh viên dưới hình thức văn bản?,ai là người ra quyết định kỷ luật sinh viên bằng văn bản?,740
Những giá trị cốt lõi nào định hướng quy tắc ứng xử của sinh viên đối với bản thân và gia đình?,quy tắc ứng xử của sinh viên đối với bản thân và gia đình gồm những giá trị cốt lõi nào?,741
"Khi nói đến quy tắc ứng xử của sinh viên với bản thân và người thân, những giá trị nền tảng nào là quan trọng nhất?",quy tắc ứng xử của sinh viên đối với bản thân và gia đình gồm những giá trị cốt lõi nào?,741
Quy tắc ứng xử của sinh viên hướng đến bản thân và gia đình thường dựa trên những giá trị cốt lõi gì?,quy tắc ứng xử của sinh viên đối với bản thân và gia đình gồm những giá trị cốt lõi nào?,741
Bạn có thể liệt kê các giá trị cốt lõi trong quy tắc ứng xử của sinh viên đối với chính mình và gia đình không?,quy tắc ứng xử của sinh viên đối với bản thân và gia đình gồm những giá trị cốt lõi nào?,741
Những giá trị then chốt nào cấu thành nên quy tắc ứng xử của sinh viên khi tương tác với bản thân và gia đình?,quy tắc ứng xử của sinh viên đối với bản thân và gia đình gồm những giá trị cốt lõi nào?,741
Sinh viên cần hành động ra sao để bảo vệ được danh dự của chính mình và gia đình?,sinh viên cần làm gì để không gây ảnh hưởng tới danh dự của bản thân và gia đình?,742
Làm thế nào để sinh viên duy trì được vẻ vang cho bản thân cũng như gia đình?,sinh viên cần làm gì để không gây ảnh hưởng tới danh dự của bản thân và gia đình?,742
Những việc gì sinh viên phải làm để tránh gây tổn hại đến danh tiếng cá nhân và gia đình?,sinh viên cần làm gì để không gây ảnh hưởng tới danh dự của bản thân và gia đình?,742
Sinh viên cần thực hiện những nghĩa vụ gì nhằm không làm giảm giá trị của gia đình và bản thân?,sinh viên cần làm gì để không gây ảnh hưởng tới danh dự của bản thân và gia đình?,742
Phải làm gì để sinh viên giữ được lòng tự trọng và danh dự cho gia đình mình?,sinh viên cần làm gì để không gây ảnh hưởng tới danh dự của bản thân và gia đình?,742
Sinh viên cần tu dưỡng những đức tính đạo đức nào cho bản thân?,những phẩm chất đạo đức nào sinh viên cần rèn luyện đối với bản thân?,743
Những phẩm chất đạo đức gì sinh viên phải rèn luyện để hoàn thiện chính mình?,những phẩm chất đạo đức nào sinh viên cần rèn luyện đối với bản thân?,743
"Theo bạn, sinh viên Việt Nam cần bồi dưỡng những giá trị đạo đức nào?",những phẩm chất đạo đức nào sinh viên cần rèn luyện đối với bản thân?,743
"Để trở thành người tốt, sinh viên cần rèn luyện những đức tính gì?",những phẩm chất đạo đức nào sinh viên cần rèn luyện đối với bản thân?,743
Những chuẩn mực đạo đức nào mà sinh viên cần trau dồi mỗi ngày?,những phẩm chất đạo đức nào sinh viên cần rèn luyện đối với bản thân?,743
Sinh viên cần rèn luyện thái độ ra sao trong quá trình học tập và tu dưỡng đạo đức?,sinh viên cần có thái độ như thế nào trong học tập và tu dưỡng đạo đức?,744
"Khi học tập và tu dưỡng đạo đức, sinh viên cần thể hiện những thái độ cụ thể nào?",sinh viên cần có thái độ như thế nào trong học tập và tu dưỡng đạo đức?,744
Làm thế nào để sinh viên có được thái độ đúng đắn trong việc học và rèn luyện đạo đức?,sinh viên cần có thái độ như thế nào trong học tập và tu dưỡng đạo đức?,744
Yêu cầu về thái độ của sinh viên trong lĩnh vực học tập và đạo đức là gì?,sinh viên cần có thái độ như thế nào trong học tập và tu dưỡng đạo đức?,744
Sinh viên cần duy trì tâm thế và hành vi như thế nào khi học hành và bồi dưỡng đạo đức?,sinh viên cần có thái độ như thế nào trong học tập và tu dưỡng đạo đức?,744
Sinh viên Trường Đại học Sư phạm Kỹ thuật TP.HCM cần rèn luyện lối sống như thế nào?,lối sống mà sinh viên trường đại học sư phạm kỹ thuật tp.hcm cần rèn luyện là gì?,745
Lối sống nào là điều sinh viên trường sư phạm kỹ thuật TP.HCM cần phải tu dưỡng?,lối sống mà sinh viên trường đại học sư phạm kỹ thuật tp.hcm cần rèn luyện là gì?,745
Những phẩm chất về lối sống cần thiết cho sinh viên trường đại học sư phạm kỹ thuật TP.HCM là gì?,lối sống mà sinh viên trường đại học sư phạm kỹ thuật tp.hcm cần rèn luyện là gì?,745
Sinh viên Trường Đại học Sư phạm Kỹ thuật TP.HCM cần trau dồi lối sống ra sao?,lối sống mà sinh viên trường đại học sư phạm kỹ thuật tp.hcm cần rèn luyện là gì?,745
Lối sống phù hợp để sinh viên trường sư phạm kỹ thuật TP.HCM rèn luyện là lối sống gì?,lối sống mà sinh viên trường đại học sư phạm kỹ thuật tp.hcm cần rèn luyện là gì?,745
Sinh viên cần đảm nhận những trách nhiệm nào đối với gia đình liên quan đến việc học tại trường?,sinh viên có trách nhiệm gì đối với gia đình về tình hình học tập tại trường?,746
"Về tình hình học tập ở trường, sinh viên có nghĩa vụ gì với gia đình mình không?",sinh viên có trách nhiệm gì đối với gia đình về tình hình học tập tại trường?,746
Gia đình mong đợi sinh viên làm gì để báo cáo kết quả học tập tại trường?,sinh viên có trách nhiệm gì đối với gia đình về tình hình học tập tại trường?,746
"Khi nói về việc học trên trường lớp, sinh viên phải chịu trách nhiệm ra sao với bố mẹ?",sinh viên có trách nhiệm gì đối với gia đình về tình hình học tập tại trường?,746
Trách nhiệm của sinh viên đối với gia đình trong vấn đề học tập tại trường là gì?,sinh viên có trách nhiệm gì đối với gia đình về tình hình học tập tại trường?,746
"Sinh viên cần tuân thủ những quy tắc ứng xử nào với cán bộ, giảng viên và nhân viên nhà trường?","quy tắc ứng xử của sinh viên đối với cán bộ, giảng viên và nhân viên nhà trường là gì?",747
"Hãy cho tôi biết quy định về cách ứng xử của sinh viên đối với đội ngũ cán bộ, giảng viên và nhân viên.","quy tắc ứng xử của sinh viên đối với cán bộ, giảng viên và nhân viên nhà trường là gì?",747
"Những chuẩn mực ứng xử nào dành cho sinh viên khi giao tiếp với cán bộ, giảng viên và nhân viên?","quy tắc ứng xử của sinh viên đối với cán bộ, giảng viên và nhân viên nhà trường là gì?",747
"Sinh viên phải biết cách ứng xử ra sao đối với các cán bộ, giảng viên và nhân viên nhà trường?","quy tắc ứng xử của sinh viên đối với cán bộ, giảng viên và nhân viên nhà trường là gì?",747
"Nội dung quy tắc ứng xử của sinh viên với cán bộ, giảng viên và nhân viên là gì?","quy tắc ứng xử của sinh viên đối với cán bộ, giảng viên và nhân viên nhà trường là gì?",747
Thái độ chào hỏi và cách xưng hô của sinh viên với giảng viên cần phản ánh điều gì?,thái độ chào hỏi và xưng hô của sinh viên với giảng viên phải thể hiện điều gì?,748
"Khi chào hỏi và xưng hô với giảng viên, sinh viên Việt Nam cần thể hiện những gì?",thái độ chào hỏi và xưng hô của sinh viên với giảng viên phải thể hiện điều gì?,748
Việc xưng hô và chào hỏi của sinh viên đối với giảng viên phải mang ý nghĩa như thế nào?,thái độ chào hỏi và xưng hô của sinh viên với giảng viên phải thể hiện điều gì?,748
Sinh viên cần thể hiện điều gì qua thái độ chào hỏi và cách xưng hô với giảng viên?,thái độ chào hỏi và xưng hô của sinh viên với giảng viên phải thể hiện điều gì?,748
Ý nghĩa của việc sinh viên chào hỏi và xưng hô đúng mực với giảng viên là gì?,thái độ chào hỏi và xưng hô của sinh viên với giảng viên phải thể hiện điều gì?,748
Sinh viên được phép ghi âm hoặc ghi hình thầy cô trong giờ lên lớp không?,"sinh viên có được phép ghi âm, ghi hình thầy cô trong giờ học không?",749
"Trong giờ học, chúng em có thể quay video hoặc ghi âm bài giảng của thầy cô được không?","sinh viên có được phép ghi âm, ghi hình thầy cô trong giờ học không?",749
Thầy cô có cho phép sinh viên ghi nhận hình ảnh và âm thanh trong tiết học này không?,"sinh viên có được phép ghi âm, ghi hình thầy cô trong giờ học không?",749
Việc ghi âm hay ghi hình thầy cô giảng bài có được xem là phép tắc hay không?,"sinh viên có được phép ghi âm, ghi hình thầy cô trong giờ học không?",749
"Sinh viên có thể sử dụng thiết bị ghi âm, ghi hình khi thầy cô đang giảng bài không?","sinh viên có được phép ghi âm, ghi hình thầy cô trong giờ học không?",749
Các quy định nào của nhà trường liên quan đến việc sử dụng mạng xã hội ảnh hưởng đến uy tín của cán bộ?,quy định về việc sử dụng mạng xã hội liên quan đến uy tín cán bộ nhà trường là gì?,750
Nhà trường có những quy định gì về mạng xã hội đối với uy tín của cán bộ?,quy định về việc sử dụng mạng xã hội liên quan đến uy tín cán bộ nhà trường là gì?,750
Nội dung quy định về mạng xã hội tác động đến danh dự cán bộ nhà trường như thế nào?,quy định về việc sử dụng mạng xã hội liên quan đến uy tín cán bộ nhà trường là gì?,750
Cán bộ nhà trường cần tuân thủ những quy định gì về mạng xã hội để bảo vệ uy tín?,quy định về việc sử dụng mạng xã hội liên quan đến uy tín cán bộ nhà trường là gì?,750
Quy định của nhà trường về việc dùng mạng xã hội liên quan đến uy tín cán bộ được quy định cụ thể ra sao?,quy định về việc sử dụng mạng xã hội liên quan đến uy tín cán bộ nhà trường là gì?,750
Sinh viên cần duy trì thái độ như thế nào khi bày tỏ ý kiến hoặc nguyện vọng với nhà trường?,"sinh viên cần có thái độ thế nào khi bày tỏ ý kiến, nguyện vọng với nhà trường?",751
"Khi trình bày ý kiến và nguyện vọng đối với nhà trường, sinh viên phải có thái độ ra sao?","sinh viên cần có thái độ thế nào khi bày tỏ ý kiến, nguyện vọng với nhà trường?",751
"Bạn cho biết sinh viên nên giữ thái độ gì khi gửi gắm ý kiến, nguyện vọng đến nhà trường?","sinh viên cần có thái độ thế nào khi bày tỏ ý kiến, nguyện vọng với nhà trường?",751
"Trong quá trình bày tỏ ý kiến hay nguyện vọng với nhà trường, sinh viên cần thể hiện thái độ thế nào?","sinh viên cần có thái độ thế nào khi bày tỏ ý kiến, nguyện vọng với nhà trường?",751
"Thái độ của sinh viên cần như thế nào khi đưa ra các ý kiến, nguyện vọng tới ban lãnh đạo nhà trường?","sinh viên cần có thái độ thế nào khi bày tỏ ý kiến, nguyện vọng với nhà trường?",751
Sinh viên phải làm gì để nhà trường giải quyết các vấn đề về quyền lợi của mình?,sinh viên cần làm gì khi đề nghị nhà trường giải quyết các vấn đề quyền lợi?,752
"Khi có bất cập về quyền lợi, sinh viên cần thực hiện những bước nào nhằm yêu cầu nhà trường xử lý?",sinh viên cần làm gì khi đề nghị nhà trường giải quyết các vấn đề quyền lợi?,752
"Để đề nghị nhà trường giải quyết các vấn đề liên quan đến quyền lợi, sinh viên cần chuẩn bị và làm gì?",sinh viên cần làm gì khi đề nghị nhà trường giải quyết các vấn đề quyền lợi?,752
Sinh viên cần hành động như thế nào nếu muốn nhà trường can thiệp vào các vấn đề về quyền lợi?,sinh viên cần làm gì khi đề nghị nhà trường giải quyết các vấn đề quyền lợi?,752
Những việc sinh viên cần làm khi có ý kiến yêu cầu nhà trường giải quyết các vấn đề quyền lợi là gì?,sinh viên cần làm gì khi đề nghị nhà trường giải quyết các vấn đề quyền lợi?,752
Quy định dành cho sinh viên khi nghỉ học hoặc đi muộn là gì?,quy định đối với sinh viên khi nghỉ học hoặc đi muộn là gì?,753
Nhà trường có quy định cụ thể nào về việc sinh viên nghỉ học hay đi muộn không?,quy định đối với sinh viên khi nghỉ học hoặc đi muộn là gì?,753
Sinh viên cần phải tuân thủ những quy định gì khi có việc phải nghỉ hoặc đi muộn?,quy định đối với sinh viên khi nghỉ học hoặc đi muộn là gì?,753
Tôi muốn biết quy định xử lý đối với sinh viên đi muộn hoặc nghỉ học như thế nào.,quy định đối với sinh viên khi nghỉ học hoặc đi muộn là gì?,753
Các quy định liên quan đến sinh viên nghỉ học hoặc đi muộn được quy định ra sao?,quy định đối với sinh viên khi nghỉ học hoặc đi muộn là gì?,753
Trường học có quy định cấm những hành vi nào gây ra sự thiên vị vì lợi ích cá nhân không?,nhà trường nghiêm cấm hành vi nào liên quan đến việc tạo sự thiên vị trong lợi ích cá nhân?,754
Những hành động nào liên quan đến việc thiên vị vì lợi ích riêng mà nhà trường nghiêm cấm?,nhà trường nghiêm cấm hành vi nào liên quan đến việc tạo sự thiên vị trong lợi ích cá nhân?,754
Nhà trường cấm sinh viên thực hiện hành vi gây thiên vị vì mục đích vụ lợi như thế nào?,nhà trường nghiêm cấm hành vi nào liên quan đến việc tạo sự thiên vị trong lợi ích cá nhân?,754
Hành vi nào liên quan đến sự thiên vị vì lợi ích cá nhân bị nhà trường nghiêm cấm?,nhà trường nghiêm cấm hành vi nào liên quan đến việc tạo sự thiên vị trong lợi ích cá nhân?,754
"Theo quy định của nhà trường, những việc gì gây thiên vị vì lợi ích riêng là bị cấm?",nhà trường nghiêm cấm hành vi nào liên quan đến việc tạo sự thiên vị trong lợi ích cá nhân?,754
"Khi sinh viên phát hiện cán bộ nhà trường có hành vi trù dập hoặc đưa ra những gợi ý tiêu cực, em cần làm gì?",sinh viên cần làm gì khi phát hiện hành vi trù dập hoặc gợi ý tiêu cực từ cán bộ nhà trường?,755
"Nếu gặp tình huống bị trù dập hoặc nhận được lời khuyên không lành mạnh từ phía nhà trường, sinh viên nên xử lý ra sao?",sinh viên cần làm gì khi phát hiện hành vi trù dập hoặc gợi ý tiêu cực từ cán bộ nhà trường?,755
Hành động nào là cần thiết cho một sinh viên khi bắt gặp cán bộ giáo viên có thái độ phân biệt đối xử hoặc định hướng tiêu cực?,sinh viên cần làm gì khi phát hiện hành vi trù dập hoặc gợi ý tiêu cực từ cán bộ nhà trường?,755
"Trong trường hợp cán bộ nhà trường thực hiện hành vi trù dập hoặc gợi ý xấu, sinh viên cần phản ứng thế nào?",sinh viên cần làm gì khi phát hiện hành vi trù dập hoặc gợi ý tiêu cực từ cán bộ nhà trường?,755
Sinh viên phải làm gì nếu phát hiện thấy cán bộ quản lý hoặc giảng viên đang trù dập hoặc chỉ dẫn những điều tiêu cực?,sinh viên cần làm gì khi phát hiện hành vi trù dập hoặc gợi ý tiêu cực từ cán bộ nhà trường?,755
Sinh viên cần tuân thủ những quy tắc ứng xử nào khi có khách đến thăm và làm việc tại trường?,quy tắc ứng xử của sinh viên đối với khách đến thăm và làm việc tại trường là gì?,756
Nội dung quy tắc ứng xử dành cho sinh viên khi tiếp nhận khách đến thăm trường là gì?,quy tắc ứng xử của sinh viên đối với khách đến thăm và làm việc tại trường là gì?,756
"Khi khách đến thăm và làm việc tại trường, sinh viên phải thực hiện những quy định ứng xử ra sao?",quy tắc ứng xử của sinh viên đối với khách đến thăm và làm việc tại trường là gì?,756
Các quy tắc ứng xử của sinh viên trong trường hợp có đoàn khách đến thăm trường được quy định cụ thể như thế nào?,quy tắc ứng xử của sinh viên đối với khách đến thăm và làm việc tại trường là gì?,756
Sinh viên cần biết và thực hiện những chuẩn mực ứng xử gì đối với khách đến thăm và làm việc tại cơ sở trường học?,quy tắc ứng xử của sinh viên đối với khách đến thăm và làm việc tại trường là gì?,756
Sinh viên cần làm gì khi khách hàng đến trường tìm kiếm sự hỗ trợ?,trách nhiệm của sinh viên khi khách cần sự trợ giúp tại trường là gì?,757
Nhiệm vụ cụ thể của sinh viên đối với khách cần giúp đỡ tại cơ sở đào tạo là gì?,trách nhiệm của sinh viên khi khách cần sự trợ giúp tại trường là gì?,757
"Khi khách đến trường cần trợ giúp, sinh viên phải thực hiện những trách nhiệm nào?",trách nhiệm của sinh viên khi khách cần sự trợ giúp tại trường là gì?,757
Sinh viên Việt Nam cần đóng góp gì cho khách hàng khi họ cần sự giúp đỡ tại trường?,trách nhiệm của sinh viên khi khách cần sự trợ giúp tại trường là gì?,757
Hãy nêu rõ trách nhiệm của sinh viên khi có khách đến trường xin sự hỗ trợ.,trách nhiệm của sinh viên khi khách cần sự trợ giúp tại trường là gì?,757
Sinh viên cần cung cấp những thông tin nào cho khách hàng khi họ muốn tìm hiểu về trường?,sinh viên cần cung cấp thông tin gì cho khách khi họ có nhu cầu tìm hiểu về trường?,758
"Khi khách hàng có nhu cầu tìm hiểu về trường, sinh viên cần cung cấp thông tin gì?",sinh viên cần cung cấp thông tin gì cho khách khi họ có nhu cầu tìm hiểu về trường?,758
Những thông tin nào mà sinh viên phải cung cấp cho khách khi khách quan tâm đến trường?,sinh viên cần cung cấp thông tin gì cho khách khi họ có nhu cầu tìm hiểu về trường?,758
Khách hàng muốn tìm hiểu về trường thì sinh viên cần đưa ra những thông tin gì?,sinh viên cần cung cấp thông tin gì cho khách khi họ có nhu cầu tìm hiểu về trường?,758
"Trong trường hợp khách hàng có ý định tìm hiểu về ngôi trường, sinh viên cần chuẩn bị cung cấp thông tin gì?",sinh viên cần cung cấp thông tin gì cho khách khi họ có nhu cầu tìm hiểu về trường?,758
Sinh viên cần tuân thủ những quy tắc ứng xử nào đối với công tác học tập và rèn luyện?,quy tắc ứng xử của sinh viên đối với công tác học tập và rèn luyện là gì?,759
Nội dung quy tắc ứng xử của sinh viên trong lĩnh vực học tập và rèn luyện là gì?,quy tắc ứng xử của sinh viên đối với công tác học tập và rèn luyện là gì?,759
Các nguyên tắc ứng xử dành cho sinh viên khi tham gia vào công tác học tập và rèn luyện ra sao?,quy tắc ứng xử của sinh viên đối với công tác học tập và rèn luyện là gì?,759
Chúng ta có thể liệt kê được những quy tắc ứng xử của sinh viên liên quan đến học tập và rèn luyện không?,quy tắc ứng xử của sinh viên đối với công tác học tập và rèn luyện là gì?,759
Quy tắc ứng xử mà sinh viên phải thực hiện trong quá trình học tập và rèn luyện được quy định như thế nào?,quy tắc ứng xử của sinh viên đối với công tác học tập và rèn luyện là gì?,759
Sinh viên cần thực hiện nghiêm túc những quy định nào?,những quy định nào sinh viên bắt buộc phải thực hiện nghiêm túc?,760
"Theo quy định, sinh viên bắt buộc phải tuân thủ những điều gì?",những quy định nào sinh viên bắt buộc phải thực hiện nghiêm túc?,760
Những quy tắc nào mà sinh viên không được phép vi phạm?,những quy định nào sinh viên bắt buộc phải thực hiện nghiêm túc?,760
Sinh viên cần đặc biệt chú ý và thực hiện đúng những quy định nào?,những quy định nào sinh viên bắt buộc phải thực hiện nghiêm túc?,760
"Trong số các quy định hiện hành, sinh viên phải tuân thủ nghiêm ngặt những điều gì?",những quy định nào sinh viên bắt buộc phải thực hiện nghiêm túc?,760
Sinh viên cần tìm hiểu lịch sử và truyền thống của nhà trường vì sao?,tại sao sinh viên cần tìm hiểu về lịch sử và truyền thống của nhà trường?,761
Tại sao việc nghiên cứu nguồn cội và các giá trị truyền thống lại quan trọng với sinh viên?,tại sao sinh viên cần tìm hiểu về lịch sử và truyền thống của nhà trường?,761
Mục đích của việc học sinh nắm bắt lịch sử nhà trường là gì?,tại sao sinh viên cần tìm hiểu về lịch sử và truyền thống của nhà trường?,761
Sinh viên phải tìm hiểu về quá khứ và bản sắc nhà trường để làm gì?,tại sao sinh viên cần tìm hiểu về lịch sử và truyền thống của nhà trường?,761
Lý do sinh viên cần biết rõ lịch sử và phong cách truyền thống của trường là gì?,tại sao sinh viên cần tìm hiểu về lịch sử và truyền thống của nhà trường?,761
Sinh viên nên thể hiện sự chủ động ra sao trong việc tiếp thu kiến thức?,sinh viên cần thể hiện sự chủ động trong quá trình tiếp nhận kiến thức như thế nào?,762
Làm thế nào để sinh viên phát huy tính chủ động khi học tập?,sinh viên cần thể hiện sự chủ động trong quá trình tiếp nhận kiến thức như thế nào?,762
Sinh viên cần chủ động trong quá trình tiếp nhận kiến thức như thế nào?,sinh viên cần thể hiện sự chủ động trong quá trình tiếp nhận kiến thức như thế nào?,762
Tính chủ động của sinh viên trong việc lĩnh hội kiến thức nên được thể hiện cụ thể thế nào?,sinh viên cần thể hiện sự chủ động trong quá trình tiếp nhận kiến thức như thế nào?,762
"Trong quá trình học tập, sinh viên cần thể hiện sự chủ động ở những khía cạnh nào?",sinh viên cần thể hiện sự chủ động trong quá trình tiếp nhận kiến thức như thế nào?,762
Những quy định cụ thể nào về tính trung thực trong thi cử và kiểm tra?,quy định về tính trung thực trong thi cử và kiểm tra là gì?,763
Tính trung thực trong quá trình thi cử và kiểm tra được quy định ra sao?,quy định về tính trung thực trong thi cử và kiểm tra là gì?,763
Nội dung quy định về việc giữ gìn tính trung thực khi thi cử và kiểm tra là gì?,quy định về tính trung thực trong thi cử và kiểm tra là gì?,763
Học sinh cần tuân thủ những quy định gì về tính trung thực trong các kỳ thi và bài kiểm tra?,quy định về tính trung thực trong thi cử và kiểm tra là gì?,763
Pháp luật có những quy định chi tiết nào đối với tính trung thực trong hoạt động thi cử và kiểm tra?,quy định về tính trung thực trong thi cử và kiểm tra là gì?,763
Sinh viên cần thực hiện những gì nếu vi phạm quy chế hay quy định của nhà trường?,"sinh viên phải làm gì sau khi vi phạm các quy chế, quy định của nhà trường?",764
"Khi có hành vi vi phạm nội quy, sinh viên phải làm gì theo quy định?","sinh viên phải làm gì sau khi vi phạm các quy chế, quy định của nhà trường?",764
Quy trình xử lý dành cho sinh viên sau khi vi phạm các quy định của trường là gì?,"sinh viên phải làm gì sau khi vi phạm các quy chế, quy định của nhà trường?",764
Hành động cần thiết của sinh viên ngay sau khi vi phạm quy chế nhà trường là gì?,"sinh viên phải làm gì sau khi vi phạm các quy chế, quy định của nhà trường?",764
Sinh viên cần phải làm gì để đối mặt với việc vi phạm các quy định của trường?,"sinh viên phải làm gì sau khi vi phạm các quy chế, quy định của nhà trường?",764
Sinh viên cần tuân thủ những quy tắc ứng xử nào khi giao tiếp với bạn bè và đồng nghiệp trong học tập?,quy tắc ứng xử của sinh viên đối với bạn bè và người học khác là gì?,765
"Theo quy định hiện hành, sinh viên phải có thái độ và hành vi như thế nào đối với bạn cùng lớp và người khác?",quy tắc ứng xử của sinh viên đối với bạn bè và người học khác là gì?,765
Những chuẩn mực ứng xử dành cho sinh viên với bạn bè và người học khác là gì?,quy tắc ứng xử của sinh viên đối với bạn bè và người học khác là gì?,765
Sinh viên Việt Nam được kỳ vọng sẽ có quy tắc ứng xử ra sao khi tương tác với bạn bè và người học khác?,quy tắc ứng xử của sinh viên đối với bạn bè và người học khác là gì?,765
Nội dung quy tắc ứng xử của sinh viên đối với các bạn trong lớp và người học khác gồm những điều gì?,quy tắc ứng xử của sinh viên đối với bạn bè và người học khác là gì?,765
Những hành vi nào bị cấm trong mối quan hệ bạn bè giữa các sinh viên?,những hành vi nào bị nghiêm cấm trong quan hệ bạn bè giữa các sinh viên?,766
Sinh viên cần tránh những hành vi nào khi làm bạn với nhau?,những hành vi nào bị nghiêm cấm trong quan hệ bạn bè giữa các sinh viên?,766
"Trong quan hệ bạn bè của sinh viên, hành vi nào là không được phép?",những hành vi nào bị nghiêm cấm trong quan hệ bạn bè giữa các sinh viên?,766
Bạn bè sinh viên không được phép thực hiện những việc gì?,những hành vi nào bị nghiêm cấm trong quan hệ bạn bè giữa các sinh viên?,766
Những việc gì bị nghiêm cấm đối với các sinh viên khi họ là bạn của nhau?,những hành vi nào bị nghiêm cấm trong quan hệ bạn bè giữa các sinh viên?,766
Trường có quy định cụ thể nào về ngôn ngữ giao tiếp dành cho sinh viên không?,quy định về ngôn ngữ giao tiếp của sinh viên trong trường là gì?,767
Sinh viên cần tuân thủ những quy định gì về ngôn ngữ khi giao tiếp trong trường?,quy định về ngôn ngữ giao tiếp của sinh viên trong trường là gì?,767
Nội dung quy định về ngôn ngữ giao tiếp của sinh viên tại trường là gì?,quy định về ngôn ngữ giao tiếp của sinh viên trong trường là gì?,767
Làm thế nào để sinh viên biết được các quy định về ngôn ngữ trong nhà trường?,quy định về ngôn ngữ giao tiếp của sinh viên trong trường là gì?,767
Các quy định liên quan đến ngôn ngữ giao tiếp của sinh viên trong trường học là gì?,quy định về ngôn ngữ giao tiếp của sinh viên trong trường là gì?,767
Quy tắc ứng xử liên quan đến cảnh quan môi trường và tài sản công đòi hỏi phải tuân thủ những điều gì?,quy tắc ứng xử với cảnh quan môi trường và tài sản công yêu cầu những gì?,768
Chúng ta cần thực hiện những yêu cầu nào khi ứng xử với cảnh quan môi trường và tài sản công?,quy tắc ứng xử với cảnh quan môi trường và tài sản công yêu cầu những gì?,768
Những quy định nào được đặt ra về việc ứng xử đúng đắn với cảnh quan môi trường cũng như tài sản công?,quy tắc ứng xử với cảnh quan môi trường và tài sản công yêu cầu những gì?,768
"Khi nói đến cảnh quan môi trường và tài sản công, các quy tắc ứng xử cụ thể yêu cầu điều gì từ chúng ta?",quy tắc ứng xử với cảnh quan môi trường và tài sản công yêu cầu những gì?,768
Những gì là bắt buộc trong quy tắc ứng xử đối với cảnh quan môi trường và tài sản công?,quy tắc ứng xử với cảnh quan môi trường và tài sản công yêu cầu những gì?,768
Sinh viên cần tuân thủ những quy định nào về trang phục và diện mạo khi đến trường?,quy định về trang phục và diện mạo của sinh viên khi đến trường là gì?,769
Trường có quy định cụ thể gì về cách ăn mặc và ngoại hình của sinh viên không?,quy định về trang phục và diện mạo của sinh viên khi đến trường là gì?,769
Nội dung quy định về trang phục và diện mạo dành cho sinh viên khi tham gia học tập là gì?,quy định về trang phục và diện mạo của sinh viên khi đến trường là gì?,769
Sinh viên phải mặc trang phục như thế nào và giữ gìn diện mạo ra sao theo quy định của trường?,quy định về trang phục và diện mạo của sinh viên khi đến trường là gì?,769
Những quy tắc về trang phục và ngoại hình mà sinh viên cần biết khi đến trường là gì?,quy định về trang phục và diện mạo của sinh viên khi đến trường là gì?,769
Sinh viên cần đảm nhận những trách nhiệm nào đối với cơ sở vật chất và trang thiết bị dạy học?,sinh viên có trách nhiệm gì đối với cơ sở vật chất và thiết bị dạy học?,770
Cơ sở vật chất và thiết bị dạy học được sinh viên bảo vệ và gìn giữ như thế nào?,sinh viên có trách nhiệm gì đối với cơ sở vật chất và thiết bị dạy học?,770
"Trong quá trình học tập, sinh viên phải thực hiện những nghĩa vụ gì liên quan đến tài sản của trường?",sinh viên có trách nhiệm gì đối với cơ sở vật chất và thiết bị dạy học?,770
Những hành động cụ thể nào phản ánh trách nhiệm của sinh viên đối với cơ sở vật chất và dụng cụ giảng dạy?,sinh viên có trách nhiệm gì đối với cơ sở vật chất và thiết bị dạy học?,770
Sinh viên cần làm gì để duy trì và phát huy hiệu quả của các phương tiện dạy học?,sinh viên có trách nhiệm gì đối với cơ sở vật chất và thiết bị dạy học?,770
Sinh viên tại trường cần tuân thủ phương châm nào về việc giữ gìn vệ sinh chung?,phương châm giữ gìn vệ sinh chung của sinh viên tại trường là gì?,771
Nội dung phương châm giữ gìn vệ sinh chung dành cho sinh viên trong trường là gì?,phương châm giữ gìn vệ sinh chung của sinh viên tại trường là gì?,771
Trường học có quy định phương châm gì để sinh viên cùng nhau bảo vệ vệ sinh chung?,phương châm giữ gìn vệ sinh chung của sinh viên tại trường là gì?,771
Sinh viên chúng ta phải thực hiện phương châm giữ gìn vệ sinh chung ra sao?,phương châm giữ gìn vệ sinh chung của sinh viên tại trường là gì?,771
Phương châm về việc duy trì vệ sinh chung mà sinh viên trường cần làm là gì?,phương châm giữ gìn vệ sinh chung của sinh viên tại trường là gì?,771
Chất nào không được phép sử dụng trong khuôn viên trường?,những chất nào bị cấm sử dụng trong khuôn viên trường?,772
Trường cấm dùng những loại chất gì ở đây?,những chất nào bị cấm sử dụng trong khuôn viên trường?,772
Những hóa chất hay chất nào bị hạn chế trong khuôn viên nhà trường?,những chất nào bị cấm sử dụng trong khuôn viên trường?,772
Bạn có thể cho biết danh sách các chất bị cấm dùng tại trường không?,những chất nào bị cấm sử dụng trong khuôn viên trường?,772
"Trong khuôn viên trường, chúng ta không được sử dụng những chất gì?",những chất nào bị cấm sử dụng trong khuôn viên trường?,772
Sinh viên phải tuân theo những quy định nào khi khai thác và sử dụng tài liệu học thuật?,sinh viên cần tuân thủ điều gì khi khai thác và sử dụng tài liệu học thuật?,773
"Khi khai thác cũng như sử dụng các tài liệu học thuật, sinh viên cần chú ý điều gì?",sinh viên cần tuân thủ điều gì khi khai thác và sử dụng tài liệu học thuật?,773
Những điều kiện bắt buộc nào mà sinh viên phải thực hiện trong việc khai thác và dùng tài liệu học thuật?,sinh viên cần tuân thủ điều gì khi khai thác và sử dụng tài liệu học thuật?,773
"Để khai thác và sử dụng tài liệu học thuật, sinh viên cần tuân thủ các quy tắc gì?",sinh viên cần tuân thủ điều gì khi khai thác và sử dụng tài liệu học thuật?,773
Sinh viên cần phải làm gì để đúng quy định khi khai thác và sử dụng tài liệu học thuật?,sinh viên cần tuân thủ điều gì khi khai thác và sử dụng tài liệu học thuật?,773
Nhà trường quy định thế nào về việc sử dụng hệ thống thư điện tử và Google Drive?,quy định về việc sử dụng hệ thống thư điện tử và google drive của trường là gì?,774
Quy định nào của trường áp dụng cho việc dùng email và Google Drive?,quy định về việc sử dụng hệ thống thư điện tử và google drive của trường là gì?,774
Trường có quy định cụ thể gì về cách sử dụng tài khoản email và Google Drive không?,quy định về việc sử dụng hệ thống thư điện tử và google drive của trường là gì?,774
Bạn có thể cho mình biết quy định về sử dụng hệ thống thư điện tử và Google Drive của trường được không?,quy định về việc sử dụng hệ thống thư điện tử và google drive của trường là gì?,774
Nội dung quy định về việc dùng thư điện tử và Google Drive tại trường là gì?,quy định về việc sử dụng hệ thống thư điện tử và google drive của trường là gì?,774
Sinh viên cần xử lý ra sao đối với những thông tin vi phạm khi đã được đăng tải trên mạng xã hội?,sinh viên phải xử lý thế nào đối với các thông tin vi phạm đã đăng tải trên mạng xã hội?,775
Làm thế nào để sinh viên giải quyết các trường hợp thông tin vi phạm đã lan truyền trên mạng xã hội?,sinh viên phải xử lý thế nào đối với các thông tin vi phạm đã đăng tải trên mạng xã hội?,775
"Khi có thông tin vi phạm xuất hiện trên mạng xã hội, sinh viên phải thực hiện các bước xử lý như thế nào?",sinh viên phải xử lý thế nào đối với các thông tin vi phạm đã đăng tải trên mạng xã hội?,775
Sinh viên nên có phương án xử lý cụ thể gì đối với nội dung vi phạm đã đăng lên mạng xã hội?,sinh viên phải xử lý thế nào đối với các thông tin vi phạm đã đăng tải trên mạng xã hội?,775
"Đối với các thông tin vi phạm đã được chia sẻ trên mạng xã hội, sinh viên cần hành động ra sao?",sinh viên phải xử lý thế nào đối với các thông tin vi phạm đã đăng tải trên mạng xã hội?,775
Chính sách tín dụng dành cho sinh viên vay vốn được quy định dựa trên những văn bản pháp luật nào?,chính sách tín dụng đối với sinh viên (vay sinh viên) căn cứ vào những văn bản pháp lý nào?,776
Những văn bản pháp lý nào làm cơ sở cho chính sách vay tiền của sinh viên hiện nay?,chính sách tín dụng đối với sinh viên (vay sinh viên) căn cứ vào những văn bản pháp lý nào?,776
Luật pháp quy định chính sách vay vốn cho sinh viên căn cứ vào những văn bản gì?,chính sách tín dụng đối với sinh viên (vay sinh viên) căn cứ vào những văn bản pháp lý nào?,776
Cơ sở pháp lý để thực hiện chính sách tín dụng đối với sinh viên là những văn bản nào?,chính sách tín dụng đối với sinh viên (vay sinh viên) căn cứ vào những văn bản pháp lý nào?,776
Chính sách vay tiền cho sinh viên được xây dựng dựa trên nền tảng pháp lý nào?,chính sách tín dụng đối với sinh viên (vay sinh viên) căn cứ vào những văn bản pháp lý nào?,776
Mục tiêu của chính sách tín dụng dành cho sinh viên là gì?,mục đích của chính sách tín dụng đối với sinh viên là gì?,777
Sinh viên muốn biết chính sách vay vốn này nhằm mục đích gì?,mục đích của chính sách tín dụng đối với sinh viên là gì?,777
Nhà trường áp dụng chính sách tín dụng với sinh viên để hướng tới mục đích nào?,mục đích của chính sách tín dụng đối với sinh viên là gì?,777
Chính sách tín dụng cho sinh viên được thiết lập với mục đích cụ thể là gì?,mục đích của chính sách tín dụng đối với sinh viên là gì?,777
Làm thế nào để hiểu rõ mục đích của chính sách tín dụng dành cho sinh viên?,mục đích của chính sách tín dụng đối với sinh viên là gì?,777
Loại chi phí nào có thể được hỗ trợ từ nguồn vốn vay sinh viên?,những loại chi phí nào được hỗ trợ từ nguồn vốn vay sinh viên?,778
Nguồn vốn vay sinh viên hỗ trợ những khoản chi phí nào?,những loại chi phí nào được hỗ trợ từ nguồn vốn vay sinh viên?,778
Những khoản chi nào được nhà trường hỗ trợ thông qua gói vay sinh viên?,những loại chi phí nào được hỗ trợ từ nguồn vốn vay sinh viên?,778
Sinh viên có thể dùng vốn vay để trả những loại chi phí gì?,những loại chi phí nào được hỗ trợ từ nguồn vốn vay sinh viên?,778
Vốn vay sinh viên được phép chi trả cho những hạng mục nào?,những loại chi phí nào được hỗ trợ từ nguồn vốn vay sinh viên?,778
Sinh viên của trường nào là đối tượng được hưởng chính sách vay vốn này?,sinh viên trường nào thuộc đối tượng được áp dụng chính sách vay vốn này?,779
Trường nào có sinh viên nằm trong đối tượng áp dụng chính sách vay vốn?,sinh viên trường nào thuộc đối tượng được áp dụng chính sách vay vốn này?,779
Chính sách vay vốn này dành cho sinh viên của những trường nào?,sinh viên trường nào thuộc đối tượng được áp dụng chính sách vay vốn này?,779
Ai là sinh viên thuộc đối tượng được vay vốn theo chính sách này?,sinh viên trường nào thuộc đối tượng được áp dụng chính sách vay vốn này?,779
Sinh viên của trường nào được hưởng quyền lợi về vay vốn theo quy định?,sinh viên trường nào thuộc đối tượng được áp dụng chính sách vay vốn này?,779
Sinh viên mất cha mẹ còn có khả năng vay vốn ngân hàng không?,sinh viên mồ côi có được vay vốn không?,780
Có chính sách hỗ trợ vay vốn cho những sinh viên mồ côi hay không?,sinh viên mồ côi có được vay vốn không?,780
Trường hợp sinh viên mồ côi thì được phép vay tiền hay bị từ chối?,sinh viên mồ côi có được vay vốn không?,780
Những em sinh viên không có cha mẹ còn cơ hội vay vốn được không vậy?,sinh viên mồ côi có được vay vốn không?,780
Tôi muốn biết sinh viên mồ côi có nằm trong danh sách được vay vốn hay không?,sinh viên mồ côi có được vay vốn không?,780
Sinh viên đang thuộc hộ nghèo thì có được phép vay vốn không?,sinh viên thuộc hộ nghèo có được vay vốn không?,781
Những sinh viên có hoàn cảnh hộ nghèo có thể vay tiền được không?,sinh viên thuộc hộ nghèo có được vay vốn không?,781
"Bạn ơi, sinh viên hộ nghèo được vay vốn hỗ trợ hay không vậy?",sinh viên thuộc hộ nghèo có được vay vốn không?,781
Chế độ vay vốn có áp dụng cho sinh viên của hộ nghèo không?,sinh viên thuộc hộ nghèo có được vay vốn không?,781
Trường hợp sinh viên thuộc hộ nghèo thì có đủ điều kiện vay vốn không?,sinh viên thuộc hộ nghèo có được vay vốn không?,781
Sinh viên trong hộ cận nghèo có được phép vay vốn ngân hàng không?,sinh viên thuộc hộ cận nghèo có được vay vốn không?,782
Những sinh viên thuộc hộ cận nghèo có thể vay tiền được hay không?,sinh viên thuộc hộ cận nghèo có được vay vốn không?,782
Việc vay vốn dành cho sinh viên thuộc hộ cận nghèo có được chấp nhận không?,sinh viên thuộc hộ cận nghèo có được vay vốn không?,782
Sinh viên của gia đình cận nghèo có đủ điều kiện để vay vốn hỗ trợ hay không?,sinh viên thuộc hộ cận nghèo có được vay vốn không?,782
Có chính sách cho phép sinh viên thuộc hộ cận nghèo vay vốn không vậy?,sinh viên thuộc hộ cận nghèo có được vay vốn không?,782
Sinh viên có gia đình thuộc hộ mức sống trung bình được phép vay tiền không?,sinh viên thuộc hộ có mức sống trung bình có được vay vốn không?,783
Những sinh viên đến từ hộ gia đình có thu nhập trung bình có thể xin vay vốn được không?,sinh viên thuộc hộ có mức sống trung bình có được vay vốn không?,783
Có chính sách hỗ trợ vay vốn dành riêng cho sinh viên trong các hộ có mức sống trung bình hay không?,sinh viên thuộc hộ có mức sống trung bình có được vay vốn không?,783
Sinh viên của các hộ gia đình bình thường có đủ điều kiện để được vay vốn ngân hàng không?,sinh viên thuộc hộ có mức sống trung bình có được vay vốn không?,783
Tôi muốn biết xem sinh viên thuộc hộ mức sống trung bình có được vay tiền hay không.,sinh viên thuộc hộ có mức sống trung bình có được vay vốn không?,783
Gia đình tôi đang gặp khó khăn về tài chính đột xuất vì tai nạn hoặc bệnh tật thì có thể vay vốn được không?,gia đình gặp khó khăn tài chính đột xuất do tai nạn hoặc bệnh tật có được vay vốn không?,784
"Khi gia đình xảy ra sự cố bất ngờ như tai nạn hay ốm đau dẫn đến thiếu hụt kinh tế, mình có thể xin vay tiền không?",gia đình gặp khó khăn tài chính đột xuất do tai nạn hoặc bệnh tật có được vay vốn không?,784
"Trường hợp gia đình tôi lâm vào cảnh khó khăn tài chính bất ngờ do tai nạn hoặc bệnh, ngân hàng có cho vay hỗ trợ không?",gia đình gặp khó khăn tài chính đột xuất do tai nạn hoặc bệnh tật có được vay vốn không?,784
"Nếu gia đình gặp biến cố tài chính đột ngột vì tai nạn hay bệnh tật, tôi có đủ điều kiện để vay vốn hay không?",gia đình gặp khó khăn tài chính đột xuất do tai nạn hoặc bệnh tật có được vay vốn không?,784
Gia đình tôi đang thiếu hụt kinh tế đột xuất do tai nạn hoặc bệnh tật thì được phép vay tiền không ạ?,gia đình gặp khó khăn tài chính đột xuất do tai nạn hoặc bệnh tật có được vay vốn không?,784
Loại hình vay tiền nào mà sinh viên thường gặp nhất hiện nay?,phương thức cho vay phổ biến nhất đối với sinh viên là gì?,785
Sinh viên thường được vay bằng hình thức nào phổ biến nhất?,phương thức cho vay phổ biến nhất đối với sinh viên là gì?,785
Phương án vay vốn nào là phổ biến cho sinh viên nhất?,phương thức cho vay phổ biến nhất đối với sinh viên là gì?,785
Đối tượng là sinh viên thì hình thức vay nào được dùng nhiều nhất?,phương thức cho vay phổ biến nhất đối với sinh viên là gì?,785
Sinh viên thường chọn phương thức vay nào phổ biến hơn cả?,phương thức cho vay phổ biến nhất đối với sinh viên là gì?,785
"Trong phương thức cho vay qua hộ gia đình, ai là người đứng tên vay và chịu trách nhiệm trả nợ?",ai là người đứng tên vay và trả nợ trong phương thức cho vay qua hộ gia đình?,786
"Khi vay vốn theo hình thức hộ gia đình, cụ thể ai mới là người đứng tên vay và người phải trả nợ?",ai là người đứng tên vay và trả nợ trong phương thức cho vay qua hộ gia đình?,786
Ai sẽ là người đứng tên để vay tiền và người phải lo việc trả nợ trong hình thức cho vay qua hộ gia đình?,ai là người đứng tên vay và trả nợ trong phương thức cho vay qua hộ gia đình?,786
Phương thức cho vay qua hộ gia đình quy định ai là người đứng tên vay cũng như người phải trả khoản nợ?,ai là người đứng tên vay và trả nợ trong phương thức cho vay qua hộ gia đình?,786
"Trong cách cho vay qua hộ gia đình, người đứng tên vay và người trả nợ chính là ai?",ai là người đứng tên vay và trả nợ trong phương thức cho vay qua hộ gia đình?,786
Trong trường hợp nào sinh viên có thể trực tiếp đứng tên vay vốn tại nơi trường đóng trụ sở?,trường hợp nào sinh viên được trực tiếp đứng tên vay vốn tại nơi trường đóng trụ sở?,787
Khi nào thì sinh viên được phép đứng tên vay tiền ngay tại trụ sở chính của trường?,trường hợp nào sinh viên được trực tiếp đứng tên vay vốn tại nơi trường đóng trụ sở?,787
Sinh viên được trực tiếp đứng tên vay vốn ở văn phòng trường trong điều kiện gì?,trường hợp nào sinh viên được trực tiếp đứng tên vay vốn tại nơi trường đóng trụ sở?,787
Điều kiện để sinh viên đứng tên vay vốn tại nơi trường đặt trụ sở là gì?,trường hợp nào sinh viên được trực tiếp đứng tên vay vốn tại nơi trường đóng trụ sở?,787
Trường hợp nào sinh viên có thể làm thủ tục vay vốn trực tiếp bằng tên mình tại nơi trường có trụ sở?,trường hợp nào sinh viên được trực tiếp đứng tên vay vốn tại nơi trường đóng trụ sở?,787
Cơ quan nào là đơn vị trực tiếp cấp vốn vay cho sinh viên?,cơ quan nào trực tiếp thực hiện việc cho vay đối với sinh viên?,788
Tổ chức hay cơ quan nào có chức năng cho vay trực tiếp với sinh viên?,cơ quan nào trực tiếp thực hiện việc cho vay đối với sinh viên?,788
Ai là cơ quan đứng ra trực tiếp thực hiện việc cho vay tiền cho sinh viên?,cơ quan nào trực tiếp thực hiện việc cho vay đối với sinh viên?,788
Đơn vị nào trực tiếp tiến hành cho vay đối với sinh viên?,cơ quan nào trực tiếp thực hiện việc cho vay đối với sinh viên?,788
Cơ quan nào được giao nhiệm vụ trực tiếp cho vay cho sinh viên?,cơ quan nào trực tiếp thực hiện việc cho vay đối với sinh viên?,788
Điều kiện về nơi sinh sống để được vay tiền là gì?,điều kiện về nơi cư trú để được vay vốn là gì?,789
Làm thế nào để biết được địa chỉ cư trú cần thiết khi vay vốn?,điều kiện về nơi cư trú để được vay vốn là gì?,789
Yêu cầu về nơi ở để được cấp khoản vay là gì?,điều kiện về nơi cư trú để được vay vốn là gì?,789
Tôi cần có loại giấy tờ về chỗ ở nào để vay vốn?,điều kiện về nơi cư trú để được vay vốn là gì?,789
Những quy định nào về nơi cư trú ảnh hưởng đến việc vay tiền?,điều kiện về nơi cư trú để được vay vốn là gì?,789
Sinh viên năm nhất cần chuẩn bị những giấy tờ gì để chứng minh điều kiện học tập khi vay vốn?,sinh viên năm thứ nhất cần giấy tờ gì để chứng minh điều kiện học tập khi vay vốn?,790
"Khi vay vốn, sinh viên năm thứ nhất phải cung cấp giấy tờ nào để xác nhận hoàn cảnh kinh tế?",sinh viên năm thứ nhất cần giấy tờ gì để chứng minh điều kiện học tập khi vay vốn?,790
"Để được vay tiền học, sinh viên năm nhất cần xuất trình những tài liệu chứng minh nào?",sinh viên năm thứ nhất cần giấy tờ gì để chứng minh điều kiện học tập khi vay vốn?,790
Những loại giấy tờ nào là bắt buộc sinh viên năm nhất phải có để chứng minh điều kiện học tập khi xin vay?,sinh viên năm thứ nhất cần giấy tờ gì để chứng minh điều kiện học tập khi vay vốn?,790
Sinh viên khóa đầu tiên cần mang những chứng từ gì để làm hồ sơ chứng minh hoàn cảnh khi vay vốn?,sinh viên năm thứ nhất cần giấy tờ gì để chứng minh điều kiện học tập khi vay vốn?,790
Sinh viên từ năm thứ hai trở đi cần đáp ứng những tiêu chuẩn đạo đức nào để được vay vốn?,sinh viên từ năm thứ hai trở đi cần điều kiện gì về đạo đức để được vay vốn?,791
Những điều kiện về phẩm chất đạo đức mà sinh viên năm hai trở lên phải có mới được vay tiền là gì?,sinh viên từ năm thứ hai trở đi cần điều kiện gì về đạo đức để được vay vốn?,791
"Để sinh viên từ năm hai trở đi được vay vốn, họ cần chứng minh những yếu tố đạo đức cụ thể nào?",sinh viên từ năm thứ hai trở đi cần điều kiện gì về đạo đức để được vay vốn?,791
Sinh viên từ năm thứ hai trở lên cần đạt được những yêu cầu về lối sống và đạo đức ra sao thì mới được cấp vốn?,sinh viên từ năm thứ hai trở đi cần điều kiện gì về đạo đức để được vay vốn?,791
Các điều kiện về đạo đức bắt buộc đối với sinh viên từ năm hai trở lên để có thể vay vốn là gì?,sinh viên từ năm thứ hai trở đi cần điều kiện gì về đạo đức để được vay vốn?,791
Mức vốn vay tối đa dành cho một sinh viên là bao nhiêu?,mức vốn cho vay tối đa đối với một sinh viên là bao nhiêu?,792
Sinh viên có thể vay được nhiều nhất là bao nhiêu tiền?,mức vốn cho vay tối đa đối với một sinh viên là bao nhiêu?,792
Giới hạn số tiền vay cao nhất cho sinh viên là bao nhiêu?,mức vốn cho vay tối đa đối với một sinh viên là bao nhiêu?,792
Một sinh viên được phép vay tối đa bao nhiêu?,mức vốn cho vay tối đa đối với một sinh viên là bao nhiêu?,792
Số tiền vay lớn nhất dành cho sinh viên là bao nhiêu?,mức vốn cho vay tối đa đối với một sinh viên là bao nhiêu?,792
Ngân hàng Chính sách xã hội căn cứ vào đâu để xác định mức cho vay cụ thể?,mức cho vay cụ thể được ngân hàng chính sách xã hội xác định dựa trên cơ sở nào?,793
Cơ sở nào được dùng để ngân hàng Chính sách xã hội ấn định mức vay cụ thể?,mức cho vay cụ thể được ngân hàng chính sách xã hội xác định dựa trên cơ sở nào?,793
Mức cho vay cụ thể của ngân hàng Chính sách xã hội được tính toán dựa trên những căn cứ gì?,mức cho vay cụ thể được ngân hàng chính sách xã hội xác định dựa trên cơ sở nào?,793
"Theo quy định, ngân hàng Chính sách xã hội xem xét yếu tố nào khi quyết định mức cho vay cụ thể?",mức cho vay cụ thể được ngân hàng chính sách xã hội xác định dựa trên cơ sở nào?,793
Những tiêu chí hay cơ sở nào quy định mức cho vay cụ thể mà ngân hàng Chính sách xã hội áp dụng?,mức cho vay cụ thể được ngân hàng chính sách xã hội xác định dựa trên cơ sở nào?,793
Thời hạn cho vay được quy định tính như thế nào?,thời hạn cho vay được tính như thế nào?,794
Chúng ta tính thời gian vay theo phương pháp nào?,thời hạn cho vay được tính như thế nào?,794
Thời gian cho vay được xác định dựa trên tiêu chí gì?,thời hạn cho vay được tính như thế nào?,794
Quy trình tính toán thời hạn vay vốn diễn ra ra sao?,thời hạn cho vay được tính như thế nào?,794
Cách tính thời hạn cho vay được áp dụng như thế nào?,thời hạn cho vay được tính như thế nào?,794
Thời gian cho vay được chia thành những giai đoạn nào?,thời hạn cho vay bao gồm những khoảng thời gian nào?,795
Những khoảng thời gian nào cấu thành nên thời hạn cho vay?,thời hạn cho vay bao gồm những khoảng thời gian nào?,795
Thời hạn cho vay bao gồm những phần thời gian cụ thể nào?,thời hạn cho vay bao gồm những khoảng thời gian nào?,795
Cấu trúc thời hạn cho vay gồm những mốc thời gian ra sao?,thời hạn cho vay bao gồm những khoảng thời gian nào?,795
Trong thời hạn cho vay có những khoảng thời gian nào?,thời hạn cho vay bao gồm những khoảng thời gian nào?,795
Thời hạn trả nợ được quy định ra sao?,thời hạn phát tiền vay được xác định như thế nào?,796
Khoản vay phải thanh toán trong bao lâu?,thời hạn phát tiền vay được xác định như thế nào?,796
Hạn mức trả tiền vay được ấn định như thế nào?,thời hạn phát tiền vay được xác định như thế nào?,796
Chúng ta cần trả lại tiền vay sau bao thời gian?,thời hạn phát tiền vay được xác định như thế nào?,796
Quy định về thời gian hoàn trả tiền vay là gì?,thời hạn phát tiền vay được xác định như thế nào?,796
Thời hạn trả nợ được quy định ra sao?,thời hạn trả nợ được xác định như thế nào?,797
Chúng ta xác định thời điểm phải trả nợ như thế nào?,thời hạn trả nợ được xác định như thế nào?,797
Làm thế nào để biết thời hạn thanh toán nợ của mình?,thời hạn trả nợ được xác định như thế nào?,797
Thời gian trả nợ được ấn định cụ thể ra sao?,thời hạn trả nợ được xác định như thế nào?,797
Quy trình xác định thời hạn trả nợ diễn ra như thế nào?,thời hạn trả nợ được xác định như thế nào?,797
Thời hạn trả nợ tối đa là bao lâu?,thời hạn trả nợ tối đa là bao lâu?,798
Tôi cần trả hết nợ trong khoảng thời gian dài nhất là bao nhiêu?,thời hạn trả nợ tối đa là bao lâu?,798
Thời gian trả nợ lâu nhất được cho phép là bao lâu?,thời hạn trả nợ tối đa là bao lâu?,798
Có thể trả nợ tối đa trong bao lâu không?,thời hạn trả nợ tối đa là bao lâu?,798
Giới hạn thời gian trả nợ cao nhất là bao nhiêu?,thời hạn trả nợ tối đa là bao lâu?,798
Mức lãi suất ưu đãi cho vay sinh viên hiện tại là bao nhiêu?,lãi suất cho vay ưu đãi đối với sinh viên hiện nay là bao nhiêu?,799
Sinh viên đang vay tiền thì hiện nay được hưởng lãi suất bao nhiêu phần trăm?,lãi suất cho vay ưu đãi đối với sinh viên hiện nay là bao nhiêu?,799
Cho vay sinh viên với lãi suất ưu đãi thì mức phí hiện nay là bao nhiêu?,lãi suất cho vay ưu đãi đối với sinh viên hiện nay là bao nhiêu?,799
"Hiện nay, lãi suất vay dành riêng cho sinh viên được áp dụng ở mức bao nhiêu?",lãi suất cho vay ưu đãi đối với sinh viên hiện nay là bao nhiêu?,799
Bạn có thể cho mình biết lãi suất ưu đãi cho sinh viên đang là bao nhiêu không?,lãi suất cho vay ưu đãi đối với sinh viên hiện nay là bao nhiêu?,799
Cách tính lãi suất cho khoản nợ quá hạn là gì?,lãi suất nợ quá hạn được tính như thế nào?,800
Làm sao để biết mức lãi suất áp dụng khi khoản vay đã quá hạn?,lãi suất nợ quá hạn được tính như thế nào?,800
Công thức tính lãi suất nợ quá hạn cụ thể như thế nào?,lãi suất nợ quá hạn được tính như thế nào?,800
Ngân hàng tính lãi suất cho phần nợ trễ hạn ra sao?,lãi suất nợ quá hạn được tính như thế nào?,800
Tôi cần hiểu rõ phương pháp tính lãi suất khi khoản vay bị quá hạn.,lãi suất nợ quá hạn được tính như thế nào?,800
Trường cấp những giấy tờ nào để sinh viên làm hồ sơ vay vốn?,nhà trường cấp giấy tờ gì để sinh viên làm hồ sơ vay vốn?,801
"Để làm hồ sơ vay tiền, nhà trường cung cấp loại giấy tờ gì?",nhà trường cấp giấy tờ gì để sinh viên làm hồ sơ vay vốn?,801
Sinh viên cần xin những chứng từ gì tại nhà trường nhằm mục đích vay vốn?,nhà trường cấp giấy tờ gì để sinh viên làm hồ sơ vay vốn?,801
Danh mục giấy tờ mà trường cấp cho sinh viên để làm thủ tục vay vốn là gì?,nhà trường cấp giấy tờ gì để sinh viên làm hồ sơ vay vốn?,801
Làm thế nào để sinh viên biết loại giấy tờ trường cấp khi cần hồ sơ vay vốn?,nhà trường cấp giấy tờ gì để sinh viên làm hồ sơ vay vốn?,801
Sinh viên đến đâu để đăng ký và nhận giấy xác nhận vay vốn của trường?,sinh viên đăng ký và nhận giấy xác nhận vay vốn của trường ở đâu?,802
Địa điểm sinh viên làm thủ tục đăng ký cũng như lấy giấy xác nhận vay vốn ở trường là nơi nào?,sinh viên đăng ký và nhận giấy xác nhận vay vốn của trường ở đâu?,802
Bạn có thể cho mình biết sinh viên cần đi đâu để đăng ký và nhận giấy xác nhận vay vốn không?,sinh viên đăng ký và nhận giấy xác nhận vay vốn của trường ở đâu?,802
Sinh viên làm thế nào để đăng ký và nhận được giấy xác nhận vay vốn tại trường?,sinh viên đăng ký và nhận giấy xác nhận vay vốn của trường ở đâu?,802
Trường có bộ phận nào chịu trách nhiệm nhận đăng ký và giao giấy xác nhận vay vốn cho sinh viên?,sinh viên đăng ký và nhận giấy xác nhận vay vốn của trường ở đâu?,802
"Sau khi nhận được giấy xác nhận của trường, sinh viên cần thực hiện bước tiếp theo là gì?","sau khi nhận giấy xác nhận từ trường, sinh viên phải làm gì tiếp theo?",803
"Khi đã có giấy xác nhận từ trường, sinh viên phải làm gì ngay sau đó?","sau khi nhận giấy xác nhận từ trường, sinh viên phải làm gì tiếp theo?",803
Sinh viên cần làm gì tiếp theo sau khi đã nhận giấy xác nhận từ trường?,"sau khi nhận giấy xác nhận từ trường, sinh viên phải làm gì tiếp theo?",803
Việc sinh viên phải làm ngay sau khi nhận giấy xác nhận từ trường là gì?,"sau khi nhận giấy xác nhận từ trường, sinh viên phải làm gì tiếp theo?",803
"Tiếp theo sau khi có giấy xác nhận từ trường, sinh viên cần xử lý vấn đề gì?","sau khi nhận giấy xác nhận từ trường, sinh viên phải làm gì tiếp theo?",803
"Trong thời gian vay vốn, sinh viên có cần thanh toán cả nợ gốc lẫn lãi hay không?","trong thời hạn phát tiền vay, sinh viên có phải trả nợ gốc và lãi không?",804
Sinh viên phải trả tiền gốc và lãi vay trong khung thời hạn quy định chưa?,"trong thời hạn phát tiền vay, sinh viên có phải trả nợ gốc và lãi không?",804
"Liệu trong hạn mức phát tiền vay, sinh viên có bắt buộc trả nợ gốc và lãi không?","trong thời hạn phát tiền vay, sinh viên có phải trả nợ gốc và lãi không?",804
"Trong khoảng thời gian vay, sinh viên đã phải trả cả tiền gốc và tiền lãi chưa?","trong thời hạn phát tiền vay, sinh viên có phải trả nợ gốc và lãi không?",804
Có cần sinh viên trả nợ gốc và lãi trong thời hạn cho vay không?,"trong thời hạn phát tiền vay, sinh viên có phải trả nợ gốc và lãi không?",804
Lãi suất vay bắt đầu được tính từ thời điểm nào?,lãi tiền vay bắt đầu được tính từ khi nào?,805
Từ ngày nào thì ngân hàng bắt đầu tính lãi cho khoản vay này?,lãi tiền vay bắt đầu được tính từ khi nào?,805
Thời điểm khởi điểm để tính lãi vay là khi nào vậy?,lãi tiền vay bắt đầu được tính từ khi nào?,805
Khoản vay này được tính lãi từ ngày nào?,lãi tiền vay bắt đầu được tính từ khi nào?,805
Lãi tiền vay sẽ được tính từ khi nào cho đến khi trả hết?,lãi tiền vay bắt đầu được tính từ khi nào?,805
Sinh viên cần bắt đầu thanh toán nợ gốc và lãi vào thời điểm nào?,khi nào sinh viên phải bắt đầu trả nợ gốc và lãi lần đầu tiên?,806
Khi nào là thời điểm sinh viên phải tiến hành trả khoản nợ gốc cùng lãi suất lần đầu?,khi nào sinh viên phải bắt đầu trả nợ gốc và lãi lần đầu tiên?,806
Thời điểm bắt đầu trả nợ gốc và lãi cho sinh viên là lúc nào vậy?,khi nào sinh viên phải bắt đầu trả nợ gốc và lãi lần đầu tiên?,806
Sinh viên bắt buộc phải trả tiền gốc và lãi lần đầu tiên từ bao giờ?,khi nào sinh viên phải bắt đầu trả nợ gốc và lãi lần đầu tiên?,806
Phải trả nợ gốc và lãi lần đầu vào thời gian nào đối với sinh viên?,khi nào sinh viên phải bắt đầu trả nợ gốc và lãi lần đầu tiên?,806
Sinh viên có bị phạt khi trả nợ trước hạn không?,sinh viên có bị phạt nếu trả nợ trước hạn không?,807
"Nếu trả nợ sớm, sinh viên sẽ bị phạt hay không?",sinh viên có bị phạt nếu trả nợ trước hạn không?,807
Việc trả nợ trước hạn của sinh viên có dẫn đến khoản phạt nào không?,sinh viên có bị phạt nếu trả nợ trước hạn không?,807
Có phải sinh viên phải chịu phạt nếu thanh toán nợ trước thời hạn quy định không?,sinh viên có bị phạt nếu trả nợ trước hạn không?,807
Trả nợ sớm có khiến sinh viên bị tính thêm phí phạt không?,sinh viên có bị phạt nếu trả nợ trước hạn không?,807
"Khi sinh viên không thể thanh toán đúng hạn khoản nợ cuối cùng, họ cần thực hiện những gì?",sinh viên gặp khó khăn không trả được nợ đúng hạn cuối cùng thì phải làm gì?,808
"Nếu gặp khó khăn trong việc trả nợ đúng hạn, sinh viên nên xử lý như thế nào ở khoản vay cuối cùng?",sinh viên gặp khó khăn không trả được nợ đúng hạn cuối cùng thì phải làm gì?,808
Sinh viên cần làm gì nếu khoản nợ cuối cùng đến hạn nhưng họ không đủ khả năng trả?,sinh viên gặp khó khăn không trả được nợ đúng hạn cuối cùng thì phải làm gì?,808
"Trong trường hợp không trả được nợ đúng hạn, sinh viên phải giải quyết khoản vay cuối cùng ra sao?",sinh viên gặp khó khăn không trả được nợ đúng hạn cuối cùng thì phải làm gì?,808
"Đối với khoản nợ cuối cùng, sinh viên cần có hành động gì nếu không thể thanh toán đúng hạn?",sinh viên gặp khó khăn không trả được nợ đúng hạn cuối cùng thì phải làm gì?,808
Thời gian được gia hạn nợ tối đa là bao lâu?,thời gian gia hạn nợ tối đa là bao lâu?,809
Nợ có thể được gia hạn nhiều nhất trong khoảng thời gian bao lâu?,thời gian gia hạn nợ tối đa là bao lâu?,809
Giới hạn thời gian gia hạn cho khoản nợ là bao nhiêu?,thời gian gia hạn nợ tối đa là bao lâu?,809
Tối đa thì có thể gia hạn nợ được bao nhiêu thời gian?,thời gian gia hạn nợ tối đa là bao lâu?,809
Khoản nợ này được phép gia hạn lâu nhất đến bao lâu?,thời gian gia hạn nợ tối đa là bao lâu?,809
Sinh viên sẽ gặp hậu quả gì khi không trả được nợ đúng hạn và cũng không được gia hạn?,điều gì xảy ra nếu sinh viên không trả nợ đúng hạn và không được gia hạn?,810
Nếu sinh viên không thanh toán đúng hạn và không được phép kéo dài thời hạn thì điều gì sẽ xảy ra?,điều gì xảy ra nếu sinh viên không trả nợ đúng hạn và không được gia hạn?,810
"Khi sinh viên vi phạm về thời hạn trả nợ và không thể gia hạn, kết cục sẽ ra sao?",điều gì xảy ra nếu sinh viên không trả nợ đúng hạn và không được gia hạn?,810
Hậu quả đối với sinh viên trong trường hợp không trả nợ đúng hạn và bị từ chối gia hạn là gì?,điều gì xảy ra nếu sinh viên không trả nợ đúng hạn và không được gia hạn?,810
Trường hợp sinh viên không trả được nợ đúng hạn mà lại không được gia hạn thì sẽ dẫn đến điều gì?,điều gì xảy ra nếu sinh viên không trả nợ đúng hạn và không được gia hạn?,810
Chính sách tín dụng STEM dựa trên cơ sở quyết định nào?,chính sách tín dụng stem căn cứ vào quyết định nào?,811
Quyết định nào đã làm nền tảng cho chính sách tín dụng STEM?,chính sách tín dụng stem căn cứ vào quyết định nào?,811
Chính sách tín dụng STEM được xây dựng căn cứ vào quyết định cụ thể nào?,chính sách tín dụng stem căn cứ vào quyết định nào?,811
Ai đã ban hành quyết định để hình thành chính sách tín dụng STEM?,chính sách tín dụng stem căn cứ vào quyết định nào?,811
Cơ sở pháp lý nào quy định chính sách tín dụng STEM thông qua một quyết định?,chính sách tín dụng stem căn cứ vào quyết định nào?,811
Ai là đối tượng chính được hưởng chính sách tín dụng STEM?,đối tượng thụ hưởng chính sách tín dụng stem là ai?,812
Nhóm người nào là chủ yếu nhận được chính sách tín dụng STEM?,đối tượng thụ hưởng chính sách tín dụng stem là ai?,812
Chính sách tín dụng STEM hướng đến đối tượng nào?,đối tượng thụ hưởng chính sách tín dụng stem là ai?,812
Đối tượng nào được ưu tiên trong chính sách tín dụng STEM?,đối tượng thụ hưởng chính sách tín dụng stem là ai?,812
Ai là người thụ hưởng chính của chính sách tín dụng STEM?,đối tượng thụ hưởng chính sách tín dụng stem là ai?,812
Điều kiện về học lực mà sinh viên năm nhất phải đáp ứng để được vay vốn STEM là gì?,điều kiện học lực đối với sinh viên năm thứ nhất để vay vốn stem là gì?,813
Để sinh viên năm nhất có thể vay vốn STEM thì điểm số hay thành tích học tập cần đạt mức nào?,điều kiện học lực đối với sinh viên năm thứ nhất để vay vốn stem là gì?,813
Quy định về điều kiện học lực dành riêng cho sinh viên năm thứ nhất khi xin vay vốn STEM như thế nào?,điều kiện học lực đối với sinh viên năm thứ nhất để vay vốn stem là gì?,813
Sinh viên năm nhất cần có những chứng chỉ hay kết quả học tập cụ thể gì thì mới đủ điều kiện vay vốn STEM?,điều kiện học lực đối với sinh viên năm thứ nhất để vay vốn stem là gì?,813
Yêu cầu về thành tích học tập đối với sinh viên khóa đầu tiên để được phê duyệt khoản vay STEM là gì?,điều kiện học lực đối với sinh viên năm thứ nhất để vay vốn stem là gì?,813
Sinh viên từ năm thứ hai trở đi cần đáp ứng những điều kiện học lực nào để được vay vốn Stem?,điều kiện học lực đối với sinh viên từ năm thứ hai trở đi để vay vốn stem là gì?,814
"Để vay vốn Stem từ năm thứ hai trở đi, sinh viên phải có điểm học lực ra sao?",điều kiện học lực đối với sinh viên từ năm thứ hai trở đi để vay vốn stem là gì?,814
Những tiêu chuẩn về học lực đối với sinh viên năm thứ hai trở lên khi vay vốn Stem là gì?,điều kiện học lực đối với sinh viên từ năm thứ hai trở đi để vay vốn stem là gì?,814
Sinh viên từ năm hai trở đi cần đạt điều kiện gì về kết quả học tập để xin vay vốn Stem?,điều kiện học lực đối với sinh viên từ năm thứ hai trở đi để vay vốn stem là gì?,814
Điều kiện về điểm số hay học lực dành cho sinh viên từ năm thứ hai trở đi khi vay vốn Stem là gì?,điều kiện học lực đối với sinh viên từ năm thứ hai trở đi để vay vốn stem là gì?,814
Sinh viên có bắt buộc phải xin xác nhận của trường khi vay vốn STEM hay không?,sinh viên vay vốn stem có cần xác nhận của trường không?,815
Việc vay vốn STEM của sinh viên có cần sự xác nhận từ nhà trường không?,sinh viên vay vốn stem có cần xác nhận của trường không?,815
Có cần nhà trường xác nhận không thì sinh viên mới được vay vốn STEM?,sinh viên vay vốn stem có cần xác nhận của trường không?,815
Sinh viên vay vốn STEM có phải nộp hồ sơ xác nhận của trường không?,sinh viên vay vốn stem có cần xác nhận của trường không?,815
Quy trình vay vốn STEM có yêu cầu sinh viên phải lấy xác nhận từ trường không?,sinh viên vay vốn stem có cần xác nhận của trường không?,815
Khoản vốn vay theo cơ chế STEM bao gồm những chi phí nào?,mức vốn cho vay stem bao gồm những khoản chi phí nào?,816
"Trong tổng vốn vay STEM, các khoản phí được tính gồm những gì?",mức vốn cho vay stem bao gồm những khoản chi phí nào?,816
Những loại chi phí nào có trong gói vay STEM?,mức vốn cho vay stem bao gồm những khoản chi phí nào?,816
Cấu thành nên mức vốn vay STEM là các khoản chi phí gì?,mức vốn cho vay stem bao gồm những khoản chi phí nào?,816
Bạn hãy liệt kê các khoản phí thuộc vốn vay STEM đi.,mức vốn cho vay stem bao gồm những khoản chi phí nào?,816
Gói STEM hỗ trợ tối đa bao nhiêu tiền cho sinh hoạt phí và các khoản chi phí học tập khác?,mức hỗ trợ sinh hoạt phí và chi phí học tập khác tối đa của gói stem là bao nhiêu?,817
Mức hỗ trợ cao nhất dành cho chi phí sinh hoạt và học tập trong gói STEM là bao nhiêu?,mức hỗ trợ sinh hoạt phí và chi phí học tập khác tối đa của gói stem là bao nhiêu?,817
Bạn có thể cho biết gói STEM quy định mức hỗ trợ sinh hoạt và học tập tối đa ở mức nào không?,mức hỗ trợ sinh hoạt phí và chi phí học tập khác tối đa của gói stem là bao nhiêu?,817
Giới hạn hỗ trợ tiền sinh hoạt và các chi phí học tập khác của gói STEM là bao nhiêu?,mức hỗ trợ sinh hoạt phí và chi phí học tập khác tối đa của gói stem là bao nhiêu?,817
"Trong gói STEM, tổng số tiền hỗ trợ tối đa cho sinh hoạt và học tập là bao nhiêu?",mức hỗ trợ sinh hoạt phí và chi phí học tập khác tối đa của gói stem là bao nhiêu?,817
Mức lãi suất cho vay theo chính sách tín dụng STEM là bao nhiêu?,lãi suất cho vay của chính sách tín dụng stem là bao nhiêu?,818
Chính sách tín dụng STEM quy định lãi suất cho vay bao nhiêu phần trăm?,lãi suất cho vay của chính sách tín dụng stem là bao nhiêu?,818
Tôi muốn biết lãi suất cho vay trong chương trình tín dụng STEM cụ thể là bao nhiêu?,lãi suất cho vay của chính sách tín dụng stem là bao nhiêu?,818
Lãi suất áp dụng cho khoản vay theo định hướng STEM được tính ở mức nào?,lãi suất cho vay của chính sách tín dụng stem là bao nhiêu?,818
Mức phí lãi vay đối với chính sách tín dụng STEM hiện nay là bao nhiêu?,lãi suất cho vay của chính sách tín dụng stem là bao nhiêu?,818
Gói vay STEM tính lãi suất cho khoản nợ quá hạn như thế nào?,lãi suất nợ quá hạn của gói vay stem được tính thế nào?,819
Làm sao để biết cách tính lãi suất nợ quá hạn của gói vay STEM?,lãi suất nợ quá hạn của gói vay stem được tính thế nào?,819
Lãi suất phạt trên khoản vay STEM khi quá hạn được áp dụng ra sao?,lãi suất nợ quá hạn của gói vay stem được tính thế nào?,819
Công thức tính lãi suất nợ quá hạn trong gói vay STEM cụ thể là gì?,lãi suất nợ quá hạn của gói vay stem được tính thế nào?,819
Tôi cần làm gì để biết mức lãi suất nợ quá hạn của gói vay STEM?,lãi suất nợ quá hạn của gói vay stem được tính thế nào?,819
Gói STEM được cấp vay theo phương thức nào?,phương thức cho vay của gói stem được thực hiện như thế nào?,820
Hình thức cho vay của gói sản phẩm STEM diễn ra ra sao?,phương thức cho vay của gói stem được thực hiện như thế nào?,820
Làm thế nào để nhận khoản vay trong gói STEM?,phương thức cho vay của gói stem được thực hiện như thế nào?,820
Quy trình cho vay của gói STEM được triển khai như thế nào?,phương thức cho vay của gói stem được thực hiện như thế nào?,820
Gói STEM sử dụng phương thức nào khi giải ngân khoản vay?,phương thức cho vay của gói stem được thực hiện như thế nào?,820
Sinh viên học ngành STEM có được đứng tên vay vốn ngay từ đầu hay không?,khi nào sinh viên học ngành stem được trực tiếp đứng tên vay vốn?,821
Thời điểm sinh viên chuyên ngành STEM được trực tiếp đứng tên vay vốn là khi nào?,khi nào sinh viên học ngành stem được trực tiếp đứng tên vay vốn?,821
Khi nào thì sinh viên ngành STEM có quyền đứng tên vay vốn thay vì người thân?,khi nào sinh viên học ngành stem được trực tiếp đứng tên vay vốn?,821
"Đối với sinh viên ngành STEM, điều kiện để được đứng tên vay vốn trực tiếp là gì?",khi nào sinh viên học ngành stem được trực tiếp đứng tên vay vốn?,821
Sinh viên ngành STEM có thể trực tiếp đứng tên vay vốn ở giai đoạn nào của khóa học?,khi nào sinh viên học ngành stem được trực tiếp đứng tên vay vốn?,821
Thời hạn cho vay STEM bao gồm những giai đoạn nào?,thời hạn cho vay stem bao gồm các giai đoạn nào?,822
Giai đoạn nào được bao gồm trong thời hạn cho vay STEM?,thời hạn cho vay stem bao gồm các giai đoạn nào?,822
Thời hạn cho vay STEM gồm những giai đoạn gì?,thời hạn cho vay stem bao gồm các giai đoạn nào?,822
Các giai đoạn nào nằm trong thời hạn cho vay STEM?,thời hạn cho vay stem bao gồm các giai đoạn nào?,822
Thời hạn cho vay STEM bao hàm những giai đoạn cụ thể nào?,thời hạn cho vay stem bao gồm các giai đoạn nào?,822
Thời hạn giải ngân vốn vay STEM được tính toán như thế nào?,thời hạn giải ngân vốn vay stem tính như thế nào?,823
Làm sao để xác định thời hạn giải ngân cho khoản vay STEM?,thời hạn giải ngân vốn vay stem tính như thế nào?,823
Quy trình tính thời hạn giải ngân vốn vay STEM diễn ra ra sao?,thời hạn giải ngân vốn vay stem tính như thế nào?,823
Vốn vay STEM có quy định cụ thể gì về thời gian giải ngân không?,thời hạn giải ngân vốn vay stem tính như thế nào?,823
Tôi muốn biết cách tính toán thời hạn giải ngân cho vay STEM.,thời hạn giải ngân vốn vay stem tính như thế nào?,823
Ngân hàng có cho vay vốn STEM trong thời gian sinh viên nghỉ học tạm thời không?,ngân hàng có giải ngân vốn vay stem trong thời gian sinh viên nghỉ học tạm thời không?,824
"Khi sinh viên nghỉ học tạm, ngân hàng có giải ngân khoản vay STEM hay không?",ngân hàng có giải ngân vốn vay stem trong thời gian sinh viên nghỉ học tạm thời không?,824
Việc nghỉ học tạm có ảnh hưởng đến việc ngân hàng giải ngân vốn vay STEM không?,ngân hàng có giải ngân vốn vay stem trong thời gian sinh viên nghỉ học tạm thời không?,824
Tôi muốn hỏi xem ngân hàng có cấp vốn STEM cho sinh viên đang nghỉ học tạm thời được không?,ngân hàng có giải ngân vốn vay stem trong thời gian sinh viên nghỉ học tạm thời không?,824
Ngân hàng có chấp nhận giải ngân vốn vay STEM trong khoảng thời gian sinh viên nghỉ học tạm thời không?,ngân hàng có giải ngân vốn vay stem trong thời gian sinh viên nghỉ học tạm thời không?,824
"Trong thời gian giải ngân vốn vay sinh viên, tôi có cần trả cả gốc lẫn lãi không?","trong thời hạn giải ngân vốn vay stem, sinh viên có phải trả nợ gốc và lãi không?",825
"Khi đang trong hạn giải ngân vay STEM, sinh viên đã phải thanh toán nợ gốc và lãi chưa?","trong thời hạn giải ngân vốn vay stem, sinh viên có phải trả nợ gốc và lãi không?",825
Thời gian được giải ngân vay sinh viên có đồng nghĩa với việc sinh viên đã phải trả tiền vay chưa?,"trong thời hạn giải ngân vốn vay stem, sinh viên có phải trả nợ gốc và lãi không?",825
"Trong khoảng thời gian giải ngân, sinh viên có bắt buộc phải trả nợ gốc và lãi hay không?","trong thời hạn giải ngân vốn vay stem, sinh viên có phải trả nợ gốc và lãi không?",825
Sinh viên có phải trả tiền gốc và lãi trong giai đoạn giải ngân vốn vay STEM không?,"trong thời hạn giải ngân vốn vay stem, sinh viên có phải trả nợ gốc và lãi không?",825
"Sau khi khóa học kết thúc, sinh viên vay STEM cần trả khoản nợ đầu tiên sau bao lâu?",sau bao lâu kể từ khi kết thúc khóa học sinh viên vay stem phải trả nợ lần đầu?,826
Thời điểm bắt đầu trả nợ lần đầu cho vay STEM là bao lâu sau khi tốt nghiệp?,sau bao lâu kể từ khi kết thúc khóa học sinh viên vay stem phải trả nợ lần đầu?,826
"Kể từ khi kết thúc chương trình học, sinh viên vay STEM phải trả tiền lần đầu sau mấy tháng?",sau bao lâu kể từ khi kết thúc khóa học sinh viên vay stem phải trả nợ lần đầu?,826
"Đối với khoản vay STEM, thời hạn chờ đợi để bắt đầu trả nợ đầu tiên là bao lâu sau khi học xong?",sau bao lâu kể từ khi kết thúc khóa học sinh viên vay stem phải trả nợ lần đầu?,826
Sinh viên vay STEM cần đợi bao lâu sau khi khóa học kết thúc thì mới phải thực hiện khoản thanh toán đầu tiên?,sau bao lâu kể từ khi kết thúc khóa học sinh viên vay stem phải trả nợ lần đầu?,826
Khoản vay STEM có thời hạn trả nợ tối đa được quy định ra sao?,thời hạn trả nợ tối đa của khoản vay stem được quy định như thế nào?,827
Pháp luật quy định mức thời gian trả nợ tối đa cho khoản vay STEM như thế nào?,thời hạn trả nợ tối đa của khoản vay stem được quy định như thế nào?,827
Người vay cần biết thời hạn trả nợ tối đa của khoản vay STEM là bao lâu?,thời hạn trả nợ tối đa của khoản vay stem được quy định như thế nào?,827
Theo quy định thì thời hạn trả nợ tối đa dành cho sinh viên vay STEM được tính như thế nào?,thời hạn trả nợ tối đa của khoản vay stem được quy định như thế nào?,827
Khoản vay STEM có giới hạn về thời gian trả nợ tối đa được luật định cụ thể ra sao?,thời hạn trả nợ tối đa của khoản vay stem được quy định như thế nào?,827
Hồ sơ vay vốn STEM dành cho sinh viên năm nhất bao gồm những giấy tờ nào?,hồ sơ vay vốn stem đối với sinh viên năm nhất gồm những gì?,828
Những tài liệu cần chuẩn bị để sinh viên năm nhất vay vốn STEM là gì?,hồ sơ vay vốn stem đối với sinh viên năm nhất gồm những gì?,828
Làm hồ sơ vay vốn STEM của sinh viên năm nhất cần có những gì?,hồ sơ vay vốn stem đối với sinh viên năm nhất gồm những gì?,828
Danh mục giấy tờ cho sinh viên năm nhất xin vay vốn STEM gồm những gì?,hồ sơ vay vốn stem đối với sinh viên năm nhất gồm những gì?,828
Sinh viên năm nhất cần nộp hồ sơ vay vốn STEM với những thành phần nào?,hồ sơ vay vốn stem đối với sinh viên năm nhất gồm những gì?,828
Hồ sơ vay vốn STEM dành cho sinh viên từ năm thứ hai trở lên bao gồm những gì?,hồ sơ vay vốn stem đối với sinh viên từ năm thứ hai trở đi gồm những gì?,829
Các thành phần nào có trong hồ sơ vay vốn STEM cho sinh viên năm thứ hai và các năm sau?,hồ sơ vay vốn stem đối với sinh viên từ năm thứ hai trở đi gồm những gì?,829
Bạn cần chuẩn bị những giấy tờ gì để làm hồ sơ vay vốn STEM nếu là sinh viên từ năm hai trở đi?,hồ sơ vay vốn stem đối với sinh viên từ năm thứ hai trở đi gồm những gì?,829
"Để đăng ký vay vốn STEM từ năm thứ hai, sinh viên cần nộp hồ sơ gồm những gì?",hồ sơ vay vốn stem đối với sinh viên từ năm thứ hai trở đi gồm những gì?,829
Nội dung của hồ sơ vay vốn STEM cho sinh viên từ khóa thứ hai trở đi là gì?,hồ sơ vay vốn stem đối với sinh viên từ năm thứ hai trở đi gồm những gì?,829
Sinh viên cần đến đâu để xin bảng điểm phục vụ hồ sơ vay vốn STEM?,sinh viên xin bảng điểm để làm hồ sơ vay stem ở đâu?,830
Ai là nơi sinh viên có thể nộp đơn xin bảng điểm cho mục đích vay vốn STEM?,sinh viên xin bảng điểm để làm hồ sơ vay stem ở đâu?,830
Địa chỉ nào sinh viên nên đến để lấy bảng điểm nhằm làm hồ sơ vay STEM?,sinh viên xin bảng điểm để làm hồ sơ vay stem ở đâu?,830
Sinh viên làm thế nào để xin được bảng điểm cho hồ sơ vay vốn STEM?,sinh viên xin bảng điểm để làm hồ sơ vay stem ở đâu?,830
Cơ quan hay bộ phận nào chịu trách nhiệm cấp bảng điểm cho sinh viên vay vốn STEM?,sinh viên xin bảng điểm để làm hồ sơ vay stem ở đâu?,830
"Sau khi hoàn thành hồ sơ STEM ở bước đầu tiên, sinh viên cần nộp tại đâu để được xác nhận?","sau khi chuẩn bị hồ sơ stem (bước 1), sinh viên nộp ở đâu để được xác nhận?",831
Làm thế nào để sinh viên nộp hồ sơ STEM đã chuẩn bị xong ở bước 1 nhằm nhận được sự xác nhận?,"sau khi chuẩn bị hồ sơ stem (bước 1), sinh viên nộp ở đâu để được xác nhận?",831
Địa điểm tiếp nhận hồ sơ STEM sau bước chuẩn bị đầu tiên là nơi nào để sinh viên có thể được xác nhận?,"sau khi chuẩn bị hồ sơ stem (bước 1), sinh viên nộp ở đâu để được xác nhận?",831
Sinh viên cần gửi hồ sơ STEM ở đâu ngay sau khi thực hiện bước 1 để quá trình xác nhận được tiến hành?,"sau khi chuẩn bị hồ sơ stem (bước 1), sinh viên nộp ở đâu để được xác nhận?",831
"Ở bước 1, sau khi đã soạn xong hồ sơ STEM, sinh viên phải nộp đến đâu thì mới được xác nhận?","sau khi chuẩn bị hồ sơ stem (bước 1), sinh viên nộp ở đâu để được xác nhận?",831
Trường cần bao lâu để xử lý và xác nhận hồ sơ vay sinh viên?,thời gian xử lý xác nhận hồ sơ vay stem của nhà trường là bao lâu?,832
Thời gian nhà trường hoàn tất việc xem xét hồ sơ vay STEM là bao nhiêu?,thời gian xử lý xác nhận hồ sơ vay stem của nhà trường là bao lâu?,832
Làm hồ sơ vay STEM thì trường xét duyệt mất bao nhiêu ngày?,thời gian xử lý xác nhận hồ sơ vay stem của nhà trường là bao lâu?,832
Ban quản lý trường cần bao lâu mới ra kết quả xác nhận cho vay sinh viên?,thời gian xử lý xác nhận hồ sơ vay stem của nhà trường là bao lâu?,832
"Từ lúc nộp hồ sơ vay STEM, thời gian chờ đợi của sinh viên là bao lâu?",thời gian xử lý xác nhận hồ sơ vay stem của nhà trường là bao lâu?,832
"Sau khi nhận được xác nhận từ trường, người đại diện hộ gia đình cần làm những gì để vay vốn STEAM?","sau khi có xác nhận của trường, đại diện hộ gia đình làm gì để vay stem?",833
"Khi đã có xác nhận của nhà trường, đại diện gia đình phải thực hiện thủ tục nào để được vay STEAM?","sau khi có xác nhận của trường, đại diện hộ gia đình làm gì để vay stem?",833
Làm thế nào để đại diện hộ gia đình vay vốn STEAM sau khi có xác nhận của trường?,"sau khi có xác nhận của trường, đại diện hộ gia đình làm gì để vay stem?",833
Việc đại diện hộ gia đình cần chuẩn bị gì tiếp theo để vay STEAM sau khi nhận giấy xác nhận của trường?,"sau khi có xác nhận của trường, đại diện hộ gia đình làm gì để vay stem?",833
"Sau khi có xác nhận của trường, bước tiếp theo của đại diện hộ gia đình để vay STEAM là gì?","sau khi có xác nhận của trường, đại diện hộ gia đình làm gì để vay stem?",833
Sinh viên cần thực hiện những gì để duy trì giải ngân vốn vay STEM hàng năm?,"để duy trì giải ngân vốn vay stem hàng năm, sinh viên phải làm gì?",834
Làm thế nào để sinh viên có thể tiếp tục nhận được giải ngân vốn vay STEM mỗi năm?,"để duy trì giải ngân vốn vay stem hàng năm, sinh viên phải làm gì?",834
Những điều kiện nào sinh viên phải đáp ứng nhằm duy trì giải ngân vốn vay STEM hàng năm?,"để duy trì giải ngân vốn vay stem hàng năm, sinh viên phải làm gì?",834
"Để giải ngân vốn vay STEM hàng năm được duy trì, sinh viên cần làm gì?","để duy trì giải ngân vốn vay stem hàng năm, sinh viên phải làm gì?",834
Sinh viên cần chuẩn bị và thực hiện những hành động gì cho việc duy trì giải ngân vốn vay STEM hàng năm?,"để duy trì giải ngân vốn vay stem hàng năm, sinh viên phải làm gì?",834
Làm thế nào để nộp mẫu BM03 nhằm duy trì vốn vay sinh viên?,quy trình nộp mẫu bm03 để duy trì vốn vay stem như thế nào?,835
Quy trình đăng tải mẫu BM03 cho việc duy trì vốn vay STEM ra sao?,quy trình nộp mẫu bm03 để duy trì vốn vay stem như thế nào?,835
Sinh viên cần thực hiện các bước gì khi nộp mẫu BM03 để giữ nguyên vốn vay?,quy trình nộp mẫu bm03 để duy trì vốn vay stem như thế nào?,835
Cách thức nộp hồ sơ mẫu BM03 nhằm tiếp tục nhận vốn vay STEM như thế nào?,quy trình nộp mẫu bm03 để duy trì vốn vay stem như thế nào?,835
Tôi cần nộp mẫu BM03 theo quy trình nào thì mới được duy trì vốn vay?,quy trình nộp mẫu bm03 để duy trì vốn vay stem như thế nào?,835
Ngành công nghệ kỹ thuật máy tính có được xếp vào nhóm ngành STEM không?,ngành công nghệ kỹ thuật máy tính có thuộc danh mục stem không?,836
Công nghệ kỹ thuật máy tính có nằm trong danh mục các ngành thuộc lĩnh vực STEM hay không?,ngành công nghệ kỹ thuật máy tính có thuộc danh mục stem không?,836
Liệu ngành công nghệ kỹ thuật máy tính có được tính là một ngành STEM không vậy?,ngành công nghệ kỹ thuật máy tính có thuộc danh mục stem không?,836
Ngành công nghệ kỹ thuật máy tính có thuộc phạm vi của STEM không nhỉ?,ngành công nghệ kỹ thuật máy tính có thuộc danh mục stem không?,836
Có đúng là ngành công nghệ kỹ thuật máy tính nằm trong nhóm ngành STEM không?,ngành công nghệ kỹ thuật máy tính có thuộc danh mục stem không?,836
Ngành hệ thống nhúng và IoT có được coi là lĩnh vực thuộc diện vay vốn STEM không?,ngành hệ thống nhúng và iot có thuộc diện vay vốn stem không?,837
Liệu sinh viên ngành hệ thống nhúng và IoT có thể vay vốn theo chương trình STEM hay không?,ngành hệ thống nhúng và iot có thuộc diện vay vốn stem không?,837
Chương trình vay vốn STEM có bao gồm cả ngành hệ thống nhúng và Internet vạn vật (IoT) hay không?,ngành hệ thống nhúng và iot có thuộc diện vay vốn stem không?,837
Bạn có biết ngành hệ thống nhúng và IoT nằm trong danh sách các ngành được hỗ trợ vay vốn STEM không?,ngành hệ thống nhúng và iot có thuộc diện vay vốn stem không?,837
Việc học ngành hệ thống nhúng và IoT có được công nhận là lĩnh vực STEM để vay vốn ưu đãi không?,ngành hệ thống nhúng và iot có thuộc diện vay vốn stem không?,837
Ngành an toàn thông tin có được vay vốn theo chương trình STEM không?,ngành an toàn thông tin có được vay vốn stem không?,838
Sinh viên ngành an toàn thông tin có đủ điều kiện vay vốn ưu tiên STEM hay không?,ngành an toàn thông tin có được vay vốn stem không?,838
Chương trình vay vốn STEM có bao gồm ngành an toàn thông tin trong danh sách các ngành được công nhận?,ngành an toàn thông tin có được vay vốn stem không?,838
Mình muốn hỏi xem ngành an toàn thông tin có nằm trong diện được vay vốn STEM không ạ?,ngành an toàn thông tin có được vay vốn stem không?,838
Liệu sinh viên ngành an toàn thông tin có thể đăng ký vay vốn ưu đãi cho nhóm STEM được không?,ngành an toàn thông tin có được vay vốn stem không?,838
Sinh viên theo ngành công nghệ kỹ thuật ô tô có được áp dụng chính sách hỗ trợ STEM hay không?,sinh viên ngành công nghệ kỹ thuật ô tô có được hưởng chính sách stem không?,839
Bạn có biết sinh viên ngành kỹ thuật ô tô được hưởng chế độ STEM không?,sinh viên ngành công nghệ kỹ thuật ô tô có được hưởng chính sách stem không?,839
Chương trình STEM có bao gồm sinh viên chuyên ngành công nghệ kỹ thuật ô tô không?,sinh viên ngành công nghệ kỹ thuật ô tô có được hưởng chính sách stem không?,839
Sinh viên ngành ô tô có nằm trong đối tượng được hưởng chính sách STEM của nhà trường không?,sinh viên ngành công nghệ kỹ thuật ô tô có được hưởng chính sách stem không?,839
Chính sách STEM có mở rộng cho sinh viên ngành công nghệ kỹ thuật ô tô hay chỉ dành cho các ngành khác?,sinh viên ngành công nghệ kỹ thuật ô tô có được hưởng chính sách stem không?,839
Ngành robot và trí tuệ nhân tạo có được xếp vào nhóm STEM không?,ngành robot và trí tuệ nhân tạo có nằm trong danh mục stem không?,840
Liệu hai lĩnh vực robot và AI có nằm trong danh mục STEM hay không?,ngành robot và trí tuệ nhân tạo có nằm trong danh mục stem không?,840
Bạn có thể cho mình biết ngành robot và trí tuệ nhân tạo có thuộc STEM không?,ngành robot và trí tuệ nhân tạo có nằm trong danh mục stem không?,840
Ngành robot cùng trí tuệ nhân tạo có được tính là một phần của STEM không?,ngành robot và trí tuệ nhân tạo có nằm trong danh mục stem không?,840
Mình muốn hỏi xem robot và AI có nằm trong định nghĩa của STEM không nhé?,ngành robot và trí tuệ nhân tạo có nằm trong danh mục stem không?,840
Ngành công nghệ kỹ thuật điều khiển và tự động hóa có nằm trong nhóm ngành STEM không?,ngành công nghệ kỹ thuật điều khiển & tự động hóa có thuộc stem không?,841
Ngành điều khiển và tự động hóa có được xếp vào khối ngành STEM hay không?,ngành công nghệ kỹ thuật điều khiển & tự động hóa có thuộc stem không?,841
Liệu ngành công nghệ kỹ thuật điều khiển và tự động hóa có thuộc lĩnh vực STEM không?,ngành công nghệ kỹ thuật điều khiển & tự động hóa có thuộc stem không?,841
"Mình muốn hỏi, ngành kỹ thuật điều khiển và tự động hóa có phải là ngành STEM không?",ngành công nghệ kỹ thuật điều khiển & tự động hóa có thuộc stem không?,841
Ngành công nghệ kỹ thuật điều khiển tự động có thuộc danh sách các ngành STEM không vậy?,ngành công nghệ kỹ thuật điều khiển & tự động hóa có thuộc stem không?,841
Kỹ thuật thiết kế vi mạch có được hỗ trợ vay vốn từ chương trình STEM không?,kỹ thuật thiết kế vi mạch có được hỗ trợ vay stem không?,842
Chương trình hỗ trợ vay sinh viên STEM có bao gồm ngành kỹ thuật thiết kế vi mạch hay không?,kỹ thuật thiết kế vi mạch có được hỗ trợ vay stem không?,842
Bạn có thể cho mình biết ngành kỹ thuật vi mạch có nằm trong danh sách được vay vốn STEM không?,kỹ thuật thiết kế vi mạch có được hỗ trợ vay stem không?,842
Liệu sinh viên theo học thiết kế vi mạch có đủ điều kiện nhận khoản vay hỗ trợ STEM không?,kỹ thuật thiết kế vi mạch có được hỗ trợ vay stem không?,842
Ngành kỹ thuật thiết kế vi mạch có được công nhận và hỗ trợ vay qua dự án STEM hay chưa?,kỹ thuật thiết kế vi mạch có được hỗ trợ vay stem không?,842
Ngành logistics và quản lý chuỗi cung ứng có được xếp vào danh mục STEM không?,ngành logistics & quản lý chuỗi cung ứng có thuộc danh mục stem không?,843
Liệu ngành logistics và quản lý chuỗi cung ứng có nằm trong nhóm ngành STEM hay không?,ngành logistics & quản lý chuỗi cung ứng có thuộc danh mục stem không?,843
Ngành logistics và quản lý chuỗi cung ứng có thuộc diện ngành STEM không vậy?,ngành logistics & quản lý chuỗi cung ứng có thuộc danh mục stem không?,843
Mình muốn hỏi là ngành logistics và quản lý chuỗi cung ứng có tính chất STEM không?,ngành logistics & quản lý chuỗi cung ứng có thuộc danh mục stem không?,843
Ngành logistics và quản lý chuỗi cung ứng có được công nhận là ngành STEM không?,ngành logistics & quản lý chuỗi cung ứng có thuộc danh mục stem không?,843
Ngành công nghệ thực phẩm có được phép vay vốn theo chương trình STEM không?,ngành công nghệ thực phẩm có được vay vốn stem không?,844
Sinh viên ngành công nghệ thực phẩm có thể nhận tài trợ từ quỹ STEM hay không?,ngành công nghệ thực phẩm có được vay vốn stem không?,844
Có chính sách vay vốn STEM dành cho sinh viên ngành công nghệ thực phẩm không?,ngành công nghệ thực phẩm có được vay vốn stem không?,844
Ngành công nghệ thực phẩm có nằm trong danh sách ngành được vay vốn STEM không?,ngành công nghệ thực phẩm có được vay vốn stem không?,844
Tôi muốn biết ngành công nghệ thực phẩm có được vay vốn STEM hay không.,ngành công nghệ thực phẩm có được vay vốn stem không?,844
Ngành kiến trúc có nằm trong nhóm ngành được vay vốn STEM không?,ngành kiến trúc có thuộc đối tượng vay vốn stem không?,845
Liệu sinh viên kiến trúc có thuộc đối tượng vay vốn theo chương trình STEM hay không?,ngành kiến trúc có thuộc đối tượng vay vốn stem không?,845
Chương trình vay vốn STEM có bao gồm ngành kiến trúc trong danh sách các ngành được hỗ trợ?,ngành kiến trúc có thuộc đối tượng vay vốn stem không?,845
Bạn có thể cho mình biết ngành kiến trúc có được phép vay vốn STEM không?,ngành kiến trúc có thuộc đối tượng vay vốn stem không?,845
Đối tượng vay vốn STEM có chứa ngành kiến trúc hay không?,ngành kiến trúc có thuộc đối tượng vay vốn stem không?,845
Lĩnh vực fintech có được tiếp cận nguồn vốn theo cơ chế STEM không?,ngành công nghệ tài chính có được vay vốn stem không?,846
Các doanh nghiệp công nghệ tài chính có thể vay vốn từ chương trình STEM hay không?,ngành công nghệ tài chính có được vay vốn stem không?,846
Ngành fintech có đủ điều kiện để nhận khoản vay dựa trên định hướng STEM?,ngành công nghệ tài chính có được vay vốn stem không?,846
Liệu công ty làm trong lĩnh vực công nghệ tài chính có được vay vốn theo chính sách STEM không?,ngành công nghệ tài chính có được vay vốn stem không?,846
Doanh nghiệp thuộc ngành công nghệ tài chính có được hỗ trợ vay vốn theo hướng dẫn của STEM hay chưa?,ngành công nghệ tài chính có được vay vốn stem không?,846
Ngành kỹ thuật y sinh có nằm trong danh mục STEM của trường không?,ngành kỹ thuật y sinh có thuộc danh mục stem của trường không?,847
Trường có xếp ngành kỹ thuật y sinh vào nhóm STEM hay không?,ngành kỹ thuật y sinh có thuộc danh mục stem của trường không?,847
Liệu ngành kỹ thuật y sinh có thuộc danh mục STEM mà trường công bố không?,ngành kỹ thuật y sinh có thuộc danh mục stem của trường không?,847
Bạn có thể cho mình biết ngành kỹ thuật y sinh có nằm trong danh sách STEM của trường không?,ngành kỹ thuật y sinh có thuộc danh mục stem của trường không?,847
Ngành kỹ thuật y sinh có được tính là một ngành STEM tại trường này không?,ngành kỹ thuật y sinh có thuộc danh mục stem của trường không?,847
Ngành năng lượng tái tạo có được vay vốn theo chương trình STEM hay không?,ngành năng lượng tái tạo có được vay vốn stem không?,848
Các dự án trong lĩnh vực năng lượng tái tạo có đủ điều kiện nhận khoản vay từ quỹ STEM không?,ngành năng lượng tái tạo có được vay vốn stem không?,848
Tôi muốn biết xem lĩnh vực năng lượng tái tạo có nằm trong danh sách ngành nghề được vay vốn STEM không.,ngành năng lượng tái tạo có được vay vốn stem không?,848
Ngành năng lượng tái tạo có thuộc diện được hỗ trợ vay vốn từ nguồn STEM không?,ngành năng lượng tái tạo có được vay vốn stem không?,848
Có chính sách vay vốn STEM dành riêng cho ngành năng lượng tái tạo hay chưa?,ngành năng lượng tái tạo có được vay vốn stem không?,848
Ngành kỹ thuật dữ liệu có được xếp vào nhóm các ngành STEM không?,ngành kỹ thuật dữ liệu có thuộc danh mục vay stem không?,849
Liệu ngành kỹ thuật dữ liệu có thuộc danh mục STEM hay không?,ngành kỹ thuật dữ liệu có thuộc danh mục vay stem không?,849
Ngành kỹ thuật dữ liệu có nằm trong danh sách các ngành STEM không?,ngành kỹ thuật dữ liệu có thuộc danh mục vay stem không?,849
Có phải ngành kỹ thuật dữ liệu là một phần của STEM không?,ngành kỹ thuật dữ liệu có thuộc danh mục vay stem không?,849
Ngành kỹ thuật dữ liệu có được tính là ngành STEM không?,ngành kỹ thuật dữ liệu có thuộc danh mục vay stem không?,849
Sinh viên chuyên ngành công nghệ kỹ thuật in có thể nhận được khoản vay STEM hay không?,sinh viên ngành công nghệ kỹ thuật in có được vay stem không?,850
Ngành công nghệ kỹ thuật in có nằm trong danh sách được vay vốn hỗ trợ sinh viên STEM không?,sinh viên ngành công nghệ kỹ thuật in có được vay stem không?,850
Bạn có biết sinh viên ngành in kỹ thuật được vay tiền theo chương trình STEM không?,sinh viên ngành công nghệ kỹ thuật in có được vay stem không?,850
Sinh viên ngành công nghệ kỹ thuật in có đủ điều kiện vay vốn STEM không?,sinh viên ngành công nghệ kỹ thuật in có được vay stem không?,850
Chương trình vay STEM có chấp nhận sinh viên ngành in kỹ thuật hay không?,sinh viên ngành công nghệ kỹ thuật in có được vay stem không?,850
Ngành quản lý xây dựng có được xem là ngành hỗ trợ tín dụng STEM không?,ngành quản lý xây dựng có thuộc diện hỗ trợ tín dụng stem không?,851
Tín dụng STEM có bao gồm lĩnh vực quản lý xây dựng hay không?,ngành quản lý xây dựng có thuộc diện hỗ trợ tín dụng stem không?,851
Mình muốn hỏi xem quản lý xây dựng có nằm trong diện được hỗ trợ tín dụng STEM không ạ?,ngành quản lý xây dựng có thuộc diện hỗ trợ tín dụng stem không?,851
Liệu sinh viên ngành quản lý xây dựng có đủ điều kiện nhận tín dụng STEM không?,ngành quản lý xây dựng có thuộc diện hỗ trợ tín dụng stem không?,851
Chương trình tín dụng STEM có mở rộng hỗ trợ cho ngành quản lý xây dựng không?,ngành quản lý xây dựng có thuộc diện hỗ trợ tín dụng stem không?,851
Ngành chế tạo máy có được xếp vào nhóm ngành STEM không?,ngành công nghệ chế tạo máy có thuộc danh mục stem không?,852
Ngành công nghệ chế tạo máy có nằm trong danh mục STEM hay không?,ngành công nghệ chế tạo máy có thuộc danh mục stem không?,852
Liệu ngành chế tạo máy có thuộc lĩnh vực STEM không các bạn?,ngành công nghệ chế tạo máy có thuộc danh mục stem không?,852
Công nghệ chế tạo máy có được công nhận là ngành STEM không?,ngành công nghệ chế tạo máy có thuộc danh mục stem không?,852
Mình muốn hỏi là ngành chế tạo máy có vào nhóm STEM không vậy?,ngành công nghệ chế tạo máy có thuộc danh mục stem không?,852
Ngành kỹ thuật công nghiệp có thể vay vốn theo chương trình STEM không?,ngành kỹ thuật công nghiệp có được vay vốn stem không?,853
Sinh viên ngành kỹ thuật công nghiệp có đủ điều kiện nhận khoản vay STEM hay không?,ngành kỹ thuật công nghiệp có được vay vốn stem không?,853
Liệu sinh viên ngành kỹ thuật công nghiệp có được phép vay vốn STEM không vậy?,ngành kỹ thuật công nghiệp có được vay vốn stem không?,853
Chương trình vay vốn STEM có áp dụng cho ngành kỹ thuật công nghiệp không?,ngành kỹ thuật công nghiệp có được vay vốn stem không?,853
Bạn có thể cho mình biết ngành kỹ thuật công nghiệp có nằm trong danh sách được vay vốn STEM không?,ngành kỹ thuật công nghiệp có được vay vốn stem không?,853
Ngành công nghệ vật liệu có nằm trong nhóm ngành STEM không?,ngành công nghệ vật liệu có thuộc stem không?,854
Liệu ngành công nghệ vật liệu có được xếp vào khối ngành STEM hay không?,ngành công nghệ vật liệu có thuộc stem không?,854
Ngành công nghệ vật liệu có thuộc diện là ngành STEM mà bạn biết không?,ngành công nghệ vật liệu có thuộc stem không?,854
Bạn có cho rằng ngành công nghệ vật liệu là một ngành thuộc STEM không?,ngành công nghệ vật liệu có thuộc stem không?,854
Ngành công nghệ vật liệu có được tính là ngành khoa học kỹ thuật và công nghệ (STEM) không?,ngành công nghệ vật liệu có thuộc stem không?,854
Sinh viên chuyên ngành công nghệ may có được vay vốn ưu đãi không?,sinh viên học ngành công nghệ may có được vay stem không?,855
Ngành công nghệ may có thuộc diện được vay học phí theo quy định của nhà nước hay không?,sinh viên học ngành công nghệ may có được vay stem không?,855
Bạn có biết sinh viên học may được vay vốn hỗ trợ học tập không?,sinh viên học ngành công nghệ may có được vay stem không?,855
Quy chế vay vốn ưu đãi hiện nay có bao gồm sinh viên ngành công nghệ may không?,sinh viên học ngành công nghệ may có được vay stem không?,855
Sinh viên ngành may có đủ điều kiện để nhận gói vay ưu đãi dành cho sinh viên không?,sinh viên học ngành công nghệ may có được vay stem không?,855
Sinh viên nên đăng ký bảo hiểm y tế ở đâu?,sinh viên đăng ký tham gia bảo hiểm y tế tại đâu?,856
Địa điểm nào để sinh viên thực hiện thủ tục đăng ký bảo hiểm y tế?,sinh viên đăng ký tham gia bảo hiểm y tế tại đâu?,856
Sinh viên cần đến cơ quan nào để làm hồ sơ bảo hiểm y tế?,sinh viên đăng ký tham gia bảo hiểm y tế tại đâu?,856
Làm thế nào để sinh viên có thể đăng ký tham gia bảo hiểm y tế?,sinh viên đăng ký tham gia bảo hiểm y tế tại đâu?,856
Cơ quan quản lý nào nhận đơn đăng ký bảo hiểm y tế của sinh viên?,sinh viên đăng ký tham gia bảo hiểm y tế tại đâu?,856
Sinh viên cần đóng bảo hiểm y tế theo tỷ lệ bao nhiêu cho học kỳ 2025-2026?,mức đóng bảo hiểm y tế của sinh viên trong năm học 2025-2026 tính theo tỷ lệ nào?,857
"Năm học mới 2025-2026, mức đóng bảo hiểm y tế của sinh viên được tính như thế nào?",mức đóng bảo hiểm y tế của sinh viên trong năm học 2025-2026 tính theo tỷ lệ nào?,857
Tỷ lệ đóng bảo hiểm y tế dành cho sinh viên trong năm 2025-2026 là bao nhiêu phần trăm?,mức đóng bảo hiểm y tế của sinh viên trong năm học 2025-2026 tính theo tỷ lệ nào?,857
Cho biết tỷ lệ đóng bảo hiểm y tế của sinh viên trong năm học 2025-2026 nhé.,mức đóng bảo hiểm y tế của sinh viên trong năm học 2025-2026 tính theo tỷ lệ nào?,857
"Năm 2025-2026, sinh viên phải đóng bảo hiểm y tế theo tỷ lệ cụ thể nào?",mức đóng bảo hiểm y tế của sinh viên trong năm học 2025-2026 tính theo tỷ lệ nào?,857
Tổng cộng cần đóng bao nhiêu tiền bảo hiểm y tế cho học sinh trong năm học 2025-2026?,tổng số tiền đóng bảo hiểm y tế cho một năm học 2025-2026 là bao nhiêu?,858
Mức phí đóng bảo hiểm y tế trọn năm cho học kỳ 2025-2026 là bao nhiêu tiền?,tổng số tiền đóng bảo hiểm y tế cho một năm học 2025-2026 là bao nhiêu?,858
"Năm học 2025-2026, tổng số tiền đóng bảo hiểm y tế được quy định là bao nhiêu?",tổng số tiền đóng bảo hiểm y tế cho một năm học 2025-2026 là bao nhiêu?,858
Học sinh cần đóng bao nhiêu tiền bảo hiểm y tế trong suốt năm học 2025-2026?,tổng số tiền đóng bảo hiểm y tế cho một năm học 2025-2026 là bao nhiêu?,858
Bao nhiêu tiền là tổng số đóng bảo hiểm y tế cho một năm học 2025-2026?,tổng số tiền đóng bảo hiểm y tế cho một năm học 2025-2026 là bao nhiêu?,858
Nhà nước hỗ trợ bao nhiêu phần trăm mức đóng bảo hiểm y tế cho sinh viên?,nhà nước hỗ trợ bao nhiêu phần trăm mức đóng bảo hiểm y tế cho sinh viên?,859
Tỷ lệ mức đóng bảo hiểm y tế của sinh viên được nhà nước hỗ trợ là bao nhiêu?,nhà nước hỗ trợ bao nhiêu phần trăm mức đóng bảo hiểm y tế cho sinh viên?,859
Mức đóng bảo hiểm y tế của sinh viên thì nhà nước hỗ trợ bao nhiêu phần trăm?,nhà nước hỗ trợ bao nhiêu phần trăm mức đóng bảo hiểm y tế cho sinh viên?,859
Phần trăm mức đóng bảo hiểm y tế cho sinh viên mà nhà nước hỗ trợ là bao nhiêu?,nhà nước hỗ trợ bao nhiêu phần trăm mức đóng bảo hiểm y tế cho sinh viên?,859
Nhà nước hỗ trợ sinh viên bao nhiêu phần trăm trong mức đóng bảo hiểm y tế?,nhà nước hỗ trợ bao nhiêu phần trăm mức đóng bảo hiểm y tế cho sinh viên?,859
"Năm học 2025-2026, sinh viên phải đóng bao nhiêu tiền bảo hiểm y tế?",số tiền thực tế sinh viên phải đóng bảo hiểm y tế cho năm học 2025-2026 là bao nhiêu?,860
Mức đóng bảo hiểm y tế của sinh viên cho năm 2025-2026 là bao nhiêu tiền?,số tiền thực tế sinh viên phải đóng bảo hiểm y tế cho năm học 2025-2026 là bao nhiêu?,860
Số tiền bảo hiểm y tế mà sinh viên cần đóng trong năm 2025-2026 là bao nhiêu?,số tiền thực tế sinh viên phải đóng bảo hiểm y tế cho năm học 2025-2026 là bao nhiêu?,860
Sinh viên cần đóng bao nhiêu tiền cho bảo hiểm y tế vào năm 2025-2026?,số tiền thực tế sinh viên phải đóng bảo hiểm y tế cho năm học 2025-2026 là bao nhiêu?,860
"Năm 2025-2026, học phí bảo hiểm y tế dành cho sinh viên có bao nhiêu?",số tiền thực tế sinh viên phải đóng bảo hiểm y tế cho năm học 2025-2026 là bao nhiêu?,860
Sinh viên được đăng ký khám chữa bệnh ban đầu tại địa điểm nào?,sinh viên được đăng ký nơi khám chữa bệnh ban đầu ở đâu?,861
Nơi sinh viên đăng ký nơi khám chữa bệnh đầu tiên là đâu?,sinh viên được đăng ký nơi khám chữa bệnh ban đầu ở đâu?,861
Sinh viên cần đăng ký khám chữa ban đầu ở cơ sở y tế nào?,sinh viên được đăng ký nơi khám chữa bệnh ban đầu ở đâu?,861
Địa điểm đăng ký khám chữa bệnh đầu tiên dành cho sinh viên là ở đâu?,sinh viên được đăng ký nơi khám chữa bệnh ban đầu ở đâu?,861
Sinh viên được cấp quyền khám chữa bệnh ban đầu tại nơi nào?,sinh viên được đăng ký nơi khám chữa bệnh ban đầu ở đâu?,861
Sinh viên có thể thay đổi địa điểm đăng ký khám chữa bệnh ban đầu không?,sinh viên có được thay đổi nơi đăng ký khám chữa bệnh ban đầu không?,862
Làm thế nào để sinh viên chuyển nơi đăng ký khám chữa bệnh đầu tiên?,sinh viên có được thay đổi nơi đăng ký khám chữa bệnh ban đầu không?,862
Có được phép sinh viên thay đổi nơi đăng ký khám chữa ban đầu hay không?,sinh viên có được thay đổi nơi đăng ký khám chữa bệnh ban đầu không?,862
Sinh viên muốn thay đổi nơi đăng ký khám chữa bệnh ban đầu thì làm sao?,sinh viên có được thay đổi nơi đăng ký khám chữa bệnh ban đầu không?,862
Việc thay đổi nơi đăng ký khám chữa bệnh ban đầu có khả thi với sinh viên không?,sinh viên có được thay đổi nơi đăng ký khám chữa bệnh ban đầu không?,862
Sinh viên được thay đổi nơi khám chữa bệnh ban đầu vào thời điểm nào trong năm?,thời gian nào trong năm sinh viên được thay đổi nơi khám chữa bệnh ban đầu?,863
Khi nào trong năm sinh viên có thể được chuyển đổi địa điểm khám bệnh ban đầu?,thời gian nào trong năm sinh viên được thay đổi nơi khám chữa bệnh ban đầu?,863
Thời gian trong năm mà sinh viên được thay đổi nơi thực hiện khám chữa bệnh đầu tiên là khi nào?,thời gian nào trong năm sinh viên được thay đổi nơi khám chữa bệnh ban đầu?,863
Sinh viên được thay đổi cơ sở khám chữa bệnh ban đầu vào lúc nào của năm?,thời gian nào trong năm sinh viên được thay đổi nơi khám chữa bệnh ban đầu?,863
Khi nào trong năm việc thay đổi nơi khám chữa bệnh đầu tiên của sinh viên được thực hiện?,thời gian nào trong năm sinh viên được thay đổi nơi khám chữa bệnh ban đầu?,863
"Khi khám chữa bệnh qua ứng dụng điện tử, sinh viên phải xuất trình những giấy tờ gì?",sinh viên cần xuất trình giấy tờ gì khi đi khám chữa bệnh bằng ứng dụng điện tử?,864
Làm thế nào để sinh viên chuẩn bị giấy tờ cần thiết khi đăng ký khám chữa bệnh bằng ứng dụng?,sinh viên cần xuất trình giấy tờ gì khi đi khám chữa bệnh bằng ứng dụng điện tử?,864
Ứng dụng điện tử yêu cầu sinh viên xuất trình loại giấy tờ nào khi đi khám bệnh?,sinh viên cần xuất trình giấy tờ gì khi đi khám chữa bệnh bằng ứng dụng điện tử?,864
Sinh viên cần mang theo những chứng từ gì để khám chữa bệnh trên ứng dụng điện tử?,sinh viên cần xuất trình giấy tờ gì khi đi khám chữa bệnh bằng ứng dụng điện tử?,864
Những giấy tờ nào bắt buộc sinh viên phải xuất trình khi sử dụng ứng dụng điện tử để khám bệnh?,sinh viên cần xuất trình giấy tờ gì khi đi khám chữa bệnh bằng ứng dụng điện tử?,864
Sinh viên có được sử dụng căn cước công dân thay cho thẻ bảo hiểm y tế khi đi khám không?,sinh viên có thể dùng căn cước công dân để đi khám chữa bệnh bảo hiểm y tế không?,865
Tôi có thể dùng căn cước công dân để thực hiện khám chữa bệnh bảo hiểm y tế hay không ạ?,sinh viên có thể dùng căn cước công dân để đi khám chữa bệnh bảo hiểm y tế không?,865
Căn cước công dân có được chấp nhận làm giấy tờ xác định bảo hiểm y tế cho sinh viên không?,sinh viên có thể dùng căn cước công dân để đi khám chữa bệnh bảo hiểm y tế không?,865
Sinh viên có thể dùng CCCD để đi chữa bệnh thuộc diện bảo hiểm y tế được không?,sinh viên có thể dùng căn cước công dân để đi khám chữa bệnh bảo hiểm y tế không?,865
Có thể dùng căn cước công dân thay thế thẻ BHYT khi sinh viên đi khám bệnh không?,sinh viên có thể dùng căn cước công dân để đi khám chữa bệnh bảo hiểm y tế không?,865
Sinh viên được hưởng bao nhiêu phần trăm chi phí khám chữa bệnh khi đi đúng tuyến?,mức hưởng bảo hiểm y tế khi sinh viên khám chữa bệnh đúng tuyến là bao nhiêu?,866
Tỷ lệ thanh toán bảo hiểm y tế cho sinh viên khi khám đúng tuyến là bao nhiêu?,mức hưởng bảo hiểm y tế khi sinh viên khám chữa bệnh đúng tuyến là bao nhiêu?,866
"Khi sinh viên đi khám đúng tuyến, mức chi trả của BHYT được tính thế nào?",mức hưởng bảo hiểm y tế khi sinh viên khám chữa bệnh đúng tuyến là bao nhiêu?,866
Mức hưởng BHYT của sinh viên khi tuân thủ đúng tuyến khám chữa bệnh là bao nhiêu phần trăm?,mức hưởng bảo hiểm y tế khi sinh viên khám chữa bệnh đúng tuyến là bao nhiêu?,866
Sinh viên cần được bao nhiêu phần trăm chi phí nếu khám bệnh đúng quy định về tuyến?,mức hưởng bảo hiểm y tế khi sinh viên khám chữa bệnh đúng tuyến là bao nhiêu?,866
Tỷ lệ thanh toán cho sinh viên khi khám chữa bệnh ngoại trú không đúng tuyến tại bệnh viện tuyến huyện là bao nhiêu?,tỷ lệ thanh toán khi sinh viên khám chữa bệnh ngoại trú không đúng tuyến tại bệnh viện tuyến huyện là bao nhiêu?,867
"Ở bệnh viện tuyến huyện, mức độ thanh toán cho sinh viên khám ngoại trú không đúng tuyến hiện đang ở con số bao nhiêu?",tỷ lệ thanh toán khi sinh viên khám chữa bệnh ngoại trú không đúng tuyến tại bệnh viện tuyến huyện là bao nhiêu?,867
Sinh viên đi khám ngoại trú không đúng tuyến tại bệnh viện huyện thì tỷ lệ được thanh toán là bao nhiêu phần trăm?,tỷ lệ thanh toán khi sinh viên khám chữa bệnh ngoại trú không đúng tuyến tại bệnh viện tuyến huyện là bao nhiêu?,867
Làm thế nào để biết tỷ lệ thanh toán của sinh viên khi khám chữa bệnh ngoại trú ngoài tuyến tại các bệnh viện huyện?,tỷ lệ thanh toán khi sinh viên khám chữa bệnh ngoại trú không đúng tuyến tại bệnh viện tuyến huyện là bao nhiêu?,867
Con số tỷ lệ thanh toán dành cho sinh viên trong trường hợp khám ngoại trú không đúng tuyến tại bệnh viện tuyến huyện là bao nhiêu?,tỷ lệ thanh toán khi sinh viên khám chữa bệnh ngoại trú không đúng tuyến tại bệnh viện tuyến huyện là bao nhiêu?,867
Sinh viên đang điều trị nội trú ở bệnh viện tuyến tỉnh nhưng không thuộc đúng tuyến thì được hưởng bao nhiêu?,sinh viên điều trị nội trú không đúng tuyến tại bệnh viện tuyến tỉnh được hưởng bao nhiêu?,868
Mức hưởng bảo hiểm của sinh viên nội trú khi khám chữa bệnh tại bệnh viện tuyến tỉnh ngoài tuyến là bao nhiêu?,sinh viên điều trị nội trú không đúng tuyến tại bệnh viện tuyến tỉnh được hưởng bao nhiêu?,868
"Đối với sinh viên điều trị nội trú không đúng tuyến tại bệnh viện tỉnh, số tiền được chi trả là bao nhiêu?",sinh viên điều trị nội trú không đúng tuyến tại bệnh viện tuyến tỉnh được hưởng bao nhiêu?,868
Sinh viên nội trú đi khám tại bệnh viện tuyến tỉnh mà không đúng tuyến sẽ nhận được khoản tiền hỗ trợ bao nhiêu?,sinh viên điều trị nội trú không đúng tuyến tại bệnh viện tuyến tỉnh được hưởng bao nhiêu?,868
"Khi sinh viên điều trị nội trú không nằm trong danh mục đúng tuyến mà đến bệnh viện tỉnh, mức hưởng cụ thể là bao nhiêu?",sinh viên điều trị nội trú không đúng tuyến tại bệnh viện tuyến tỉnh được hưởng bao nhiêu?,868
Mức hưởng bảo hiểm khi sinh viên điều trị nội trú không đúng tuyến tại bệnh viện tuyến trung ương là bao nhiêu?,mức hưởng khi sinh viên điều trị nội trú không đúng tuyến tại bệnh viện tuyến trung ương là bao nhiêu?,869
Sinh viên điều trị nội trú ở bệnh viện tuyến trung ương nhưng không đúng tuyến thì được hưởng bao nhiêu tiền?,mức hưởng khi sinh viên điều trị nội trú không đúng tuyến tại bệnh viện tuyến trung ương là bao nhiêu?,869
Tôi muốn biết mức chi trả cho sinh viên điều trị nội trú không đúng tuyến tại bệnh viện tuyến trung ương là bao nhiêu.,mức hưởng khi sinh viên điều trị nội trú không đúng tuyến tại bệnh viện tuyến trung ương là bao nhiêu?,869
"Khi sinh viên phải điều trị nội trú tại bệnh viện tuyến trung ương mà không đúng tuyến, mức hưởng được tính như thế nào?",mức hưởng khi sinh viên điều trị nội trú không đúng tuyến tại bệnh viện tuyến trung ương là bao nhiêu?,869
Mức hưởng cho sinh viên khi điều trị nội trú không đúng tuyến tại các bệnh viện tuyến trung ương cụ thể là bao nhiêu?,mức hưởng khi sinh viên điều trị nội trú không đúng tuyến tại bệnh viện tuyến trung ương là bao nhiêu?,869
Mức tiền thanh toán trực tiếp cao nhất cho khám chữa bệnh ngoại trú tại nơi đăng ký ban đầu khi không nộp đủ giấy tờ là bao nhiêu?,mức thanh toán trực tiếp tối đa cho khám chữa bệnh ngoại trú tại nơi đăng ký ban đầu khi không xuất trình đủ thủ tục là bao nhiêu?,870
"Khi thiếu hồ sơ cần thiết, trạm y tế hoặc bệnh viện trả trực tiếp tối đa bao nhiêu tiền cho khám ngoại trú?",mức thanh toán trực tiếp tối đa cho khám chữa bệnh ngoại trú tại nơi đăng ký ban đầu khi không xuất trình đủ thủ tục là bao nhiêu?,870
Số tiền tối đa được chi trả trực tiếp cho ca khám ngoại trú tại nơi đăng ký đầu tiên nếu người bệnh không mang đủ thủ tục là bao nhiêu?,mức thanh toán trực tiếp tối đa cho khám chữa bệnh ngoại trú tại nơi đăng ký ban đầu khi không xuất trình đủ thủ tục là bao nhiêu?,870
"Nếu không xuất trình đầy đủ giấy tờ, mức trợ giúp trực tiếp cho chi phí khám chữa bệnh ngoại trú tại cơ sở đăng ký ban đầu là bao nhiêu?",mức thanh toán trực tiếp tối đa cho khám chữa bệnh ngoại trú tại nơi đăng ký ban đầu khi không xuất trình đủ thủ tục là bao nhiêu?,870
"Mức thanh toán ngay lập tức cho dịch vụ ngoại trú tại nơi đăng ký ban đầu, trong trường hợp hồ sơ chưa đủ, được tính bao nhiêu?",mức thanh toán trực tiếp tối đa cho khám chữa bệnh ngoại trú tại nơi đăng ký ban đầu khi không xuất trình đủ thủ tục là bao nhiêu?,870
Mức thanh toán trực tiếp tối đa cho điều trị nội trú tại nơi đăng ký ban đầu khi thiếu thủ tục cần thiết là bao nhiêu?,mức thanh toán trực tiếp tối đa cho điều trị nội trú tại nơi đăng ký ban đầu khi không xuất trình đủ thủ tục là bao nhiêu?,871
"Nếu không nộp đủ giấy tờ, mức chi trả trực tiếp cao nhất cho bệnh nhân điều trị nội trú ở nơi đăng ký đầu tiên là bao nhiêu?",mức thanh toán trực tiếp tối đa cho điều trị nội trú tại nơi đăng ký ban đầu khi không xuất trình đủ thủ tục là bao nhiêu?,871
Khi nào thì bị giảm mức thanh toán trực tiếp cho nội trú và mức giảm đó là bao nhiêu nếu không có đủ hồ sơ?,mức thanh toán trực tiếp tối đa cho điều trị nội trú tại nơi đăng ký ban đầu khi không xuất trình đủ thủ tục là bao nhiêu?,871
Số tiền thanh toán trực tiếp tối đa được chấp nhận cho bệnh nhân nội trú tại địa điểm đăng ký ban đầu khi thiếu giấy tờ là bao nhiêu?,mức thanh toán trực tiếp tối đa cho điều trị nội trú tại nơi đăng ký ban đầu khi không xuất trình đủ thủ tục là bao nhiêu?,871
"Trong trường hợp không xuất trình đủ thủ tục, mức trần thanh toán trực tiếp cho điều trị nội trú tại nơi đăng ký đầu tiên là bao nhiêu?",mức thanh toán trực tiếp tối đa cho điều trị nội trú tại nơi đăng ký ban đầu khi không xuất trình đủ thủ tục là bao nhiêu?,871
Quyền lợi khám chữa bệnh ngoại trú ở bệnh viện huyện mà không có bảo hiểm y tế là gì?,quyền lợi khi khám chữa bệnh ngoại trú tại bệnh viện tuyến huyện không ký hợp đồng bảo hiểm y tế là gì?,872
"Khi không ký hợp đồng bảo hiểm y tế, người bệnh được hưởng những gì khi đi khám ngoại trú tại bệnh viện tuyến huyện?",quyền lợi khi khám chữa bệnh ngoại trú tại bệnh viện tuyến huyện không ký hợp đồng bảo hiểm y tế là gì?,872
Làm sao để biết quyền lợi cụ thể khi khám ngoại trú tại bệnh viện huyện nếu chưa có bảo hiểm y tế?,quyền lợi khi khám chữa bệnh ngoại trú tại bệnh viện tuyến huyện không ký hợp đồng bảo hiểm y tế là gì?,872
Những quyền lợi nào mà người dân được nhận khi khám bệnh ngoại trú tại bệnh viện huyện mà không tham gia bảo hiểm y tế?,quyền lợi khi khám chữa bệnh ngoại trú tại bệnh viện tuyến huyện không ký hợp đồng bảo hiểm y tế là gì?,872
Mức hưởng chi phí khám chữa bệnh ngoại trú tại bệnh viện huyện cho những người không có bảo hiểm y tế ra sao?,quyền lợi khi khám chữa bệnh ngoại trú tại bệnh viện tuyến huyện không ký hợp đồng bảo hiểm y tế là gì?,872
Mức chi trả cao nhất cho điều trị nội trú tại bệnh viện huyện khi không có thẻ bảo hiểm y tế là bao nhiêu?,mức thanh toán tối đa khi điều trị nội trú tại bệnh viện tuyến huyện không ký hợp đồng bảo hiểm y tế là bao nhiêu?,873
Người dân ở huyện sẽ được nhận bao nhiêu tiền nếu điều trị nội trú mà không tham gia bảo hiểm y tế?,mức thanh toán tối đa khi điều trị nội trú tại bệnh viện tuyến huyện không ký hợp đồng bảo hiểm y tế là bao nhiêu?,873
"Khi không ký hợp đồng bảo hiểm y tế, mức trợ cấp tối đa cho điều trị nội trú tại bệnh viện tuyến huyện là bao nhiêu?",mức thanh toán tối đa khi điều trị nội trú tại bệnh viện tuyến huyện không ký hợp đồng bảo hiểm y tế là bao nhiêu?,873
Số tiền tối đa mà bệnh viện huyện có thể thanh toán cho ca nội trú không có bảo hiểm y tế là bao nhiêu?,mức thanh toán tối đa khi điều trị nội trú tại bệnh viện tuyến huyện không ký hợp đồng bảo hiểm y tế là bao nhiêu?,873
Mức lương tối đa cho người bệnh điều trị nội trú tại bệnh viện huyện khi chưa có bảo hiểm y tế là bao nhiêu?,mức thanh toán tối đa khi điều trị nội trú tại bệnh viện tuyến huyện không ký hợp đồng bảo hiểm y tế là bao nhiêu?,873
Người được điều trị nội trú tại bệnh viện tuyến tỉnh mà không có hợp đồng bảo hiểm y tế thì mức thanh toán tối đa là bao nhiêu?,điều trị nội trú tại bệnh viện tuyến tỉnh không ký hợp đồng bảo hiểm y tế được thanh toán tối đa bao nhiêu?,874
Mức chi trả cao nhất cho trường hợp nằm viện tại bệnh viện tỉnh không ký bảo hiểm y tế là bao nhiêu tiền?,điều trị nội trú tại bệnh viện tuyến tỉnh không ký hợp đồng bảo hiểm y tế được thanh toán tối đa bao nhiêu?,874
"Nếu điều trị nội trú tại bệnh viện tuyến tỉnh mà không có hợp đồng bảo hiểm y tế, số tiền được đền bù tối đa là bao nhiêu?",điều trị nội trú tại bệnh viện tuyến tỉnh không ký hợp đồng bảo hiểm y tế được thanh toán tối đa bao nhiêu?,874
Đối với bệnh nhân điều trị nội trú ở bệnh viện tỉnh không có hợp đồng bảo hiểm y tế thì quỹ bảo hiểm chi trả tối đa bao nhiêu?,điều trị nội trú tại bệnh viện tuyến tỉnh không ký hợp đồng bảo hiểm y tế được thanh toán tối đa bao nhiêu?,874
"Khi nằm viện tại bệnh viện tuyến tỉnh mà không ký hợp đồng bảo hiểm y tế, mức lương chi trả tối đa được tính như thế nào?",điều trị nội trú tại bệnh viện tuyến tỉnh không ký hợp đồng bảo hiểm y tế được thanh toán tối đa bao nhiêu?,874
Mức chi trả cao nhất cho điều trị nội trú tại các bệnh viện tuyến trung ương khi không có BHYT là bao nhiêu?,mức thanh toán tối đa khi điều trị nội trú tại bệnh viện tuyến trung ương không ký hợp đồng bảo hiểm y tế là bao nhiêu?,875
Bệnh viện tuyến trung ương chi trả tối đa bao nhiêu tiền cho người nội trú không tham gia bảo hiểm y tế?,mức thanh toán tối đa khi điều trị nội trú tại bệnh viện tuyến trung ương không ký hợp đồng bảo hiểm y tế là bao nhiêu?,875
"Khi không ký hợp đồng bảo hiểm y tế, mức viện phí tối đa bệnh viện tuyến trung ương trả cho điều trị nội trú là bao nhiêu?",mức thanh toán tối đa khi điều trị nội trú tại bệnh viện tuyến trung ương không ký hợp đồng bảo hiểm y tế là bao nhiêu?,875
Người nội trú tại bệnh viện tuyến trung ương mà không có BHYT sẽ được thanh toán tối đa bao nhiêu tiền?,mức thanh toán tối đa khi điều trị nội trú tại bệnh viện tuyến trung ương không ký hợp đồng bảo hiểm y tế là bao nhiêu?,875
Mức phí nội trú tối đa mà bệnh viện tuyến trung ương chi trả cho bệnh nhân không có thẻ bảo hiểm y tế là bao nhiêu?,mức thanh toán tối đa khi điều trị nội trú tại bệnh viện tuyến trung ương không ký hợp đồng bảo hiểm y tế là bao nhiêu?,875
Khi nào người tham gia BHYT sẽ được miễn hoàn toàn chi phí khám chữa bệnh?,trường hợp nào người tham gia bảo hiểm y tế được miễn cùng chi trả chi phí khám chữa bệnh?,876
Những trường hợp nào khiến người tham gia BHYT không phải tự chi trả tiền khám bệnh?,trường hợp nào người tham gia bảo hiểm y tế được miễn cùng chi trả chi phí khám chữa bệnh?,876
Có những trường hợp cụ thể nào mà người tham gia BHYT được miễn đóng góp chi phí điều trị?,trường hợp nào người tham gia bảo hiểm y tế được miễn cùng chi trả chi phí khám chữa bệnh?,876
Trong bao nhiêu tình huống thì người tham gia BHYT được hưởng chế độ miễn phí khám chữa bệnh?,trường hợp nào người tham gia bảo hiểm y tế được miễn cùng chi trả chi phí khám chữa bệnh?,876
Danh sách các trường hợp người tham gia BHYT được miễn chi trả tiền khám chữa bệnh là gì?,trường hợp nào người tham gia bảo hiểm y tế được miễn cùng chi trả chi phí khám chữa bệnh?,876
Làm thế nào để thực hiện các thủ tục nhận quyền lợi bảo hiểm y tế khi bị cấp cứu?,thủ tục hưởng quyền lợi bảo hiểm y tế trong trường hợp cấp cứu như thế nào?,877
Quy trình hưởng bảo hiểm y tế trong trường hợp cấp cứu được tiến hành như thế nào?,thủ tục hưởng quyền lợi bảo hiểm y tế trong trường hợp cấp cứu như thế nào?,877
"Khi cần cấp cứu, người tham gia bảo hiểm y tế phải làm gì để được hưởng quyền lợi?",thủ tục hưởng quyền lợi bảo hiểm y tế trong trường hợp cấp cứu như thế nào?,877
Thủ tục hưởng bảo hiểm y tế cho trường hợp cấp cứu gồm những bước gì?,thủ tục hưởng quyền lợi bảo hiểm y tế trong trường hợp cấp cứu như thế nào?,877
Làm sao để được hưởng quyền lợi bảo hiểm y tế khi xảy ra tình huống cấp cứu?,thủ tục hưởng quyền lợi bảo hiểm y tế trong trường hợp cấp cứu như thế nào?,877
Thẻ bảo hiểm y tế của sinh viên năm nhất bắt đầu có hiệu lực từ thời điểm nào?,thẻ bảo hiểm y tế của sinh viên năm thứ nhất có giá trị sử dụng từ khi nào?,878
Khi nào thì thẻ bảo hiểm y tế dành cho sinh viên năm thứ nhất được kích hoạt sử dụng?,thẻ bảo hiểm y tế của sinh viên năm thứ nhất có giá trị sử dụng từ khi nào?,878
Thời điểm sinh viên năm nhất có thể sử dụng thẻ bảo hiểm y tế là bao giờ?,thẻ bảo hiểm y tế của sinh viên năm thứ nhất có giá trị sử dụng từ khi nào?,878
Giá trị sử dụng của thẻ bảo hiểm y tế cho sinh viên năm nhất bắt đầu từ khi nào?,thẻ bảo hiểm y tế của sinh viên năm thứ nhất có giá trị sử dụng từ khi nào?,878
Sinh viên năm nhất được phép dùng thẻ bảo hiểm y tế từ ngày nào?,thẻ bảo hiểm y tế của sinh viên năm thứ nhất có giá trị sử dụng từ khi nào?,878
Cách tính thời hạn sử dụng thẻ bảo hiểm y tế dành cho sinh viên năm cuối là gì?,thời hạn sử dụng thẻ bảo hiểm y tế của sinh viên năm cuối được tính như thế nào?,879
Thẻ bảo hiểm y tế của sinh viên sắp tốt nghiệp sẽ được tính hạn sử dụng ra sao?,thời hạn sử dụng thẻ bảo hiểm y tế của sinh viên năm cuối được tính như thế nào?,879
"Đối với sinh viên năm cuối, thời gian sử dụng thẻ bảo hiểm y tế được quy định cụ thể như thế nào?",thời hạn sử dụng thẻ bảo hiểm y tế của sinh viên năm cuối được tính như thế nào?,879
Sinh viên năm cuối cần biết cách tính thời hạn sử dụng thẻ bảo hiểm y tế theo quy định hiện hành.,thời hạn sử dụng thẻ bảo hiểm y tế của sinh viên năm cuối được tính như thế nào?,879
Thời hạn thẻ bảo hiểm y tế của sinh viên năm cuối được xác định dựa trên tiêu chí gì?,thời hạn sử dụng thẻ bảo hiểm y tế của sinh viên năm cuối được tính như thế nào?,879
Sinh viên cần lưu ý những gì về thời điểm tham gia bảo hiểm y tế để duy trì quyền lợi liên tục?,sinh viên nên lưu ý gì về thời gian tham gia bảo hiểm y tế để đảm bảo quyền lợi liên tục?,880
"Để đảm bảo quyền lợi không bị gián đoạn, sinh viên nên đăng ký bảo hiểm y tế vào lúc nào?",sinh viên nên lưu ý gì về thời gian tham gia bảo hiểm y tế để đảm bảo quyền lợi liên tục?,880
Thời gian tham gia bảo hiểm y tế của sinh viên cần được sắp xếp ra sao nhằm giữ vững quyền lợi?,sinh viên nên lưu ý gì về thời gian tham gia bảo hiểm y tế để đảm bảo quyền lợi liên tục?,880
Sinh viên cần chú ý vấn đề gì liên quan đến thời gian nộp hồ sơ bảo hiểm y tế để không làm mất quyền lợi?,sinh viên nên lưu ý gì về thời gian tham gia bảo hiểm y tế để đảm bảo quyền lợi liên tục?,880
Làm thế nào để sinh viên chọn thời điểm tham gia bảo hiểm y tế phù hợp nhằm đảm bảo quyền lợi liên tục?,sinh viên nên lưu ý gì về thời gian tham gia bảo hiểm y tế để đảm bảo quyền lợi liên tục?,880
Yếu tố nào quyết định giá trị sử dụng của thẻ bảo hiểm y tế?,giá trị sử dụng của thẻ bảo hiểm y tế dựa trên yếu tố nào?,881
Giá trị của thẻ bảo hiểm y tế phụ thuộc vào yếu tố gì?,giá trị sử dụng của thẻ bảo hiểm y tế dựa trên yếu tố nào?,881
Dựa trên yếu tố nào mà giá trị sử dụng của thẻ bảo hiểm y tế được xác định?,giá trị sử dụng của thẻ bảo hiểm y tế dựa trên yếu tố nào?,881
Yếu tố ảnh hưởng đến giá trị sử dụng của thẻ bảo hiểm y tế là gì?,giá trị sử dụng của thẻ bảo hiểm y tế dựa trên yếu tố nào?,881
Chúng ta cần xem xét yếu tố nào để biết giá trị sử dụng của thẻ bảo hiểm y tế?,giá trị sử dụng của thẻ bảo hiểm y tế dựa trên yếu tố nào?,881
Làm thế nào để kiểm tra thời hạn sử dụng của thẻ bảo hiểm y tế trên internet?,làm thế nào để tra cứu thời hạn sử dụng thẻ bảo hiểm y tế trực tuyến?,882
Tôi có thể tra cứu hạn sử dụng thẻ BHYT trực tuyến được không?,làm thế nào để tra cứu thời hạn sử dụng thẻ bảo hiểm y tế trực tuyến?,882
Cách nào để xem thời hạn còn lại của thẻ bảo hiểm y tế mà không cần ra ngoài?,làm thế nào để tra cứu thời hạn sử dụng thẻ bảo hiểm y tế trực tuyến?,882
Làm sao để biết thẻ bảo hiểm y tế của mình hết hạn bằng cách truy cập online?,làm thế nào để tra cứu thời hạn sử dụng thẻ bảo hiểm y tế trực tuyến?,882
Có hướng dẫn nào để kiểm tra hạn dùng thẻ BHYT qua mạng không?,làm thế nào để tra cứu thời hạn sử dụng thẻ bảo hiểm y tế trực tuyến?,882
Số điện thoại tổng đài tư vấn của Bảo hiểm xã hội Việt Nam là bao nhiêu?,tổng đài hỗ trợ tư vấn của bảo hiểm xã hội việt nam là số nào?,883
Mình muốn biết số hotline hỗ trợ của BHXH Việt Nam nhé.,tổng đài hỗ trợ tư vấn của bảo hiểm xã hội việt nam là số nào?,883
Làm thế nào để liên hệ với tổng đài tư vấn của Bảo hiểm xã hội Việt Nam?,tổng đài hỗ trợ tư vấn của bảo hiểm xã hội việt nam là số nào?,883
Tổng đài nào là nơi nhận sự hỗ trợ từ Bảo hiểm xã hội Việt Nam?,tổng đài hỗ trợ tư vấn của bảo hiểm xã hội việt nam là số nào?,883
Số điện thoại gọi để được tư vấn về BHXH Việt Nam là số gì?,tổng đài hỗ trợ tư vấn của bảo hiểm xã hội việt nam là số nào?,883
Ứng dụng di động nào hỗ trợ sinh viên theo dõi tình trạng đóng và mức hưởng bảo hiểm y tế?,ứng dụng di động nào giúp sinh viên theo dõi thông tin đóng và hưởng bảo hiểm y tế?,884
Có ứng dụng điện thoại nào giúp sinh viên kiểm tra việc đóng và nhận bảo hiểm y tế không?,ứng dụng di động nào giúp sinh viên theo dõi thông tin đóng và hưởng bảo hiểm y tế?,884
Sinh viên có thể dùng ứng dụng nào để giám sát thông tin đóng và hưởng bảo hiểm y tế?,ứng dụng di động nào giúp sinh viên theo dõi thông tin đóng và hưởng bảo hiểm y tế?,884
Tôi cần tải ứng dụng di động nào để theo dõi đóng và hưởng bảo hiểm y tế cho sinh viên?,ứng dụng di động nào giúp sinh viên theo dõi thông tin đóng và hưởng bảo hiểm y tế?,884
Ứng dụng di động nào là công cụ giúp sinh viên quản lý thông tin về đóng và hưởng bảo hiểm y tế?,ứng dụng di động nào giúp sinh viên theo dõi thông tin đóng và hưởng bảo hiểm y tế?,884
Sinh viên trường Đại học Sư phạm Kỹ thuật TP. Hồ Chí Minh cần liên hệ với ai khi có thắc mắc về bảo hiểm y tế?,sinh viên đại học sư phạm kỹ thuật tp. hồ chí minh liên hệ ai khi có thắc mắc về bảo hiểm y tế?,885
"Khi sinh viên của ĐH Sư phạm Kỹ thuật TP.HCM có câu hỏi về bảo hiểm y tế, bộ phận nào sẽ hỗ trợ?",sinh viên đại học sư phạm kỹ thuật tp. hồ chí minh liên hệ ai khi có thắc mắc về bảo hiểm y tế?,885
Ai là người tiếp nhận và giải đáp các thắc mắc về bảo hiểm y tế dành cho sinh viên ĐH Sư phạm Kỹ thuật TP.HCM?,sinh viên đại học sư phạm kỹ thuật tp. hồ chí minh liên hệ ai khi có thắc mắc về bảo hiểm y tế?,885
Nếu sinh viên trường Sư phạm Kỹ thuật TP.HCM chưa hiểu rõ về bảo hiểm y tế thì phải liên hệ số nào?,sinh viên đại học sư phạm kỹ thuật tp. hồ chí minh liên hệ ai khi có thắc mắc về bảo hiểm y tế?,885
Sinh viên ĐH Sư phạm Kỹ thuật TP.HCM nên hỏi ai khi gặp vấn đề liên quan đến bảo hiểm y tế?,sinh viên đại học sư phạm kỹ thuật tp. hồ chí minh liên hệ ai khi có thắc mắc về bảo hiểm y tế?,885
Những nguyên tắc đạo đức nền tảng trong nghiên cứu khoa học là gì?,các nguyên tắc đạo đức cơ bản trong hoạt động nghiên cứu khoa học là gì?,886
Hoạt động nghiên cứu khoa học cần tuân theo những nguyên tắc đạo đức cơ bản nào?,các nguyên tắc đạo đức cơ bản trong hoạt động nghiên cứu khoa học là gì?,886
Làm thế nào để xác định các nguyên tắc đạo đức cốt lõi trong nghiên cứu khoa học?,các nguyên tắc đạo đức cơ bản trong hoạt động nghiên cứu khoa học là gì?,886
Bạn có thể liệt kê những nguyên tắc đạo đức cơ bản dành cho nghiên cứu khoa học không?,các nguyên tắc đạo đức cơ bản trong hoạt động nghiên cứu khoa học là gì?,886
Nội dung của các nguyên tắc đạo đức cơ bản trong lĩnh vực nghiên cứu khoa học là gì?,các nguyên tắc đạo đức cơ bản trong hoạt động nghiên cứu khoa học là gì?,886
Người nghiên cứu cần đảm bảo trách nhiệm gì đối với danh dự và lợi ích của bản thân cũng như tổ chức?,"trách nhiệm của người nghiên cứu đối với danh dự và lợi ích cá nhân, tổ chức là gì?",887
"Làm thế nào để người làm nghiên cứu gìn giữ danh dự và bảo vệ lợi ích cá nhân, tập thể?","trách nhiệm của người nghiên cứu đối với danh dự và lợi ích cá nhân, tổ chức là gì?",887
Trách nhiệm của nhà nghiên cứu trong việc bảo vệ danh dự và quyền lợi của mình cũng như đơn vị mình là gì?,"trách nhiệm của người nghiên cứu đối với danh dự và lợi ích cá nhân, tổ chức là gì?",887
Người nghiên cứu phải thực hiện nghĩa vụ gì nhằm giữ gìn phẩm giá và lợi ích cho cá nhân và tổ chức?,"trách nhiệm của người nghiên cứu đối với danh dự và lợi ích cá nhân, tổ chức là gì?",887
"Hãy nêu các trách nhiệm của người nghiên cứu liên quan đến danh dự và lợi ích của bản thân, tổ chức.","trách nhiệm của người nghiên cứu đối với danh dự và lợi ích cá nhân, tổ chức là gì?",887
Những quy định nào đảm bảo tính công bằng trong việc ghi nhận quyền sở hữu trí tuệ?,quy định về sự công bằng trong ghi nhận quyền sở hữu trí tuệ như thế nào?,888
Làm thế nào để các quy định hiện hành bảo đảm sự công bằng khi ghi nhận quyền sở hữu trí tuệ?,quy định về sự công bằng trong ghi nhận quyền sở hữu trí tuệ như thế nào?,888
Quy định về sự công bằng trong ghi nhận quyền sở hữu trí tuệ được áp dụng ra sao?,quy định về sự công bằng trong ghi nhận quyền sở hữu trí tuệ như thế nào?,888
Nội dung quy định liên quan đến công bằng trong ghi nhận quyền sở hữu trí tuệ là gì?,quy định về sự công bằng trong ghi nhận quyền sở hữu trí tuệ như thế nào?,888
Việc ghi nhận quyền sở hữu trí tuệ được quy định sao cho đảm bảo tính công bằng?,quy định về sự công bằng trong ghi nhận quyền sở hữu trí tuệ như thế nào?,888
Việc thu thập dữ liệu cho nghiên cứu cần đáp ứng những yêu cầu nào?,việc thu thập dữ liệu phục vụ nghiên cứu phải tuân thủ yêu cầu gì?,889
"Khi tiến hành thu thập dữ liệu phục vụ nghiên cứu, chúng ta phải tuân thủ gì?",việc thu thập dữ liệu phục vụ nghiên cứu phải tuân thủ yêu cầu gì?,889
Những tiêu chuẩn bắt buộc nào cần được áp dụng khi thu thập dữ liệu cho nghiên cứu?,việc thu thập dữ liệu phục vụ nghiên cứu phải tuân thủ yêu cầu gì?,889
Thu thập dữ liệu để làm nghiên cứu cần phải đảm bảo những điều kiện gì?,việc thu thập dữ liệu phục vụ nghiên cứu phải tuân thủ yêu cầu gì?,889
"Để phục vụ nghiên cứu, công việc thu thập dữ liệu cần tuân theo những quy định ra sao?",việc thu thập dữ liệu phục vụ nghiên cứu phải tuân thủ yêu cầu gì?,889
"Hành vi nào bị cấm đối với thiết bị, quy trình và vật liệu nghiên cứu?","những hành vi nào bị cấm đối với thiết bị, quy trình và vật liệu nghiên cứu?",890
"Những việc làm nào không được phép thực hiện liên quan đến thiết bị, quy trình và vật liệu nghiên cứu?","những hành vi nào bị cấm đối với thiết bị, quy trình và vật liệu nghiên cứu?",890
"Thiết bị, quy trình và vật liệu nghiên cứu bị hạn chế những hành động gì?","những hành vi nào bị cấm đối với thiết bị, quy trình và vật liệu nghiên cứu?",890
"Bạn có thể liệt kê các hành vi bị cấm đối với thiết bị, quy trình và vật liệu nghiên cứu không?","những hành vi nào bị cấm đối với thiết bị, quy trình và vật liệu nghiên cứu?",890
"Những quy định cấm nào áp dụng cho thiết bị, quy trình và vật liệu nghiên cứu?","những hành vi nào bị cấm đối với thiết bị, quy trình và vật liệu nghiên cứu?",890
Định nghĩa về tính trung thực trong kết quả nghiên cứu là gì?,quy định về tính trung thực của kết quả nghiên cứu là gì?,891
Quy định nào xác định tính trung thực của kết quả nghiên cứu?,quy định về tính trung thực của kết quả nghiên cứu là gì?,891
Tính trung thực của kết quả nghiên cứu được hiểu như thế nào theo quy định?,quy định về tính trung thực của kết quả nghiên cứu là gì?,891
Nội dung quy định về tính trung thực trong kết quả nghiên cứu ra sao?,quy định về tính trung thực của kết quả nghiên cứu là gì?,891
Các quy định liên quan đến tính trung thực của kết quả nghiên cứu là gì?,quy định về tính trung thực của kết quả nghiên cứu là gì?,891
Người nghiên cứu cần gánh vác những nghĩa vụ nào đối với các đối tác hợp tác?,nghĩa vụ của người nghiên cứu đối với các đối tác hợp tác là gì?,892
Những trách nhiệm nào mà người nghiên cứu phải thực hiện với các đối tác cùng làm việc?,nghĩa vụ của người nghiên cứu đối với các đối tác hợp tác là gì?,892
"Khi hợp tác, người nghiên cứu cần tuân thủ những nghĩa vụ gì đối với các bên đối tác?",nghĩa vụ của người nghiên cứu đối với các đối tác hợp tác là gì?,892
Nghĩa vụ của người nghiên cứu dành cho các đối tác hợp tác bao gồm những nội dung cụ thể gì?,nghĩa vụ của người nghiên cứu đối với các đối tác hợp tác là gì?,892
Người nghiên cứu phải đảm nhận những nghĩa vụ ra sao trong mối quan hệ với các đối tác hợp tác?,nghĩa vụ của người nghiên cứu đối với các đối tác hợp tác là gì?,892
Hành vi cố ý báo cáo sai sự thật trong nghiên cứu sẽ bị xử lý ra sao?,hành vi cố ý tường trình sai sự thật trong nghiên cứu bị xử lý như thế nào?,893
Làm thế nào để xử lý những trường hợp cố tình tường trình sai số liệu khi làm nghiên cứu?,hành vi cố ý tường trình sai sự thật trong nghiên cứu bị xử lý như thế nào?,893
Ai sẽ bị xử lý nếu cố ý nói dối hoặc ghi nhận sai sự thật trong quá trình nghiên cứu?,hành vi cố ý tường trình sai sự thật trong nghiên cứu bị xử lý như thế nào?,893
Biện pháp xử lý đối với người cố tình khai báo không đúng sự thật trong nghiên cứu là gì?,hành vi cố ý tường trình sai sự thật trong nghiên cứu bị xử lý như thế nào?,893
"Nếu một người cố ý tường thuật sai sự thật trong nghiên cứu, họ sẽ gặp phải hậu quả gì?",hành vi cố ý tường trình sai sự thật trong nghiên cứu bị xử lý như thế nào?,893
Những hành vi nào được xem là xâm phạm quyền sở hữu trí tuệ?,việc xâm phạm quyền sở hữu trí tuệ bao gồm những hành vi nào?,894
Việc xâm phạm quyền sở hữu trí tuệ bao hàm những việc gì?,việc xâm phạm quyền sở hữu trí tuệ bao gồm những hành vi nào?,894
Hành động nào bị coi là vi phạm quyền sở hữu trí tuệ?,việc xâm phạm quyền sở hữu trí tuệ bao gồm những hành vi nào?,894
Bạn cho biết những hành vi nào thuộc phạm vi xâm phạm quyền sở hữu trí tuệ?,việc xâm phạm quyền sở hữu trí tuệ bao gồm những hành vi nào?,894
Làm thế nào để xác định một hành vi là xâm phạm quyền sở hữu trí tuệ?,việc xâm phạm quyền sở hữu trí tuệ bao gồm những hành vi nào?,894
Những hành động nào được xem là cản trở hoạt động nghiên cứu của người khác?,những hành vi nào bị coi là cản trở hoạt động nghiên cứu của người khác?,895
Hành vi nào bị coi là gây trở ngại cho công việc nghiên cứu của đồng nghiệp?,những hành vi nào bị coi là cản trở hoạt động nghiên cứu của người khác?,895
Những việc làm nào được định nghĩa là cản trở quy trình nghiên cứu của người khác?,những hành vi nào bị coi là cản trở hoạt động nghiên cứu của người khác?,895
Hành vi gì bị xem là làm gián đoạn hoặc cản trở hoạt động nghiên cứu của người khác?,những hành vi nào bị coi là cản trở hoạt động nghiên cứu của người khác?,895
Những hành động nào bị coi là ảnh hưởng tiêu cực đến hoạt động nghiên cứu của người khác?,những hành vi nào bị coi là cản trở hoạt động nghiên cứu của người khác?,895
Làm thế nào để xác định một hành vi vi phạm tính khách quan trong quá trình đánh giá khoa học?,thế nào là vi phạm tính khách quan trong đánh giá khoa học?,896
Biểu hiện cụ thể của việc mất đi tính khách quan khi đánh giá nghiên cứu khoa học là gì?,thế nào là vi phạm tính khách quan trong đánh giá khoa học?,896
Thế nào gọi là vi phạm nguyên tắc khách quan trong công tác thẩm định khoa học?,thế nào là vi phạm tính khách quan trong đánh giá khoa học?,896
Hành động nào được coi là xâm phạm đến tính khách quan khi tiến hành đánh giá khoa học?,thế nào là vi phạm tính khách quan trong đánh giá khoa học?,896
Làm sao để nhận diện một đánh giá khoa học bị coi là thiếu khách quan?,thế nào là vi phạm tính khách quan trong đánh giá khoa học?,896
Việc bao che cho hành vi vi phạm đạo đức nghiên cứu của người khác có bị xem là vi phạm hay không?,việc che giấu hành vi vi phạm đạo đức nghiên cứu của người khác có bị coi là vi phạm không?,897
"Nếu che giấu những hành động sai trái về mặt đạo đức trong nghiên cứu của đồng nghiệp, mình sẽ bị coi là phạm lỗi không?",việc che giấu hành vi vi phạm đạo đức nghiên cứu của người khác có bị coi là vi phạm không?,897
Hành động im lặng trước việc người khác vi phạm đạo đức nghiên cứu có được tính là vi phạm quy định không?,việc che giấu hành vi vi phạm đạo đức nghiên cứu của người khác có bị coi là vi phạm không?,897
Việc dung túng cho hành vi vi phạm đạo đức nghiên cứu của người khác có bị xử lý như một dạng vi phạm không?,việc che giấu hành vi vi phạm đạo đức nghiên cứu của người khác có bị coi là vi phạm không?,897
"Trong môi trường nghiên cứu, việc che đậy các hành vi vi phạm đạo đức của người khác có bị coi là lỗi hay không?",việc che giấu hành vi vi phạm đạo đức nghiên cứu của người khác có bị coi là vi phạm không?,897
Trường Đại học Sư phạm Kỹ thuật TP.HCM yêu cầu sử dụng chuẩn trích dẫn nào cho các sản phẩm học thuật?,những sản phẩm học thuật tại trường đại học sư phạm kỹ thuật tp. hcm phải áp dụng chuẩn trích dẫn nào?,898
"Khi làm đồ án hoặc bài luận tại trường Sư phạm Kỹ thuật TP.HCM, sinh viên cần tuân theo quy chuẩn trích dẫn gì?",những sản phẩm học thuật tại trường đại học sư phạm kỹ thuật tp. hcm phải áp dụng chuẩn trích dẫn nào?,898
Sinh viên trường Đại học Sư phạm Kỹ thuật TP.HCM phải áp dụng chuẩn trích dẫn nào đối với các sản phẩm nghiên cứu?,những sản phẩm học thuật tại trường đại học sư phạm kỹ thuật tp. hcm phải áp dụng chuẩn trích dẫn nào?,898
"Đối với các công trình học thuật ở trường Sư phạm Kỹ thuật TP.HCM, nhà trường quy định dùng chuẩn trích dẫn nào?",những sản phẩm học thuật tại trường đại học sư phạm kỹ thuật tp. hcm phải áp dụng chuẩn trích dẫn nào?,898
Làm thế nào để xác định chuẩn trích dẫn đúng cho các sản phẩm học thuật tại trường Đại học Sư phạm Kỹ thuật TP.HCM?,những sản phẩm học thuật tại trường đại học sư phạm kỹ thuật tp. hcm phải áp dụng chuẩn trích dẫn nào?,898
"Khi viết về kinh nghiệm cuộc sống và tư tưởng cá nhân, liệu tác giả có cần phải ghi nguồn không?",tác giả có phải ghi nguồn khi viết về kinh nghiệm cuộc sống và tư tưởng cá nhân không?,899
Tác giả có bắt buộc phải trích dẫn nguồn cho những chia sẻ về trải nghiệm sống và quan điểm cá nhân của mình hay không?,tác giả có phải ghi nguồn khi viết về kinh nghiệm cuộc sống và tư tưởng cá nhân không?,899
"Đối với nội dung về kinh nghiệm sống và tư tưởng riêng, việc tác giả ghi nguồn là bắt buộc không?",tác giả có phải ghi nguồn khi viết về kinh nghiệm cuộc sống và tư tưởng cá nhân không?,899
"Khi đưa ra các ý kiến về đời sống và tư duy cá nhân, tác giả có cần trích dẫn nguồn gốc không?",tác giả có phải ghi nguồn khi viết về kinh nghiệm cuộc sống và tư tưởng cá nhân không?,899
Việc ghi nguồn trong các bài viết về kinh nghiệm sống và tư tưởng cá nhân của tác giả là điều bắt buộc hay không?,tác giả có phải ghi nguồn khi viết về kinh nghiệm cuộc sống và tư tưởng cá nhân không?,899
"Khi thảo luận về kết quả nghiên cứu chưa công bố của chính mình, liệu có cần trích dẫn nguồn không?",có cần ghi nguồn khi thảo luận về kết quả nghiên cứu chưa công bố của chính mình không?,900
Mình có bắt buộc phải ghi rõ nguồn khi bàn luận về những dữ liệu nghiên cứu chưa xuất bản của bản thân không?,có cần ghi nguồn khi thảo luận về kết quả nghiên cứu chưa công bố của chính mình không?,900
"Trong quá trình trao đổi về kết quả nghiên cứu chưa công bố, việc ghi nguồn có thực sự cần thiết hay không?",có cần ghi nguồn khi thảo luận về kết quả nghiên cứu chưa công bố của chính mình không?,900
Có cần phải dẫn nguồn khi chia sẻ những kết quả nghiên cứu chưa công bố thuộc về chính mình không ạ?,có cần ghi nguồn khi thảo luận về kết quả nghiên cứu chưa công bố của chính mình không?,900
"Khi nói về kết quả nghiên cứu chưa công bố của mình, liệu có quy định bắt buộc phải ghi nguồn không?",có cần ghi nguồn khi thảo luận về kết quả nghiên cứu chưa công bố của chính mình không?,900
Những kiến thức gì được xem là phổ thông mà không cần trích dẫn nguồn?,những loại kiến thức nào được coi là phổ thông và không cần trích dẫn nguồn?,901
Loại kiến thức nào thuộc phạm vi chung nên được miễn trừ việc dẫn nguồn?,những loại kiến thức nào được coi là phổ thông và không cần trích dẫn nguồn?,901
Những nội dung nào được coi là kiến thức phổ thông và không bắt buộc phải ghi nguồn?,những loại kiến thức nào được coi là phổ thông và không cần trích dẫn nguồn?,901
"Trong số các kiến thức đã học, cái nào là phổ thông và không cần trích dẫn?",những loại kiến thức nào được coi là phổ thông và không cần trích dẫn nguồn?,901
Những sự thật phổ thông nào thì không cần phải trích dẫn nguồn gốc?,những loại kiến thức nào được coi là phổ thông và không cần trích dẫn nguồn?,901
Hành vi đạo văn cơ bản trong sản phẩm học thuật được hiểu như thế nào?,thế nào là hành vi đạo văn cơ bản trong sản phẩm học thuật?,902
Làm sao để xác định đâu là hành vi đạo văn cơ bản khi làm đồ án hay luận văn?,thế nào là hành vi đạo văn cơ bản trong sản phẩm học thuật?,902
Định nghĩa cụ thể về hành vi đạo văn cơ bản trong các sản phẩm học thuật là gì?,thế nào là hành vi đạo văn cơ bản trong sản phẩm học thuật?,902
Bạn có thể giải thích khái niệm hành vi đạo văn cơ bản trong sản phẩm học thuật không?,thế nào là hành vi đạo văn cơ bản trong sản phẩm học thuật?,902
Tiêu chuẩn nào được dùng để gọi một hành vi là đạo văn cơ bản trong học thuật?,thế nào là hành vi đạo văn cơ bản trong sản phẩm học thuật?,902
Việc đưa thông tin sai về tác phẩm được trích dẫn có bị xem là đạo văn không?,việc cung cấp sai lệch thông tin tác phẩm được trích dẫn có bị coi là đạo văn không?,903
"Nếu cung cấp sai lệch dữ liệu của tác phẩm trích dẫn, hành động này có bị coi là đạo văn hay không?",việc cung cấp sai lệch thông tin tác phẩm được trích dẫn có bị coi là đạo văn không?,903
Cung cấp thông tin không chính xác về tác phẩm được dẫn nguồn có phạm vi đạo văn không?,việc cung cấp sai lệch thông tin tác phẩm được trích dẫn có bị coi là đạo văn không?,903
Liệu việc ghi sai thông tin của tác phẩm tham khảo có bị tính là đạo văn?,việc cung cấp sai lệch thông tin tác phẩm được trích dẫn có bị coi là đạo văn không?,903
"Khi cung cấp sai lệch chi tiết tác phẩm trích dẫn, mình có bị coi là làm đạo văn không?",việc cung cấp sai lệch thông tin tác phẩm được trích dẫn có bị coi là đạo văn không?,903
Việc thay đổi cách diễn đạt của người khác mà không trích dẫn nguồn liệu là coi như đạo văn không?,thay đổi từ ngữ của người khác mà không dẫn nguồn có vi phạm đạo văn không?,904
"Nếu tôi viết lại lời của người khác nhưng quên dẫn nguồn, hành động đó có bị tính là đạo văn hay không?",thay đổi từ ngữ của người khác mà không dẫn nguồn có vi phạm đạo văn không?,904
Có phải đạo văn khi mình paraphrase ý tưởng của người khác mà không ghi rõ nguồn gốc không?,thay đổi từ ngữ của người khác mà không dẫn nguồn có vi phạm đạo văn không?,904
Việc sửa đổi ngôn ngữ của tác giả gốc mà không nêu tên hay dẫn chứng liệu có phạm vào đạo văn?,thay đổi từ ngữ của người khác mà không dẫn nguồn có vi phạm đạo văn không?,904
Tôi cần hỏi: đổi câu chữ của người khác mà không dẫn nguồn có được xem là đạo văn không?,thay đổi từ ngữ của người khác mà không dẫn nguồn có vi phạm đạo văn không?,904
Làm thế nào để gọi tên hành vi sao chép ý tưởng từ nhiều nguồn khác nhau mà không ghi nhận nguồn gốc?,việc chỉnh sửa câu chữ từ nhiều nguồn khác nhau thành sản phẩm của mình mà không dẫn nguồn được gọi là gì?,905
Hành vi tổng hợp nội dung từ các nguồn đa dạng để tạo ra sản phẩm mới nhưng thiếu trích dẫn được định danh như thế nào?,việc chỉnh sửa câu chữ từ nhiều nguồn khác nhau thành sản phẩm của mình mà không dẫn nguồn được gọi là gì?,905
Khi nào thì việc lấy ý tưởng từ nhiều nơi khác nhau và trình bày như của mình mà không dẫn nguồn được coi là vi phạm?,việc chỉnh sửa câu chữ từ nhiều nguồn khác nhau thành sản phẩm của mình mà không dẫn nguồn được gọi là gì?,905
Thuật ngữ chỉ việc biên tập lại thông tin từ nhiều nguồn khác nhau thành sản phẩm riêng mà không ghi nguồn là gì?,việc chỉnh sửa câu chữ từ nhiều nguồn khác nhau thành sản phẩm của mình mà không dẫn nguồn được gọi là gì?,905
Việc sao chép cấu trúc và nội dung từ nhiều tài liệu khác nhau để thành sản phẩm mới mà không trích dẫn được gọi bằng tên gì?,việc chỉnh sửa câu chữ từ nhiều nguồn khác nhau thành sản phẩm của mình mà không dẫn nguồn được gọi là gì?,905
Liệu việc giữ nguyên cấu trúc đoạn văn nhưng thay đổi từ ngữ có bị coi là đạo văn hay không?,giữ nguyên cấu trúc đoạn văn nhưng thay đổi cụm từ mà không dẫn nguồn có bị coi là đạo văn không?,906
Nếu chỉ đổi cụm từ trong khi vẫn giữ nguyên bố cục đoạn văn thì xem là đạo văn không?,giữ nguyên cấu trúc đoạn văn nhưng thay đổi cụm từ mà không dẫn nguồn có bị coi là đạo văn không?,906
Tôi có phạm đạo văn nếu giữ nguyên khung đoạn văn và chỉ thay đổi các cụm từ?,giữ nguyên cấu trúc đoạn văn nhưng thay đổi cụm từ mà không dẫn nguồn có bị coi là đạo văn không?,906
Việc thay đổi từ ngữ nhưng không thay đổi cấu trúc đoạn văn gốc có bị tính là đạo văn?,giữ nguyên cấu trúc đoạn văn nhưng thay đổi cụm từ mà không dẫn nguồn có bị coi là đạo văn không?,906
Có bị coi là đạo văn khi chỉ sửa đổi cụm từ mà vẫn giữ nguyên cấu trúc đoạn văn không?,giữ nguyên cấu trúc đoạn văn nhưng thay đổi cụm từ mà không dẫn nguồn có bị coi là đạo văn không?,906
Việc diễn giải lại lời nói của người khác bằng cách dùng từ ngữ riêng mà không ghi nguồn có bị coi là vi phạm hay không?,diễn giải nội dung của người khác bằng ngôn ngữ cá nhân mà không dẫn nguồn có vi phạm không?,907
Có vi phạm quy tắc khi mình tóm tắt ý kiến của người khác bằng ngôn ngữ cá nhân nhưng lại không dẫn chứng nguồn gốc không?,diễn giải nội dung của người khác bằng ngôn ngữ cá nhân mà không dẫn nguồn có vi phạm không?,907
Mình có phạm lỗi nếu paraphrase nội dung từ người khác bằng cách diễn đạt lại theo cách hiểu của mình mà không trích dẫn nguồn?,diễn giải nội dung của người khác bằng ngôn ngữ cá nhân mà không dẫn nguồn có vi phạm không?,907
Việc đưa ra lời giải thích lại ý kiến của người khác bằng chính ngôn từ của bản thân mà không nêu nguồn có tính chất vi phạm không?,diễn giải nội dung của người khác bằng ngôn ngữ cá nhân mà không dẫn nguồn có vi phạm không?,907
Có bị xem là vi phạm khi mình viết lại nội dung của người khác bằng cách diễn giải lại bằng tiếng Việt mà không dẫn nguồn không?,diễn giải nội dung của người khác bằng ngôn ngữ cá nhân mà không dẫn nguồn có vi phạm không?,907
"Tuy đã trích dẫn đúng quy định, nhưng nếu dùng quá nhiều nội dung của tác phẩm khác thì có bị coi là vi phạm bản quyền không?",dù có trích dẫn đúng quy định nhưng sử dụng quá nhiều nội dung từ tác phẩm khác có bị coi là vi phạm không?,908
Việc trích dẫn đúng luật mà sử dụng quá nhiều nội dung từ tác phẩm khác liệu có vẫn bị xem là vi phạm hay không?,dù có trích dẫn đúng quy định nhưng sử dụng quá nhiều nội dung từ tác phẩm khác có bị coi là vi phạm không?,908
Có bị tính là vi phạm không nếu mình trích dẫn đúng quy định nhưng lại dùng quá nhiều phần của tác phẩm khác?,dù có trích dẫn đúng quy định nhưng sử dụng quá nhiều nội dung từ tác phẩm khác có bị coi là vi phạm không?,908
"Dù đã tuân thủ quy định về trích dẫn, nhưng sử dụng quá nhiều nội dung từ tác phẩm khác thì có còn bị coi là vi phạm không?",dù có trích dẫn đúng quy định nhưng sử dụng quá nhiều nội dung từ tác phẩm khác có bị coi là vi phạm không?,908
"Mình đã trích dẫn đúng quy định rồi, vậy dùng quá nhiều nội dung từ tác phẩm khác thì liệu có bị xem là vi phạm không?",dù có trích dẫn đúng quy định nhưng sử dụng quá nhiều nội dung từ tác phẩm khác có bị coi là vi phạm không?,908
Hành vi thuê người viết hộ bài tập hoặc luận văn sẽ bị xử lý ra sao?,hành vi thuê người khác viết hộ sản phẩm học thuật bị xử lý như thế nào?,909
Nếu sinh viên thuê ai đó làm hộ sản phẩm học thuật thì sẽ gặp hậu quả gì?,hành vi thuê người khác viết hộ sản phẩm học thuật bị xử lý như thế nào?,909
Quy định xử lý đối với trường hợp thuê người thay viết đồ án là như thế nào?,hành vi thuê người khác viết hộ sản phẩm học thuật bị xử lý như thế nào?,909
Sinh viên bị phát hiện thuê người viết hộ sản phẩm nghiên cứu sẽ bị kỷ luật thế nào?,hành vi thuê người khác viết hộ sản phẩm học thuật bị xử lý như thế nào?,909
Hậu quả của việc thuê dịch vụ viết hộ đồ án hay bài luận trong nhà trường được quy định cụ thể thế nào?,hành vi thuê người khác viết hộ sản phẩm học thuật bị xử lý như thế nào?,909
Việc dịch một phần tác phẩm từ tiếng nước ngoài sang tiếng Việt mà không ghi rõ nguồn gốc có bị coi là vi phạm quy định bản quyền không?,việc dịch một phần tác phẩm từ tiếng nước ngoài sang tiếng việt mà không ghi rõ nguồn gốc có vi phạm không?,910
"Nếu chỉ dịch một đoạn ngắn từ tác phẩm nước ngoài sang tiếng Việt nhưng không trích dẫn nguồn, hành động này có vi phạm luật không?",việc dịch một phần tác phẩm từ tiếng nước ngoài sang tiếng việt mà không ghi rõ nguồn gốc có vi phạm không?,910
Có bị xử phạt khi dịch lại một phần nội dung của tác phẩm nước ngoài sang tiếng Việt mà quên ghi nguồn gốc không?,việc dịch một phần tác phẩm từ tiếng nước ngoài sang tiếng việt mà không ghi rõ nguồn gốc có vi phạm không?,910
Việc lấy một phần tác phẩm nước ngoài để dịch sang tiếng Việt mà không ghi rõ tên tác giả hay nguồn gốc liệu có phạm luật không?,việc dịch một phần tác phẩm từ tiếng nước ngoài sang tiếng việt mà không ghi rõ nguồn gốc có vi phạm không?,910
Tôi muốn hỏi xem nếu dịch một đoạn trích từ tác phẩm nước ngoài sang tiếng Việt mà không ghi nguồn thì có vi phạm bản quyền không?,việc dịch một phần tác phẩm từ tiếng nước ngoài sang tiếng việt mà không ghi rõ nguồn gốc có vi phạm không?,910
Tự đạo văn có nghĩa là gì?,tự đạo văn là gì?,911
Làm thế nào để định nghĩa về tự đạo văn?,tự đạo văn là gì?,911
Khái niệm tự đạo văn được hiểu như thế nào?,tự đạo văn là gì?,911
Tự đạo văn chính xác là hành động gì?,tự đạo văn là gì?,911
Có thể giải thích ý nghĩa của tự đạo văn cho tôi không?,tự đạo văn là gì?,911
Mức độ trùng lặp tối đa được chấp nhận cho toàn bộ khóa luận tốt nghiệp của sinh viên là bao nhiêu phần trăm?,tỷ lệ trùng lặp toàn bài tối đa cho phép đối với khóa luận tốt nghiệp sinh viên là bao nhiêu?,912
Sinh viên được phép có tỷ lệ trùng lặp toàn bài cao nhất bao nhiêu khi làm khóa luận tốt nghiệp?,tỷ lệ trùng lặp toàn bài tối đa cho phép đối với khóa luận tốt nghiệp sinh viên là bao nhiêu?,912
Giới hạn tối đa về tỷ lệ trùng lặp cho toàn văn khóa luận tốt nghiệp của sinh viên là bao nhiêu?,tỷ lệ trùng lặp toàn bài tối đa cho phép đối với khóa luận tốt nghiệp sinh viên là bao nhiêu?,912
"Theo quy định, phần trăm trùng lặp tối đa cho toàn bộ bài khóa luận tốt nghiệp của sinh viên là bao nhiêu?",tỷ lệ trùng lặp toàn bài tối đa cho phép đối với khóa luận tốt nghiệp sinh viên là bao nhiêu?,912
Khung khổ cho phép tỷ lệ trùng lặp toàn bài cao nhất đối với sinh viên làm khóa luận tốt nghiệp là bao nhiêu?,tỷ lệ trùng lặp toàn bài tối đa cho phép đối với khóa luận tốt nghiệp sinh viên là bao nhiêu?,912
Khóa luận tốt nghiệp được phép trích dẫn từ nguồn có mức độ trùng lặp bao nhiêu?,mức độ trùng lặp từ một nguồn tham khảo có trích dẫn đối với khóa luận tốt nghiệp là bao nhiêu?,913
Giới hạn cho phép về độ trùng lặp từ khi trích dẫn nguồn tham khảo trong khóa luận là bao nhiêu?,mức độ trùng lặp từ một nguồn tham khảo có trích dẫn đối với khóa luận tốt nghiệp là bao nhiêu?,913
"Với các phần đã trích dẫn, mức độ lặp lại từ trong khóa luận tốt nghiệp được quy định là bao nhiêu?",mức độ trùng lặp từ một nguồn tham khảo có trích dẫn đối với khóa luận tốt nghiệp là bao nhiêu?,913
Tỷ lệ phần trăm tối đa cho phép của văn bản trùng lặp từ nguồn có trích dẫn trong khóa luận là bao nhiêu?,mức độ trùng lặp từ một nguồn tham khảo có trích dẫn đối với khóa luận tốt nghiệp là bao nhiêu?,913
Quy định về giới hạn độ trùng lặp từ đối với các đoạn trích dẫn trong khóa luận tốt nghiệp là bao nhiêu?,mức độ trùng lặp từ một nguồn tham khảo có trích dẫn đối với khóa luận tốt nghiệp là bao nhiêu?,913
Giới hạn tỷ lệ trùng lặp cho toàn bộ luận văn thạc sĩ là bao nhiêu phần trăm?,tỷ lệ trùng lặp toàn bài tối đa đối với luận văn thạc sĩ là bao nhiêu?,914
Mức độ cho phép lặp lại trong toàn bài của luận án thạc sĩ được quy định cao nhất là bao nhiêu?,tỷ lệ trùng lặp toàn bài tối đa đối với luận văn thạc sĩ là bao nhiêu?,914
Sinh viên thạc sĩ được phép có tỷ lệ trùng lặp toàn văn tối đa bao nhiêu?,tỷ lệ trùng lặp toàn bài tối đa đối với luận văn thạc sĩ là bao nhiêu?,914
"Theo quy định, điểm giới hạn cho việc trùng lặp toàn bộ nội dung luận văn thạc sĩ là bao nhiêu?",tỷ lệ trùng lặp toàn bài tối đa đối với luận văn thạc sĩ là bao nhiêu?,914
Tỷ lệ tối đa cho phép hai văn bản giống nhau trong toàn bộ luận văn thạc sĩ là bao nhiêu?,tỷ lệ trùng lặp toàn bài tối đa đối với luận văn thạc sĩ là bao nhiêu?,914
Mức độ trùng lặp toàn bài được phép cao nhất cho luận án tiến sĩ là bao nhiêu phần trăm?,luận án tiến sĩ cho phép mức độ trùng lặp toàn bài tối đa là bao nhiêu?,915
"Theo quy định hiện hành, luận án tiến sĩ có thể có tỷ lệ tương đồng tối đa bao nhiêu?",luận án tiến sĩ cho phép mức độ trùng lặp toàn bài tối đa là bao nhiêu?,915
Chỉ số tương đồng toàn bài cho phép ở mức cao nhất đối với luận án tiến sĩ là bao nhiêu?,luận án tiến sĩ cho phép mức độ trùng lặp toàn bài tối đa là bao nhiêu?,915
Quy định cho phép luận án tiến sĩ có mức độ trùng lặp toàn bài tối đa ở con số nào?,luận án tiến sĩ cho phép mức độ trùng lặp toàn bài tối đa là bao nhiêu?,915
Tỷ lệ giống nhau trên toàn bộ bài làm được chấp nhận cho luận án tiến sĩ là bao nhiêu phần trăm?,luận án tiến sĩ cho phép mức độ trùng lặp toàn bài tối đa là bao nhiêu?,915
Tỷ lệ trùng lặp cao nhất được phép trong bài báo tạp chí khoa học giáo dục kỹ thuật là bao nhiêu?,bài báo tạp chí khoa học giáo dục kỹ thuật có tỷ lệ trùng lặp tối đa là bao nhiêu?,916
Giới hạn tỷ lệ trùng lặp tối đa cho bài báo trên tạp chí giáo dục kỹ thuật là bao nhiêu phần trăm?,bài báo tạp chí khoa học giáo dục kỹ thuật có tỷ lệ trùng lặp tối đa là bao nhiêu?,916
"Theo quy định, bài báo gửi sang tạp chí khoa học giáo dục kỹ thuật được phép có tối đa bao nhiêu tỷ lệ trùng lặp?",bài báo tạp chí khoa học giáo dục kỹ thuật có tỷ lệ trùng lặp tối đa là bao nhiêu?,916
Mức trần về tỷ lệ nội dung trùng lặp mà tạp chí giáo dục kỹ thuật chấp nhận là bao nhiêu?,bài báo tạp chí khoa học giáo dục kỹ thuật có tỷ lệ trùng lặp tối đa là bao nhiêu?,916
Bài báo đăng trên tạp chí giáo dục kỹ thuật được cho phép trùng lặp tối đa bao nhiêu phần trăm so với các nguồn khác?,bài báo tạp chí khoa học giáo dục kỹ thuật có tỷ lệ trùng lặp tối đa là bao nhiêu?,916
Báo cáo đề tài nghiên cứu khoa học cấp trường được phép có tỷ lệ trùng lặp cao nhất là bao nhiêu phần trăm?,báo cáo đề tài nghiên cứu khoa học cấp trường có tỷ lệ trùng lặp tối đa là bao nhiêu?,917
Giới hạn tối đa về tỷ lệ nội dung trùng lặp cho báo cáo đề tài nghiên cứu khoa học cấp trường là bao nhiêu?,báo cáo đề tài nghiên cứu khoa học cấp trường có tỷ lệ trùng lặp tối đa là bao nhiêu?,917
"Theo quy định, báo cáo đề tài nghiên cứu khoa học cấp trường có thể chứa tối đa bao nhiêu tỷ lệ trùng lặp?",báo cáo đề tài nghiên cứu khoa học cấp trường có tỷ lệ trùng lặp tối đa là bao nhiêu?,917
Tỷ lệ trùng lặp được cho phép nhiều nhất trong báo cáo đề tài nghiên cứu khoa học cấp trường là bao nhiêu?,báo cáo đề tài nghiên cứu khoa học cấp trường có tỷ lệ trùng lặp tối đa là bao nhiêu?,917
Báo cáo đề tài nghiên cứu khoa học cấp trường có ngưỡng tối đa về tỷ lệ trùng lặp là bao nhiêu?,báo cáo đề tài nghiên cứu khoa học cấp trường có tỷ lệ trùng lặp tối đa là bao nhiêu?,917
Mức độ trùng lặp cho phép cao nhất đối với bài báo hội thảo khoa học do nhà trường tổ chức là bao nhiêu?,bài báo hội thảo khoa học do nhà trường tổ chức có mức trùng lặp tối đa là bao nhiêu?,918
Trường quy định mức tối đa về tỷ lệ trùng lặp cho bài báo tham gia hội thảo khoa học là bao nhiêu phần trăm?,bài báo hội thảo khoa học do nhà trường tổ chức có mức trùng lặp tối đa là bao nhiêu?,918
Bài báo hội thảo khoa học do nhà trường tổ chức được chấp nhận với mức độ trùng lặp tối đa là bao nhiêu?,bài báo hội thảo khoa học do nhà trường tổ chức có mức trùng lặp tối đa là bao nhiêu?,918
Giới hạn về mức độ trùng lặp tối đa cho bài báo hội thảo khoa học do nhà trường tổ chức là bao nhiêu?,bài báo hội thảo khoa học do nhà trường tổ chức có mức trùng lặp tối đa là bao nhiêu?,918
Nhà trường quy định mức trùng lặp cao nhất cho bài báo hội thảo khoa học là bao nhiêu phần trăm?,bài báo hội thảo khoa học do nhà trường tổ chức có mức trùng lặp tối đa là bao nhiêu?,918
Danh mục tài liệu tham khảo có được tính vào tỷ lệ trùng lặp không?,danh mục tài liệu tham khảo có bị tính vào tỷ lệ trùng lặp không?,919
Làm sao để biết liệu danh mục tài liệu tham khảo có bị tính vào chỉ số trùng lặp hay không?,danh mục tài liệu tham khảo có bị tính vào tỷ lệ trùng lặp không?,919
Tỷ lệ trùng lặp có bao gồm cả phần danh mục tài liệu tham khảo không?,danh mục tài liệu tham khảo có bị tính vào tỷ lệ trùng lặp không?,919
"Khi tính tỷ lệ trùng lặp, chúng ta có cần trừ đi danh mục tài liệu tham khảo không?",danh mục tài liệu tham khảo có bị tính vào tỷ lệ trùng lặp không?,919
Danh mục tài liệu tham khảo có được xem là một phần của tỷ lệ trùng lặp không?,danh mục tài liệu tham khảo có bị tính vào tỷ lệ trùng lặp không?,919
Những đoạn văn bản ngắn nào sẽ bị loại bỏ khi rà soát trùng lặp?,những đoạn nội dung ngắn như thế nào thì được loại trừ khi kiểm tra trùng lặp?,920
Tiêu chí loại trừ đối với các đoạn nội dung ngắn trong kiểm tra trùng là gì?,những đoạn nội dung ngắn như thế nào thì được loại trừ khi kiểm tra trùng lặp?,920
"Khi kiểm tra trùng lặp, những đoạn ngắn như thế nào sẽ không được tính?",những đoạn nội dung ngắn như thế nào thì được loại trừ khi kiểm tra trùng lặp?,920
Làm sao để xác định một đoạn nội dung ngắn bị loại khỏi kết quả trùng lặp?,những đoạn nội dung ngắn như thế nào thì được loại trừ khi kiểm tra trùng lặp?,920
Giới hạn độ dài nào khiến các đoạn văn bản bị loại trừ trong quy trình kiểm tra trùng?,những đoạn nội dung ngắn như thế nào thì được loại trừ khi kiểm tra trùng lặp?,920
Khi nào thì một bài báo khoa học sẽ được miễn trừ khỏi quy định về hạn mức trùng lặp?,trường hợp nào bài báo khoa học được loại trừ khỏi quy định trùng lặp?,921
Những trường hợp nào khiến bài báo khoa học không bị tính vào giới hạn về tỷ lệ trùng lặp?,trường hợp nào bài báo khoa học được loại trừ khỏi quy định trùng lặp?,921
Quy định về trùng lặp có áp dụng cho bài báo khoa học trong những tình huống nào?,trường hợp nào bài báo khoa học được loại trừ khỏi quy định trùng lặp?,921
Bài báo khoa học nào được phép không tuân thủ quy định về mức độ trùng lặp cho phép?,trường hợp nào bài báo khoa học được loại trừ khỏi quy định trùng lặp?,921
"Trong những hoàn cảnh nào, bài báo khoa học sẽ được xem xét loại khỏi danh sách các trường hợp vi phạm trùng lặp?",trường hợp nào bài báo khoa học được loại trừ khỏi quy định trùng lặp?,921
Hậu quả chung đối với các sản phẩm học thuật vi phạm đạo đức nghiên cứu là gì?,hậu quả chung đối với sản phẩm học thuật vi phạm đạo đức nghiên cứu là gì?,922
Sản phẩm học thuật nào bị coi là vi phạm đạo đức nghiên cứu và hậu quả của chúng ra sao?,hậu quả chung đối với sản phẩm học thuật vi phạm đạo đức nghiên cứu là gì?,922
Khi nào một sản phẩm học thuật bị xem là vi phạm đạo đức nghiên cứu và hậu quả chung là gì?,hậu quả chung đối với sản phẩm học thuật vi phạm đạo đức nghiên cứu là gì?,922
Hậu quả chung của việc sản phẩm học thuật vi phạm đạo đức nghiên cứu được định nghĩa như thế nào?,hậu quả chung đối với sản phẩm học thuật vi phạm đạo đức nghiên cứu là gì?,922
Một sản phẩm học thuật vi phạm đạo đức nghiên cứu sẽ dẫn đến những hậu quả chung gì?,hậu quả chung đối với sản phẩm học thuật vi phạm đạo đức nghiên cứu là gì?,922
"Khi tác giả vi phạm đạo đức nghiên cứu, họ cần phải thực hiện những nghĩa vụ gì?",tác giả vi phạm đạo đức nghiên cứu phải thực hiện những nghĩa vụ gì?,923
Những nghĩa vụ nào của tác giả sẽ bị đặt ra khi họ có hành vi vi phạm đạo đức trong nghiên cứu?,tác giả vi phạm đạo đức nghiên cứu phải thực hiện những nghĩa vụ gì?,923
"Nếu một tác giả vi phạm chuẩn mực đạo đức nghiên cứu, họ phải làm những gì để đáp ứng nghĩa vụ?",tác giả vi phạm đạo đức nghiên cứu phải thực hiện những nghĩa vụ gì?,923
Hành vi vi phạm đạo đức nghiên cứu của tác giả đòi hỏi họ phải gánh chịu những nghĩa vụ cụ thể nào?,tác giả vi phạm đạo đức nghiên cứu phải thực hiện những nghĩa vụ gì?,923
Tác giả nào đó đã vi phạm đạo đức nghiên cứu thì họ cần thực hiện những nghĩa vụ gì tiếp theo?,tác giả vi phạm đạo đức nghiên cứu phải thực hiện những nghĩa vụ gì?,923
Trường học dựa trên những căn cứ nào để xem xét kỷ luật lao động đối với tác giả có vi phạm?,nhà trường căn cứ vào đâu để xem xét kỷ luật lao động đối với tác giả vi phạm?,924
"Khi tác giả vi phạm, nhà trường căn cứ vào đâu mà xem xét việc áp dụng kỷ luật lao động?",nhà trường căn cứ vào đâu để xem xét kỷ luật lao động đối với tác giả vi phạm?,924
Những cơ sở pháp lý nào giúp nhà trường quyết định xem xét kỷ luật lao động đối với tác giả vi phạm?,nhà trường căn cứ vào đâu để xem xét kỷ luật lao động đối với tác giả vi phạm?,924
"Để xem xét kỷ luật lao động cho tác giả vi phạm, nhà trường dựa vào những điều gì?",nhà trường căn cứ vào đâu để xem xét kỷ luật lao động đối với tác giả vi phạm?,924
Căn cứ vào những yếu tố nào nhà trường có thể xem xét kỷ luật lao động đối với tác giả đã vi phạm?,nhà trường căn cứ vào đâu để xem xét kỷ luật lao động đối với tác giả vi phạm?,924
Khi nào hồ sơ vi phạm đạo đức nghiên cứu sẽ được chuyển cho cơ quan chức năng để xử lý theo quy định của pháp luật?,khi nào hồ sơ vi phạm đạo đức nghiên cứu bị gửi đến cơ quan chức năng xử lý theo pháp luật?,925
Thời điểm nào hồ sơ liên quan đến vi phạm đạo đức nghiên cứu bị đưa ra trước cơ quan chức năng để xử lý pháp lý?,khi nào hồ sơ vi phạm đạo đức nghiên cứu bị gửi đến cơ quan chức năng xử lý theo pháp luật?,925
Cơ quan chức năng sẽ tiếp nhận hồ sơ xử lý vi phạm đạo đức nghiên cứu vào lúc nào theo đúng luật định?,khi nào hồ sơ vi phạm đạo đức nghiên cứu bị gửi đến cơ quan chức năng xử lý theo pháp luật?,925
Hồ sơ về hành vi vi phạm đạo đức trong nghiên cứu sẽ bị chuyển giao cho cơ quan nhà nước xử lý khi nào?,khi nào hồ sơ vi phạm đạo đức nghiên cứu bị gửi đến cơ quan chức năng xử lý theo pháp luật?,925
Việc chuyển hồ sơ vi phạm đạo đức nghiên cứu đến cơ quan chức năng để xử lý theo pháp luật diễn ra lúc nào?,khi nào hồ sơ vi phạm đạo đức nghiên cứu bị gửi đến cơ quan chức năng xử lý theo pháp luật?,925
"Khi phát hiện trường hợp đạo văn lần đầu tiên trước thời điểm bảo vệ, sinh viên cần thực hiện biện pháp xử lý như thế nào?","nếu phát hiện đạo văn lần thứ nhất trước khi bảo vệ, người học phải làm gì?",926
"Nếu bị xác định vi phạm đạo văn ngay lần đầu tiên trước khi bảo vệ luận văn, người học phải làm gì?","nếu phát hiện đạo văn lần thứ nhất trước khi bảo vệ, người học phải làm gì?",926
"Trước khi bảo vệ, nếu phát hiện sinh viên có hành vi đạo văn lần thứ nhất, quy trình xử lý đối với người học là gì?","nếu phát hiện đạo văn lần thứ nhất trước khi bảo vệ, người học phải làm gì?",926
"Trong trường hợp bị phát hiện đạo văn lần đầu tiên trước ngày bảo vệ, người học cần phải đối mặt với những yêu cầu gì?","nếu phát hiện đạo văn lần thứ nhất trước khi bảo vệ, người học phải làm gì?",926
Khi nào thì một trường hợp đạo văn được coi là lần thứ nhất và người học cần làm gì nếu điều này xảy ra trước khi bảo vệ?,"nếu phát hiện đạo văn lần thứ nhất trước khi bảo vệ, người học phải làm gì?",926
Khi nào thì người học sẽ bị đình chỉ bảo vệ trong đợt này?,người học sẽ bị đình chỉ bảo vệ trong đợt đó khi nào?,927
Đợt bảo vệ nào mà người học sẽ bị đình chỉ?,người học sẽ bị đình chỉ bảo vệ trong đợt đó khi nào?,927
Trường hợp nào thì người học bị đình chỉ bảo vệ trong đợt đó?,người học sẽ bị đình chỉ bảo vệ trong đợt đó khi nào?,927
Thời điểm cụ thể người học bị đình chỉ bảo vệ là khi nào?,người học sẽ bị đình chỉ bảo vệ trong đợt đó khi nào?,927
Người học sẽ bị đình chỉ bảo vệ vào đợt nào?,người học sẽ bị đình chỉ bảo vệ trong đợt đó khi nào?,927
Vậy nếu sản phẩm vẫn bị phát hiện đạo văn trong lần báo cáo hay bảo vệ kế tiếp thì sẽ xảy ra điều gì?,điều gì xảy ra nếu sản phẩm vẫn vi phạm đạo văn trong đợt báo cáo/bảo vệ kế tiếp?,928
Trường hợp sản phẩm tiếp tục vi phạm vấn đề đạo văn ở các đợt báo cáo/bảo vệ sau này thì hệ quả là gì?,điều gì xảy ra nếu sản phẩm vẫn vi phạm đạo văn trong đợt báo cáo/bảo vệ kế tiếp?,928
Khi nào và như thế nào nếu sản phẩm của em vẫn bị coi là đạo văn trong kỳ báo cáo hay bảo vệ tiếp theo?,điều gì xảy ra nếu sản phẩm vẫn vi phạm đạo văn trong đợt báo cáo/bảo vệ kế tiếp?,928
"Em xin hỏi rằng, nếu lần sau vẫn phát hiện sản phẩm vi phạm đạo văn thì sẽ bị xử lý ra sao?",điều gì xảy ra nếu sản phẩm vẫn vi phạm đạo văn trong đợt báo cáo/bảo vệ kế tiếp?,928
Hậu quả sẽ ra sao nếu sản phẩm vẫn không sửa được lỗi đạo văn và tiếp tục bị báo cáo ở đợt bảo vệ kế tiếp?,điều gì xảy ra nếu sản phẩm vẫn vi phạm đạo văn trong đợt báo cáo/bảo vệ kế tiếp?,928
"Nếu hội đồng phát hiện hành vi đạo văn trong buổi bảo vệ, thì biện pháp xử lý sẽ như thế nào?","nếu hội đồng phát hiện đạo văn trong lúc đang bảo vệ, hướng xử lý là gì?",929
Khi nào hội đồng xử lý trường hợp sinh viên bị phát hiện đạo văn ngay lúc bảo vệ?,"nếu hội đồng phát hiện đạo văn trong lúc đang bảo vệ, hướng xử lý là gì?",929
Biện pháp xử lý dành cho sinh viên bị hội đồng chỉ ra là đạo văn trong lúc bảo vệ là gì?,"nếu hội đồng phát hiện đạo văn trong lúc đang bảo vệ, hướng xử lý là gì?",929
Hội đồng sẽ xử lý ra sao nếu sinh viên phạm lỗi đạo văn ngay giữa buổi bảo vệ?,"nếu hội đồng phát hiện đạo văn trong lúc đang bảo vệ, hướng xử lý là gì?",929
"Trường hợp phát hiện đạo văn khi bảo vệ, quy định xử lý của hội đồng là gì?","nếu hội đồng phát hiện đạo văn trong lúc đang bảo vệ, hướng xử lý là gì?",929
Hậu quả sẽ ra sao nếu bảo vệ lần thứ hai vẫn bị kết luận đạo văn?,hậu quả nếu bảo vệ lần thứ hai vẫn vi phạm đạo văn là gì?,930
Nếu lần bảo vệ luận văn tiếp theo vẫn phạm phải lỗi đạo văn thì sẽ bị xử lý như thế nào?,hậu quả nếu bảo vệ lần thứ hai vẫn vi phạm đạo văn là gì?,930
Việc bảo vệ lần hai vẫn đạo văn dẫn đến những hệ lụy gì cho sinh viên?,hậu quả nếu bảo vệ lần thứ hai vẫn vi phạm đạo văn là gì?,930
Sinh viên có thể gặp phải tình huống gì nếu bảo vệ lần thứ hai vẫn vi phạm quy định về đạo văn?,hậu quả nếu bảo vệ lần thứ hai vẫn vi phạm đạo văn là gì?,930
Kết quả xử lý dành cho những ai bảo vệ lần hai vẫn bị phát hiện đạo văn là gì?,hậu quả nếu bảo vệ lần thứ hai vẫn vi phạm đạo văn là gì?,930
Giảng viên hướng dẫn cần làm gì khi sinh viên phạm lỗi đạo văn ở mức độ nghiêm trọng?,trách nhiệm của giảng viên hướng dẫn khi người học vi phạm đạo văn nghiêm trọng là gì?,931
"Khi người học vi phạm đạo văn nặng, trách nhiệm của giảng viên phụ trách là như thế nào?",trách nhiệm của giảng viên hướng dẫn khi người học vi phạm đạo văn nghiêm trọng là gì?,931
Giảng viên hướng dẫn phải xử lý thế nào nếu người học bị phát hiện đạo văn nghiêm trọng?,trách nhiệm của giảng viên hướng dẫn khi người học vi phạm đạo văn nghiêm trọng là gì?,931
Nếu sinh viên vi phạm đạo văn nặng thì giảng viên hướng dẫn có nghĩa vụ gì?,trách nhiệm của giảng viên hướng dẫn khi người học vi phạm đạo văn nghiêm trọng là gì?,931
Làm thế nào để xác định trách nhiệm của giảng viên hướng dẫn trong trường hợp người học đạo văn nghiêm trọng?,trách nhiệm của giảng viên hướng dẫn khi người học vi phạm đạo văn nghiêm trọng là gì?,931
Làm gì khi bắt gặp đạo văn trong bản lưu chiểu chưa được công bố?,xử lý như thế nào nếu phát hiện đạo văn trong bản lưu chiểu chưa công bố?,932
"Nếu phát hiện nội dung đạo văn trong bản lưu chiểu chưa công bố, cần xử lý ra sao?",xử lý như thế nào nếu phát hiện đạo văn trong bản lưu chiểu chưa công bố?,932
"Khi thấy trường hợp đạo văn trong bản lưu chiểu chưa công bố, mình phải làm thế nào?",xử lý như thế nào nếu phát hiện đạo văn trong bản lưu chiểu chưa công bố?,932
"Đối với bản lưu chiểu chưa công bố có dấu hiệu đạo văn, quy trình xử lý như thế nào?",xử lý như thế nào nếu phát hiện đạo văn trong bản lưu chiểu chưa công bố?,932
Trường hợp phát hiện đạo văn trong bản lưu chiểu chưa công bố thì giải quyết thế nào?,xử lý như thế nào nếu phát hiện đạo văn trong bản lưu chiểu chưa công bố?,932
"Khi sản phẩm đã công bố bị phát hiện và kiện về đạo văn, người tác giả cần thực hiện những gì?",tác giả phải làm gì nếu sản phẩm đã công bố bị phát hiện và thưa kiện về đạo văn?,933
"Nếu một sản phẩm đã được công bố bị phát hiện là đạo văn và dẫn đến vụ kiện, trách nhiệm của tác giả là gì?",tác giả phải làm gì nếu sản phẩm đã công bố bị phát hiện và thưa kiện về đạo văn?,933
"Trong trường hợp sản phẩm đã xuất bản bị phát hiện và thưa kiện vì đạo văn, tác giả phải xử lý thế nào?",tác giả phải làm gì nếu sản phẩm đã công bố bị phát hiện và thưa kiện về đạo văn?,933
"Khi sản phẩm đã công bố bị phát hiện và bị kiện vì đạo văn, người viết cần làm gì?",tác giả phải làm gì nếu sản phẩm đã công bố bị phát hiện và thưa kiện về đạo văn?,933
Tác giả cần hành động ra sao nếu sản phẩm của mình đã công bố bị phát hiện và kiện về vấn đề đạo văn?,tác giả phải làm gì nếu sản phẩm đã công bố bị phát hiện và thưa kiện về đạo văn?,933
"Bên cạnh trách nhiệm pháp lý, trường sẽ xử lý tác giả những gì nếu sản phẩm công bố bị phát hiện đạo văn?","ngoài trách nhiệm pháp lý, tác giả có sản phẩm đã công bố vi phạm đạo văn còn bị xử lý gì bởi trường?",934
"Ngoài việc phải chịu trách nhiệm pháp lý, một tác giả bị buộc đạo văn trong công bố sẽ bị nhà trường xử lý thế nào?","ngoài trách nhiệm pháp lý, tác giả có sản phẩm đã công bố vi phạm đạo văn còn bị xử lý gì bởi trường?",934
"Nếu sản phẩm công bố của tác giả vi phạm đạo văn, ngoài trách nhiệm pháp lý thì còn bị trường xử lý ra sao?","ngoài trách nhiệm pháp lý, tác giả có sản phẩm đã công bố vi phạm đạo văn còn bị xử lý gì bởi trường?",934
Tác giả bị phát hiện đạo văn trong công bố đã công bố sẽ bị trường xử lý thêm gì ngoài trách nhiệm pháp lý?,"ngoài trách nhiệm pháp lý, tác giả có sản phẩm đã công bố vi phạm đạo văn còn bị xử lý gì bởi trường?",934
"Trường sẽ đưa ra những hình thức xử lý nào cho tác giả bị đạo văn, bên cạnh việc phải gánh chịu trách nhiệm pháp lý?","ngoài trách nhiệm pháp lý, tác giả có sản phẩm đã công bố vi phạm đạo văn còn bị xử lý gì bởi trường?",934
Thời gian quy định để tác giả được phép khiếu nại về kết quả xử lý đạo văn là bao lâu?,thời hạn để tác giả khiếu nại kết quả xử lý đạo văn là bao lâu?,935
Tác giả có bao nhiêu thời hạn để nộp đơn khiếu nại kết quả xử lý vấn đề đạo văn?,thời hạn để tác giả khiếu nại kết quả xử lý đạo văn là bao lâu?,935
Trong khoảng thời gian bao lâu thì tác giả có quyền khởi kiện đối với kết luận xử lý đạo văn?,thời hạn để tác giả khiếu nại kết quả xử lý đạo văn là bao lâu?,935
Hạn mức thời gian cho phép tác giả phản đối hoặc khiếu nại kết quả xử lý đạo văn là bao nhiêu?,thời hạn để tác giả khiếu nại kết quả xử lý đạo văn là bao lâu?,935
Từ khi nào đến khi nào tác giả còn thể hiện quyền khiếu nại đối với kết quả xử lý đạo văn?,thời hạn để tác giả khiếu nại kết quả xử lý đạo văn là bao lâu?,935
Cơ quan nào có thẩm quyền giải quyết khiếu nại liên quan đến hình thức xử lý đạo văn?,cơ quan nào có thẩm quyền giải quyết khiếu nại về hình thức xử lý đạo văn?,936
Ai là cơ quan có quyền xem xét và giải quyết đơn khiếu nại về hình thức xử lý đạo văn?,cơ quan nào có thẩm quyền giải quyết khiếu nại về hình thức xử lý đạo văn?,936
"Để khiếu nại về hình thức xử lý đạo văn, người dân cần gửi đơn đến cơ quan nào?",cơ quan nào có thẩm quyền giải quyết khiếu nại về hình thức xử lý đạo văn?,936
Cơ quan nào được phép tiếp nhận và giải quyết các vụ việc khiếu nại về hình thức xử lý đạo văn?,cơ quan nào có thẩm quyền giải quyết khiếu nại về hình thức xử lý đạo văn?,936
"Khi bị xử lý về đạo văn, cơ quan nào có thẩm quyền giải quyết khiếu nại của người bị xử lý?",cơ quan nào có thẩm quyền giải quyết khiếu nại về hình thức xử lý đạo văn?,936
Quyết định giải quyết khiếu nại của hội đồng có hiệu lực pháp lý ra sao?,quyết định giải quyết khiếu nại của hội đồng có giá trị như thế nào?,937
Giá trị pháp lý của quyết định giải quyết khiếu nại do hội đồng ban hành là gì?,quyết định giải quyết khiếu nại của hội đồng có giá trị như thế nào?,937
Quyết định của hội đồng về việc giải quyết khiếu nại có tác dụng pháp lý như thế nào?,quyết định giải quyết khiếu nại của hội đồng có giá trị như thế nào?,937
Hiệu lực của quyết định giải quyết khiếu nại do hội đồng đưa ra được xác định thế nào?,quyết định giải quyết khiếu nại của hội đồng có giá trị như thế nào?,937
Quyết định giải quyết khiếu nại của hội đồng mang lại giá trị pháp lý gì?,quyết định giải quyết khiếu nại của hội đồng có giá trị như thế nào?,937
Số điện thoại và địa chỉ liên hệ của phòng đào tạo là gì?,thông tin liên hệ của phòng đào tạo là gì?,938
Làm thế nào để liên lạc với phòng đào tạo?,thông tin liên hệ của phòng đào tạo là gì?,938
Tôi cần biết thông tin liên hệ của phòng đào tạo.,thông tin liên hệ của phòng đào tạo là gì?,938
Phòng đào tạo có số hotline hoặc địa chỉ nào để liên hệ không?,thông tin liên hệ của phòng đào tạo là gì?,938
Ai có thể cung cấp cho tôi số điện thoại của phòng đào tạo?,thông tin liên hệ của phòng đào tạo là gì?,938
Đơn vị nào có trách nhiệm xây dựng và quản lý chương trình đào tạo?,đơn vị nào phụ trách xây dựng và quản lý chương trình đào tạo?,939
Bộ phận nào chịu trách nhiệm lập kế hoạch và điều hành chương trình đào tạo?,đơn vị nào phụ trách xây dựng và quản lý chương trình đào tạo?,939
Ai là đơn vị phụ trách việc xây dựng cũng như quản lý chương trình đào tạo?,đơn vị nào phụ trách xây dựng và quản lý chương trình đào tạo?,939
Cơ quan nào đảm nhiệm công tác xây dựng và quản lý chương trình đào tạo?,đơn vị nào phụ trách xây dựng và quản lý chương trình đào tạo?,939
Đơn vị nào sẽ lo việc xây dựng và quản lý cho chương trình đào tạo này?,đơn vị nào phụ trách xây dựng và quản lý chương trình đào tạo?,939
Đơn vị nào chịu trách nhiệm xây dựng kế hoạch cho học kỳ và năm học?,đơn vị nào lập kế hoạch học kỳ và năm học?,940
Ai là người lập kế hoạch giảng dạy cho từng học kỳ cũng như cả năm?,đơn vị nào lập kế hoạch học kỳ và năm học?,940
Cơ quan nào soạn thảo kế hoạch học kỳ và năm học cho trường?,đơn vị nào lập kế hoạch học kỳ và năm học?,940
Bộ phận nào đưa ra phương án tổ chức dạy và học trong học kỳ và năm học?,đơn vị nào lập kế hoạch học kỳ và năm học?,940
Nơi nào ban hành kế hoạch triển khai công tác cho học kỳ và năm học?,đơn vị nào lập kế hoạch học kỳ và năm học?,940
Tôi nên liên hệ bộ phận nào để đăng ký môn học và kiểm tra thời khóa biểu?,tôi cần liên hệ đâu để đăng ký môn học và xem thời khóa biểu?,941
Làm thế nào để tôi đăng ký các môn học và xem lịch học của mình?,tôi cần liên hệ đâu để đăng ký môn học và xem thời khóa biểu?,941
Anh/chị cho tôi biết địa chỉ liên hệ để làm thủ tục đăng ký môn và xem thời khóa biểu nhé.,tôi cần liên hệ đâu để đăng ký môn học và xem thời khóa biểu?,941
Tôi cần liên hệ với ai để thực hiện việc đăng ký môn học và tìm hiểu thời khóa biểu?,tôi cần liên hệ đâu để đăng ký môn học và xem thời khóa biểu?,941
Ai là người chịu trách nhiệm giúp tôi đăng ký môn học và xem lịch trình học?,tôi cần liên hệ đâu để đăng ký môn học và xem thời khóa biểu?,941
Đơn vị nào phụ trách quản lý điểm số và hồ sơ học vụ của sinh viên?,đơn vị nào quản lý điểm số và hồ sơ học vụ của sinh viên?,942
Ai là bộ phận chịu trách nhiệm quản lý điểm cũng như hồ sơ học tập của sinh viên?,đơn vị nào quản lý điểm số và hồ sơ học vụ của sinh viên?,942
Sinh viên cần liên hệ với đơn vị nào để quản lý điểm và hồ sơ học vụ?,đơn vị nào quản lý điểm số và hồ sơ học vụ của sinh viên?,942
Tổ chức nào trong trường nắm vai trò quản lý điểm số và hồ sơ học vụ cho sinh viên?,đơn vị nào quản lý điểm số và hồ sơ học vụ của sinh viên?,942
Bạn cho biết đơn vị nào quản lý điểm và hồ sơ học vụ của sinh viên được không?,đơn vị nào quản lý điểm số và hồ sơ học vụ của sinh viên?,942
Tôi cần liên hệ phòng nào để nộp đơn xin đính chính hoặc chuyển điểm?,tôi muốn nộp đơn đính chính điểm hoặc chuyển điểm thì liên hệ đâu?,943
Ai là người chịu trách nhiệm nhận hồ sơ khi tôi muốn khiếu nại về điểm số?,tôi muốn nộp đơn đính chính điểm hoặc chuyển điểm thì liên hệ đâu?,943
Bộ phận nào hỗ trợ sinh viên trong việc đăng ký lại điểm hoặc yêu cầu chuyển đổi điểm?,tôi muốn nộp đơn đính chính điểm hoặc chuyển điểm thì liên hệ đâu?,943
Làm thế nào để tôi có thể trình bày nguyện vọng đính chính hoặc chuyển đổi điểm của mình?,tôi muốn nộp đơn đính chính điểm hoặc chuyển điểm thì liên hệ đâu?,943
Số điện thoại hay địa chỉ của bộ phận xử lý các yêu cầu về điểm số là đâu?,tôi muốn nộp đơn đính chính điểm hoặc chuyển điểm thì liên hệ đâu?,943
Đơn vị nào phụ trách việc chuyển đổi điểm ngoại ngữ?,quy trình chuyển điểm ngoại ngữ do đơn vị nào thực hiện?,944
Ai là bên thực hiện quy trình chuyển điểm ngoại ngữ?,quy trình chuyển điểm ngoại ngữ do đơn vị nào thực hiện?,944
Cơ quan nào chịu trách nhiệm cho việc chuyển đổi điểm ngoại ngữ?,quy trình chuyển điểm ngoại ngữ do đơn vị nào thực hiện?,944
Quy trình chuyển điểm ngoại ngữ được đơn vị nào triển khai?,quy trình chuyển điểm ngoại ngữ do đơn vị nào thực hiện?,944
Đơn vị nào có thẩm quyền thực hiện việc chuyển đổi điểm ngoại ngữ?,quy trình chuyển điểm ngoại ngữ do đơn vị nào thực hiện?,944
Cơ quan nào phụ trách công tác xét cảnh báo học vụ và xét tốt nghiệp?,đơn vị nào thực hiện xét cảnh báo học vụ và xét tốt nghiệp?,945
Đơn vị nào có thẩm quyền tiến hành xét cảnh báo học vụ cũng như xét tốt nghiệp?,đơn vị nào thực hiện xét cảnh báo học vụ và xét tốt nghiệp?,945
Ai là người thực hiện việc xét cảnh báo học vụ và xét tốt nghiệp cho sinh viên?,đơn vị nào thực hiện xét cảnh báo học vụ và xét tốt nghiệp?,945
"Trong hệ thống nhà trường, bộ phận nào đảm nhận nhiệm vụ xét cảnh báo và xét tốt nghiệp?",đơn vị nào thực hiện xét cảnh báo học vụ và xét tốt nghiệp?,945
Ban giám hiệu hay phòng nào chịu trách nhiệm xét cảnh báo học vụ và xét tốt nghiệp?,đơn vị nào thực hiện xét cảnh báo học vụ và xét tốt nghiệp?,945
Tôi xin được cấp bảng điểm và giấy chứng nhận tốt nghiệp tại bộ phận nào?,tôi có thể xin cấp bảng điểm và giấy chứng nhận tốt nghiệp ở đâu?,946
Cơ quan nào chịu trách nhiệm cấp bảng điểm và giấy chứng nhận tốt nghiệp cho tôi?,tôi có thể xin cấp bảng điểm và giấy chứng nhận tốt nghiệp ở đâu?,946
Làm thế nào để tôi có thể nhận được bảng điểm và giấy chứng nhận tốt nghiệp?,tôi có thể xin cấp bảng điểm và giấy chứng nhận tốt nghiệp ở đâu?,946
Địa chỉ liên hệ để xin bảng điểm và giấy chứng nhận tốt nghiệp là đâu?,tôi có thể xin cấp bảng điểm và giấy chứng nhận tốt nghiệp ở đâu?,946
Tôi cần đến phòng nào để làm thủ tục xin bảng điểm và giấy chứng nhận tốt nghiệp?,tôi có thể xin cấp bảng điểm và giấy chứng nhận tốt nghiệp ở đâu?,946
Đơn vị nào chịu trách nhiệm quản lý và in bằng tốt nghiệp?,đơn vị nào quản lý và in bằng tốt nghiệp?,947
Ai là cơ quan quản lý việc cấp và in bằng tốt nghiệp?,đơn vị nào quản lý và in bằng tốt nghiệp?,947
Tôi cần liên hệ đơn vị nào để biết thông tin về việc in và quản lý bằng tốt nghiệp?,đơn vị nào quản lý và in bằng tốt nghiệp?,947
Cơ quan nào có thẩm quyền quản lý đồng thời in ấn bằng tốt nghiệp?,đơn vị nào quản lý và in bằng tốt nghiệp?,947
Làm sao để tìm ra đơn vị quản lý và in bằng tốt nghiệp?,đơn vị nào quản lý và in bằng tốt nghiệp?,947
Cơ quan nào chịu trách nhiệm tổ chức kỳ thi kiểm tra trình độ ngoại ngữ đầu vào và đầu ra?,kỳ thi kiểm tra trình độ ngoại ngữ đầu vào và đầu ra do ai tổ chức?,948
Ai là đơn vị tổ chức kỳ thi kiểm tra đầu vào và đầu ra về trình độ ngoại ngữ?,kỳ thi kiểm tra trình độ ngoại ngữ đầu vào và đầu ra do ai tổ chức?,948
Bạn cho tôi biết ai đứng ra tổ chức kỳ thi ngoại ngữ đầu vào và đầu ra nhé?,kỳ thi kiểm tra trình độ ngoại ngữ đầu vào và đầu ra do ai tổ chức?,948
Đơn vị tổ chức kỳ thi kiểm tra trình độ ngoại ngữ đầu vào lẫn đầu ra là ai vậy?,kỳ thi kiểm tra trình độ ngoại ngữ đầu vào và đầu ra do ai tổ chức?,948
Cơ quan nào đã tổ chức kỳ thi kiểm tra năng lực ngoại ngữ đầu vào và đầu ra?,kỳ thi kiểm tra trình độ ngoại ngữ đầu vào và đầu ra do ai tổ chức?,948
"Tôi gặp khó khăn khi đăng ký môn học trên trang web, vậy cần liên hệ ai?",tôi gặp khó khăn khi sử dụng trang đăng ký môn học online thì liên hệ đâu?,949
Khi không thể sử dụng được hệ thống đăng ký khóa học online thì liên hệ bộ phận nào?,tôi gặp khó khăn khi sử dụng trang đăng ký môn học online thì liên hệ đâu?,949
Làm thế nào để liên hệ được nếu tôi gặp sự cố khi đăng ký môn học trên trang?,tôi gặp khó khăn khi sử dụng trang đăng ký môn học online thì liên hệ đâu?,949
Ai là người phụ trách hỗ trợ khi sinh viên gặp lỗi khi đăng ký học phần online?,tôi gặp khó khăn khi sử dụng trang đăng ký môn học online thì liên hệ đâu?,949
Tôi cần liên hệ số điện thoại hay email nào để được giúp đỡ khi đăng ký môn học bị lỗi?,tôi gặp khó khăn khi sử dụng trang đăng ký môn học online thì liên hệ đâu?,949
Số điện thoại và địa chỉ của phòng tuyển sinh cùng công tác sinh viên là gì?,thông tin liên hệ của phòng tuyển sinh và công tác sinh viên là gì?,950
Làm thế nào để liên hệ với phòng tuyển sinh và công tác sinh viên?,thông tin liên hệ của phòng tuyển sinh và công tác sinh viên là gì?,950
Phòng tuyển sinh và công tác sinh viên có số điện thoại nào để gọi không?,thông tin liên hệ của phòng tuyển sinh và công tác sinh viên là gì?,950
Bạn có thể cho mình biết thông tin liên lạc của bộ phận tuyển sinh và công tác sinh viên được không?,thông tin liên hệ của phòng tuyển sinh và công tác sinh viên là gì?,950
"Địa chỉ và số máy của phòng tuyển sinh, công tác sinh viên là bao nhiêu?",thông tin liên hệ của phòng tuyển sinh và công tác sinh viên là gì?,950
Đơn vị nào chịu trách nhiệm cấp thẻ và mã số sinh viên?,đơn vị nào phụ trách làm thẻ sinh viên và cấp mã số sinh viên?,951
Ai là nơi làm thẻ sinh viên và phát hành mã số cho sinh viên?,đơn vị nào phụ trách làm thẻ sinh viên và cấp mã số sinh viên?,951
Cơ quan nào phụ trách việc in thẻ sinh viên và cấp mã số?,đơn vị nào phụ trách làm thẻ sinh viên và cấp mã số sinh viên?,951
Tôi cần đến đâu để làm thẻ và nhận mã số sinh viên?,đơn vị nào phụ trách làm thẻ sinh viên và cấp mã số sinh viên?,951
Bộ phận nào của trường làm thẻ và cấp mã số cho sinh viên?,đơn vị nào phụ trách làm thẻ sinh viên và cấp mã số sinh viên?,951
Tôi cần liên hệ phòng nào để xin tạm dừng hoặc thôi học?,tôi muốn làm thủ tục tạm dừng học hoặc thôi học thì liên hệ đâu?,952
Thủ tục xin tạm dừng hoặc thôi học thì làm thế nào?,tôi muốn làm thủ tục tạm dừng học hoặc thôi học thì liên hệ đâu?,952
Ai là người phụ trách việc tiếp nhận hồ sơ thôi học hay tạm nghỉ?,tôi muốn làm thủ tục tạm dừng học hoặc thôi học thì liên hệ đâu?,952
"Tôi muốn thôi học hoặc tạm dừng khóa học, xin hỏi xin làm ở đâu?",tôi muốn làm thủ tục tạm dừng học hoặc thôi học thì liên hệ đâu?,952
"Để xin tạm dừng hoặc thôi học, tôi cần đến bộ phận nào?",tôi muốn làm thủ tục tạm dừng học hoặc thôi học thì liên hệ đâu?,952
Cơ quan nào có thẩm quyền cấp giấy xác nhận vay vốn tín dụng cho sinh viên?,đơn vị nào cấp giấy xác nhận vay vốn tín dụng cho sinh viên?,953
Ai là đơn vị phụ trách việc cấp giấy xác nhận vay vốn tín dụng dành cho sinh viên?,đơn vị nào cấp giấy xác nhận vay vốn tín dụng cho sinh viên?,953
Sinh viên cần liên hệ đơn vị nào để được cấp giấy xác nhận vay vốn tín dụng?,đơn vị nào cấp giấy xác nhận vay vốn tín dụng cho sinh viên?,953
Tổ chức nào cấp giấy xác nhận cho sinh viên trong trường hợp vay vốn tín dụng?,đơn vị nào cấp giấy xác nhận vay vốn tín dụng cho sinh viên?,953
Đơn vị cấp giấy xác nhận vay vốn tín dụng cho sinh viên là đơn vị nào?,đơn vị nào cấp giấy xác nhận vay vốn tín dụng cho sinh viên?,953
Tôi muốn xin giấy chứng nhận sinh viên thì cần liên hệ phòng nào ạ?,tôi cần xin giấy chứng nhận sinh viên thì liên hệ phòng nào?,954
Phòng nào phụ trách việc cấp giấy chứng nhận sinh viên cho tôi?,tôi cần xin giấy chứng nhận sinh viên thì liên hệ phòng nào?,954
"Để làm giấy chứng nhận sinh viên, tôi cần đến phòng ban nào?",tôi cần xin giấy chứng nhận sinh viên thì liên hệ phòng nào?,954
"Xin hỏi, bộ phận nào có thẩm quyền cấp giấy chứng nhận sinh viên?",tôi cần xin giấy chứng nhận sinh viên thì liên hệ phòng nào?,954
Tôi cần đến phòng nào để xin giấy chứng nhận sinh viên?,tôi cần xin giấy chứng nhận sinh viên thì liên hệ phòng nào?,954
Cơ quan nào phụ trách việc xét và giải quyết các chính sách miễn giảm học phí cùng trợ cấp xã hội?,đơn vị nào giải quyết các chính sách miễn giảm học phí và trợ cấp xã hội?,955
Làm sao để liên hệ với đơn vị chịu trách nhiệm giải quyết các khoản trợ cấp và miễn giảm học phí?,đơn vị nào giải quyết các chính sách miễn giảm học phí và trợ cấp xã hội?,955
Tôi cần gửi hồ sơ đến đâu để được xem xét miễn giảm học phí và nhận trợ cấp xã hội?,đơn vị nào giải quyết các chính sách miễn giảm học phí và trợ cấp xã hội?,955
Ai là cơ quan có thẩm quyền giải quyết các vấn đề về trợ cấp xã hội và giảm học phí?,đơn vị nào giải quyết các chính sách miễn giảm học phí và trợ cấp xã hội?,955
Bộ phận nào của nhà nước quản lý và giải quyết các chính sách hỗ trợ như miễn giảm học phí hay trợ cấp?,đơn vị nào giải quyết các chính sách miễn giảm học phí và trợ cấp xã hội?,955
Đơn vị nào phụ trách việc xét học bổng khuyến khích học tập?,việc xét học bổng khuyến khích học tập do đơn vị nào phụ trách?,956
Ai là đơn vị chịu trách nhiệm xét học bổng khuyến khích học tập?,việc xét học bổng khuyến khích học tập do đơn vị nào phụ trách?,956
Việc xét học bổng khuyến khích học tập thuộc thẩm quyền của đơn vị nào?,việc xét học bổng khuyến khích học tập do đơn vị nào phụ trách?,956
Đơn vị nào thực hiện công tác xét học bổng khuyến khích học tập?,việc xét học bổng khuyến khích học tập do đơn vị nào phụ trách?,956
Ai phụ trách khâu xét học bổng khuyến khích học tập?,việc xét học bổng khuyến khích học tập do đơn vị nào phụ trách?,956
Cơ quan nào chịu trách nhiệm quản lý công tác đánh giá điểm rèn luyện và công tác xã hội?,đơn vị nào quản lý việc đánh giá điểm rèn luyện và công tác xã hội?,957
Đơn vị nào có thẩm quyền chỉ đạo việc chấm điểm rèn luyện và triển khai công tác xã hội?,đơn vị nào quản lý việc đánh giá điểm rèn luyện và công tác xã hội?,957
Ai là đơn vị quản lý việc xét điểm rèn luyện cũng như các hoạt động công tác xã hội?,đơn vị nào quản lý việc đánh giá điểm rèn luyện và công tác xã hội?,957
Hãy cho tôi biết bộ phận nào phụ trách công tác đánh giá điểm rèn luyện và công tác xã hội?,đơn vị nào quản lý việc đánh giá điểm rèn luyện và công tác xã hội?,957
Việc quản lý điểm rèn luyện và công tác xã hội thuộc về đơn vị nào?,đơn vị nào quản lý việc đánh giá điểm rèn luyện và công tác xã hội?,957
Đơn vị nào là chủ trì tuần sinh hoạt công dân - sinh viên?,tuần sinh hoạt công dân - sinh viên do đơn vị nào tổ chức?,958
Bên nào phụ trách việc tổ chức tuần sinh hoạt công dân - sinh viên?,tuần sinh hoạt công dân - sinh viên do đơn vị nào tổ chức?,958
Ai là đơn vị tổ chức tuần sinh hoạt công dân - sinh viên?,tuần sinh hoạt công dân - sinh viên do đơn vị nào tổ chức?,958
Tuần sinh hoạt công dân - sinh viên do cơ quan nào đứng ra tổ chức?,tuần sinh hoạt công dân - sinh viên do đơn vị nào tổ chức?,958
Đơn vị tổ chức tuần sinh hoạt công dân - sinh viên là ai?,tuần sinh hoạt công dân - sinh viên do đơn vị nào tổ chức?,958
Tôi có thể tìm đến đâu để được tư vấn về tâm lý và sức khỏe?,tôi có thể tìm sự hỗ trợ về tư vấn tâm lý và sức khỏe ở đâu?,959
Địa điểm nào mà tôi có thể xin được sự hỗ trợ cho vấn đề tâm lý và sức khỏe?,tôi có thể tìm sự hỗ trợ về tư vấn tâm lý và sức khỏe ở đâu?,959
Tôi nên đi đâu để nhận được tư vấn chuyên sâu về tâm lý lẫn sức khỏe?,tôi có thể tìm sự hỗ trợ về tư vấn tâm lý và sức khỏe ở đâu?,959
Làm thế nào để tôi tìm được nơi cung cấp dịch vụ tư vấn tâm lý và chăm sóc sức khỏe?,tôi có thể tìm sự hỗ trợ về tư vấn tâm lý và sức khỏe ở đâu?,959
Có cơ quan hay địa điểm nào hỗ trợ tôi trong việc giải quyết vấn đề tâm lý và sức khỏe không?,tôi có thể tìm sự hỗ trợ về tư vấn tâm lý và sức khỏe ở đâu?,959
Đơn vị nào chịu trách nhiệm quản lý hệ thống cố vấn học tập?,đơn vị nào quản lý hệ thống cố vấn học tập?,960
Ai là cơ quan quản lý cho hệ thống cố vấn học tập của nhà trường?,đơn vị nào quản lý hệ thống cố vấn học tập?,960
Tổ chức nào đứng đầu trong việc quản lý hệ thống cố vấn học tập?,đơn vị nào quản lý hệ thống cố vấn học tập?,960
Hệ thống cố vấn học tập thuộc quyền quản lý của đơn vị nào?,đơn vị nào quản lý hệ thống cố vấn học tập?,960
Đơn vị nào có chức năng quản lý toàn bộ hệ thống cố vấn học tập?,đơn vị nào quản lý hệ thống cố vấn học tập?,960
"Tôi dự định tham gia các hoạt động văn nghệ, thể thao và câu lạc bộ, vậy cần liên hệ với bộ phận nào?","tôi muốn tham gia các hoạt động văn nghệ, thể thao và câu lạc bộ thì liên hệ đâu?",961
"Muốn đăng ký tham gia sinh hoạt văn nghệ, thể thao hoặc vào các câu lạc bộ thì liên hệ ở đâu?","tôi muốn tham gia các hoạt động văn nghệ, thể thao và câu lạc bộ thì liên hệ đâu?",961
"Ai là người phụ trách việc nhận hồ sơ đăng ký tham gia các hoạt động văn nghệ, thể thao và câu lạc bộ của trường?","tôi muốn tham gia các hoạt động văn nghệ, thể thao và câu lạc bộ thì liên hệ đâu?",961
"Nếu sinh viên muốn tham gia các hoạt động văn nghệ, thể thao hay câu lạc bộ thì cần liên hệ tổ chức nào?","tôi muốn tham gia các hoạt động văn nghệ, thể thao và câu lạc bộ thì liên hệ đâu?",961
"Làm thế nào để đăng ký tham gia các hoạt động văn nghệ, thể thao và các câu lạc bộ?","tôi muốn tham gia các hoạt động văn nghệ, thể thao và câu lạc bộ thì liên hệ đâu?",961
Số điện thoại và địa chỉ của phòng kế hoạch tài chính là bao nhiêu?,thông tin liên hệ của phòng kế hoạch tài chính là gì?,962
Làm sao để liên hệ được với phòng kế hoạch tài chính?,thông tin liên hệ của phòng kế hoạch tài chính là gì?,962
Tôi xin hỏi thông tin liên hệ của phòng kế hoạch tài chính thì như thế nào?,thông tin liên hệ của phòng kế hoạch tài chính là gì?,962
Phòng kế hoạch tài chính có thể cung cấp cho tôi số điện thoại và địa chỉ không?,thông tin liên hệ của phòng kế hoạch tài chính là gì?,962
Số điện thoại của phòng kế hoạch tài chính là gì ạ?,thông tin liên hệ của phòng kế hoạch tài chính là gì?,962
"Tôi muốn nộp học phí và nhận hóa đơn, vậy cần liên hệ phòng ban nào?",tôi cần nộp học phí và lấy hóa đơn thì liên hệ phòng nào?,963
Phòng nào phụ trách việc thu học phí và cấp phát hóa đơn cho sinh viên?,tôi cần nộp học phí và lấy hóa đơn thì liên hệ phòng nào?,963
"Để nộp tiền học phí và lấy hóa đơn, tôi phải đến phòng nào?",tôi cần nộp học phí và lấy hóa đơn thì liên hệ phòng nào?,963
Xin hãy cho tôi biết phòng nào quản lý việc thu học phí và xuất hóa đơn.,tôi cần nộp học phí và lấy hóa đơn thì liên hệ phòng nào?,963
Tôi cần tìm phòng nào để thực hiện thủ tục nộp học phí và lấy hóa đơn?,tôi cần nộp học phí và lấy hóa đơn thì liên hệ phòng nào?,963
Đơn vị nào có trách nhiệm chi trả trực tiếp học bổng và tiền thưởng cho sinh viên?,đơn vị nào trực tiếp chi trả học bổng và tiền khen thưởng cho sinh viên?,964
Ai là đơn vị trực tiếp lo việc cấp học bổng và khoản tiền khen thưởng cho sinh viên?,đơn vị nào trực tiếp chi trả học bổng và tiền khen thưởng cho sinh viên?,964
Học bổng cùng tiền khen thưởng cho sinh viên sẽ được đơn vị nào chi trả trực tiếp?,đơn vị nào trực tiếp chi trả học bổng và tiền khen thưởng cho sinh viên?,964
Đơn vị nào trực tiếp thực hiện việc phát học bổng và tiền thưởng cho sinh viên?,đơn vị nào trực tiếp chi trả học bổng và tiền khen thưởng cho sinh viên?,964
Ai là cơ quan trực tiếp đứng ra chi trả học bổng và phần thưởng cho sinh viên?,đơn vị nào trực tiếp chi trả học bổng và tiền khen thưởng cho sinh viên?,964
Làm thế nào để lấy xác nhận tình trạng đóng học phí phục vụ xét tốt nghiệp?,làm sao để lấy xác nhận tình trạng đóng học phí phục vụ xét tốt nghiệp?,965
Tôi cần làm gì để lấy giấy xác nhận đóng học phí cho việc xét tốt nghiệp?,làm sao để lấy xác nhận tình trạng đóng học phí phục vụ xét tốt nghiệp?,965
Cách lấy xác nhận tình trạng đóng học phí để dùng trong hồ sơ xét tốt nghiệp là gì?,làm sao để lấy xác nhận tình trạng đóng học phí phục vụ xét tốt nghiệp?,965
Làm sao tôi có thể lấy xác nhận đóng đủ học phí để phục vụ công tác xét tốt nghiệp?,làm sao để lấy xác nhận tình trạng đóng học phí phục vụ xét tốt nghiệp?,965
Quy trình lấy xác nhận tình trạng đóng học phí phục vụ xét tốt nghiệp diễn ra như thế nào?,làm sao để lấy xác nhận tình trạng đóng học phí phục vụ xét tốt nghiệp?,965
Số điện thoại và địa chỉ của phòng Tổ chức Hành chính là gì?,thông tin liên hệ của phòng tổ chức hành chính là gì?,966
Mình có thể liên hệ phòng Tổ chức Hành chính ở đâu?,thông tin liên hệ của phòng tổ chức hành chính là gì?,966
Thông tin liên hệ của bộ phận Tổ chức Hành chính là gì ạ?,thông tin liên hệ của phòng tổ chức hành chính là gì?,966
Phòng Tổ chức Hành chính có số hotline nào không?,thông tin liên hệ của phòng tổ chức hành chính là gì?,966
Làm sao để liên hệ được với phòng Tổ chức Hành chính?,thông tin liên hệ của phòng tổ chức hành chính là gì?,966
"Tôi muốn đăng ký gặp ban giám hiệu, vui lòng cho tôi biết cần liên hệ ở đâu.",tôi muốn đăng ký lịch gặp ban giám hiệu thì liên hệ đâu?,967
Ai là người phụ trách tiếp nhận đơn đăng ký lịch hẹn gặp lãnh đạo nhà trường?,tôi muốn đăng ký lịch gặp ban giám hiệu thì liên hệ đâu?,967
"Để đăng ký gặp ban giám hiệu, tôi cần liên hệ với bộ phận nào?",tôi muốn đăng ký lịch gặp ban giám hiệu thì liên hệ đâu?,967
Xin hãy hướng dẫn tôi cách thức liên hệ để đăng ký buổi gặp gỡ ban giám hiệu.,tôi muốn đăng ký lịch gặp ban giám hiệu thì liên hệ đâu?,967
Tôi cần liên hệ số nào hoặc bộ phận nào để đặt lịch gặp với ban giám hiệu?,tôi muốn đăng ký lịch gặp ban giám hiệu thì liên hệ đâu?,967
Có đơn vị nào chịu trách nhiệm quản lý và cho mượn các hội trường lớn cho việc tổ chức sự kiện không?,đơn vị nào quản lý và cho mượn các hội trường lớn để tổ chức sự kiện?,968
Ai là nơi cung cấp và quản lý các hội trường lớn để chúng ta thuê lại phục vụ cho các hoạt động sự kiện?,đơn vị nào quản lý và cho mượn các hội trường lớn để tổ chức sự kiện?,968
Tôi muốn biết đơn vị nào có thẩm quyền cho phép sử dụng các hội trường lớn để tổ chức sự kiện?,đơn vị nào quản lý và cho mượn các hội trường lớn để tổ chức sự kiện?,968
Đơn vị nào là người quản lý và cho phép mượn các hội trường lớn nhằm mục đích tổ chức sự kiện?,đơn vị nào quản lý và cho mượn các hội trường lớn để tổ chức sự kiện?,968
Có tổ chức nào phụ trách việc cho mượn và quản lý các hội trường lớn để tổ chức sự kiện không?,đơn vị nào quản lý và cho mượn các hội trường lớn để tổ chức sự kiện?,968
Tôi cần liên hệ cơ quan nào để khiếu nại thái độ của cán bộ hay giảng viên?,"tôi muốn khiếu nại về thái độ của cán bộ, giảng viên thì liên hệ đâu?",969
"Nếu muốn tố cáo thái độ không đúng mực của giảng viên, tôi phải làm thế nào?","tôi muốn khiếu nại về thái độ của cán bộ, giảng viên thì liên hệ đâu?",969
Ban giám hiệu có bộ phận nào tiếp nhận đơn tố giác hành vi của cán bộ giảng viên không?,"tôi muốn khiếu nại về thái độ của cán bộ, giảng viên thì liên hệ đâu?",969
Làm sao để tôi có thể phản ánh về thái độ làm việc của giảng viên cho nhà trường?,"tôi muốn khiếu nại về thái độ của cán bộ, giảng viên thì liên hệ đâu?",969
Tôi cần ghi danh ở đâu để trình bày về thái độ thiếu chuyên nghiệp của một giảng viên?,"tôi muốn khiếu nại về thái độ của cán bộ, giảng viên thì liên hệ đâu?",969
Số điện thoại liên hệ của Ban An ninh trật tự và đội bảo vệ trường là bao nhiêu?,thông tin liên hệ của ban an ninh trật tự - đội bảo vệ trường là gì?,970
Làm thế nào để liên lạc được với Ban An ninh trật tự cùng đội bảo vệ trường?,thông tin liên hệ của ban an ninh trật tự - đội bảo vệ trường là gì?,970
Ai có thể cung cấp cho tôi thông tin liên hệ của đội bảo vệ và Ban An ninh trật tự nhà trường?,thông tin liên hệ của ban an ninh trật tự - đội bảo vệ trường là gì?,970
Tôi cần biết số điện thoại của Ban An ninh trật tự và đội bảo vệ trường.,thông tin liên hệ của ban an ninh trật tự - đội bảo vệ trường là gì?,970
Ban An ninh trật tự và đội bảo vệ trường có thể được liên hệ qua số nào?,thông tin liên hệ của ban an ninh trật tự - đội bảo vệ trường là gì?,970
"Nếu tôi bị mất tài sản hoặc gặp vấn đề về an ninh tại trường, tôi cần liên hệ với ai?",tôi bị mất tài sản hoặc gặp sự cố an ninh trong trường thì báo cho ai?,971
Trường hợp xảy ra mất mát tài sản hay sự cố an ninh trong nhà trường thì báo cho bộ phận nào?,tôi bị mất tài sản hoặc gặp sự cố an ninh trong trường thì báo cho ai?,971
"Khi tôi gặp sự cố an ninh hoặc bị mất đồ ở trường, người phụ trách là ai?",tôi bị mất tài sản hoặc gặp sự cố an ninh trong trường thì báo cho ai?,971
Nếu có chuyện mất cắp hoặc tai nạn an ninh tại trường học thì tôi phải gọi cho ai?,tôi bị mất tài sản hoặc gặp sự cố an ninh trong trường thì báo cho ai?,971
Tôi cần báo cáo sự việc mất tài sản hay sự cố an ninh trong trường cho ai thì được?,tôi bị mất tài sản hoặc gặp sự cố an ninh trong trường thì báo cho ai?,971
Đơn vị nào phụ trách tổ chức lớp tập huấn kỹ năng phòng cháy chữa cháy dành cho sinh viên?,đơn vị nào tổ chức tập huấn kỹ năng phòng cháy chữa cháy cho sinh viên?,972
Ai là đơn vị đứng ra tổ chức việc huấn luyện kỹ năng phòng cháy chữa cháy cho sinh viên?,đơn vị nào tổ chức tập huấn kỹ năng phòng cháy chữa cháy cho sinh viên?,972
Đơn vị nào đảm nhận công tác tổ chức tập huấn về kỹ năng phòng cháy chữa cháy cho sinh viên?,đơn vị nào tổ chức tập huấn kỹ năng phòng cháy chữa cháy cho sinh viên?,972
Sinh viên sẽ được tham gia tập huấn kỹ năng phòng cháy chữa cháy do đơn vị nào tổ chức?,đơn vị nào tổ chức tập huấn kỹ năng phòng cháy chữa cháy cho sinh viên?,972
Có đơn vị nào chịu trách nhiệm tổ chức khóa tập huấn kỹ năng PCCC cho sinh viên không?,đơn vị nào tổ chức tập huấn kỹ năng phòng cháy chữa cháy cho sinh viên?,972
Số điện thoại và địa chỉ của phòng quản trị cơ sở vật chất là gì?,thông tin liên hệ của phòng quản trị cơ sở vật chất là gì?,973
Làm thế nào để liên hệ với phòng quản trị cơ sở vật chất?,thông tin liên hệ của phòng quản trị cơ sở vật chất là gì?,973
Phòng quản trị cơ sở vật chất có thông tin liên hệ nào chưa?,thông tin liên hệ của phòng quản trị cơ sở vật chất là gì?,973
Bạn cho tôi biết cách liên hệ tới phòng quản trị cơ sở vật chất nhé.,thông tin liên hệ của phòng quản trị cơ sở vật chất là gì?,973
Địa chỉ liên lạc của bộ phận quản lý cơ sở vật chất là gì?,thông tin liên hệ của phòng quản trị cơ sở vật chất là gì?,973
"Tôi muốn mượn phòng học cho việc tự học hay sinh hoạt câu lạc bộ, xin hỏi cần liên hệ bộ phận nào ạ?",tôi muốn mượn phòng học để tự học hoặc sinh hoạt clb thì liên hệ đâu?,974
Ai là người quản lý phòng học để tôi có thể đăng ký mượn làm chỗ tự học hoặc sinh hoạt CLB?,tôi muốn mượn phòng học để tự học hoặc sinh hoạt clb thì liên hệ đâu?,974
"Để tự học hoặc tổ chức sinh hoạt câu lạc bộ, tôi cần liên hệ ai để xin mượn phòng học?",tôi muốn mượn phòng học để tự học hoặc sinh hoạt clb thì liên hệ đâu?,974
Phòng nào chịu trách nhiệm cấp phép mượn phòng học cho nhu cầu tự học hay hoạt động của CLB?,tôi muốn mượn phòng học để tự học hoặc sinh hoạt clb thì liên hệ đâu?,974
"Nếu muốn xin mượn phòng học phục vụ tự học hoặc sinh hoạt câu lạc bộ, tôi cần liên hệ số điện thoại nào?",tôi muốn mượn phòng học để tự học hoặc sinh hoạt clb thì liên hệ đâu?,974
Bộ phận nào chịu trách nhiệm quản lý dịch vụ bãi xe và nhà ăn của trường?,đơn vị nào quản lý các dịch vụ bãi xe và căn tin trong trường?,975
Ai là đơn vị quản lý các dịch vụ bãi đỗ xe và căn tin tại trường chúng ta?,đơn vị nào quản lý các dịch vụ bãi xe và căn tin trong trường?,975
Tổ chức nào phụ trách vận hành bãi xe và nhà ăn trong khuôn viên trường?,đơn vị nào quản lý các dịch vụ bãi xe và căn tin trong trường?,975
Đơn vị nào được giao nhiệm vụ quản lý cả bãi xe lẫn căn tin cho sinh viên?,đơn vị nào quản lý các dịch vụ bãi xe và căn tin trong trường?,975
Cơ quan nào trong trường lo việc quản lý bãi đậu xe và nhà ăn?,đơn vị nào quản lý các dịch vụ bãi xe và căn tin trong trường?,975
"Nếu phòng học gặp sự cố về đèn, quạt hay cửa thì cần liên hệ với đơn vị nào?","nếu phòng học bị hỏng đèn, quạt hoặc cửa thì báo cho đơn vị nào?",976
"Khi phòng học bị hỏng đèn, quạt hoặc cửa, em nên báo cáo cho bộ phận nào?","nếu phòng học bị hỏng đèn, quạt hoặc cửa thì báo cho đơn vị nào?",976
"Trường hợp phòng học không có điện, quạt hoạt động hay cửa bị lỗi thì gọi ai?","nếu phòng học bị hỏng đèn, quạt hoặc cửa thì báo cho đơn vị nào?",976
"Nếu đèn, quạt hoặc cửa trong phòng học hỏng thì phải thông báo cho đơn vị nào xử lý?","nếu phòng học bị hỏng đèn, quạt hoặc cửa thì báo cho đơn vị nào?",976
"Khi xảy ra tình trạng hỏng hóc như đèn, quạt hay cửa tại phòng học thì liên hệ đơn vị nào?","nếu phòng học bị hỏng đèn, quạt hoặc cửa thì báo cho đơn vị nào?",976
Tôi có ý kiến đóng góp về vấn đề vệ sinh môi trường tại trường thì nên gửi về đâu?,tôi có ý kiến đóng góp về vệ sinh môi trường trong trường thì gửi đâu?,977
"Nếu tôi muốn gửi ý kiến về công tác giữ gìn vệ sinh trường học, địa chỉ liên hệ là nơi nào?",tôi có ý kiến đóng góp về vệ sinh môi trường trong trường thì gửi đâu?,977
Ban chủ nhiệm có thể cho tôi biết địa điểm nộp các ý kiến đề xuất về môi trường trong trường được không?,tôi có ý kiến đóng góp về vệ sinh môi trường trong trường thì gửi đâu?,977
Ý kiến của tôi liên quan đến vệ sinh trường lớp thì gửi cho bộ phận nào là chính xác nhất?,tôi có ý kiến đóng góp về vệ sinh môi trường trong trường thì gửi đâu?,977
"Tôi muốn đóng góp ý kiến về mảng vệ sinh môi trường của trường, vậy hồ sơ cần chuyển đến đâu?",tôi có ý kiến đóng góp về vệ sinh môi trường trong trường thì gửi đâu?,977
Số điện thoại hoặc địa chỉ liên hệ của phòng thiết bị vật tư là bao nhiêu?,thông tin liên hệ của phòng thiết bị - vật tư là gì?,978
Ai có thể cung cấp cho tôi thông tin liên hệ của phòng thiết bị vật tư?,thông tin liên hệ của phòng thiết bị - vật tư là gì?,978
Tôi cần biết cách liên hệ với phòng thiết bị vật tư như thế nào?,thông tin liên hệ của phòng thiết bị - vật tư là gì?,978
Làm sao để tôi liên hệ được với phòng thiết bị vật tư?,thông tin liên hệ của phòng thiết bị - vật tư là gì?,978
Địa chỉ và số điện thoại của phòng thiết bị vật tư là gì?,thông tin liên hệ của phòng thiết bị - vật tư là gì?,978
Đơn vị nào cung cấp vật tư phục vụ cho công tác thực tập và thí nghiệm của sinh viên?,đơn vị nào cung cấp vật tư thực tập và thí nghiệm cho sinh viên?,979
Bên nào chịu trách nhiệm cấp phát vật tư dùng cho sinh viên trong quá trình thực tập và làm thí nghiệm?,đơn vị nào cung cấp vật tư thực tập và thí nghiệm cho sinh viên?,979
Ai là đơn vị cung ứng các loại vật tư cần thiết cho sinh viên khi đi thực tập và thực hiện thí nghiệm?,đơn vị nào cung cấp vật tư thực tập và thí nghiệm cho sinh viên?,979
Tổ chức nào sẽ cung cấp vật tư hỗ trợ cho sinh viên trong các hoạt động thực tập và thí nghiệm?,đơn vị nào cung cấp vật tư thực tập và thí nghiệm cho sinh viên?,979
Hãy cho biết đơn vị nào cung cấp vật tư dùng cho sinh viên tham gia thực tập và làm thí nghiệm.,đơn vị nào cung cấp vật tư thực tập và thí nghiệm cho sinh viên?,979
"Nếu tivi hay máy chiếu trong lớp bị hỏng, tôi nên liên hệ số nào để được hỗ trợ?",tôi cần hỗ trợ khi tivi hoặc máy chiếu trong phòng học bị hỏng thì gọi đâu?,980
"Khi thiết bị âm thanh hình trong phòng học gặp sự cố, tôi cần gọi cho bộ phận nào?",tôi cần hỗ trợ khi tivi hoặc máy chiếu trong phòng học bị hỏng thì gọi đâu?,980
Tôi xin hỏi số điện thoại hỗ trợ khi tivi hoặc máy chiếu của lớp bị lỗi là gì?,tôi cần hỗ trợ khi tivi hoặc máy chiếu trong phòng học bị hỏng thì gọi đâu?,980
"Trong trường hợp màn hình hoặc máy chiếu trong lớp không hoạt động, tôi cần liên hệ ai?",tôi cần hỗ trợ khi tivi hoặc máy chiếu trong phòng học bị hỏng thì gọi đâu?,980
Phòng tôi cần số hotline để khắc phục sự cố của tivi hay máy chiếu trong giờ học.,tôi cần hỗ trợ khi tivi hoặc máy chiếu trong phòng học bị hỏng thì gọi đâu?,980
Bộ phận nào chịu trách nhiệm quản lý hệ thống máy lọc nước uống của trường?,đơn vị nào quản lý hệ thống máy lọc nước uống trong trường?,981
Trường có đơn vị nào phụ trách vận hành hệ thống lọc nước uống không?,đơn vị nào quản lý hệ thống máy lọc nước uống trong trường?,981
Ai là người quản lý hệ thống máy lọc nước uống trong toàn trường?,đơn vị nào quản lý hệ thống máy lọc nước uống trong trường?,981
Hãy chỉ giúp tôi đơn vị quản lý hệ thống máy lọc nước uống của nhà trường.,đơn vị nào quản lý hệ thống máy lọc nước uống trong trường?,981
Tôi muốn biết đơn vị nào đang quản lý hệ thống máy lọc nước uống tại trường.,đơn vị nào quản lý hệ thống máy lọc nước uống trong trường?,981
Số điện thoại liên hệ của phòng khoa học công nghệ là gì?,thông tin liên hệ của phòng khoa học công nghệ là gì?,982
Làm thế nào để liên lạc với phòng khoa học công nghệ?,thông tin liên hệ của phòng khoa học công nghệ là gì?,982
Tôi cần biết địa chỉ hoặc số máy của phòng khoa học công nghệ.,thông tin liên hệ của phòng khoa học công nghệ là gì?,982
Phòng khoa học công nghệ có thông tin liên hệ nào không?,thông tin liên hệ của phòng khoa học công nghệ là gì?,982
Hãy cho tôi biết cách liên hệ với bộ phận khoa học công nghệ.,thông tin liên hệ của phòng khoa học công nghệ là gì?,982
"Tôi muốn đăng ký làm đề tài nghiên cứu khoa học, vậy nên liên hệ với bộ phận nào?",tôi muốn đăng ký đề tài nghiên cứu khoa học thì liên hệ đâu?,983
Ai là người phụ trách nhận hồ sơ đăng ký đề tài nghiên cứu khoa học?,tôi muốn đăng ký đề tài nghiên cứu khoa học thì liên hệ đâu?,983
Nếu sinh viên muốn tham gia dự án nghiên cứu khoa học thì cần liên hệ đâu?,tôi muốn đăng ký đề tài nghiên cứu khoa học thì liên hệ đâu?,983
Quý trường hỗ trợ đăng ký đề tài nghiên cứu khoa học qua bộ phận nào?,tôi muốn đăng ký đề tài nghiên cứu khoa học thì liên hệ đâu?,983
"Để nộp đơn xin đăng ký đề tài nghiên cứu khoa học, tôi cần liên hệ phòng ban nào?",tôi muốn đăng ký đề tài nghiên cứu khoa học thì liên hệ đâu?,983
Sinh viên cần liên hệ đơn vị nào để làm thủ tục đăng ký bảo hộ quyền sở hữu trí tuệ?,đơn vị nào hỗ trợ thủ tục đăng ký bảo hộ quyền sở hữu trí tuệ cho sinh viên?,984
Ai là đơn vị phụ trách hỗ trợ sinh viên thực hiện quy trình đăng ký bảo hộ sở hữu trí tuệ?,đơn vị nào hỗ trợ thủ tục đăng ký bảo hộ quyền sở hữu trí tuệ cho sinh viên?,984
Làm thế nào để sinh viên tìm được nơi hỗ trợ đăng ký bảo hộ quyền sở hữu trí tuệ?,đơn vị nào hỗ trợ thủ tục đăng ký bảo hộ quyền sở hữu trí tuệ cho sinh viên?,984
Đơn vị nào cung cấp dịch vụ hỗ trợ sinh viên trong việc đăng ký bảo hộ sở hữu trí tuệ?,đơn vị nào hỗ trợ thủ tục đăng ký bảo hộ quyền sở hữu trí tuệ cho sinh viên?,984
Sinh viên có thể nhờ đơn vị nào để làm hồ sơ đăng ký bảo hộ quyền sở hữu trí tuệ?,đơn vị nào hỗ trợ thủ tục đăng ký bảo hộ quyền sở hữu trí tuệ cho sinh viên?,984
Tôi có thể tìm thông tin về các cuộc thi học thuật và sân chơi sáng tạo ở đâu?,tôi có thể tìm thông tin về các cuộc thi học thuật và sân chơi sáng tạo ở đâu?,985
Ở đâu tôi có thể tra cứu thông tin về các cuộc thi học thuật và sân chơi sáng tạo?,tôi có thể tìm thông tin về các cuộc thi học thuật và sân chơi sáng tạo ở đâu?,985
Làm thế nào để biết được nơi đăng tải thông tin về các cuộc thi học thuật và sân chơi sáng tạo?,tôi có thể tìm thông tin về các cuộc thi học thuật và sân chơi sáng tạo ở đâu?,985
Tôi nên tìm kiếm thông tin về các cuộc thi học thuật và sân chơi sáng tạo tại địa điểm nào?,tôi có thể tìm thông tin về các cuộc thi học thuật và sân chơi sáng tạo ở đâu?,985
Có thể cung cấp cho tôi danh sách các nơi cung cấp thông tin về cuộc thi học thuật và sân chơi sáng tạo không?,tôi có thể tìm thông tin về các cuộc thi học thuật và sân chơi sáng tạo ở đâu?,985
Số điện thoại hay địa chỉ liên hệ của phòng quan hệ doanh nghiệp là gì?,thông tin liên hệ của phòng quan hệ doanh nghiệp là gì?,986
Làm sao để liên hệ với phòng quan hệ doanh nghiệp?,thông tin liên hệ của phòng quan hệ doanh nghiệp là gì?,986
Phòng quan hệ doanh nghiệp có số điện thoại và địa chỉ cụ thể nào không?,thông tin liên hệ của phòng quan hệ doanh nghiệp là gì?,986
Bạn cho mình biết thông tin liên hệ của phòng quan hệ doanh nghiệp nhé.,thông tin liên hệ của phòng quan hệ doanh nghiệp là gì?,986
"Mình cần tìm số điện thoại của phòng quan hệ doanh nghiệp, làm ơn giúp mình với.",thông tin liên hệ của phòng quan hệ doanh nghiệp là gì?,986
Sinh viên muốn tìm cơ hội thực tập và xin việc thì nên liên hệ đơn vị nào?,tôi muốn tìm cơ hội thực tập và việc làm thì liên hệ đơn vị nào?,987
"Có đơn vị nào đang tuyển dụng thực tập sinh và nhân viên không, xin hãy cho tôi biết.",tôi muốn tìm cơ hội thực tập và việc làm thì liên hệ đơn vị nào?,987
"Tôi đang tìm kiếm cơ hội thực tập và công việc, vui lòng giới thiệu các đơn vị phù hợp.",tôi muốn tìm cơ hội thực tập và việc làm thì liên hệ đơn vị nào?,987
"Nếu muốn xin thực tập và làm việc, tôi cần liên hệ với tổ chức hay công ty nào?",tôi muốn tìm cơ hội thực tập và việc làm thì liên hệ đơn vị nào?,987
"Mong muốn được thực tập và tìm việc, tôi nên gửi hồ sơ đến đâu?",tôi muốn tìm cơ hội thực tập và việc làm thì liên hệ đơn vị nào?,987
Đơn vị nào cung cấp dịch vụ giới thiệu việc làm bán thời gian cho sinh viên?,đơn vị nào hỗ trợ giới thiệu việc làm bán thời gian cho sinh viên?,988
Ai là đơn vị hỗ trợ sinh viên tìm việc làm bán thời gian?,đơn vị nào hỗ trợ giới thiệu việc làm bán thời gian cho sinh viên?,988
Có đơn vị nào giúp sinh viên xin các công việc bán thời gian không?,đơn vị nào hỗ trợ giới thiệu việc làm bán thời gian cho sinh viên?,988
Sinh viên có thể nhờ đơn vị nào để được giới thiệu làm việc bán thời gian?,đơn vị nào hỗ trợ giới thiệu việc làm bán thời gian cho sinh viên?,988
Bạn có biết đơn vị nào hỗ trợ sinh viên tìm việc làm part-time không?,đơn vị nào hỗ trợ giới thiệu việc làm bán thời gian cho sinh viên?,988
Tôi có thể làm thủ tục nhận giấy chứng nhận tốt nghiệp tạm thời tại địa điểm nào?,tôi có thể nhận giấy chứng nhận tốt nghiệp tạm thời ở đâu?,989
Cơ quan nào có thẩm quyền cấp giấy chứng nhận tốt nghiệp tạm thời cho tôi?,tôi có thể nhận giấy chứng nhận tốt nghiệp tạm thời ở đâu?,989
Địa chỉ nộp hồ sơ để nhận giấy tạm thời tốt nghiệp là ở đâu?,tôi có thể nhận giấy chứng nhận tốt nghiệp tạm thời ở đâu?,989
Tôi cần đến đâu để lấy giấy chứng nhận tốt nghiệp tạm thời?,tôi có thể nhận giấy chứng nhận tốt nghiệp tạm thời ở đâu?,989
Nơi nào là điểm nhận giấy chứng nhận tốt nghiệp tạm thời cho sinh viên?,tôi có thể nhận giấy chứng nhận tốt nghiệp tạm thời ở đâu?,989
Đơn vị nào có trách nhiệm quản lý cổng thông tin Career Hub dùng để tìm việc làm?,cổng thông tin career hub phục vụ tìm việc làm do đơn vị nào quản lý?,990
Ai là bên quản lý cổng thông tin Career Hub hỗ trợ sinh viên tìm kiếm công việc?,cổng thông tin career hub phục vụ tìm việc làm do đơn vị nào quản lý?,990
Tổ chức nào đang vận hành và quản lý nền tảng Career Hub cho mục đích tìm việc?,cổng thông tin career hub phục vụ tìm việc làm do đơn vị nào quản lý?,990
Cổng thông tin Career Hub phục vụ tìm việc do cơ quan nào phụ trách?,cổng thông tin career hub phục vụ tìm việc làm do đơn vị nào quản lý?,990
Đơn vị chịu trách nhiệm quản lý hệ thống Career Hub để tìm việc là đơn vị nào?,cổng thông tin career hub phục vụ tìm việc làm do đơn vị nào quản lý?,990
Số điện thoại hoặc địa chỉ của phòng Quan hệ Quốc tế là bao nhiêu?,thông tin liên hệ của phòng quan hệ quốc tế là gì?,991
Mình xin hỏi thông tin liên hệ của bộ phận Quan hệ Quốc tế thế nào?,thông tin liên hệ của phòng quan hệ quốc tế là gì?,991
Làm thế nào để liên hệ với phòng Quan hệ Quốc tế?,thông tin liên hệ của phòng quan hệ quốc tế là gì?,991
Anh/chị cho tôi biết địa chỉ và số máy của phòng Quan hệ Quốc tế nhé.,thông tin liên hệ của phòng quan hệ quốc tế là gì?,991
Phòng Quan hệ Quốc tế có thể cung cấp thông tin liên hệ được không?,thông tin liên hệ của phòng quan hệ quốc tế là gì?,991
Bộ phận nào chịu trách nhiệm thông báo về các chương trình học bổng và giao lưu văn hóa quốc tế?,đơn vị nào thông báo các chương trình học bổng và trao đổi văn hóa quốc tế?,992
Tôi muốn biết đơn vị nào cung cấp thông tin về học bổng và các hoạt động trao đổi văn hóa với nước ngoài.,đơn vị nào thông báo các chương trình học bổng và trao đổi văn hóa quốc tế?,992
Ai là người công bố danh sách các suất học bổng cũng như các chương trình hợp tác văn hóa quốc tế?,đơn vị nào thông báo các chương trình học bổng và trao đổi văn hóa quốc tế?,992
Đơn vị nào sẽ gửi thông báo cho sinh viên về các cơ hội học bổng và trải nghiệm văn hóa quốc tế?,đơn vị nào thông báo các chương trình học bổng và trao đổi văn hóa quốc tế?,992
Tôi cần liên hệ với bộ phận nào để nắm bắt thông tin về học bổng và các buổi giao lưu văn hóa nước ngoài?,đơn vị nào thông báo các chương trình học bổng và trao đổi văn hóa quốc tế?,992
"Tôi muốn làm thủ tục visa đi du học ở nước ngoài, vậy cần liên hệ đơn vị nào?",tôi cần hỗ trợ thủ tục visa để đi học tập tại nước ngoài thì liên hệ đâu?,993
Ai là người phụ trách hỗ trợ hồ sơ xin visa cho sinh viên đi học tập nước ngoài?,tôi cần hỗ trợ thủ tục visa để đi học tập tại nước ngoài thì liên hệ đâu?,993
"Để xin visa du học ra nước ngoài, tôi cần liên hệ với bộ phận nào?",tôi cần hỗ trợ thủ tục visa để đi học tập tại nước ngoài thì liên hệ đâu?,993
Tôi cần tìm nơi nào để được hỗ trợ làm giấy tờ xin visa đi học nước ngoài?,tôi cần hỗ trợ thủ tục visa để đi học tập tại nước ngoài thì liên hệ đâu?,993
Đơn vị nào có chức năng tư vấn và hỗ trợ thủ tục visa cho sinh viên du học?,tôi cần hỗ trợ thủ tục visa để đi học tập tại nước ngoài thì liên hệ đâu?,993
Sinh viên quốc tế đến du học sẽ thuộc quyền quản lý của bộ phận nào?,sinh viên quốc tế đến học tại trường sẽ do đơn vị nào quản lý?,994
Đơn vị nào phụ trách việc quản lý sinh viên quốc tế nhập học tại trường?,sinh viên quốc tế đến học tại trường sẽ do đơn vị nào quản lý?,994
Ai là bên chịu trách nhiệm quản lý sinh viên nước ngoài đến học ở đây?,sinh viên quốc tế đến học tại trường sẽ do đơn vị nào quản lý?,994
Trường giao cho đơn vị nào làm nhiệm vụ quản lý sinh viên quốc tế?,sinh viên quốc tế đến học tại trường sẽ do đơn vị nào quản lý?,994
Sinh viên đến học tại trường có nguồn gốc nước ngoài sẽ được đơn vị nào quản lý?,sinh viên quốc tế đến học tại trường sẽ do đơn vị nào quản lý?,994
Thông tin liên hệ của phòng khảo thí và đảm bảo chất lượng là gì?,thông tin liên hệ của phòng khảo thí và đảm bảo chất lượng là gì?,995
"Ai là người chịu trách nhiệm về phòng khảo thí và đảm bảo chất lượng, và cách liên hệ như thế nào?",thông tin liên hệ của phòng khảo thí và đảm bảo chất lượng là gì?,995
Làm sao để liên hệ với phòng khảo thí và đảm bảo chất lượng?,thông tin liên hệ của phòng khảo thí và đảm bảo chất lượng là gì?,995
Số điện thoại hoặc địa chỉ của phòng khảo thí và đảm bảo chất lượng là bao nhiêu?,thông tin liên hệ của phòng khảo thí và đảm bảo chất lượng là gì?,995
Phòng khảo thí và đảm bảo chất lượng có thông tin liên hệ cụ thể nào không?,thông tin liên hệ của phòng khảo thí và đảm bảo chất lượng là gì?,995
Tôi nên đưa ra góp ý về chất lượng giảng dạy tại đâu?,tôi có thể đóng góp ý kiến về chất lượng giảng dạy ở đâu?,996
Địa điểm để tôi phản ánh về chất lượng dạy học là nơi nào?,tôi có thể đóng góp ý kiến về chất lượng giảng dạy ở đâu?,996
Nơi nào tôi có thể đề xuất ý kiến nhằm cải thiện chất lượng giảng dạy?,tôi có thể đóng góp ý kiến về chất lượng giảng dạy ở đâu?,996
Làm thế nào để tôi được lắng nghe về ý kiến đóng góp cho công tác giảng dạy?,tôi có thể đóng góp ý kiến về chất lượng giảng dạy ở đâu?,996
Tôi có thể gửi phản biện về chất lượng dạy và học ở đâu?,tôi có thể đóng góp ý kiến về chất lượng giảng dạy ở đâu?,996
Đơn vị nào cung cấp thông tin về kiểm định chất lượng và chuẩn đầu ra?,đơn vị nào cung cấp thông tin về kiểm định chất lượng và chuẩn đầu ra?,997
Ai là cơ quan đưa ra thông tin liên quan đến kiểm định chất lượng cùng chuẩn đầu ra?,đơn vị nào cung cấp thông tin về kiểm định chất lượng và chuẩn đầu ra?,997
Làm thế nào để tìm đơn vị cung cấp dữ liệu về kiểm định chất lượng và chuẩn đầu ra?,đơn vị nào cung cấp thông tin về kiểm định chất lượng và chuẩn đầu ra?,997
Có đơn vị nào chia sẻ thông tin về kiểm định chất lượng và chuẩn đầu ra không?,đơn vị nào cung cấp thông tin về kiểm định chất lượng và chuẩn đầu ra?,997
Tôi muốn biết tên đơn vị cung cấp thông tin về kiểm định chất lượng và chuẩn đầu ra.,đơn vị nào cung cấp thông tin về kiểm định chất lượng và chuẩn đầu ra?,997
Số điện thoại và địa chỉ của phòng Hợp tác và Phát triển Đào tạo là bao nhiêu?,thông tin liên hệ của phòng hợp tác và phát triển đào tạo là gì?,998
Làm thế nào để liên hệ với phòng Hợp tác và Phát triển Đào tạo?,thông tin liên hệ của phòng hợp tác và phát triển đào tạo là gì?,998
Tôi xin hỏi thông tin liên hệ của phòng Hợp tác và Phát triển Đào tạo ra sao?,thông tin liên hệ của phòng hợp tác và phát triển đào tạo là gì?,998
Phòng Hợp tác và Phát triển Đào tạo có thể cung cấp cho tôi số điện thoại của họ không?,thông tin liên hệ của phòng hợp tác và phát triển đào tạo là gì?,998
Ai có thể cho tôi biết địa chỉ và số điện thoại của phòng Hợp tác và Phát triển Đào tạo?,thông tin liên hệ của phòng hợp tác và phát triển đào tạo là gì?,998
Đơn vị nào chịu trách nhiệm quản lý hệ đào tạo vừa học vừa làm và đào tạo từ xa?,đơn vị nào quản lý hệ đào tạo vừa làm vừa học và đào tạo từ xa?,999
Ai là đơn vị quản lý các chương trình đào tạo vừa làm vừa học lẫn đào tạo từ xa?,đơn vị nào quản lý hệ đào tạo vừa làm vừa học và đào tạo từ xa?,999
Hãy cho tôi biết tên đơn vị quản lý hệ vừa học vừa làm và đào tạo từ xa.,đơn vị nào quản lý hệ đào tạo vừa làm vừa học và đào tạo từ xa?,999
Đơn vị nào được giao nhiệm vụ quản lý đào tạo vừa làm vừa học và đào tạo từ xa?,đơn vị nào quản lý hệ đào tạo vừa làm vừa học và đào tạo từ xa?,999
Tôi muốn hỏi xem đơn vị nào quản lý cho hệ vừa học vừa làm và đào tạo từ xa.,đơn vị nào quản lý hệ đào tạo vừa làm vừa học và đào tạo từ xa?,999
Tôi cần liên hệ cơ quan nào để làm thủ tục chuyển ngành hoặc tạm dừng học hệ đào tạo từ xa?,tôi muốn làm thủ tục chuyển ngành hoặc tạm dừng học hệ đào tạo từ xa thì liên hệ đâu?,1000
Ai là người phụ trách tiếp nhận hồ sơ khi sinh viên muốn chuyển ngành hoặc nghỉ học tạm thời trong chương trình đào tạo từ xa?,tôi muốn làm thủ tục chuyển ngành hoặc tạm dừng học hệ đào tạo từ xa thì liên hệ đâu?,1000
Số điện thoại hoặc địa chỉ của bộ phận nào để tôi làm việc về việc chuyển ngành hoặc tạm dừng học online?,tôi muốn làm thủ tục chuyển ngành hoặc tạm dừng học hệ đào tạo từ xa thì liên hệ đâu?,1000
"Khi muốn chuyển ngành hoặc tạm dừng học hệ từ xa, tôi nên đến phòng nào hoặc gọi cho ai?",tôi muốn làm thủ tục chuyển ngành hoặc tạm dừng học hệ đào tạo từ xa thì liên hệ đâu?,1000
Tôi cần liên hệ với phòng đào tạo hay bộ phận hành chính để làm thủ tục chuyển ngành hoặc nghỉ học tạm?,tôi muốn làm thủ tục chuyển ngành hoặc tạm dừng học hệ đào tạo từ xa thì liên hệ đâu?,1000
Đơn vị nào phụ trách quản lý tài khoản học tập trực tuyến cho sinh viên hệ đào tạo từ xa?,đơn vị nào quản lý tài khoản học tập trực tuyến cho sinh viên hệ đào tạo từ xa?,1001
Ai là đơn vị quản lý tài khoản trực tuyến dành cho sinh viên ngành đào tạo từ xa?,đơn vị nào quản lý tài khoản học tập trực tuyến cho sinh viên hệ đào tạo từ xa?,1001
Sinh viên hệ đào tạo từ xa cần liên hệ đơn vị nào để quản lý tài khoản học trực tuyến?,đơn vị nào quản lý tài khoản học tập trực tuyến cho sinh viên hệ đào tạo từ xa?,1001
Bạn có thể cho biết đơn vị nào chịu trách nhiệm quản lý tài khoản học online cho sinh viên từ xa không?,đơn vị nào quản lý tài khoản học tập trực tuyến cho sinh viên hệ đào tạo từ xa?,1001
Đơn vị nào được giao nhiệm vụ quản lý tài khoản học tập trực tuyến của sinh viên hệ đào tạo từ xa?,đơn vị nào quản lý tài khoản học tập trực tuyến cho sinh viên hệ đào tạo từ xa?,1001
Đơn vị nào phụ trách công việc bảo lưu và chuyển đổi điểm số cho hệ đào tạo vừa làm vừa học?,đơn vị nào giải quyết việc bảo lưu và chuyển điểm cho hệ vừa làm vừa học?,1002
Tôi cần liên hệ với đơn vị nào để thực hiện việc bảo lưu và chuyển điểm trong hệ vừa làm vừa học?,đơn vị nào giải quyết việc bảo lưu và chuyển điểm cho hệ vừa làm vừa học?,1002
Ai là nơi giải quyết hồ sơ bảo lưu cũng như chuyển điểm cho sinh viên hệ vừa học vừa làm?,đơn vị nào giải quyết việc bảo lưu và chuyển điểm cho hệ vừa làm vừa học?,1002
Đơn vị chịu trách nhiệm bảo lưu và chuyển điểm cho hệ vừa làm vừa học là đơn vị nào?,đơn vị nào giải quyết việc bảo lưu và chuyển điểm cho hệ vừa làm vừa học?,1002
Có đơn vị nào nhận giải quyết các vấn đề về bảo lưu và chuyển điểm cho hệ vừa làm vừa học không?,đơn vị nào giải quyết việc bảo lưu và chuyển điểm cho hệ vừa làm vừa học?,1002
Sinh viên theo hệ vừa học vừa làm đăng nhập vào đâu để xem kết quả thi và điểm số?,sinh viên hệ vừa làm vừa học xem kết quả thi và điểm số ở đâu?,1003
Làm thế nào để sinh viên hệ vừa làm vừa học tra cứu điểm thi của mình?,sinh viên hệ vừa làm vừa học xem kết quả thi và điểm số ở đâu?,1003
Bạn có thể cho biết địa chỉ xem thành tích học tập và điểm kiểm tra dành cho sinh viên hệ vừa làm vừa học không?,sinh viên hệ vừa làm vừa học xem kết quả thi và điểm số ở đâu?,1003
Sinh viên làm việc và học cùng lúc cần truy cập trang web nào để lấy kết quả thi?,sinh viên hệ vừa làm vừa học xem kết quả thi và điểm số ở đâu?,1003
Kết quả thi và điểm số của sinh viên hệ vừa làm vừa học được công bố ở đâu vậy?,sinh viên hệ vừa làm vừa học xem kết quả thi và điểm số ở đâu?,1003
Bộ phận nào phụ trách việc xét tốt nghiệp và cấp bảng điểm cho sinh viên hệ đào tạo từ xa?,đơn vị nào xét tốt nghiệp và cấp bảng điểm cho hệ đào tạo từ xa?,1004
Ai là đơn vị có thẩm quyền xét công nhận tốt nghiệp và cấp bằng cho chương trình học từ xa?,đơn vị nào xét tốt nghiệp và cấp bảng điểm cho hệ đào tạo từ xa?,1004
Tôi cần liên hệ bộ phận nào để được xét tốt nghiệp và nhận bảng điểm trong hệ đào tạo từ xa?,đơn vị nào xét tốt nghiệp và cấp bảng điểm cho hệ đào tạo từ xa?,1004
Đơn vị chịu trách nhiệm xét tốt nghiệp và cấp chứng chỉ cho hệ đào tạo từ xa là bộ phận nào?,đơn vị nào xét tốt nghiệp và cấp bảng điểm cho hệ đào tạo từ xa?,1004
Sinh viên hệ đào tạo từ xa cần đến đơn vị nào để làm thủ tục xét tốt nghiệp và lấy bảng điểm?,đơn vị nào xét tốt nghiệp và cấp bảng điểm cho hệ đào tạo từ xa?,1004
Tôi muốn hỏi liên hệ số nào để được tư vấn về học phí của chương trình vừa làm vừa học?,tôi cần tư vấn về mức học phí hệ vừa làm vừa học thì liên hệ đâu?,1005
Ai là người có thể hỗ trợ tôi tìm hiểu về mức học phí cho hệ vừa làm vừa học?,tôi cần tư vấn về mức học phí hệ vừa làm vừa học thì liên hệ đâu?,1005
Số điện thoại nào để tôi liên hệ nếu cần tư vấn chi tiết về học phí của hệ vừa làm vừa học?,tôi cần tư vấn về mức học phí hệ vừa làm vừa học thì liên hệ đâu?,1005
Tôi cần biết liên hệ bộ phận nào để nhận tư vấn về học phí khi đăng ký hệ vừa làm vừa học?,tôi cần tư vấn về mức học phí hệ vừa làm vừa học thì liên hệ đâu?,1005
Làm thế nào để tôi có thể được giải đáp về mức học phí của hệ vừa làm vừa học?,tôi cần tư vấn về mức học phí hệ vừa làm vừa học thì liên hệ đâu?,1005
Cơ quan nào có thẩm quyền cấp giấy xác nhận quá trình học tập cho sinh viên theo hệ vừa làm vừa học?,ai cấp xác nhận quá trình học tập cho sinh viên hệ vừa làm vừa học?,1006
Ai là đơn vị chịu trách nhiệm cấp xác nhận tiến độ học tập cho sinh viên hệ vừa làm vừa học?,ai cấp xác nhận quá trình học tập cho sinh viên hệ vừa làm vừa học?,1006
Sinh viên hệ vừa làm vừa học sẽ nhận xác nhận quá trình học từ đâu?,ai cấp xác nhận quá trình học tập cho sinh viên hệ vừa làm vừa học?,1006
Bên nào cấp giấy chứng nhận quá trình học cho sinh viên đăng ký theo hình thức vừa học vừa làm?,ai cấp xác nhận quá trình học tập cho sinh viên hệ vừa làm vừa học?,1006
Cơ quan chức năng nào cấp xác nhận về quá trình học tập cho sinh viên hệ vừa làm vừa học?,ai cấp xác nhận quá trình học tập cho sinh viên hệ vừa làm vừa học?,1006
Đơn vị nào chịu trách nhiệm xem xét sự tương đồng môn học đối với hệ đào tạo từ xa?,đơn vị nào phụ trách xét môn học tương đương cho hệ đào tạo từ xa?,1007
Tôi cần liên hệ đơn vị nào để xin xét công nhận môn học tương đương trong chương trình từ xa?,đơn vị nào phụ trách xét môn học tương đương cho hệ đào tạo từ xa?,1007
Bộ phận nào phụ trách việc rà soát và phê duyệt các môn học tương đương cho sinh viên từ xa?,đơn vị nào phụ trách xét môn học tương đương cho hệ đào tạo từ xa?,1007
Ai là đơn vị có thẩm quyền xét duyệt tính tương đương của môn học trong hệ đào tạo từ xa?,đơn vị nào phụ trách xét môn học tương đương cho hệ đào tạo từ xa?,1007
Đơn vị nào đứng ra xem xét và quyết định việc công nhận môn học tương đương cho hệ đào tạo từ xa?,đơn vị nào phụ trách xét môn học tương đương cho hệ đào tạo từ xa?,1007
Địa chỉ của văn phòng phòng thanh tra pháp chế là ở đâu?,địa chỉ văn phòng của phòng thanh tra pháp chế nằm ở đâu?,1008
Phòng thanh tra pháp chế đặt tại địa điểm nào?,địa chỉ văn phòng của phòng thanh tra pháp chế nằm ở đâu?,1008
Bạn cho mình biết địa chỉ văn phòng phòng thanh tra pháp chế nhé.,địa chỉ văn phòng của phòng thanh tra pháp chế nằm ở đâu?,1008
"Mình cần địa chỉ văn phòng của phòng thanh tra pháp chế, làm ơn chỉ dẫn.",địa chỉ văn phòng của phòng thanh tra pháp chế nằm ở đâu?,1008
Văn phòng phòng thanh tra pháp chế nằm ở vị trí cụ thể nào?,địa chỉ văn phòng của phòng thanh tra pháp chế nằm ở đâu?,1008
Làm sao để gọi điện liên hệ với phòng thanh tra pháp chế?,làm thế nào để liên hệ với phòng thanh tra pháp chế qua điện thoại?,1009
Số điện thoại của phòng thanh tra pháp chế là bao nhiêu?,làm thế nào để liên hệ với phòng thanh tra pháp chế qua điện thoại?,1009
Mình có thể liên hệ trực tiếp với phòng thanh tra pháp chế qua điện thoại không?,làm thế nào để liên hệ với phòng thanh tra pháp chế qua điện thoại?,1009
Ai có thể cung cấp số điện thoại để gọi cho phòng thanh tra pháp chế?,làm thế nào để liên hệ với phòng thanh tra pháp chế qua điện thoại?,1009
Đường dây nóng của phòng thanh tra pháp chế là số gì ạ?,làm thế nào để liên hệ với phòng thanh tra pháp chế qua điện thoại?,1009
Phòng thanh tra pháp chế hỗ trợ sinh viên giải quyết những vấn đề nào?,phòng thanh tra pháp chế hỗ trợ giải quyết những vấn đề gì cho sinh viên?,1010
Sinh viên có thể nhờ phòng thanh tra pháp chế giúp gì?,phòng thanh tra pháp chế hỗ trợ giải quyết những vấn đề gì cho sinh viên?,1010
Những vấn đề gì thuộc phạm vi hỗ trợ của phòng thanh tra pháp chế dành cho sinh viên?,phòng thanh tra pháp chế hỗ trợ giải quyết những vấn đề gì cho sinh viên?,1010
Phòng thanh tra pháp chế nhận hỗ trợ sinh viên về những lĩnh vực nào?,phòng thanh tra pháp chế hỗ trợ giải quyết những vấn đề gì cho sinh viên?,1010
Sinh viên sẽ được phòng thanh tra pháp chế giúp đỡ trong trường hợp gặp vấn đề gì?,phòng thanh tra pháp chế hỗ trợ giải quyết những vấn đề gì cho sinh viên?,1010
Phòng thanh tra pháp chế thực hiện những công việc giám sát đào tạo nào?,hoạt động giám sát đào tạo của phòng thanh tra pháp chế bao gồm những việc gì?,1011
Những nội dung nào thuộc phạm vi giám sát đào tạo của phòng thanh tra pháp chế?,hoạt động giám sát đào tạo của phòng thanh tra pháp chế bao gồm những việc gì?,1011
Phòng thanh tra pháp chế giám sát các hoạt động đào tạo như thế nào?,hoạt động giám sát đào tạo của phòng thanh tra pháp chế bao gồm những việc gì?,1011
Hoạt động giám sát đào tạo của phòng thanh tra pháp chế gồm những phần nào?,hoạt động giám sát đào tạo của phòng thanh tra pháp chế bao gồm những việc gì?,1011
Phòng thanh tra pháp chế quản lý và giám sát các việc gì trong công tác đào tạo?,hoạt động giám sát đào tạo của phòng thanh tra pháp chế bao gồm những việc gì?,1011
Phòng thanh tra pháp chế đã triển khai công tác tuyên truyền pháp luật ra sao?,phòng thanh tra pháp chế thực hiện công tác tuyên truyền pháp luật như thế nào?,1012
Làm thế nào để phòng thanh tra pháp chế thực hiện tốt việc tuyên truyền luật pháp?,phòng thanh tra pháp chế thực hiện công tác tuyên truyền pháp luật như thế nào?,1012
Phòng thanh tra pháp chế có phương thức tuyên truyền pháp luật cụ thể như thế nào không?,phòng thanh tra pháp chế thực hiện công tác tuyên truyền pháp luật như thế nào?,1012
Hoạt động tuyên truyền pháp luật của phòng thanh tra pháp chế được tổ chức thế nào?,phòng thanh tra pháp chế thực hiện công tác tuyên truyền pháp luật như thế nào?,1012
Phòng thanh tra pháp chế tiến hành tuyên truyền pháp luật bằng những hình thức nào?,phòng thanh tra pháp chế thực hiện công tác tuyên truyền pháp luật như thế nào?,1012
Trường có cơ quan nào cung cấp tư vấn pháp lý cho sinh viên không?,sinh viên có thể được tư vấn pháp lý tại đâu trong trường?,1013
Sinh viên muốn xin tư vấn luật thì đến bộ phận nào của trường?,sinh viên có thể được tư vấn pháp lý tại đâu trong trường?,1013
"Tại trường, sinh viên có thể tìm ai để được hỗ trợ về mặt pháp lý?",sinh viên có thể được tư vấn pháp lý tại đâu trong trường?,1013
Bạn biết chỗ nào trong trường mà sinh viên có thể nhận được tư vấn luật không?,sinh viên có thể được tư vấn pháp lý tại đâu trong trường?,1013
Bộ phận nào ở trường chuyên trách về tư vấn pháp lý cho sinh viên?,sinh viên có thể được tư vấn pháp lý tại đâu trong trường?,1013
Văn phòng phòng truyền thông đặt ở đâu?,văn phòng của phòng truyền thông nằm ở vị trí nào?,1014
Phòng truyền thông có văn phòng tại vị trí nào?,văn phòng của phòng truyền thông nằm ở vị trí nào?,1014
Vị trí của văn phòng phòng truyền thông là nơi nào?,văn phòng của phòng truyền thông nằm ở vị trí nào?,1014
Bạn cho biết văn phòng phòng truyền thông nằm ở đâu được không?,văn phòng của phòng truyền thông nằm ở vị trí nào?,1014
Địa chỉ văn phòng thuộc phòng truyền thông ở đâu?,văn phòng của phòng truyền thông nằm ở vị trí nào?,1014
Trường Đại học Sư phạm Kỹ thuật TP.HCM có những kênh mạng xã hội chính thức nào?,các kênh mạng xã hội chính thức của trường đại học sư phạm kỹ thuật tp.hcm là gì?,1015
Tôi muốn biết danh sách các trang mạng xã hội chính thức của trường Đại học Sư phạm Kỹ thuật TP.HCM.,các kênh mạng xã hội chính thức của trường đại học sư phạm kỹ thuật tp.hcm là gì?,1015
Bạn hãy chỉ cho tôi những kênh mạng xã hội đại diện chính thức của trường Sư phạm Kỹ thuật TP.HCM.,các kênh mạng xã hội chính thức của trường đại học sư phạm kỹ thuật tp.hcm là gì?,1015
Các tài khoản mạng xã hội chính thức của trường Đại học Sư phạm Kỹ thuật TP.HCM là những kênh gì?,các kênh mạng xã hội chính thức của trường đại học sư phạm kỹ thuật tp.hcm là gì?,1015
Trường Sư phạm Kỹ thuật TP.HCM đang quản lý những kênh mạng xã hội chính thức nào?,các kênh mạng xã hội chính thức của trường đại học sư phạm kỹ thuật tp.hcm là gì?,1015
Phòng truyền thông đã phối hợp triển khai những chương trình trọng điểm nào của trường?,phòng truyền thông hỗ trợ các chương trình lớn nào của nhà trường?,1016
Những hoạt động quy mô lớn nào của nhà trường đã có sự hỗ trợ từ phòng truyền thông?,phòng truyền thông hỗ trợ các chương trình lớn nào của nhà trường?,1016
Phòng truyền thông tham gia backing các chương trình cấp cao nào của trường?,phòng truyền thông hỗ trợ các chương trình lớn nào của nhà trường?,1016
Bạn có thể cho biết các sự kiện lớn mà phòng truyền thông đã hỗ trợ chưa?,phòng truyền thông hỗ trợ các chương trình lớn nào của nhà trường?,1016
Danh sách các chương trình lớn của nhà trường nhận được sự đồng hành từ phòng truyền thông là gì?,phòng truyền thông hỗ trợ các chương trình lớn nào của nhà trường?,1016
Bộ phận nào phụ trách quản lý các bảng LED và website chính thức của trường?,đơn vị nào quản lý các bảng led và website chính thức của nhà trường?,1017
Làm thế nào để liên hệ với đơn vị quản lý bảng điện tử và trang web chính thức của nhà trường?,đơn vị nào quản lý các bảng led và website chính thức của nhà trường?,1017
Ai là người chịu trách nhiệm điều hành các bảng LED và website chính thức của trường chúng ta?,đơn vị nào quản lý các bảng led và website chính thức của nhà trường?,1017
Bạn cho tôi biết đơn vị nào đang quản lý hệ thống bảng LED và website chính thức của trường nhé?,đơn vị nào quản lý các bảng led và website chính thức của nhà trường?,1017
Cơ quan nào trong trường được giao nhiệm vụ quản lý các bảng LED và trang web chính thức?,đơn vị nào quản lý các bảng led và website chính thức của nhà trường?,1017
Phòng truyền thông đang phối hợp với đoàn hội sinh viên trong những hoạt động cụ thể nào?,phòng truyền thông phối hợp với đoàn - hội sinh viên trong những hoạt động nào?,1018
Những hoạt động nào mà phòng truyền thông có sự phối hợp cùng đoàn hội sinh viên tham gia?,phòng truyền thông phối hợp với đoàn - hội sinh viên trong những hoạt động nào?,1018
Phòng truyền thông và đoàn hội sinh viên đang cùng nhau thực hiện các hoạt động gì?,phòng truyền thông phối hợp với đoàn - hội sinh viên trong những hoạt động nào?,1018
Đoàn hội sinh viên đang được phòng truyền thông phối hợp tổ chức những hoạt động nào?,phòng truyền thông phối hợp với đoàn - hội sinh viên trong những hoạt động nào?,1018
Phòng truyền thông hợp tác với đoàn hội sinh viên trong lĩnh vực hay hoạt động nào?,phòng truyền thông phối hợp với đoàn - hội sinh viên trong những hoạt động nào?,1018
Sinh viên liên hệ số điện thoại nào để được hướng dẫn cách nhận diện thương hiệu của trường?,sinh viên cần hướng dẫn sử dụng nhận diện thương hiệu của trường thì liên hệ đâu?,1019
Ai là người chịu trách nhiệm hướng dẫn sinh viên về nhận diện thương hiệu nhà trường và cách liên hệ?,sinh viên cần hướng dẫn sử dụng nhận diện thương hiệu của trường thì liên hệ đâu?,1019
"Để biết cách sử dụng nhận diện thương hiệu của trường, sinh viên cần liên hệ phòng ban nào?",sinh viên cần hướng dẫn sử dụng nhận diện thương hiệu của trường thì liên hệ đâu?,1019
Nếu sinh viên cần tìm hiểu về nhận diện thương hiệu của trường thì nên gọi cho ai?,sinh viên cần hướng dẫn sử dụng nhận diện thương hiệu của trường thì liên hệ đâu?,1019
Số hotline nào dành riêng để hỗ trợ sinh viên trong vấn đề nhận diện thương hiệu của trường?,sinh viên cần hướng dẫn sử dụng nhận diện thương hiệu của trường thì liên hệ đâu?,1019
Phòng truyền thông hỗ trợ kỹ thuật những gì cho hoạt động của sinh viên?,phòng truyền thông hỗ trợ kỹ thuật gì cho các hoạt động của sinh viên?,1020
Các hoạt động của sinh viên được phòng truyền thông hỗ trợ kỹ thuật như thế nào?,phòng truyền thông hỗ trợ kỹ thuật gì cho các hoạt động của sinh viên?,1020
Sinh viên nhận được sự hỗ trợ kỹ thuật nào từ phòng truyền thông?,phòng truyền thông hỗ trợ kỹ thuật gì cho các hoạt động của sinh viên?,1020
Phòng truyền thông cung cấp hỗ trợ kỹ thuật cho các hoạt động sinh viên ra sao?,phòng truyền thông hỗ trợ kỹ thuật gì cho các hoạt động của sinh viên?,1020
Những hỗ trợ kỹ thuật nào mà phòng truyền thông dành cho sinh viên?,phòng truyền thông hỗ trợ kỹ thuật gì cho các hoạt động của sinh viên?,1020
Nhà trường cung cấp những không gian học tập nào trong thư viện cho sinh viên?,thư viện của nhà trường có những địa điểm nào để sinh viên đến học tập?,1021
Sinh viên có thể đến những khu vực nào của thư viện để học bài?,thư viện của nhà trường có những địa điểm nào để sinh viên đến học tập?,1021
Thư viện của trường có những góc học tập nào dành cho sinh viên không?,thư viện của nhà trường có những địa điểm nào để sinh viên đến học tập?,1021
Các địa điểm học tập trong thư viện mà sinh viên được phép vào là những đâu?,thư viện của nhà trường có những địa điểm nào để sinh viên đến học tập?,1021
Sinh viên có thể chọn những vị trí nào để đến học tập tại thư viện nhà trường?,thư viện của nhà trường có những địa điểm nào để sinh viên đến học tập?,1021
Địa chỉ trang web của thư viện trường là gì?,địa chỉ website của thư viện trường là gì?,1022
Trường có website thư viện ở đâu không?,địa chỉ website của thư viện trường là gì?,1022
Làm sao để tìm địa chỉ site của thư viện trường?,địa chỉ website của thư viện trường là gì?,1022
Website thư viện của trường mình nằm tại đâu?,địa chỉ website của thư viện trường là gì?,1022
Bạn cho mình xin địa chỉ trang web thư viện trường nhé.,địa chỉ website của thư viện trường là gì?,1022
Thư viện có cung cấp những nguồn tài liệu thông tin gì cho sinh viên không?,thư viện cung cấp những loại tài nguyên thông tin nào cho sinh viên?,1023
Sinh viên có thể tìm thấy những loại tài nguyên thông tin nào tại thư viện?,thư viện cung cấp những loại tài nguyên thông tin nào cho sinh viên?,1023
Những loại thông tin và tài liệu nào mà thư viện hỗ trợ cung cấp cho sinh viên?,thư viện cung cấp những loại tài nguyên thông tin nào cho sinh viên?,1023
Thư viện cung cấp những gì về mặt tài nguyên thông tin dành riêng cho sinh viên?,thư viện cung cấp những loại tài nguyên thông tin nào cho sinh viên?,1023
Sinh viên được thư viện chia sẻ những kho tàng thông tin nào?,thư viện cung cấp những loại tài nguyên thông tin nào cho sinh viên?,1023
Sinh viên cần làm gì để mượn và hoàn trả sách ở thư viện?,làm sao để sinh viên có thể mượn và trả sách tại thư viện?,1024
Quy trình mượn và trả sách tại thư viện dành cho sinh viên như thế nào?,làm sao để sinh viên có thể mượn và trả sách tại thư viện?,1024
"Để có thể mượn và trả sách, sinh viên phải thực hiện các bước gì?",làm sao để sinh viên có thể mượn và trả sách tại thư viện?,1024
Thủ tục mượn và trả sách của sinh viên tại thư viện diễn ra ra sao?,làm sao để sinh viên có thể mượn và trả sách tại thư viện?,1024
Làm thế nào để sinh viên tiến hành việc mượn và trả sách tại thư viện?,làm sao để sinh viên có thể mượn và trả sách tại thư viện?,1024
Thư viện có hỗ trợ sinh viên tra cứu tài liệu trực tuyến không?,thư viện có hỗ trợ sinh viên tra cứu tài liệu trực tuyến không?,1025
Sinh viên có thể truy cập và xem tài liệu online tại thư viện được không?,thư viện có hỗ trợ sinh viên tra cứu tài liệu trực tuyến không?,1025
Có tài liệu nào trên mạng mà thư viện giúp sinh viên tìm kiếm không?,thư viện có hỗ trợ sinh viên tra cứu tài liệu trực tuyến không?,1025
Thư viện có cung cấp dịch vụ xem tài liệu điện tử cho sinh viên hay không?,thư viện có hỗ trợ sinh viên tra cứu tài liệu trực tuyến không?,1025
Làm thế nào để sinh viên có thể tìm tài liệu trực tuyến qua thư viện?,thư viện có hỗ trợ sinh viên tra cứu tài liệu trực tuyến không?,1025
Khu vực beehive trong thư viện có những điểm đặc trưng nào?,khu vực beehive của thư viện có đặc điểm gì nổi bật?,1026
Đặc điểm nổi bật của khu vực beehive tại thư viện là gì?,khu vực beehive của thư viện có đặc điểm gì nổi bật?,1026
Bạn có thể mô tả các đặc điểm riêng biệt của khu beehive trong thư viện không?,khu vực beehive của thư viện có đặc điểm gì nổi bật?,1026
Khu vực beehive của thư viện mang những nét gì nổi bật?,khu vực beehive của thư viện có đặc điểm gì nổi bật?,1026
Những yếu tố nào làm nên điểm đặc trưng của khu beehive tại thư viện?,khu vực beehive của thư viện có đặc điểm gì nổi bật?,1026
Thư viện triển khai những hoạt động gì nhằm khuyến khích sinh viên đọc sách?,thư viện có các hoạt động nào để khuyến khích sinh viên đọc sách?,1027
Sinh viên có thể tham gia các hoạt động nào từ thư viện để đọc nhiều hơn?,thư viện có các hoạt động nào để khuyến khích sinh viên đọc sách?,1027
"Để thúc đẩy thói quen đọc sách, thư viện tổ chức những sự kiện gì?",thư viện có các hoạt động nào để khuyến khích sinh viên đọc sách?,1027
Thư viện đang thực hiện những biện pháp gì để khuyến khích sinh viên yêu thích việc đọc?,thư viện có các hoạt động nào để khuyến khích sinh viên đọc sách?,1027
"Ngoài việc cho mượn, thư viện còn có những hoạt động nào để động viên sinh viên đọc sách?",thư viện có các hoạt động nào để khuyến khích sinh viên đọc sách?,1027
Bộ phận nào chịu trách nhiệm phát hành giáo trình chính thức dành cho sinh viên?,đơn vị nào phụ trách phát hành giáo trình chính thống cho sinh viên?,1028
Cơ quan nào lo việc in ấn và phân phối sách giáo khoa chuẩn cho sinh viên?,đơn vị nào phụ trách phát hành giáo trình chính thống cho sinh viên?,1028
Ai là đơn vị quản lý việc xuất bản tài liệu giảng dạy chính thống của sinh viên?,đơn vị nào phụ trách phát hành giáo trình chính thống cho sinh viên?,1028
Đơn vị nào đảm nhiệm công việc phát hành giáo trình đúng chuẩn quy định cho sinh viên?,đơn vị nào phụ trách phát hành giáo trình chính thống cho sinh viên?,1028
Phòng ban nào phụ trách việc cung cấp giáo trình chính thức cho sinh viên học tập?,đơn vị nào phụ trách phát hành giáo trình chính thống cho sinh viên?,1028
Văn phòng ban quản lý ký túc xá đặt tại vị trí nào?,văn phòng ban quản lý ký túc xá nằm ở đâu?,1029
Mình nên đi đến đâu để tìm văn phòng ban quản lý ký túc xá?,văn phòng ban quản lý ký túc xá nằm ở đâu?,1029
Cho biết địa chỉ của văn phòng ban quản lý ký túc xá đi nào.,văn phòng ban quản lý ký túc xá nằm ở đâu?,1029
Vị trí văn phòng ban quản lý ký túc xá nằm ở đâu vậy?,văn phòng ban quản lý ký túc xá nằm ở đâu?,1029
Ban quản lý ký túc xá có văn phòng đặt ở đâu không?,văn phòng ban quản lý ký túc xá nằm ở đâu?,1029
Số điện thoại liên hệ của ban quản lý ký túc xá là bao nhiêu?,số điện thoại liên hệ của ban quản lý ký túc xá là bao nhiêu?,1030
Ban quản lý ký túc xá có số điện thoại nào để liên hệ không?,số điện thoại liên hệ của ban quản lý ký túc xá là bao nhiêu?,1030
Mình muốn biết số điện thoại của ban quản lý ký túc xá.,số điện thoại liên hệ của ban quản lý ký túc xá là bao nhiêu?,1030
Ai có thể cho mình số điện thoại của ban quản lý ký túc xá?,số điện thoại liên hệ của ban quản lý ký túc xá là bao nhiêu?,1030
Số điện thoại của ban quản lý ký túc xá là gì?,số điện thoại liên hệ của ban quản lý ký túc xá là bao nhiêu?,1030
Ban quản lý ký túc xá được phân công phụ trách những nhiệm vụ nào?,ban quản lý ký túc xá phụ trách những công tác gì?,1031
Những hoạt động cụ thể nào mà ban quản lý ký túc xá đang đảm nhiệm?,ban quản lý ký túc xá phụ trách những công tác gì?,1031
Ban quản lý ký túc xá chịu trách nhiệm lo liệu những công tác gì cho sinh viên?,ban quản lý ký túc xá phụ trách những công tác gì?,1031
Sinh viên cần biết ban quản lý ký túc xá đang quản lý những mảng công việc nào?,ban quản lý ký túc xá phụ trách những công tác gì?,1031
Chức năng và nhiệm vụ chính của ban quản lý ký túc xá là những gì?,ban quản lý ký túc xá phụ trách những công tác gì?,1031
Trạm y tế của trường học được đặt tại đâu?,trạm y tế của nhà trường nằm ở vị trí nào?,1032
Nhà trường có trạm y tế ở vị trí nào không?,trạm y tế của nhà trường nằm ở vị trí nào?,1032
Vị trí cụ thể của trạm y tế trường là nơi nào?,trạm y tế của nhà trường nằm ở vị trí nào?,1032
Trường mình có trạm y tế tọa lạc ở đâu vậy?,trạm y tế của nhà trường nằm ở vị trí nào?,1032
Địa điểm đặt trạm y tế của trường nằm ở đâu?,trạm y tế của nhà trường nằm ở vị trí nào?,1032
Số điện thoại nóng của trạm y tế dùng cho các trường hợp khẩn cấp là bao nhiêu?,số điện thoại hotline của trạm y tế dùng trong trường hợp khẩn cấp là gì?,1033
"Khi cần xử lý việc cấp bách, số hotline liên hệ của trạm y tế là gì?",số điện thoại hotline của trạm y tế dùng trong trường hợp khẩn cấp là gì?,1033
Trạm y tế có số điện thoại khẩn cấp nào để gọi khi cần thiết không?,số điện thoại hotline của trạm y tế dùng trong trường hợp khẩn cấp là gì?,1033
"Trong tình huống khẩn cấp, mình nên gọi số hotline nào của trạm y tế?",số điện thoại hotline của trạm y tế dùng trong trường hợp khẩn cấp là gì?,1033
Số điện thoại khẩn cấp mà trạm y tế cung cấp để liên hệ là số mấy?,số điện thoại hotline của trạm y tế dùng trong trường hợp khẩn cấp là gì?,1033
Trạm y tế cung cấp những dịch vụ y tế gì cho sinh viên?,trạm y tế thực hiện các dịch vụ y tế nào cho sinh viên?,1034
Sinh viên được hưởng các dịch vụ y tế nào tại trạm y tế?,trạm y tế thực hiện các dịch vụ y tế nào cho sinh viên?,1034
Trạm y tế thực hiện những công việc y tế nào dành riêng cho sinh viên?,trạm y tế thực hiện các dịch vụ y tế nào cho sinh viên?,1034
Những dịch vụ y tế nào của trạm y tế dành cho sinh viên?,trạm y tế thực hiện các dịch vụ y tế nào cho sinh viên?,1034
Trạm y tế có thực hiện những dịch vụ y tế gì cho sinh viên không?,trạm y tế thực hiện các dịch vụ y tế nào cho sinh viên?,1034
Nếu sinh viên cần được tư vấn về bảo hiểm y tế bắt buộc thì phải liên hệ với đơn vị nào?,sinh viên cần tư vấn về bảo hiểm y tế bắt buộc thì liên hệ đơn vị nào?,1035
Đơn vị nào cung cấp dịch vụ tư vấn cho sinh viên về loại bảo hiểm y tế bắt buộc?,sinh viên cần tư vấn về bảo hiểm y tế bắt buộc thì liên hệ đơn vị nào?,1035
"Khi sinh viên muốn hỏi về bảo hiểm y tế bắt buộc, thì cần liên hệ tổ chức hay đơn vị nào?",sinh viên cần tư vấn về bảo hiểm y tế bắt buộc thì liên hệ đơn vị nào?,1035
Sinh viên cần tìm đơn vị nào để được hỗ trợ tư vấn về chính sách bảo hiểm y tế bắt buộc?,sinh viên cần tư vấn về bảo hiểm y tế bắt buộc thì liên hệ đơn vị nào?,1035
Ai là đơn vị chịu trách nhiệm tư vấn cho sinh viên về vấn đề bảo hiểm y tế bắt buộc?,sinh viên cần tư vấn về bảo hiểm y tế bắt buộc thì liên hệ đơn vị nào?,1035
Trạm y tế có thực hiện các hoạt động giáo dục sức khỏe dành riêng cho sinh viên không?,trạm y tế có hoạt động gì về giáo dục sức khỏe cho sinh viên?,1036
Công tác phổ biến kiến thức về sức khỏe tại trạm y tế có hướng tới đối tượng sinh viên hay không?,trạm y tế có hoạt động gì về giáo dục sức khỏe cho sinh viên?,1036
Sinh viên có được tham gia vào các chương trình giáo dục sức khỏe do trạm y tế tổ chức không?,trạm y tế có hoạt động gì về giáo dục sức khỏe cho sinh viên?,1036
Trạm y tế đã triển khai những hoạt động nào nhằm nâng cao nhận thức sức khỏe cho sinh viên?,trạm y tế có hoạt động gì về giáo dục sức khỏe cho sinh viên?,1036
"Các hoạt động truyền thông, giáo dục sức khỏe của trạm y tế có bao gồm sinh viên trong kế hoạch không?",trạm y tế có hoạt động gì về giáo dục sức khỏe cho sinh viên?,1036
Đơn vị nào chịu trách nhiệm quản lý vấn đề vệ sinh và an toàn thực phẩm tại trường?,đơn vị nào xử lý vấn đề vệ sinh và an toàn thực phẩm trong trường?,1037
Phòng ban nào ở trường lo công tác vệ sinh và đảm bảo an toàn thực phẩm?,đơn vị nào xử lý vấn đề vệ sinh và an toàn thực phẩm trong trường?,1037
Ai là đơn vị được giao nhiệm vụ xử lý các vấn đề về vệ sinh và an toàn thực phẩm trong nhà trường?,đơn vị nào xử lý vấn đề vệ sinh và an toàn thực phẩm trong trường?,1037
"Tổ chức nào đảm nhận công việc kiểm tra và duy trì vệ sinh, an toàn thực phẩm tại trường?",đơn vị nào xử lý vấn đề vệ sinh và an toàn thực phẩm trong trường?,1037
Bộ phận nào của trường phụ trách mảng vệ sinh và an toàn thực phẩm?,đơn vị nào xử lý vấn đề vệ sinh và an toàn thực phẩm trong trường?,1037
Các văn phòng làm việc của trung tâm thông tin và máy tính nằm ở đâu?,"trung tâm thông tin, máy tính có các văn phòng làm việc tại đâu?",1038
Trung tâm thông tin cũng như máy tính có địa chỉ văn phòng ở nơi nào?,"trung tâm thông tin, máy tính có các văn phòng làm việc tại đâu?",1038
Bạn có thể cho biết vị trí các văn phòng làm việc thuộc trung tâm thông tin và máy tính không?,"trung tâm thông tin, máy tính có các văn phòng làm việc tại đâu?",1038
Nơi đặt các văn phòng làm việc của bộ phận thông tin và máy tính là đâu?,"trung tâm thông tin, máy tính có các văn phòng làm việc tại đâu?",1038
Địa điểm làm việc của trung tâm thông tin và máy tính ở khu vực nào?,"trung tâm thông tin, máy tính có các văn phòng làm việc tại đâu?",1038
Trung tâm thông tin và máy tính quản lý các loại tài khoản sinh viên như thế nào?,"trung tâm thông tin, máy tính quản lý những loại tài khoản nào của sinh viên?",1039
Sinh viên có những loại tài khoản nào được trung tâm thông tin và máy tính quản lý?,"trung tâm thông tin, máy tính quản lý những loại tài khoản nào của sinh viên?",1039
"Loại tài khoản nào của sinh viên thuộc phạm vi quản lý của trung tâm thông tin, máy tính?","trung tâm thông tin, máy tính quản lý những loại tài khoản nào của sinh viên?",1039
"Trung tâm thông tin, máy tính chịu trách nhiệm quản lý những tài khoản sinh viên ra sao?","trung tâm thông tin, máy tính quản lý những loại tài khoản nào của sinh viên?",1039
"Hãy cho biết các loại tài khoản sinh viên mà trung tâm thông tin, máy tính đang quản lý.","trung tâm thông tin, máy tính quản lý những loại tài khoản nào của sinh viên?",1039
Sinh viên cần làm gì để lấy lại mật khẩu email do trường cung cấp?,làm thế nào để sinh viên lấy lại mật khẩu email do trường cấp?,1040
Làm thế nào sinh viên có thể khôi phục lại mật khẩu email của trường?,làm thế nào để sinh viên lấy lại mật khẩu email do trường cấp?,1040
Quy trình lấy lại mật khẩu email cấp cho sinh viên là gì?,làm thế nào để sinh viên lấy lại mật khẩu email do trường cấp?,1040
Mình làm sao để reset lại mật khẩu email mà trường đã phân phát?,làm thế nào để sinh viên lấy lại mật khẩu email do trường cấp?,1040
Sinh viên có thể khôi phục mật khẩu email nhà trường bằng cách nào?,làm thế nào để sinh viên lấy lại mật khẩu email do trường cấp?,1040
Trung tâm thông tin và máy tính có hỗ trợ sinh viên gửi hay nhận email không?,"trung tâm thông tin, máy tính có hỗ trợ sinh viên sử dụng email không?",1041
Sinh viên có thể dùng dịch vụ email tại trung tâm thông tin và máy tính được không?,"trung tâm thông tin, máy tính có hỗ trợ sinh viên sử dụng email không?",1041
"Tôi muốn hỏi xem trung tâm thông tin, máy tính có cho phép sinh viên sử dụng email hay không.","trung tâm thông tin, máy tính có hỗ trợ sinh viên sử dụng email không?",1041
Trung tâm thông tin và máy tính có cung cấp dịch vụ hỗ trợ sinh viên trong việc dùng email không?,"trung tâm thông tin, máy tính có hỗ trợ sinh viên sử dụng email không?",1041
"Liệu sinh viên có được trung tâm thông tin, máy tính hỗ trợ khi cần dùng email không vậy?","trung tâm thông tin, máy tính có hỗ trợ sinh viên sử dụng email không?",1041
Phòng nào của nhà trường chịu trách nhiệm quản lý các phòng máy tính?,đơn vị nào quản lý các phòng máy tính trong nhà trường?,1042
Đơn vị nào có nhiệm vụ quản lý hệ thống phòng máy trong trường?,đơn vị nào quản lý các phòng máy tính trong nhà trường?,1042
Ai là bộ phận quản lý các phòng máy tính tại đây?,đơn vị nào quản lý các phòng máy tính trong nhà trường?,1042
Tên đơn vị quản lý các phòng máy tính trong nhà trường là gì?,đơn vị nào quản lý các phòng máy tính trong nhà trường?,1042
Chúng ta cần liên hệ phòng nào để được hỗ trợ về các phòng máy tính?,đơn vị nào quản lý các phòng máy tính trong nhà trường?,1042
Số hotline hỗ trợ kỹ thuật của trung tâm thông tin và máy tính là bao nhiêu?,"số điện thoại hotline hỗ trợ kỹ thuật của trung tâm thông tin, máy tính là gì?",1043
"Làm thế nào để liên hệ bộ phận kỹ thuật của trung tâm thông tin, máy tính qua điện thoại?","số điện thoại hotline hỗ trợ kỹ thuật của trung tâm thông tin, máy tính là gì?",1043
"Trung tâm thông tin, máy tính cung cấp số điện thoại hỗ trợ kỹ thuật nào?","số điện thoại hotline hỗ trợ kỹ thuật của trung tâm thông tin, máy tính là gì?",1043
Bạn có thể cho mình số điện thoại gọi kỹ thuật của trung tâm máy tính không?,"số điện thoại hotline hỗ trợ kỹ thuật của trung tâm thông tin, máy tính là gì?",1043
"Số điện thoại để gọi xin hỗ trợ kỹ thuật tại trung tâm thông tin, máy tính là gì?","số điện thoại hotline hỗ trợ kỹ thuật của trung tâm thông tin, máy tính là gì?",1043
Văn phòng trung tâm giáo dục thể chất được đặt tại địa chỉ nào?,văn phòng trung tâm giáo dục thể chất nằm ở đâu?,1044
Địa điểm đặt văn phòng của trung tâm giáo dục thể chất là chỗ nào?,văn phòng trung tâm giáo dục thể chất nằm ở đâu?,1044
Trung tâm giáo dục thể chất có văn phòng ở đâu không bạn?,văn phòng trung tâm giáo dục thể chất nằm ở đâu?,1044
Bạn cho biết văn phòng trung tâm giáo dục thể chất tọa lạc tại đâu nhé?,văn phòng trung tâm giáo dục thể chất nằm ở đâu?,1044
Vị trí văn phòng trung tâm giáo dục thể chất nằm ở nơi nào?,văn phòng trung tâm giáo dục thể chất nằm ở đâu?,1044
Trung tâm giáo dục thể chất được phân công phụ trách những lĩnh vực đào tạo nào?,trung tâm giáo dục thể chất phụ trách những mảng đào tạo nào?,1045
Các mảng đào tạo mà trung tâm giáo dục thể chất chịu trách nhiệm quản lý là gì?,trung tâm giáo dục thể chất phụ trách những mảng đào tạo nào?,1045
Trung tâm giáo dục thể chất đảm nhận việc đào tạo những nội dung cụ thể nào?,trung tâm giáo dục thể chất phụ trách những mảng đào tạo nào?,1045
Những ngành đào tạo nào thuộc phạm vi phụ trách của trung tâm giáo dục thể chất?,trung tâm giáo dục thể chất phụ trách những mảng đào tạo nào?,1045
Trung tâm giáo dục thể chất đang triển khai các chương trình đào tạo cho những mảng nào?,trung tâm giáo dục thể chất phụ trách những mảng đào tạo nào?,1045
Sinh viên muốn làm thủ tục miễn giảm môn Giáo dục thể chất thì cần đến phòng nào?,sinh viên muốn làm thủ tục miễn giảm môn giáo dục thể chất thì đến đâu?,1046
Làm thế nào để sinh viên được miễn môn thể dục và nơi nộp hồ sơ là đâu?,sinh viên muốn làm thủ tục miễn giảm môn giáo dục thể chất thì đến đâu?,1046
Ai phụ trách việc miễn giảm môn giáo dục thể chất và sinh viên đến văn phòng của ai?,sinh viên muốn làm thủ tục miễn giảm môn giáo dục thể chất thì đến đâu?,1046
Địa điểm tiếp nhận đơn xin miễn môn thể dục cho sinh viên là nơi nào?,sinh viên muốn làm thủ tục miễn giảm môn giáo dục thể chất thì đến đâu?,1046
"Để được miễn môn Giáo dục thể chất, sinh viên cần đến bộ phận hành chính nào?",sinh viên muốn làm thủ tục miễn giảm môn giáo dục thể chất thì đến đâu?,1046
Đơn vị nào chịu trách nhiệm quản lý các câu lạc bộ thể thao và tổ chức hội thao trong trường?,đơn vị nào quản lý các câu lạc bộ thể thao và tổ chức hội thao trong trường?,1047
Ban nào phụ trách việc quản lý các CLB thể thao cũng như tổ chức các cuộc thi thể thao trong nhà trường?,đơn vị nào quản lý các câu lạc bộ thể thao và tổ chức hội thao trong trường?,1047
Có đơn vị nào được giao nhiệm vụ quản lý các câu lạc bộ thể thao và tổ chức hội thao hay không?,đơn vị nào quản lý các câu lạc bộ thể thao và tổ chức hội thao trong trường?,1047
Ai là đơn vị quản lý các câu lạc bộ thể thao và lo việc tổ chức các hội thao trong trường?,đơn vị nào quản lý các câu lạc bộ thể thao và tổ chức hội thao trong trường?,1047
Chức năng quản lý các câu lạc bộ thể thao và tổ chức hội thao thuộc về đơn vị nào?,đơn vị nào quản lý các câu lạc bộ thể thao và tổ chức hội thao trong trường?,1047
Văn phòng của trung tâm giáo dục quốc phòng và an ninh đặt tại địa điểm nào?,văn phòng của trung tâm giáo dục quốc phòng và an ninh nằm ở đâu?,1048
Trung tâm giáo dục quốc phòng và an ninh có văn phòng ở đâu không?,văn phòng của trung tâm giáo dục quốc phòng và an ninh nằm ở đâu?,1048
Bạn có thể cho mình biết địa chỉ văn phòng của trung tâm giáo dục quốc phòng và an ninh được không?,văn phòng của trung tâm giáo dục quốc phòng và an ninh nằm ở đâu?,1048
Địa chỉ văn phòng của trung tâm giáo dục quốc phòng và an ninh là nơi nào vậy?,văn phòng của trung tâm giáo dục quốc phòng và an ninh nằm ở đâu?,1048
"Mình cần tìm văn phòng của trung tâm giáo dục quốc phòng và an ninh, nhờ bạn chỉ giúp xem nằm ở đâu nhé.",văn phòng của trung tâm giáo dục quốc phòng và an ninh nằm ở đâu?,1048
Trung tâm giáo dục quốc phòng và an ninh đảm nhiệm những nhiệm vụ gì?,trung tâm giáo dục quốc phòng và an ninh phụ trách những công việc gì?,1049
Những công việc cụ thể mà trung tâm giáo dục quốc phòng và an ninh phụ trách là những gì?,trung tâm giáo dục quốc phòng và an ninh phụ trách những công việc gì?,1049
Trung tâm giáo dục quốc phòng và an ninh được giao quản lý những hạng mục công việc nào?,trung tâm giáo dục quốc phòng và an ninh phụ trách những công việc gì?,1049
Lĩnh vực công việc chính của trung tâm giáo dục quốc phòng và an ninh bao gồm những gì?,trung tâm giáo dục quốc phòng và an ninh phụ trách những công việc gì?,1049
Trung tâm giáo dục quốc phòng và an ninh chuyên phụ trách những vấn đề gì?,trung tâm giáo dục quốc phòng và an ninh phụ trách những công việc gì?,1049
Trung tâm Giáo dục Quốc phòng và An ninh có tổ chức lớp đào tạo về phòng cháy chữa cháy không?,trung tâm giáo dục quốc phòng và an ninh có đào tạo về phòng cháy chữa cháy không?,1050
Mình muốn hỏi trung tâm này có dạy kỹ năng PCCC hay không ạ?,trung tâm giáo dục quốc phòng và an ninh có đào tạo về phòng cháy chữa cháy không?,1050
Chương trình đào tạo của trung tâm GQĐ&AN có bao gồm nội dung về phòng chống và chữa cháy hỏa hoạn không?,trung tâm giáo dục quốc phòng và an ninh có đào tạo về phòng cháy chữa cháy không?,1050
Có đào tạo thêm về phòng cháy chữa cháy tại trung tâm giáo dục quốc phòng và an ninh không?,trung tâm giáo dục quốc phòng và an ninh có đào tạo về phòng cháy chữa cháy không?,1050
Trung tâm có mở lớp học chuyên đề về phòng cháy chữa cháy cho sinh viên không?,trung tâm giáo dục quốc phòng và an ninh có đào tạo về phòng cháy chữa cháy không?,1050
Văn phòng của trung tâm sáng tạo - khởi nghiệp và chuyển giao công nghệ được đặt ở đâu?,trung tâm sáng tạo - khởi nghiệp và chuyển giao công nghệ đặt văn phòng tại đâu?,1051
Bạn cho biết địa chỉ văn phòng của trung tâm sáng tạo - khởi nghiệp và chuyển giao công nghệ nhé?,trung tâm sáng tạo - khởi nghiệp và chuyển giao công nghệ đặt văn phòng tại đâu?,1051
Trung tâm khởi nghiệp và chuyển giao công nghệ đang đặt trụ sở chính ở đâu vậy?,trung tâm sáng tạo - khởi nghiệp và chuyển giao công nghệ đặt văn phòng tại đâu?,1051
Địa điểm đặt văn phòng của trung tâm sáng tạo - khởi nghiệp và chuyển giao công nghệ là nơi nào?,trung tâm sáng tạo - khởi nghiệp và chuyển giao công nghệ đặt văn phòng tại đâu?,1051
Mình muốn biết văn phòng trung tâm sáng tạo - khởi nghiệp và chuyển giao công nghệ tọa lạc tại đâu?,trung tâm sáng tạo - khởi nghiệp và chuyển giao công nghệ đặt văn phòng tại đâu?,1051
"Trung tâm sáng tạo, khởi nghiệp và chuyển giao công nghệ đã hỗ trợ sinh viên ra sao?",trung tâm sáng tạo - khởi nghiệp và chuyển giao công nghệ hỗ trợ sinh viên như thế nào?,1052
Sinh viên được trung tâm sáng tạo - khởi nghiệp và chuyển giao công nghệ hỗ trợ những gì?,trung tâm sáng tạo - khởi nghiệp và chuyển giao công nghệ hỗ trợ sinh viên như thế nào?,1052
"Cách thức mà trung tâm sáng tạo, khởi nghiệp và chuyển giao công nghệ giúp đỡ sinh viên là gì?",trung tâm sáng tạo - khởi nghiệp và chuyển giao công nghệ hỗ trợ sinh viên như thế nào?,1052
Trung tâm sáng tạo - khởi nghiệp và chuyển giao công nghệ có những biện pháp hỗ trợ nào dành cho sinh viên?,trung tâm sáng tạo - khởi nghiệp và chuyển giao công nghệ hỗ trợ sinh viên như thế nào?,1052
"Sinh viên được hưởng những sự hỗ trợ cụ thể nào từ trung tâm sáng tạo, khởi nghiệp và chuyển giao công nghệ?",trung tâm sáng tạo - khởi nghiệp và chuyển giao công nghệ hỗ trợ sinh viên như thế nào?,1052
Trung tâm dạy học số được đặt ở đâu?,trung tâm dạy học số nằm ở vị trí nào?,1053
Vị trí của trung tâm dạy học số là nơi nào?,trung tâm dạy học số nằm ở vị trí nào?,1053
Có thể cho mình biết địa điểm của trung tâm dạy học số không?,trung tâm dạy học số nằm ở vị trí nào?,1053
Trung tâm dạy học số tọa lạc tại địa chỉ nào?,trung tâm dạy học số nằm ở vị trí nào?,1053
Bạn có thể hướng dẫn mình tìm thấy trung tâm dạy học số ở đâu được không?,trung tâm dạy học số nằm ở vị trí nào?,1053
Chức năng cốt lõi của trung tâm dạy học số dành cho sinh viên là gì?,chức năng chính của trung tâm dạy học số đối với sinh viên là gì?,1054
Trung tâm dạy học số phục vụ sinh viên chủ yếu vào việc nào?,chức năng chính của trung tâm dạy học số đối với sinh viên là gì?,1054
Sinh viên có thể nhận được chức năng chính nào từ trung tâm dạy học số?,chức năng chính của trung tâm dạy học số đối với sinh viên là gì?,1054
Mục đích chính của trung tâm dạy học số khi hỗ trợ sinh viên là gì?,chức năng chính của trung tâm dạy học số đối với sinh viên là gì?,1054
Trung tâm dạy học số đóng vai trò chính như thế nào đối với sinh viên?,chức năng chính của trung tâm dạy học số đối với sinh viên là gì?,1054
Văn phòng Trung tâm Phát triển Ngôn ngữ đặt tại địa điểm nào?,văn phòng trung tâm phát triển ngôn ngữ nằm ở đâu?,1055
Nơi nào là trụ sở của văn phòng Trung tâm Phát triển Ngôn ngữ?,văn phòng trung tâm phát triển ngôn ngữ nằm ở đâu?,1055
Bạn có thể cho mình biết địa chỉ của văn phòng Trung tâm Phát triển Ngôn ngữ không?,văn phòng trung tâm phát triển ngôn ngữ nằm ở đâu?,1055
Trụ sở của Trung tâm Phát triển Ngôn ngữ nằm ở đâu vậy?,văn phòng trung tâm phát triển ngôn ngữ nằm ở đâu?,1055
Địa điểm đặt văn phòng của Trung tâm Phát triển Ngôn ngữ là nơi nào?,văn phòng trung tâm phát triển ngôn ngữ nằm ở đâu?,1055
Trung tâm phát triển ngôn ngữ có tổ chức các lớp học ngoại ngữ cho sinh viên không?,trung tâm phát triển ngôn ngữ có đào tạo ngoại ngữ cho sinh viên không?,1056
Liệu trung tâm có cung cấp chương trình đào tạo ngoại ngữ dành cho sinh viên hay không?,trung tâm phát triển ngôn ngữ có đào tạo ngoại ngữ cho sinh viên không?,1056
Sinh viên có được trung tâm phát triển ngôn ngữ hướng dẫn về các ngoại ngữ khác không?,trung tâm phát triển ngôn ngữ có đào tạo ngoại ngữ cho sinh viên không?,1056
Trung tâm có dạy ngoại ngữ cho đối tượng là sinh viên chưa?,trung tâm phát triển ngôn ngữ có đào tạo ngoại ngữ cho sinh viên không?,1056
Các khóa học ngoại ngữ của trung tâm có mở đăng ký cho sinh viên không?,trung tâm phát triển ngôn ngữ có đào tạo ngoại ngữ cho sinh viên không?,1056
Đơn vị nào phụ trách tổ chức các kỳ thi đánh giá năng lực tiếng Anh cho sinh viên của trường?,đơn vị nào tổ chức các kỳ thi đánh giá năng lực tiếng anh cho sinh viên tại trường?,1057
Ai là đơn vị được giao nhiệm vụ tổ chức các kỳ thi năng lực tiếng Anh dành cho sinh viên?,đơn vị nào tổ chức các kỳ thi đánh giá năng lực tiếng anh cho sinh viên tại trường?,1057
"Trong trường chúng ta, đơn vị nào đứng ra tổ chức các kỳ thi đánh giá năng lực môn tiếng Anh?",đơn vị nào tổ chức các kỳ thi đánh giá năng lực tiếng anh cho sinh viên tại trường?,1057
Đơn vị chịu trách nhiệm tổ chức các kỳ thi tiếng Anh đánh giá năng lực cho sinh viên là đơn vị nào?,đơn vị nào tổ chức các kỳ thi đánh giá năng lực tiếng anh cho sinh viên tại trường?,1057
Sinh viên cần liên hệ với đơn vị nào để biết thông tin về việc tổ chức các kỳ thi đánh giá năng lực tiếng Anh?,đơn vị nào tổ chức các kỳ thi đánh giá năng lực tiếng anh cho sinh viên tại trường?,1057
Văn phòng trung tâm tin học đặt ở đâu?,văn phòng trung tâm tin học nằm ở vị trí nào?,1058
Vị trí cụ thể của văn phòng trung tâm tin học là nơi nào?,văn phòng trung tâm tin học nằm ở vị trí nào?,1058
Bạn cho mình biết văn phòng trung tâm tin học nằm tại địa chỉ nào được không?,văn phòng trung tâm tin học nằm ở vị trí nào?,1058
Trung tâm tin học có văn phòng ở vị trí nào vậy?,văn phòng trung tâm tin học nằm ở vị trí nào?,1058
Địa chỉ của văn phòng thuộc trung tâm tin học là gì?,văn phòng trung tâm tin học nằm ở vị trí nào?,1058
Trung tâm tin học có đào tạo những khóa học gì không?,trung tâm tin học đào tạo những khóa học nào?,1059
Bạn cho biết trung tâm tin học cung cấp các lớp học nào nhé.,trung tâm tin học đào tạo những khóa học nào?,1059
Danh sách các khóa học mà trung tâm tin học dạy là gì?,trung tâm tin học đào tạo những khóa học nào?,1059
Trung tâm tin học mở những chương trình đào tạo nào vậy?,trung tâm tin học đào tạo những khóa học nào?,1059
Những khóa đào tạo nào hiện đang được trung tâm tin học tổ chức?,trung tâm tin học đào tạo những khóa học nào?,1059
Sinh viên có thể đăng ký thi lấy chứng chỉ quốc gia về ứng dụng công nghệ thông tin tại địa điểm nào?,sinh viên có thể thi lấy chứng chỉ ứng dụng công nghệ thông tin quốc gia tại đâu?,1060
Nơi tổ chức thi chứng chỉ ứng dụng công nghệ thông tin quốc gia dành cho sinh viên là đâu?,sinh viên có thể thi lấy chứng chỉ ứng dụng công nghệ thông tin quốc gia tại đâu?,1060
"Để lấy chứng chỉ ứng dụng CNTT quốc gia, sinh viên cần đến thi tại cơ quan nào?",sinh viên có thể thi lấy chứng chỉ ứng dụng công nghệ thông tin quốc gia tại đâu?,1060
Làm thế nào để sinh viên biết được địa điểm thi chứng chỉ quốc gia về ứng dụng công nghệ thông tin?,sinh viên có thể thi lấy chứng chỉ ứng dụng công nghệ thông tin quốc gia tại đâu?,1060
Sinh viên muốn thi lấy chứng chỉ ứng dụng công nghệ thông tin quốc gia thì nên đến đâu?,sinh viên có thể thi lấy chứng chỉ ứng dụng công nghệ thông tin quốc gia tại đâu?,1060
Trung tâm Việt Nhật được đặt ở đâu trong khuôn viên trường?,trung tâm việt nhật nằm ở vị trí nào trong trường?,1061
Vị trí của trung tâm Việt Nhật nằm cụ thể ở phía nào của trường?,trung tâm việt nhật nằm ở vị trí nào trong trường?,1061
Bạn có thể cho mình biết trung tâm Việt Nhật tọa lạc tại vị trí nào trong trường không?,trung tâm việt nhật nằm ở vị trí nào trong trường?,1061
Khu vực trung tâm Việt Nhật nằm ở phần nào của trường học?,trung tâm việt nhật nằm ở vị trí nào trong trường?,1061
Trường chúng ta đặt trung tâm Việt Nhật ở vị trí địa điểm nào?,trung tâm việt nhật nằm ở vị trí nào trong trường?,1061
Trung tâm Việt Nhật có tổ chức lớp học tiếng Nhật dành cho sinh viên không?,trung tâm việt nhật có đào tạo tiếng nhật cho sinh viên không?,1062
Bên mình có dạy tiếng Nhật cho đối tượng là sinh viên hay không?,trung tâm việt nhật có đào tạo tiếng nhật cho sinh viên không?,1062
Chương trình đào tạo tiếng Nhật của trung tâm này có mở cho sinh viên hay không?,trung tâm việt nhật có đào tạo tiếng nhật cho sinh viên không?,1062
Sinh viên có thể đăng ký học tiếng Nhật tại trung tâm Việt Nhật được không?,trung tâm việt nhật có đào tạo tiếng nhật cho sinh viên không?,1062
Trung tâm có nhận sinh viên vào học tiếng Nhật không vậy?,trung tâm việt nhật có đào tạo tiếng nhật cho sinh viên không?,1062
Trung tâm Việt Nhật có đào tạo thêm những kỹ năng nào ngoài tiếng Nhật không?,"ngoài tiếng nhật, trung tâm việt nhật còn đào tạo kỹ năng gì?",1063
"Ngoài việc dạy tiếng Nhật, trung tâm này còn cung cấp kỹ năng gì cho học viên?","ngoài tiếng nhật, trung tâm việt nhật còn đào tạo kỹ năng gì?",1063
"Bên cạnh tiếng Nhật, chương trình đào tạo của trung tâm Việt Nhật bao gồm kỹ năng nào?","ngoài tiếng nhật, trung tâm việt nhật còn đào tạo kỹ năng gì?",1063
Trung tâm Việt Nhật có mở các lớp kỹ năng gì thêm bên cạnh khóa tiếng Nhật?,"ngoài tiếng nhật, trung tâm việt nhật còn đào tạo kỹ năng gì?",1063
"Ngoài tiếng Nhật ra, sinh viên có thể học được kỹ năng gì tại trung tâm Việt Nhật?","ngoài tiếng nhật, trung tâm việt nhật còn đào tạo kỹ năng gì?",1063
Trung tâm Việt Nhật hỗ trợ sinh viên tìm việc làm ra sao?,trung tâm việt nhật hỗ trợ sinh viên tìm kiếm việc làm như thế nào?,1064
Quy trình hỗ trợ sinh viên xin việc của trung tâm Việt Nhật diễn ra thế nào?,trung tâm việt nhật hỗ trợ sinh viên tìm kiếm việc làm như thế nào?,1064
Trung tâm Việt Nhật có phương thức nào giúp sinh viên tìm được công việc không?,trung tâm việt nhật hỗ trợ sinh viên tìm kiếm việc làm như thế nào?,1064
Sinh viên được trung tâm Việt Nhật hỗ trợ tìm việc như thế nào?,trung tâm việt nhật hỗ trợ sinh viên tìm kiếm việc làm như thế nào?,1064
Trung tâm Việt Nhật giúp sinh viên kiếm việc làm bằng cách nào?,trung tâm việt nhật hỗ trợ sinh viên tìm kiếm việc làm như thế nào?,1064
Sinh viên có nhu cầu du học Nhật Bản nên liên hệ với đơn vị nào?,sinh viên muốn tư vấn du học nhật bản thì liên hệ đơn vị nào?,1065
"Nếu muốn xin tư vấn về du học Nhật Bản, mình cần liên hệ tổ chức hay công ty nào?",sinh viên muốn tư vấn du học nhật bản thì liên hệ đơn vị nào?,1065
Đơn vị nào cung cấp dịch vụ tư vấn du học Nhật Bản uy tín cho sinh viên?,sinh viên muốn tư vấn du học nhật bản thì liên hệ đơn vị nào?,1065
Ai là đơn vị chuyên tư vấn cho sinh viên muốn đi học tại Nhật?,sinh viên muốn tư vấn du học nhật bản thì liên hệ đơn vị nào?,1065
Sinh viên đang muốn du học Nhật thì nên liên hệ với bên nào để được hỗ trợ?,sinh viên muốn tư vấn du học nhật bản thì liên hệ đơn vị nào?,1065
Văn phòng Đảng ủy trường đóng ở địa điểm nào?,văn phòng đảng ủy trường nằm ở đâu?,1066
Địa chỉ của văn phòng Đảng ủy trường là đâu?,văn phòng đảng ủy trường nằm ở đâu?,1066
Bạn có thể cho mình biết văn phòng Đảng ủy trường nằm tại vị trí nào không?,văn phòng đảng ủy trường nằm ở đâu?,1066
Mình muốn hỏi xem văn phòng Đảng ủy trường tọa lạc ở đâu.,văn phòng đảng ủy trường nằm ở đâu?,1066
Văn phòng Đảng ủy trường đặt tại đâu vậy?,văn phòng đảng ủy trường nằm ở đâu?,1066
Văn phòng Đảng ủy trường phụ trách những công việc gì?,văn phòng đảng ủy trường phụ trách những công tác gì?,1067
Những nhiệm vụ nào thuộc phạm vi phụ trách của văn phòng Đảng ủy trường?,văn phòng đảng ủy trường phụ trách những công tác gì?,1067
Văn phòng Đảng ủy trường được giao quản lý những hạng mục công tác nào?,văn phòng đảng ủy trường phụ trách những công tác gì?,1067
Các công tác mà văn phòng Đảng ủy trường chịu trách nhiệm là gì?,văn phòng đảng ủy trường phụ trách những công tác gì?,1067
"Chức năng, nhiệm vụ cụ thể của văn phòng Đảng ủy trường bao gồm những gì?",văn phòng đảng ủy trường phụ trách những công tác gì?,1067
Văn phòng của đoàn trường và hội sinh viên nhà trường đặt ở vị trí nào?,văn phòng đoàn trường và hội sinh viên trường nằm ở đâu?,1068
Địa chỉ cụ thể của văn phòng đoàn thanh niên và hội sinh viên là đâu?,văn phòng đoàn trường và hội sinh viên trường nằm ở đâu?,1068
Mình muốn biết văn phòng đoàn trường và hội sinh viên nằm ở khu vực nào?,văn phòng đoàn trường và hội sinh viên trường nằm ở đâu?,1068
Khu vực đặt văn phòng của đoàn trường cùng hội sinh viên ở đâu vậy?,văn phòng đoàn trường và hội sinh viên trường nằm ở đâu?,1068
Bạn cho mình biết địa điểm văn phòng đoàn trường và hội sinh viên nhé?,văn phòng đoàn trường và hội sinh viên trường nằm ở đâu?,1068
Đoàn trường và hội sinh viên trường quản lý những hồ sơ gì?,đoàn trường và hội sinh viên trường quản lý những loại hồ sơ nào?,1069
Những loại hồ sơ nào thuộc quyền quản lý của đoàn trường và hội sinh viên trường?,đoàn trường và hội sinh viên trường quản lý những loại hồ sơ nào?,1069
Đoàn trường cùng hội sinh viên nhà trường đang quản lý những tài liệu nào?,đoàn trường và hội sinh viên trường quản lý những loại hồ sơ nào?,1069
Các loại hồ sơ được đoàn trường và hội sinh viên trường lưu giữ là những hồ sơ gì?,đoàn trường và hội sinh viên trường quản lý những loại hồ sơ nào?,1069
Đoàn trường và hội sinh viên quản lý những gì trong số các loại hồ sơ?,đoàn trường và hội sinh viên trường quản lý những loại hồ sơ nào?,1069
Đoàn trường cùng hội sinh viên có hỗ trợ sinh viên trong việc rèn luyện không?,đoàn trường và hội sinh viên có hỗ trợ sinh viên về vấn đề rèn luyện không?,1070
Có hỗ trợ sinh viên về vấn đề rèn luyện từ đoàn trường và hội sinh viên hay không?,đoàn trường và hội sinh viên có hỗ trợ sinh viên về vấn đề rèn luyện không?,1070
Đoàn trường và hội sinh viên đã hỗ trợ sinh viên rèn luyện chưa?,đoàn trường và hội sinh viên có hỗ trợ sinh viên về vấn đề rèn luyện không?,1070
Vấn đề rèn luyện có được đoàn trường và hội sinh viên hỗ trợ cho sinh viên không?,đoàn trường và hội sinh viên có hỗ trợ sinh viên về vấn đề rèn luyện không?,1070
Sinh viên có nhận được sự hỗ trợ về mặt rèn luyện từ đoàn trường và hội sinh viên không?,đoàn trường và hội sinh viên có hỗ trợ sinh viên về vấn đề rèn luyện không?,1070
Đơn vị nào là chủ trì cho các hoạt động tình nguyện của sinh viên?,các hoạt động tình nguyện của sinh viên do đơn vị nào tổ chức?,1071
Các hoạt động tình nguyện dành cho sinh viên được tổ chức bởi đơn vị nào vậy?,các hoạt động tình nguyện của sinh viên do đơn vị nào tổ chức?,1071
Ai là đơn vị chịu trách nhiệm tổ chức các hoạt động tình nguyện sinh viên?,các hoạt động tình nguyện của sinh viên do đơn vị nào tổ chức?,1071
Đơn vị nào đứng ra tổ chức các chương trình tình nguyện cho sinh viên?,các hoạt động tình nguyện của sinh viên do đơn vị nào tổ chức?,1071
Cơ quan hay tổ chức nào tổ chức các hoạt động tình nguyện sinh viên?,các hoạt động tình nguyện của sinh viên do đơn vị nào tổ chức?,1071
Địa chỉ trang web của đoàn trường là gì?,địa chỉ website của đoàn trường là gì?,1072
Đoàn trường có website ở đâu không?,địa chỉ website của đoàn trường là gì?,1072
Làm thế nào để truy cập vào website của đoàn trường?,địa chỉ website của đoàn trường là gì?,1072
Link trang web của đoàn trường là gì vậy?,địa chỉ website của đoàn trường là gì?,1072
"Mình cần địa chỉ website của đoàn trường, bạn cho mình với.",địa chỉ website của đoàn trường là gì?,1072
Email liên hệ của hội sinh viên trường là gì?,email liên hệ của hội sinh viên trường là gì?,1073
Hội sinh viên trường có địa chỉ email nào để liên hệ không?,email liên hệ của hội sinh viên trường là gì?,1073
Làm thế nào để liên hệ với ban chủ nhiệm hội sinh viên qua email?,email liên hệ của hội sinh viên trường là gì?,1073
Số email của tổ chức sinh viên trường chúng ta là gì?,email liên hệ của hội sinh viên trường là gì?,1073
Anh/chị cho tôi biết địa chỉ email của hội sinh viên trường nhé.,email liên hệ của hội sinh viên trường là gì?,1073
Số điện thoại để liên hệ với văn phòng Đoàn trường là bao nhiêu?,số điện thoại liên hệ của văn phòng đoàn trường là bao nhiêu?,1074
Văn phòng Đoàn trường có số điện thoại liên hệ là gì?,số điện thoại liên hệ của văn phòng đoàn trường là bao nhiêu?,1074
Bạn cho mình biết số điện thoại của văn phòng Đoàn trường nhé?,số điện thoại liên hệ của văn phòng đoàn trường là bao nhiêu?,1074
Làm thế nào để mình gọi vào văn phòng Đoàn trường?,số điện thoại liên hệ của văn phòng đoàn trường là bao nhiêu?,1074
Mình cần số điện thoại liên lạc của phòng Đoàn trường.,số điện thoại liên hệ của văn phòng đoàn trường là bao nhiêu?,1074
Trung tâm dạy học số có số điện thoại hỗ trợ qua Zalo không?,trung tâm dạy học số có hotline hỗ trợ qua zalo không?,1075
Mình muốn hỏi xem trung tâm dạy học số có hỗ trợ nhắn tin trên Zalo hay không ạ?,trung tâm dạy học số có hotline hỗ trợ qua zalo không?,1075
Trung tâm dạy học số có cung cấp số hotline để liên lạc qua Zalo cho sinh viên không?,trung tâm dạy học số có hotline hỗ trợ qua zalo không?,1075
Có thể gọi điện hoặc nhắn tin vào số hotline của trung tâm dạy học số qua Zalo được không?,trung tâm dạy học số có hotline hỗ trợ qua zalo không?,1075
Trung tâm dạy học số có mở kênh hỗ trợ qua Zalo để giải đáp thắc mắc không ạ?,trung tâm dạy học số có hotline hỗ trợ qua zalo không?,1075
Làm thế nào để gọi điện thoại cho trung tâm Việt Nhật?,làm sao để liên hệ với trung tâm việt nhật qua điện thoại?,1076
Số điện thoại liên hệ của trung tâm Việt Nhật là gì?,làm sao để liên hệ với trung tâm việt nhật qua điện thoại?,1076
Tôi có thể gọi điện vào đâu để hỏi chuyện trung tâm Việt Nhật?,làm sao để liên hệ với trung tâm việt nhật qua điện thoại?,1076
Ai có thể chỉ cho tôi cách liên lạc với trung tâm Việt Nhật qua điện thoại?,làm sao để liên hệ với trung tâm việt nhật qua điện thoại?,1076
Số máy nào dùng để gọi vào trung tâm Việt Nhật?,làm sao để liên hệ với trung tâm việt nhật qua điện thoại?,1076
Trung tâm Tin học có trang Fanpage chính thức không?,trung tâm tin học có fanpage chính thức không?,1077
Bên trung tâm Tin học đã tạo trang Facebook chính thức chưa?,trung tâm tin học có fanpage chính thức không?,1077
Làm thế nào để liên hệ với trung tâm Tin học qua Facebook?,trung tâm tin học có fanpage chính thức không?,1077
Trung tâm Tin học có trang Facebook riêng để cập nhật thông tin không?,trung tâm tin học có fanpage chính thức không?,1077
Tôi có thể tìm thấy Fanpage chính thức của trung tâm Tin học ở đâu?,trung tâm tin học có fanpage chính thức không?,1077
Văn phòng khoa Điện - Điện tử đặt ở vị trí nào?,văn phòng khoa điện - điện tử nằm ở đâu?,1078
Địa chỉ cụ thể của văn phòng khoa Điện - Điện tử là đâu?,văn phòng khoa điện - điện tử nằm ở đâu?,1078
Anh/chị có thể cho mình biết văn phòng khoa Điện - Điện tử nằm tại đâu không?,văn phòng khoa điện - điện tử nằm ở đâu?,1078
Mình cần tìm văn phòng khoa Điện - Điện tử thì đi đến nơi nào?,văn phòng khoa điện - điện tử nằm ở đâu?,1078
Vị trí văn phòng của khoa Điện - Điện tử nằm ở đâu vậy?,văn phòng khoa điện - điện tử nằm ở đâu?,1078
Website chính thức của khoa Điện - Điện tử là đâu?,website chính thức của khoa điện - điện tử là gì?,1079
Tôi muốn biết địa chỉ website chính thức của khoa Điện - Điện tử.,website chính thức của khoa điện - điện tử là gì?,1079
"Khoa Điện - Điện tử có trang web chính thức nào không, nếu có thì là gì?",website chính thức của khoa điện - điện tử là gì?,1079
Làm sao để tìm ra website chính thức của khoa Điện - Điện tử?,website chính thức của khoa điện - điện tử là gì?,1079
Cho tôi thông tin về website chính thức của khoa Điện - Điện tử.,website chính thức của khoa điện - điện tử là gì?,1079
Số điện thoại và địa chỉ email của khoa Điện - Điện tử là gì?,thông tin liên hệ điện thoại và email của khoa điện - điện tử như thế nào?,1080
Làm thế nào để liên lạc với khoa Điện - Điện tử qua điện thoại hay email?,thông tin liên hệ điện thoại và email của khoa điện - điện tử như thế nào?,1080
Vui lòng cung cấp thông tin liên hệ (điện thoại và email) của khoa Điện - Điện tử.,thông tin liên hệ điện thoại và email của khoa điện - điện tử như thế nào?,1080
Khoa Điện - Điện tử có số điện thoại và email để liên hệ là bao nhiêu?,thông tin liên hệ điện thoại và email của khoa điện - điện tử như thế nào?,1080
Số điện thoại và địa chỉ email liên hệ của khoa Điện - Điện tử được ghi nhận như thế nào?,thông tin liên hệ điện thoại và email của khoa điện - điện tử như thế nào?,1080
Ngành điện - điện tử quản lý những ngành đào tạo nào?,khoa điện - điện tử quản lý những ngành đào tạo nào?,1081
Khoa điện - điện tử phụ trách đào tạo những ngành nào?,khoa điện - điện tử quản lý những ngành đào tạo nào?,1081
Những ngành đào tạo nào thuộc quyền quản lý của khoa điện - điện tử?,khoa điện - điện tử quản lý những ngành đào tạo nào?,1081
Khoa điện - điện tử có quản lý những ngành nào không?,khoa điện - điện tử quản lý những ngành đào tạo nào?,1081
Danh sách các ngành đào tạo do khoa điện - điện tử quản lý là gì?,khoa điện - điện tử quản lý những ngành đào tạo nào?,1081
Địa chỉ nhóm Facebook của sinh viên khoa Điện - Điện tử là gì?,địa chỉ group facebook dành cho sinh viên khoa điện - điện tử là gì?,1082
Làm sao để biết được link nhóm Facebook dành cho sinh viên ngành Điện - Điện tử?,địa chỉ group facebook dành cho sinh viên khoa điện - điện tử là gì?,1082
Nhóm Facebook sinh viên khoa Điện - Điện tử có tên và địa chỉ cụ thể là gì?,địa chỉ group facebook dành cho sinh viên khoa điện - điện tử là gì?,1082
"Tôi cần địa chỉ nhóm Facebook cho sinh viên chuyên ngành Điện - Điện tử, bạn cho biết với nhé.",địa chỉ group facebook dành cho sinh viên khoa điện - điện tử là gì?,1082
Link truy cập nhóm Facebook của sinh viên khoa Điện - Điện tử ở đâu?,địa chỉ group facebook dành cho sinh viên khoa điện - điện tử là gì?,1082
Văn phòng khoa Cơ khí chế tạo máy được đặt tại địa điểm nào?,văn phòng khoa cơ khí chế tạo máy nằm ở đâu?,1083
Khoa Cơ khí chế tạo máy có văn phòng ở đâu không?,văn phòng khoa cơ khí chế tạo máy nằm ở đâu?,1083
Địa chỉ của văn phòng khoa Cơ khí chế tạo máy là nơi nào?,văn phòng khoa cơ khí chế tạo máy nằm ở đâu?,1083
Bạn có thể cho mình biết văn phòng khoa Cơ khí chế tạo máy nằm ở đâu được không?,văn phòng khoa cơ khí chế tạo máy nằm ở đâu?,1083
Vị trí văn phòng của khoa Cơ khí chế tạo máy cụ thể ở đâu vậy?,văn phòng khoa cơ khí chế tạo máy nằm ở đâu?,1083
Địa chỉ trang web của khoa Cơ khí chế tạo máy là bao nhiêu?,website của khoa cơ khí chế tạo máy là gì?,1084
Bạn có thể cho mình biết website của khoa Cơ khí chế tạo máy không?,website của khoa cơ khí chế tạo máy là gì?,1084
Khoa Cơ khí chế tạo máy có trang web chính thức nào để truy cập không?,website của khoa cơ khí chế tạo máy là gì?,1084
Làm thế nào để tìm ra đường link của khoa Cơ khí chế tạo máy?,website của khoa cơ khí chế tạo máy là gì?,1084
Website chính thức dành cho sinh viên khoa Cơ khí chế tạo máy nằm ở đâu?,website của khoa cơ khí chế tạo máy là gì?,1084
Làm sao để liên hệ với khoa Cơ khí chế tạo máy qua điện thoại và email?,làm thế nào để liên hệ với khoa cơ khí chế tạo máy qua điện thoại và email?,1085
Số điện thoại và địa chỉ email của khoa Cơ khí chế tạo máy là gì?,làm thế nào để liên hệ với khoa cơ khí chế tạo máy qua điện thoại và email?,1085
Mình cần gọi số nào và gửi email đến đâu để liên hệ bộ phận Cơ khí chế tạo máy?,làm thế nào để liên hệ với khoa cơ khí chế tạo máy qua điện thoại và email?,1085
Khoa Cơ khí chế tạo máy có thông tin liên hệ qua điện thoại và email không?,làm thế nào để liên hệ với khoa cơ khí chế tạo máy qua điện thoại và email?,1085
Cách để liên lạc với khoa Cơ khí chế tạo máy bằng điện thoại và thư điện tử là gì?,làm thế nào để liên hệ với khoa cơ khí chế tạo máy qua điện thoại và email?,1085
Khoa Cơ khí Chế tạo Máy quản lý những ngành đào tạo nào?,các ngành đào tạo do khoa cơ khí chế tạo máy quản lý bao gồm những ngành nào?,1086
Những ngành đào tạo thuộc quyền quản lý của khoa Cơ khí Chế tạo Máy là gì?,các ngành đào tạo do khoa cơ khí chế tạo máy quản lý bao gồm những ngành nào?,1086
Khoa Cơ khí Chế tạo Máy phụ trách đào tạo những ngành nào?,các ngành đào tạo do khoa cơ khí chế tạo máy quản lý bao gồm những ngành nào?,1086
Danh sách các ngành do khoa Cơ khí Chế tạo Máy quản lý gồm những gì?,các ngành đào tạo do khoa cơ khí chế tạo máy quản lý bao gồm những ngành nào?,1086
Bạn cho mình biết các ngành đào tạo mà khoa Cơ khí Chế tạo Máy quản lý nhé?,các ngành đào tạo do khoa cơ khí chế tạo máy quản lý bao gồm những ngành nào?,1086
Fanpage và nhóm Facebook của khoa Cơ khí chế tạo máy là gì?,fanpage và group facebook của khoa cơ khí chế tạo máy là gì?,1087
Tên fanpage và group Facebook thuộc khoa Cơ khí chế tạo máy là gì?,fanpage và group facebook của khoa cơ khí chế tạo máy là gì?,1087
Khoa Cơ khí chế tạo máy đang quản lý fanpage và group Facebook nào?,fanpage và group facebook của khoa cơ khí chế tạo máy là gì?,1087
Bạn có thể cho tôi biết fanpage và group Facebook của khoa Cơ khí chế tạo máy không?,fanpage và group facebook của khoa cơ khí chế tạo máy là gì?,1087
Fanpage và nhóm Facebook đại diện cho khoa Cơ khí chế tạo máy được đặt tên như thế nào?,fanpage và group facebook của khoa cơ khí chế tạo máy là gì?,1087
Văn phòng khoa Kinh tế đặt ở đâu?,văn phòng khoa kinh tế nằm ở vị trí nào?,1088
Địa chỉ của văn phòng khoa Kinh tế là vị trí nào?,văn phòng khoa kinh tế nằm ở vị trí nào?,1088
Mình muốn biết văn phòng khoa Kinh tế nằm ở đâu.,văn phòng khoa kinh tế nằm ở vị trí nào?,1088
Bạn cho mình biết vị trí văn phòng khoa Kinh tế được bố trí ra sao?,văn phòng khoa kinh tế nằm ở vị trí nào?,1088
Nơi đặt văn phòng khoa Kinh tế nằm ở đâu vậy?,văn phòng khoa kinh tế nằm ở vị trí nào?,1088
Khoa Kinh tế có địa chỉ trang web và địa chỉ email liên hệ là gì không?,địa chỉ website và email liên hệ của khoa kinh tế là gì?,1089
Làm thế nào để liên hệ với khoa Kinh tế qua website hoặc email?,địa chỉ website và email liên hệ của khoa kinh tế là gì?,1089
Xin vui lòng cung cấp địa chỉ website và email liên hệ của khoa Kinh tế.,địa chỉ website và email liên hệ của khoa kinh tế là gì?,1089
Website và email để liên hệ với khoa Kinh tế nằm ở đâu?,địa chỉ website và email liên hệ của khoa kinh tế là gì?,1089
Bộ phận nào quản lý địa chỉ web và email của khoa Kinh tế để tôi có thể liên hệ?,địa chỉ website và email liên hệ của khoa kinh tế là gì?,1089
Số điện thoại liên hệ của khoa kinh tế là bao nhiêu?,số điện thoại liên lạc của khoa kinh tế là số nào?,1090
Khoa kinh tế có số điện thoại gì để liên lạc không?,số điện thoại liên lạc của khoa kinh tế là số nào?,1090
Ai cho mình biết số điện thoại của khoa kinh tế với?,số điện thoại liên lạc của khoa kinh tế là số nào?,1090
Mình cần biết số điện thoại liên lạc của khoa kinh tế.,số điện thoại liên lạc của khoa kinh tế là số nào?,1090
Số điện thoại để gọi vào khoa kinh tế là số nào vậy?,số điện thoại liên lạc của khoa kinh tế là số nào?,1090
Khoa kinh tế hiện quản lý những ngành học nào?,khoa kinh tế hiện đang quản lý những ngành học nào?,1091
Những ngành học nào thuộc quyền quản lý của khoa kinh tế?,khoa kinh tế hiện đang quản lý những ngành học nào?,1091
Khoa kinh tế đang phụ trách đào tạo những ngành nào?,khoa kinh tế hiện đang quản lý những ngành học nào?,1091
Hiện tại khoa kinh tế có những ngành học nào?,khoa kinh tế hiện đang quản lý những ngành học nào?,1091
Các ngành học nào được khoa kinh tế quản lý?,khoa kinh tế hiện đang quản lý những ngành học nào?,1091
Địa chỉ trang fanpage chính thức của khoa Kinh tế là đâu?,địa chỉ fanpage chính thức của khoa kinh tế là gì?,1092
Mình muốn biết địa chỉ fanpage chính thức của khoa Kinh tế nhé.,địa chỉ fanpage chính thức của khoa kinh tế là gì?,1092
Bạn cho mình xin địa chỉ fanpage chính thức của khoa Kinh tế được không?,địa chỉ fanpage chính thức của khoa kinh tế là gì?,1092
Khoa Kinh tế có fanpage chính thức với địa chỉ cụ thể nào không?,địa chỉ fanpage chính thức của khoa kinh tế là gì?,1092
Làm thế nào để tìm được địa chỉ fanpage chính thức của khoa Kinh tế?,địa chỉ fanpage chính thức của khoa kinh tế là gì?,1092
Văn phòng khoa Xây dựng đặt tại vị trí nào?,văn phòng khoa xây dựng nằm ở đâu?,1093
Địa chỉ của văn phòng khoa Xây dựng là đâu?,văn phòng khoa xây dựng nằm ở đâu?,1093
Bạn cho biết văn phòng khoa Xây dựng nằm ở đâu nhé?,văn phòng khoa xây dựng nằm ở đâu?,1093
Nơi đặt văn phòng khoa Xây dựng là chỗ nào?,văn phòng khoa xây dựng nằm ở đâu?,1093
Tôi muốn hỏi văn phòng khoa Xây dựng tọa lạc ở đâu?,văn phòng khoa xây dựng nằm ở đâu?,1093
Khoa Xây dựng đang sử dụng những nền tảng liên lạc trực tuyến nào?,khoa xây dựng có những kênh liên lạc trực tuyến nào?,1094
Sinh viên có thể liên hệ với khoa Xây dựng qua các kênh trực tuyến gì?,khoa xây dựng có những kênh liên lạc trực tuyến nào?,1094
Những công cụ trực tuyến nào mà khoa Xây dựng cung cấp để giao tiếp?,khoa xây dựng có những kênh liên lạc trực tuyến nào?,1094
Khoa Xây dựng có những đường dây nóng hoặc kênh chat trực tuyến nào không?,khoa xây dựng có những kênh liên lạc trực tuyến nào?,1094
Danh sách các kênh liên lạc trực tuyến của khoa Xây dựng gồm những cái gì?,khoa xây dựng có những kênh liên lạc trực tuyến nào?,1094
Số điện thoại liên hệ của khoa Xây dựng là bao nhiêu ạ?,số điện thoại của khoa xây dựng là bao nhiêu?,1095
Khoa Xây dựng có thể cho mình số điện thoại được không?,số điện thoại của khoa xây dựng là bao nhiêu?,1095
"Mình cần hỏi số điện thoại của khoa Xây dựng, làm ơn chỉ giúp.",số điện thoại của khoa xây dựng là bao nhiêu?,1095
Số điện thoại phòng hành chính của khoa Xây dựng là số nào vậy?,số điện thoại của khoa xây dựng là bao nhiêu?,1095
Cho em xin số máy của khoa Xây dựng với ạ.,số điện thoại của khoa xây dựng là bao nhiêu?,1095
Khoa Xây dựng Quản lý có những ngành đào tạo nào?,danh sách các ngành đào tạo thuộc khoa xây dựng quản lý là gì?,1096
Anh/chị cho em biết danh sách các ngành trong khoa Xây dựng Quản lý nhé.,danh sách các ngành đào tạo thuộc khoa xây dựng quản lý là gì?,1096
Em cần tìm hiểu xem khoa Xây dựng Quản lý tuyển sinh những ngành gì.,danh sách các ngành đào tạo thuộc khoa xây dựng quản lý là gì?,1096
Những ngành nghề nào thuộc về khoa Xây dựng Quản lý vậy?,danh sách các ngành đào tạo thuộc khoa xây dựng quản lý là gì?,1096
Hãy liệt kê cho em các ngành đào tạo của khoa Xây dựng Quản lý.,danh sách các ngành đào tạo thuộc khoa xây dựng quản lý là gì?,1096
Địa chỉ fanpage của khoa Xây dựng là đâu?,link fanpage của khoa xây dựng là gì?,1097
"Khoa Xây dựng có fanpage nào không, nếu có thì link là gì?",link fanpage của khoa xây dựng là gì?,1097
Làm thế nào để tìm được đường link fanpage của khoa Xây dựng?,link fanpage của khoa xây dựng là gì?,1097
Bạn có thể gửi cho mình link fanpage của khoa Xây dựng được không?,link fanpage của khoa xây dựng là gì?,1097
Link để vào fanpage của khoa Xây dựng nằm ở đâu?,link fanpage của khoa xây dựng là gì?,1097
Địa chỉ của văn phòng khoa Cơ khí động lực là ở đâu?,văn phòng khoa cơ khí động lực nằm ở địa chỉ nào?,1098
Văn phòng khoa Cơ khí động lực tọa lạc tại địa điểm nào?,văn phòng khoa cơ khí động lực nằm ở địa chỉ nào?,1098
Mình muốn biết văn phòng khoa Cơ khí động lực đặt ở đâu?,văn phòng khoa cơ khí động lực nằm ở địa chỉ nào?,1098
Bạn có thể cho mình địa chỉ văn phòng khoa Cơ khí động lực không?,văn phòng khoa cơ khí động lực nằm ở địa chỉ nào?,1098
Khoa Cơ khí động lực có văn phòng ở địa chỉ cụ thể nào?,văn phòng khoa cơ khí động lực nằm ở địa chỉ nào?,1098
Website và fanpage của khoa Cơ khí động lực là địa chỉ nào?,thông tin website và fanpage của khoa cơ khí động lực là gì?,1099
Làm thế nào để tìm được thông tin về website và fanpage của khoa Cơ khí động lực?,thông tin website và fanpage của khoa cơ khí động lực là gì?,1099
Khoa Cơ khí động lực có website và fanpage ở đâu?,thông tin website và fanpage của khoa cơ khí động lực là gì?,1099
Bạn có thể cho mình biết link website và fanpage của khoa Cơ khí động lực không?,thông tin website và fanpage của khoa cơ khí động lực là gì?,1099
Địa chỉ trang web và trang fanpage thuộc khoa Cơ khí động lực là gì vậy?,thông tin website và fanpage của khoa cơ khí động lực là gì?,1099
Số điện thoại liên hệ của khoa Cơ khí động lực là bao nhiêu?,số điện thoại liên hệ của khoa cơ khí động lực là số nào?,1100
Khoa Cơ khí động lực có số điện thoại gì để liên hệ không?,số điện thoại liên hệ của khoa cơ khí động lực là số nào?,1100
Làm ơn cho mình biết số điện thoại của khoa Cơ khí động lực.,số điện thoại liên hệ của khoa cơ khí động lực là số nào?,1100
Số điện thoại để gọi vào khoa Cơ khí động lực là số nào vậy?,số điện thoại liên hệ của khoa cơ khí động lực là số nào?,1100
"Mình cần tìm số điện thoại của khoa Cơ khí động lực, bạn cho biết với nhé.",số điện thoại liên hệ của khoa cơ khí động lực là số nào?,1100
Khoa cơ khí động lực chịu trách nhiệm quản lý những ngành đào tạo nào?,khoa cơ khí động lực quản lý các ngành đào tạo nào?,1101
Ngành nào thuộc diện do khoa cơ khí động lực trực tiếp quản lý?,khoa cơ khí động lực quản lý các ngành đào tạo nào?,1101
Danh sách các ngành đào tạo mà khoa cơ khí động lực quản lý là gì?,khoa cơ khí động lực quản lý các ngành đào tạo nào?,1101
Khoa cơ khí động lực quản lý cho những ngành nào?,khoa cơ khí động lực quản lý các ngành đào tạo nào?,1101
Những ngành đào tạo nào nằm trong phạm vi quản lý của khoa cơ khí động lực?,khoa cơ khí động lực quản lý các ngành đào tạo nào?,1101
Văn phòng khoa Công nghệ thông tin đặt tại địa điểm nào?,văn phòng khoa công nghệ thông tin nằm ở đâu?,1102
Khoa Công nghệ thông tin có văn phòng ở đâu vậy?,văn phòng khoa công nghệ thông tin nằm ở đâu?,1102
Làm ơn cho biết vị trí văn phòng của khoa Công nghệ thông tin.,văn phòng khoa công nghệ thông tin nằm ở đâu?,1102
Bạn có thể chỉ giúp mình văn phòng khoa Công nghệ thông tin nằm ở đâu không?,văn phòng khoa công nghệ thông tin nằm ở đâu?,1102
Địa chỉ cụ thể của văn phòng khoa Công nghệ thông tin là nơi nào?,văn phòng khoa công nghệ thông tin nằm ở đâu?,1102
Địa chỉ trang web và hộp thư điện tử của khoa Công nghệ thông tin là gì?,website và email của khoa công nghệ thông tin là gì?,1103
Bạn cho biết website và email của khoa Công nghệ thông tin nhé.,website và email của khoa công nghệ thông tin là gì?,1103
Khoa Công nghệ thông tin có trang web và địa chỉ email nào?,website và email của khoa công nghệ thông tin là gì?,1103
Hãy cung cấp cho mình thông tin về website và email của khoa Công nghệ thông tin.,website và email của khoa công nghệ thông tin là gì?,1103
Website và email liên hệ của khoa Công nghệ thông tin là đâu vậy?,website và email của khoa công nghệ thông tin là gì?,1103
Số điện thoại liên hệ của khoa công nghệ thông tin là gì?,số điện thoại liên hệ của khoa công nghệ thông tin là số nào?,1104
Khoa công nghệ thông tin có số điện thoại liên lạc nào không?,số điện thoại liên hệ của khoa công nghệ thông tin là số nào?,1104
Bạn cho mình xin số máy của khoa công nghệ thông tin nhé.,số điện thoại liên hệ của khoa công nghệ thông tin là số nào?,1104
Làm ơn cung cấp số điện thoại của khoa công nghệ thông tin.,số điện thoại liên hệ của khoa công nghệ thông tin là số nào?,1104
Mình cần biết số điện thoại để liên hệ với khoa công nghệ thông tin.,số điện thoại liên hệ của khoa công nghệ thông tin là số nào?,1104
Ngành công nghệ thông tin quản lý những lĩnh vực nào?,khoa công nghệ thông tin quản lý những ngành nào?,1105
Những ngành nào thuộc diện được quản lý bởi khoa công nghệ thông tin?,khoa công nghệ thông tin quản lý những ngành nào?,1105
Khoa công nghệ thông tin phụ trách quản lý các ngành cụ thể là gì?,khoa công nghệ thông tin quản lý những ngành nào?,1105
"Trong số các ngành nghề, ngành nào nằm trong thẩm quyền quản lý của khoa công nghệ thông tin?",khoa công nghệ thông tin quản lý những ngành nào?,1105
Bạn có thể cho biết khoa công nghệ thông tin quản lý những ngành gì không?,khoa công nghệ thông tin quản lý những ngành nào?,1105
Fanpage và nhóm sinh viên của khoa công nghệ thông tin có tên là gì?,fanpage và group sinh viên của khoa công nghệ thông tin là gì?,1106
Khoa công nghệ thông tin có fanpage và group sinh viên nào không?,fanpage và group sinh viên của khoa công nghệ thông tin là gì?,1106
Tôi muốn biết fanpage cũng như group của sinh viên khoa công nghệ thông tin là trang nào.,fanpage và group sinh viên của khoa công nghệ thông tin là gì?,1106
Hãy cho tôi biết fanpage và group dành cho sinh viên khoa công nghệ thông tin.,fanpage và group sinh viên của khoa công nghệ thông tin là gì?,1106
Fanpage và group sinh viên thuộc khoa công nghệ thông tin được đặt tên ra sao?,fanpage và group sinh viên của khoa công nghệ thông tin là gì?,1106
Khoa công nghệ hóa học và thực phẩm có văn phòng đặt ở đâu không?,văn phòng khoa công nghệ hóa học và thực phẩm nằm ở vị trí nào?,1107
Vị trí cụ thể của văn phòng khoa công nghệ hóa học và thực phẩm là nơi nào?,văn phòng khoa công nghệ hóa học và thực phẩm nằm ở vị trí nào?,1107
Anh/chị cho biết địa chỉ văn phòng của khoa công nghệ hóa học và thực phẩm với mình nhé.,văn phòng khoa công nghệ hóa học và thực phẩm nằm ở vị trí nào?,1107
"Mình cần tìm văn phòng khoa công nghệ hóa học và thực phẩm, nó nằm ở đâu vậy?",văn phòng khoa công nghệ hóa học và thực phẩm nằm ở vị trí nào?,1107
Văn phòng của khoa công nghệ hóa học và thực phẩm tọa lạc tại vị trí nào trên khuôn viên trường?,văn phòng khoa công nghệ hóa học và thực phẩm nằm ở vị trí nào?,1107
Website và địa chỉ email của khoa Công nghệ hóa học và Thực phẩm là gì?,website và email của khoa công nghệ hóa học và thực phẩm là gì?,1108
Làm thế nào để liên hệ với khoa Công nghệ hóa học và Thực phẩm qua website hay email?,website và email của khoa công nghệ hóa học và thực phẩm là gì?,1108
Hãy cho tôi biết trang web và hộp thư điện tử của khoa Công nghệ hóa học và Thực phẩm.,website và email của khoa công nghệ hóa học và thực phẩm là gì?,1108
Khoa Công nghệ hóa học và Thực phẩm có website và email là gì?,website và email của khoa công nghệ hóa học và thực phẩm là gì?,1108
Tôi cần tìm địa chỉ mạng và email của khoa Công nghệ hóa học và Thực phẩm.,website và email của khoa công nghệ hóa học và thực phẩm là gì?,1108
Số điện thoại liên hệ của khoa công nghệ hóa học và thực phẩm là bao nhiêu?,số điện thoại liên hệ của khoa công nghệ hóa học và thực phẩm là số nào?,1109
Khoa công nghệ hóa học và thực phẩm có số điện thoại liên hệ nào không?,số điện thoại liên hệ của khoa công nghệ hóa học và thực phẩm là số nào?,1109
Mình muốn biết số điện thoại liên hệ của khoa công nghệ hóa học và thực phẩm là gì.,số điện thoại liên hệ của khoa công nghệ hóa học và thực phẩm là số nào?,1109
Làm ơn cho biết số điện thoại để liên hệ với khoa công nghệ hóa học và thực phẩm.,số điện thoại liên hệ của khoa công nghệ hóa học và thực phẩm là số nào?,1109
Số liên lạc của khoa công nghệ hóa học và thực phẩm là số mấy?,số điện thoại liên hệ của khoa công nghệ hóa học và thực phẩm là số nào?,1109
Khoa Công nghệ hóa học và thực phẩm quản lý những ngành và chương trình đào tạo nào?,các ngành và chương trình đào tạo do khoa công nghệ hóa học và thực phẩm quản lý là gì?,1110
Những ngành và chương trình đào tạo thuộc thẩm quyền quản lý của khoa Công nghệ hóa học và thực phẩm là gì?,các ngành và chương trình đào tạo do khoa công nghệ hóa học và thực phẩm quản lý là gì?,1110
Bạn có thể cho mình biết các ngành và chương trình đào tạo do khoa Công nghệ hóa học và thực phẩm phụ trách không?,các ngành và chương trình đào tạo do khoa công nghệ hóa học và thực phẩm quản lý là gì?,1110
Danh sách các ngành và chương trình đào tạo mà khoa Công nghệ hóa học và thực phẩm quản lý gồm những cái nào?,các ngành và chương trình đào tạo do khoa công nghệ hóa học và thực phẩm quản lý là gì?,1110
Khoa Công nghệ hóa học và thực phẩm đang quản lý những ngành và chương trình đào tạo cụ thể nào vậy?,các ngành và chương trình đào tạo do khoa công nghệ hóa học và thực phẩm quản lý là gì?,1110
Khoa công nghệ hóa học và thực phẩm có những kênh mạng xã hội nào?,kênh mạng xã hội của khoa công nghệ hóa học và thực phẩm gồm những gì?,1111
Danh sách kênh mạng xã hội của khoa công nghệ hóa học và thực phẩm là gì?,kênh mạng xã hội của khoa công nghệ hóa học và thực phẩm gồm những gì?,1111
Tôi muốn biết khoa công nghệ hóa học và thực phẩm đang vận hành các kênh mạng xã hội ra sao?,kênh mạng xã hội của khoa công nghệ hóa học và thực phẩm gồm những gì?,1111
Hãy cho tôi biết các kênh mạng xã hội thuộc về khoa công nghệ hóa học và thực phẩm.,kênh mạng xã hội của khoa công nghệ hóa học và thực phẩm gồm những gì?,1111
Khoa công nghệ hóa học và thực phẩm sở hữu những trang mạng xã hội nào?,kênh mạng xã hội của khoa công nghệ hóa học và thực phẩm gồm những gì?,1111
Văn phòng khoa Thời trang và Du lịch đặt tại vị trí nào?,văn phòng khoa thời trang và du lịch nằm ở đâu?,1112
Địa chỉ cụ thể của văn phòng khoa Thời trang và Du lịch là đâu?,văn phòng khoa thời trang và du lịch nằm ở đâu?,1112
Mình muốn biết văn phòng khoa Thời trang và Du lịch nằm ở chỗ nào?,văn phòng khoa thời trang và du lịch nằm ở đâu?,1112
Bạn có thể cho mình biết vị trí của văn phòng khoa Thời trang và Du lịch được không?,văn phòng khoa thời trang và du lịch nằm ở đâu?,1112
Khoa Thời trang và Du lịch có văn phòng ở địa điểm nào?,văn phòng khoa thời trang và du lịch nằm ở đâu?,1112
Website và địa chỉ email của khoa Thời trang và Du lịch là gì?,website và email của khoa thời trang và du lịch là gì?,1113
Khoa Thời trang và Du lịch có website và email liên hệ như thế nào?,website và email của khoa thời trang và du lịch là gì?,1113
Làm sao để biết website cùng hộp thư điện tử của khoa Thời trang và Du lịch?,website và email của khoa thời trang và du lịch là gì?,1113
Thông tin website và email của khoa Thời trang và Du lịch được đăng ở đâu?,website và email của khoa thời trang và du lịch là gì?,1113
Bạn cho mình biết đường link trang web và địa chỉ email của khoa Thời trang và Du lịch nhé.,website và email của khoa thời trang và du lịch là gì?,1113
Số điện thoại liên hệ của khoa Thời trang và Du lịch là bao nhiêu?,số điện thoại của khoa thời trang và du lịch là số nào?,1114
Khoa Thời trang và Du lịch có số điện thoại gì để gọi?,số điện thoại của khoa thời trang và du lịch là số nào?,1114
Anh/chị cho biết số điện thoại của khoa Thời trang và Du lịch nhé.,số điện thoại của khoa thời trang và du lịch là số nào?,1114
"Mình cần số điện thoại của khoa Thời trang và Du lịch, nhờ bạn cung cấp giúp.",số điện thoại của khoa thời trang và du lịch là số nào?,1114
Số điện thoại của khoa Thời trang và Du lịch là số gì?,số điện thoại của khoa thời trang và du lịch là số nào?,1114
Khoa Thời trang và Du lịch có đào tạo những ngành nào?,khoa thời trang và du lịch quản lý những ngành đào tạo nào?,1115
Những ngành đào tạo nào thuộc về khoa Thời trang và Du lịch?,khoa thời trang và du lịch quản lý những ngành đào tạo nào?,1115
Khoa Thời trang và Du lịch quản lý bao nhiêu ngành và là những ngành gì?,khoa thời trang và du lịch quản lý những ngành đào tạo nào?,1115
Bạn có thể cho mình biết các ngành đào tạo của khoa Thời trang và Du lịch không?,khoa thời trang và du lịch quản lý những ngành đào tạo nào?,1115
Danh sách các ngành đào tạo của khoa Thời trang và Du lịch gồm những cái nào?,khoa thời trang và du lịch quản lý những ngành đào tạo nào?,1115
Fanpage và nhóm sinh viên của khoa Thời trang và Du lịch là những gì?,fanpage và group sinh viên của khoa thời trang và du lịch là gì?,1116
Khoa Thời trang và Du lịch có fanpage cùng group sinh viên hay không và chúng tên là gì?,fanpage và group sinh viên của khoa thời trang và du lịch là gì?,1116
Bạn có thể cho biết fanpage và group sinh viên của khoa Thời trang và Du lịch không?,fanpage và group sinh viên của khoa thời trang và du lịch là gì?,1116
Thông tin về fanpage và cộng đồng sinh viên thuộc khoa Thời trang và Du lịch là gì?,fanpage và group sinh viên của khoa thời trang và du lịch là gì?,1116
Tôi muốn biết fanpage và group dành cho sinh viên khoa Thời trang và Du lịch được đặt tên thế nào.,fanpage và group sinh viên của khoa thời trang và du lịch là gì?,1116
Văn phòng khoa ngoại ngữ đặt ở đâu?,văn phòng khoa ngoại ngữ nằm ở vị trí nào?,1117
Vị trí của văn phòng khoa ngoại ngữ là nơi nào?,văn phòng khoa ngoại ngữ nằm ở vị trí nào?,1117
Khoa ngoại ngữ có văn phòng tại vị trí cụ thể nào không?,văn phòng khoa ngoại ngữ nằm ở vị trí nào?,1117
Bạn cho mình biết địa điểm của văn phòng khoa ngoại ngữ nhé.,văn phòng khoa ngoại ngữ nằm ở vị trí nào?,1117
Văn phòng thuộc khoa ngoại ngữ đang nằm ở khu vực nào trong trường?,văn phòng khoa ngoại ngữ nằm ở vị trí nào?,1117
Địa chỉ website và hộp thư điện tử của khoa Ngoại ngữ là gì?,website và email của khoa ngoại ngữ là gì?,1118
Khoa Ngoại ngữ có trang web và email liên hệ như thế nào?,website và email của khoa ngoại ngữ là gì?,1118
Bạn cho tôi biết website và email của khoa Ngoại ngữ nhé.,website và email của khoa ngoại ngữ là gì?,1118
"Số điện thoại, website hay email của khoa Ngoại ngữ ở đâu?",website và email của khoa ngoại ngữ là gì?,1118
Tôi cần tìm địa chỉ trang web và hòm thư của khoa Ngoại ngữ.,website và email của khoa ngoại ngữ là gì?,1118
Số điện thoại liên hệ của khoa ngoại ngữ là gì?,số điện thoại liên hệ của khoa ngoại ngữ là số nào?,1119
Khoa ngoại ngữ có số điện thoại nào để gọi không?,số điện thoại liên hệ của khoa ngoại ngữ là số nào?,1119
Ai có thể cho mình biết số điện thoại của khoa ngoại ngữ?,số điện thoại liên hệ của khoa ngoại ngữ là số nào?,1119
Số hotline của khoa ngoại ngữ là bao nhiêu?,số điện thoại liên hệ của khoa ngoại ngữ là số nào?,1119
"Mình cần số điện thoại của khoa ngoại ngữ, làm ơn cho biết.",số điện thoại liên hệ của khoa ngoại ngữ là số nào?,1119
Khoa Ngoại ngữ quản lý những ngành đào tạo nào?,khoa ngoại ngữ quản lý các ngành đào tạo nào?,1120
Ngành đào tạo nào thuộc sự quản lý của khoa Ngoại ngữ?,khoa ngoại ngữ quản lý các ngành đào tạo nào?,1120
Bạn có biết khoa Ngoại ngữ phụ trách quản lý các ngành nào không?,khoa ngoại ngữ quản lý các ngành đào tạo nào?,1120
Danh sách các ngành đào tạo được khoa Ngoại ngữ quản lý là gì?,khoa ngoại ngữ quản lý các ngành đào tạo nào?,1120
Khoa Ngoại ngữ có quản lý những ngành học cụ thể nào hay không?,khoa ngoại ngữ quản lý các ngành đào tạo nào?,1120
Fanpage chính thức của khoa Ngoại ngữ là trang nào?,fanpage chính thức của khoa ngoại ngữ là gì?,1121
Tên fanpage chính thức của khoa Ngoại ngữ là gì?,fanpage chính thức của khoa ngoại ngữ là gì?,1121
Khoa Ngoại ngữ có fanpage chính thức nào không?,fanpage chính thức của khoa ngoại ngữ là gì?,1121
Link fanpage chính thức của khoa Ngoại ngữ ở đâu?,fanpage chính thức của khoa ngoại ngữ là gì?,1121
Bạn biết fanpage chính thức của khoa Ngoại ngữ chưa?,fanpage chính thức của khoa ngoại ngữ là gì?,1121
Văn phòng khoa đào tạo quốc tế đặt tại đâu?,văn phòng khoa đào tạo quốc tế nằm ở đâu?,1122
Địa chỉ của văn phòng khoa đào tạo quốc tế là ở đâu?,văn phòng khoa đào tạo quốc tế nằm ở đâu?,1122
Mình có thể tìm thấy văn phòng khoa đào tạo quốc tế ở vị trí nào?,văn phòng khoa đào tạo quốc tế nằm ở đâu?,1122
Anh/chị vui lòng cho biết văn phòng khoa đào tạo quốc tế nằm tại đâu?,văn phòng khoa đào tạo quốc tế nằm ở đâu?,1122
Văn phòng thuộc khoa đào tạo quốc tế hiện đang tọa lạc ở đâu vậy?,văn phòng khoa đào tạo quốc tế nằm ở đâu?,1122
Thông tin liên hệ trực tuyến của khoa đào tạo quốc tế là gì?,thông tin liên hệ trực tuyến của khoa đào tạo quốc tế như thế nào?,1123
Làm sao để tìm được đường liên hệ trực tuyến của khoa đào tạo quốc tế?,thông tin liên hệ trực tuyến của khoa đào tạo quốc tế như thế nào?,1123
Khoa đào tạo quốc tế có trang web hoặc kênh liên hệ trực tuyến nào không?,thông tin liên hệ trực tuyến của khoa đào tạo quốc tế như thế nào?,1123
Mình muốn biết cách liên hệ trực tuyến với khoa đào tạo quốc tế thì phải làm sao?,thông tin liên hệ trực tuyến của khoa đào tạo quốc tế như thế nào?,1123
"Để liên hệ trực tuyến, khoa đào tạo quốc tế cung cấp thông tin ở đâu?",thông tin liên hệ trực tuyến của khoa đào tạo quốc tế như thế nào?,1123
Số điện thoại liên hệ của khoa đào tạo quốc tế là gì?,số điện thoại của khoa đào tạo quốc tế là số nào?,1124
Khoa đào tạo quốc tế dùng số điện thoại nào để nhận cuộc gọi?,số điện thoại của khoa đào tạo quốc tế là số nào?,1124
Anh/chị cho tôi biết số điện thoại của khoa đào tạo quốc tế nhé.,số điện thoại của khoa đào tạo quốc tế là số nào?,1124
Tôi muốn hỏi số điện thoại của khoa đào tạo quốc tế.,số điện thoại của khoa đào tạo quốc tế là số nào?,1124
Làm ơn cung cấp số điện thoại của khoa đào tạo quốc tế cho tôi.,số điện thoại của khoa đào tạo quốc tế là số nào?,1124
Khoa Đào tạo Quốc tế phụ trách quản lý những ngành nào trong chương trình đào tạo?,khoa đào tạo quốc tế quản lý các ngành thuộc chương trình đào tạo nào?,1125
Chương trình đào tạo có những ngành nào do khoa quốc tế quản lý?,khoa đào tạo quốc tế quản lý các ngành thuộc chương trình đào tạo nào?,1125
Khoa quốc tế quản lý các ngành thuộc chương trình đào tạo ra sao?,khoa đào tạo quốc tế quản lý các ngành thuộc chương trình đào tạo nào?,1125
Những ngành nào trong chương trình đào tạo thuộc thẩm quyền quản lý của khoa quốc tế?,khoa đào tạo quốc tế quản lý các ngành thuộc chương trình đào tạo nào?,1125
Khoa đào tạo quốc tế được giao quản lý những ngành nào của chương trình?,khoa đào tạo quốc tế quản lý các ngành thuộc chương trình đào tạo nào?,1125
Khoa Đào tạo Quốc tế có quản lý danh sách các ngành đào tạo chất lượng cao bằng tiếng Anh không?,liệt kê các ngành đào tạo chất lượng cao tiếng anh do khoa đào tạo quốc tế quản lý?,1126
Hãy cho biết những ngành đào tạo chất lượng cao bằng tiếng Anh nào do Khoa Đào tạo Quốc tế phụ trách?,liệt kê các ngành đào tạo chất lượng cao tiếng anh do khoa đào tạo quốc tế quản lý?,1126
Khoa Đào tạo Quốc tế đang quản lý những ngành học nào có chất lượng cao và giảng dạy bằng tiếng Anh?,liệt kê các ngành đào tạo chất lượng cao tiếng anh do khoa đào tạo quốc tế quản lý?,1126
Tôi muốn biết thông tin về các ngành đào tạo chất lượng cao bằng tiếng Anh dưới sự quản lý của Khoa Đào tạo Quốc tế.,liệt kê các ngành đào tạo chất lượng cao tiếng anh do khoa đào tạo quốc tế quản lý?,1126
Danh sách các ngành đào tạo chất lượng cao bằng tiếng Anh thuộc thẩm quyền quản lý của Khoa Đào tạo Quốc tế là gì?,liệt kê các ngành đào tạo chất lượng cao tiếng anh do khoa đào tạo quốc tế quản lý?,1126
Văn phòng khoa In và Truyền thông đặt tại vị trí nào?,văn phòng khoa in và truyền thông nằm ở đâu?,1127
Phòng In và Truyền thông của khoa nhà mình nằm ở đâu vậy?,văn phòng khoa in và truyền thông nằm ở đâu?,1127
Anh/chị cho biết địa chỉ của văn phòng khoa In và Truyền thông nhé?,văn phòng khoa in và truyền thông nằm ở đâu?,1127
Địa điểm cụ thể của văn phòng khoa In và Truyền thông là nơi nào?,văn phòng khoa in và truyền thông nằm ở đâu?,1127
"Mình cần tìm văn phòng khoa In và Truyền thông, nó ở đâu?",văn phòng khoa in và truyền thông nằm ở đâu?,1127
Địa chỉ website và hộp thư email của khoa In và Truyền thông là gì?,website và email của khoa in và truyền thông là gì?,1128
Khoa In và Truyền thông có website và email liên hệ như thế nào?,website và email của khoa in và truyền thông là gì?,1128
Mình muốn biết trang web và địa chỉ email của khoa In và Truyền thông là đâu?,website và email của khoa in và truyền thông là gì?,1128
Thông tin website và email của khoa In và Truyền thông được cung cấp ở đâu?,website và email của khoa in và truyền thông là gì?,1128
Hãy cho mình biết link trang web và hòm thư điện tử của khoa In và Truyền thông.,website và email của khoa in và truyền thông là gì?,1128
Số điện thoại liên hệ của khoa In và Truyền thông là số bao nhiêu?,số điện thoại liên hệ của khoa in và truyền thông là số nào?,1129
Khoa In và Truyền thông có số hotline nào để gọi không?,số điện thoại liên hệ của khoa in và truyền thông là số nào?,1129
Bạn có thể cho mình biết số điện thoại của khoa In và Truyền thông được không?,số điện thoại liên hệ của khoa in và truyền thông là số nào?,1129
Số liên lạc dành cho khoa In và Truyền thông là gì vậy?,số điện thoại liên hệ của khoa in và truyền thông là số nào?,1129
Mình cần biết số điện thoại của khoa In và Truyền thông thì làm sao?,số điện thoại liên hệ của khoa in và truyền thông là số nào?,1129
Khoa In và Truyền thông đang quản lý những ngành đào tạo cụ thể nào?,khoa in và truyền thông quản lý những ngành đào tạo nào?,1130
Những ngành đào tạo nào thuộc quyền quản lý của khoa In và Truyền thông?,khoa in và truyền thông quản lý những ngành đào tạo nào?,1130
Khoa In và Truyền thông có những ngành đào tạo nào trong danh mục quản lý của mình?,khoa in và truyền thông quản lý những ngành đào tạo nào?,1130
Bạn có thể cho biết các ngành đào tạo mà khoa In và Truyền thông đang trực tiếp quản lý không?,khoa in và truyền thông quản lý những ngành đào tạo nào?,1130
Danh sách các ngành đào tạo do khoa In và Truyền thông phụ trách là những ngành gì?,khoa in và truyền thông quản lý những ngành đào tạo nào?,1130
Địa chỉ fanpage của khoa In và Truyền thông là gì?,địa chỉ fanpage của khoa in và truyền thông là gì?,1131
Mình muốn biết link fanpage của khoa In và Truyền thông.,địa chỉ fanpage của khoa in và truyền thông là gì?,1131
Khoa In và Truyền thông có địa chỉ trang fanpage nào không?,địa chỉ fanpage của khoa in và truyền thông là gì?,1131
Ai cho mình địa chỉ fanpage của khoa In và Truyền thông với?,địa chỉ fanpage của khoa in và truyền thông là gì?,1131
Làm sao để biết được fanpage chính thức của khoa In và Truyền thông?,địa chỉ fanpage của khoa in và truyền thông là gì?,1131
Văn phòng khoa Khoa học Ứng dụng đặt ở vị trí nào?,văn phòng khoa khoa học ứng dụng nằm ở đâu?,1132
Địa điểm của văn phòng khoa Khoa học Ứng dụng là đâu?,văn phòng khoa khoa học ứng dụng nằm ở đâu?,1132
Bạn có thể cho mình biết văn phòng khoa Khoa học Ứng dụng nằm ở đâu không?,văn phòng khoa khoa học ứng dụng nằm ở đâu?,1132
Khoa Khoa học Ứng dụng bố trí văn phòng tại địa chỉ nào?,văn phòng khoa khoa học ứng dụng nằm ở đâu?,1132
Mình muốn hỏi văn phòng khoa Khoa học Ứng dụng tọa lạc ở nơi nào?,văn phòng khoa khoa học ứng dụng nằm ở đâu?,1132
Website và địa chỉ email của khoa Khoa học ứng dụng là gì?,thông tin website và email của khoa khoa học ứng dụng là gì?,1133
Các bạn cho mình biết thông tin liên hệ (website và email) của khoa Khoa học ứng dụng nhé.,thông tin website và email của khoa khoa học ứng dụng là gì?,1133
"Mình cần xin số điện thoại, website và email của khoa Khoa học ứng dụng.",thông tin website và email của khoa khoa học ứng dụng là gì?,1133
Khoa Khoa học ứng dụng có trang web và email nào để liên hệ không?,thông tin website và email của khoa khoa học ứng dụng là gì?,1133
Vui lòng cung cấp website và địa chỉ email thuộc về khoa Khoa học ứng dụng.,thông tin website và email của khoa khoa học ứng dụng là gì?,1133
Số điện thoại liên hệ của khoa Khoa học ứng dụng là bao nhiêu?,số điện thoại của khoa khoa học ứng dụng là bao nhiêu?,1134
Khoa Khoa học ứng dụng có số điện thoại gì không?,số điện thoại của khoa khoa học ứng dụng là bao nhiêu?,1134
Anh/chị cho biết số điện thoại của khoa Khoa học ứng dụng nhé?,số điện thoại của khoa khoa học ứng dụng là bao nhiêu?,1134
"Mình cần số điện thoại của khoa Khoa học ứng dụng, vậy là bao nhiêu?",số điện thoại của khoa khoa học ứng dụng là bao nhiêu?,1134
Làm ơn cung cấp cho mình số điện thoại của khoa Khoa học ứng dụng.,số điện thoại của khoa khoa học ứng dụng là bao nhiêu?,1134
Ngành khoa học ứng dụng quản lý bao gồm những chuyên ngành nào?,khoa khoa học ứng dụng quản lý những ngành học nào?,1135
Bạn có thể liệt kê các ngành học thuộc lĩnh vực khoa học ứng dụng quản lý không?,khoa khoa học ứng dụng quản lý những ngành học nào?,1135
Khoa khoa học ứng dụng quản lý đào tạo ra những ngành gì?,khoa khoa học ứng dụng quản lý những ngành học nào?,1135
Những ngành học nào nằm trong khoa khoa học ứng dụng quản lý?,khoa khoa học ứng dụng quản lý những ngành học nào?,1135
Ngành khoa học ứng dụng quản lý bao gồm những lĩnh vực học tập cụ thể nào?,khoa khoa học ứng dụng quản lý những ngành học nào?,1135
Chức năng chính của khoa khoa học ứng dụng trong toàn trường là gì?,vai trò chính của khoa khoa học ứng dụng trong toàn trường là gì?,1136
Nhiệm vụ trọng tâm của khoa khoa học ứng dụng đối với toàn trường là như thế nào?,vai trò chính của khoa khoa học ứng dụng trong toàn trường là gì?,1136
Khoa khoa học ứng dụng đóng vai trò gì quan trọng nhất trong toàn trường?,vai trò chính của khoa khoa học ứng dụng trong toàn trường là gì?,1136
Mục đích hoạt động chính của khoa khoa học ứng dụng trong toàn trường là gì?,vai trò chính của khoa khoa học ứng dụng trong toàn trường là gì?,1136
Khoa khoa học ứng dụng được giao trách nhiệm gì chủ yếu cho toàn trường?,vai trò chính của khoa khoa học ứng dụng trong toàn trường là gì?,1136
Tên fanpage chính thức của khoa Khoa học ứng dụng là gì?,fanpage chính thức của khoa khoa học ứng dụng là gì?,1137
Khoa Khoa học ứng dụng có fanpage chính thức nào không?,fanpage chính thức của khoa khoa học ứng dụng là gì?,1137
Mình muốn biết fanpage chính thức của khoa Khoa học ứng dụng thì nó là fanpage nào?,fanpage chính thức của khoa khoa học ứng dụng là gì?,1137
Có ai cho mình biết link hay tên fanpage chính thức của khoa Khoa học ứng dụng không?,fanpage chính thức của khoa khoa học ứng dụng là gì?,1137
Fanpage đại diện chính thức của khoa Khoa học ứng dụng đang hoạt động là trang nào?,fanpage chính thức của khoa khoa học ứng dụng là gì?,1137
Văn phòng khoa Chính trị và Luật đặt tại địa chỉ nào?,văn phòng khoa chính trị và luật nằm ở đâu?,1138
Khoa Chính trị và Luật có văn phòng ở đâu không?,văn phòng khoa chính trị và luật nằm ở đâu?,1138
Tôi muốn biết vị trí của văn phòng khoa Chính trị và Luật.,văn phòng khoa chính trị và luật nằm ở đâu?,1138
Địa điểm của văn phòng khoa Chính trị và Luật là chỗ nào vậy?,văn phòng khoa chính trị và luật nằm ở đâu?,1138
Bạn cho tôi xin thông tin về vị trí văn phòng khoa Chính trị và Luật được không?,văn phòng khoa chính trị và luật nằm ở đâu?,1138
Website và địa chỉ email của khoa Chính trị và Luật là gì?,website và email của khoa chính trị và luật là gì?,1139
Làm sao để tìm ra website và email liên hệ của khoa Chính trị và Luật?,website và email của khoa chính trị và luật là gì?,1139
Anh/chị có thể cho mình biết website và email của khoa Chính trị và Luật không?,website và email của khoa chính trị và luật là gì?,1139
Thông tin website và email của khoa Chính trị và Luật được đăng ở đâu?,website và email của khoa chính trị và luật là gì?,1139
Mình cần liên hệ với khoa Chính trị và Luật thì biết website và email của họ là gì?,website và email của khoa chính trị và luật là gì?,1139
Số điện thoại liên hệ của khoa chính trị và luật là bao nhiêu?,số điện thoại liên hệ của khoa chính trị và luật là số nào?,1140
Khoa chính trị và luật có số điện thoại liên hệ nào không?,số điện thoại liên hệ của khoa chính trị và luật là số nào?,1140
Làm sao để biết số điện thoại của khoa chính trị và luật?,số điện thoại liên hệ của khoa chính trị và luật là số nào?,1140
Xin vui lòng cung cấp số điện thoại liên hệ của khoa chính trị và luật.,số điện thoại liên hệ của khoa chính trị và luật là số nào?,1140
Số nào dùng để liên hệ với khoa chính trị và luật qua điện thoại?,số điện thoại liên hệ của khoa chính trị và luật là số nào?,1140
Ngành chính trị và luật thuộc khoa nào vậy?,khoa chính trị và luật quản lý ngành học nào?,1141
Khoa nào đào tạo ngành chính trị và luật?,khoa chính trị và luật quản lý ngành học nào?,1141
Ngành chính trị và luật được xếp trong khoa gì?,khoa chính trị và luật quản lý ngành học nào?,1141
Bạn có thể cho mình biết khoa của ngành chính trị và luật không?,khoa chính trị và luật quản lý ngành học nào?,1141
Ngành chính trị và luật nằm trong khoa nào?,khoa chính trị và luật quản lý ngành học nào?,1141
Khoa Chính trị và Luật đang giảng dạy những môn học gì?,khoa chính trị và luật đảm nhận giảng dạy những môn học nào?,1142
Những môn học nào thuộc trách nhiệm của khoa Chính trị và Luật?,khoa chính trị và luật đảm nhận giảng dạy những môn học nào?,1142
Khoa Chính trị và Luật nhận dạy những môn nào?,khoa chính trị và luật đảm nhận giảng dạy những môn học nào?,1142
Bộ môn nào được khoa Chính trị và Luật đảm nhận giảng dạy?,khoa chính trị và luật đảm nhận giảng dạy những môn học nào?,1142
Sinh viên có biết khoa Chính trị và Luật giảng dạy những môn gì không?,khoa chính trị và luật đảm nhận giảng dạy những môn học nào?,1142
Khoa chính trị và luật có những kênh Facebook nào?,các kênh facebook của khoa chính trị và luật là gì?,1143
Làm thế nào để tìm được địa chỉ trang Facebook của khoa chính trị và luật?,các kênh facebook của khoa chính trị và luật là gì?,1143
Sinh viên có thể biết tên các nhóm hay trang Facebook thuộc khoa chính trị và luật được không?,các kênh facebook của khoa chính trị và luật là gì?,1143
Bộ môn chính trị và luật đang quản lý những kênh Facebook nào?,các kênh facebook của khoa chính trị và luật là gì?,1143
Ai có thể cung cấp thông tin về các trang Facebook chính thức của khoa chính trị và luật?,các kênh facebook của khoa chính trị và luật là gì?,1143
Địa chỉ của văn phòng Viện Sư phạm Kỹ thuật là ở đâu?,văn phòng viện sư phạm kỹ thuật nằm ở địa chỉ nào?,1144
Văn phòng Viện Sư phạm Kỹ thuật đặt tại địa chỉ nào?,văn phòng viện sư phạm kỹ thuật nằm ở địa chỉ nào?,1144
Anh/chị cho em biết địa chỉ văn phòng Viện Sư phạm Kỹ thuật được không?,văn phòng viện sư phạm kỹ thuật nằm ở địa chỉ nào?,1144
Em xin hỏi văn phòng Viện Sư phạm Kỹ thuật nằm ở đâu vậy?,văn phòng viện sư phạm kỹ thuật nằm ở địa chỉ nào?,1144
Vị trí cụ thể của văn phòng Viện Sư phạm Kỹ thuật là nơi nào?,văn phòng viện sư phạm kỹ thuật nằm ở địa chỉ nào?,1144
Làm thế nào để tôi biết được địa chỉ website và email liên hệ của viện sư phạm kỹ thuật?,thông tin website và email của viện sư phạm kỹ thuật là gì?,1145
Có thể cho tôi thông tin về trang web và hòm thư điện tử của viện sư phạm kỹ thuật được không?,thông tin website và email của viện sư phạm kỹ thuật là gì?,1145
Website và email của viện sư phạm kỹ thuật nằm ở đâu?,thông tin website và email của viện sư phạm kỹ thuật là gì?,1145
Tôi cần liên hệ với viện sư phạm kỹ thuật thì phải biết địa chỉ website và email của họ như thế nào?,thông tin website và email của viện sư phạm kỹ thuật là gì?,1145
Vui lòng cung cấp cho tôi đường dẫn website và địa chỉ email của viện sư phạm kỹ thuật.,thông tin website và email của viện sư phạm kỹ thuật là gì?,1145
Tôi cần làm gì để gọi trực tiếp đến viện sư phạm kỹ thuật?,làm thế nào để liên hệ trực tiếp với viện sư phạm kỹ thuật qua điện thoại?,1146
Số điện thoại liên hệ trực tiếp của viện sư phạm kỹ thuật là bao nhiêu?,làm thế nào để liên hệ trực tiếp với viện sư phạm kỹ thuật qua điện thoại?,1146
Ai có thể giúp tôi biết cách gọi trực tiếp vào viện sư phạm kỹ thuật?,làm thế nào để liên hệ trực tiếp với viện sư phạm kỹ thuật qua điện thoại?,1146
Làm sao để liên hệ ngay với viện sư phạm kỹ thuật qua điện thoại?,làm thế nào để liên hệ trực tiếp với viện sư phạm kỹ thuật qua điện thoại?,1146
Số nào để gọi thẳng vào viện sư phạm kỹ thuật?,làm thế nào để liên hệ trực tiếp với viện sư phạm kỹ thuật qua điện thoại?,1146
Viện Sư phạm Kỹ thuật quản lý những ngành đào tạo nào?,viện sư phạm kỹ thuật quản lý những ngành đào tạo nào?,1147
Những ngành đào tạo nào thuộc thẩm quyền quản lý của viện Sư phạm Kỹ thuật?,viện sư phạm kỹ thuật quản lý những ngành đào tạo nào?,1147
Viện Sư phạm Kỹ thuật phụ trách quản lý ngành đào tạo gì?,viện sư phạm kỹ thuật quản lý những ngành đào tạo nào?,1147
Cơ quan quản lý các ngành đào tạo của viện Sư phạm Kỹ thuật là gì?,viện sư phạm kỹ thuật quản lý những ngành đào tạo nào?,1147
Viện Sư phạm Kỹ thuật có quản lý những ngành đào tạo cụ thể nào không?,viện sư phạm kỹ thuật quản lý những ngành đào tạo nào?,1147
Địa chỉ fanpage của viện sư phạm kỹ thuật là đâu?,địa chỉ fanpage của viện sư phạm kỹ thuật là gì?,1148
Bạn cho mình biết địa chỉ fanpage của viện sư phạm kỹ thuật nhé?,địa chỉ fanpage của viện sư phạm kỹ thuật là gì?,1148
Làm thế nào để tìm được địa chỉ fanpage của viện sư phạm kỹ thuật?,địa chỉ fanpage của viện sư phạm kỹ thuật là gì?,1148
Viện sư phạm kỹ thuật có địa chỉ fanpage ở đâu không?,địa chỉ fanpage của viện sư phạm kỹ thuật là gì?,1148
"Mình cần địa chỉ fanpage của viện sư phạm kỹ thuật, bạn chỉ giúp với.",địa chỉ fanpage của viện sư phạm kỹ thuật là gì?,1148
